arrival_time,input_tokens,output_tokens,adapter
817970.101626235,250,230,dummy-772
817975.489611617,250,230,dummy-772
817984.017240433,250,230,dummy-772
818058.846062598,250,230,dummy-772
817976.657959809,250,230,dummy-283
818006.760664627,250,230,dummy-283
818064.953083439,250,230,dummy-283
818184.91048869,250,230,dummy-283
817947.893140002,250,230,dummy-448
817948.320122688,250,230,dummy-448
817948.373747791,250,230,dummy-448
817974.468566955,250,230,dummy-448
818205.108326476,250,230,dummy-448
817971.064497044,250,230,dummy-683
817992.759699657,250,230,dummy-683
818121.461498447,250,230,dummy-683
818133.317018684,250,230,dummy-683
817941.131969141,250,230,dummy-323
817997.691138219,250,230,dummy-323
818195.284765323,250,230,dummy-323
818020.495933287,250,230,dummy-228
818021.569897434,250,230,dummy-228
818079.032505473,250,230,dummy-228
818117.351676642,250,230,dummy-228
817932.043140782,250,230,dummy-414
817975.167067573,250,230,dummy-414
818037.298200154,250,230,dummy-414
818089.630213759,250,230,dummy-414
818139.014443569,250,230,dummy-414
818127.314256915,250,230,dummy-796
818144.955076777,250,230,dummy-796
818162.561110932,250,230,dummy-796
818221.59917802,250,230,dummy-796
818046.233204394,250,230,dummy-325
818041.736531711,250,230,dummy-749
818046.974845651,250,230,dummy-749
818069.563839171,250,230,dummy-749
818084.39837434,250,230,dummy-321
818103.783440323,250,230,dummy-321
817957.572373889,250,230,dummy-350
818010.858244299,250,230,dummy-350
818150.634832614,250,230,dummy-350
818099.71290489,250,230,dummy-603
818140.648238305,250,230,dummy-603
818162.00474124,250,230,dummy-603
817974.848191397,250,230,dummy-365
817977.301444742,250,230,dummy-365
817987.378854437,250,230,dummy-365
818008.054722035,250,230,dummy-365
818037.763344715,250,230,dummy-365
818060.834758441,250,230,dummy-365
818084.59836313,250,230,dummy-365
818119.358785132,250,230,dummy-365
818176.493300333,250,230,dummy-365
818182.800582651,250,230,dummy-365
817929.540859224,250,230,dummy-653
818112.921930385,250,230,dummy-653
817980.870827273,250,230,dummy-618
818030.322237338,250,230,dummy-618
818055.362738665,250,230,dummy-618
818062.074774522,250,230,dummy-618
818108.424870309,250,230,dummy-618
817938.148451301,250,230,dummy-243
817968.592910941,250,230,dummy-243
817944.613734973,250,230,dummy-212
818129.971550545,250,230,dummy-106
818159.547458482,250,230,dummy-106
817945.188790267,250,230,dummy-226
817979.650943477,250,230,dummy-226
818033.399344183,250,230,dummy-604
818087.876672336,250,230,dummy-604
817963.791103241,250,230,dummy-587
817989.862949163,250,230,dummy-587
818114.665819768,250,230,dummy-587
818129.235423961,250,230,dummy-587
817951.950775322,250,230,dummy-477
817976.343004142,250,230,dummy-477
818053.225358205,250,230,dummy-477
818097.942963324,250,230,dummy-477
818103.928679914,250,230,dummy-477
818035.218517598,250,230,dummy-510
818041.509239656,250,230,dummy-510
818158.822991674,250,230,dummy-510
818184.624003214,250,230,dummy-510
818205.060106189,250,230,dummy-510
818023.275092,250,230,dummy-384
818064.32668459,250,230,dummy-384
818030.514950875,250,230,dummy-4
818099.110338242,250,230,dummy-4
818207.91178463,250,230,dummy-4
817969.99899901,250,230,dummy-98
818003.496285299,250,230,dummy-98
818048.300073975,250,230,dummy-98
818064.590708711,250,230,dummy-98
818070.61024398,250,230,dummy-98
818102.248698752,250,230,dummy-98
817930.553883816,250,230,dummy-136
818127.73584262,250,230,dummy-136
817927.321855329,250,230,dummy-738
817985.316552161,250,230,dummy-738
818168.008548226,250,230,dummy-738
817998.368408145,250,230,dummy-439
818027.507668221,250,230,dummy-439
818050.981699498,250,230,dummy-439
818175.020325711,250,230,dummy-439
818204.239464461,250,230,dummy-439
817969.999023356,250,230,dummy-568
818108.741203155,250,230,dummy-568
818024.54018557,250,230,dummy-656
818224.503797384,250,230,dummy-656
818011.886615577,250,230,dummy-251
818020.967638884,250,230,dummy-251
818034.162730169,250,230,dummy-251
817985.6525111,250,230,dummy-229
818037.078253708,250,230,dummy-229
818079.894467373,250,230,dummy-229
818115.737956759,250,230,dummy-229
818166.261212506,250,230,dummy-229
818184.080800215,250,230,dummy-229
818211.232641466,250,230,dummy-229
818021.950412856,250,230,dummy-28
818213.784491656,250,230,dummy-28
817945.181627299,250,230,dummy-367
818046.84539211,250,230,dummy-367
818074.535540639,250,230,dummy-367
818091.421192817,250,230,dummy-367
818220.48194704,250,230,dummy-367
817988.745927347,250,230,dummy-262
818116.737283829,250,230,dummy-262
818135.228908167,250,230,dummy-262
818165.851207023,250,230,dummy-262
818209.012302103,250,230,dummy-262
818001.693591346,250,230,dummy-421
818130.381176978,250,230,dummy-421
818147.639706047,250,230,dummy-421
818183.373850146,250,230,dummy-421
818003.5329862,250,230,dummy-682
818068.342586249,250,230,dummy-682
818197.522727318,250,230,dummy-682
818180.805381444,250,230,dummy-222
818209.94567962,250,230,dummy-222
818007.387648844,250,230,dummy-614
818102.704522498,250,230,dummy-614
818168.153344838,250,230,dummy-614
818168.293427077,250,230,dummy-614
818206.923219701,250,230,dummy-614
818214.040518484,250,230,dummy-614
818039.402540114,250,230,dummy-706
818090.932500265,250,230,dummy-706
818164.563837449,250,230,dummy-706
818018.820941694,250,230,dummy-518
818020.09102203,250,230,dummy-518
818044.427731279,250,230,dummy-553
818191.450999481,250,230,dummy-553
817934.009744998,250,230,dummy-263
818047.30562845,250,230,dummy-263
818091.813136286,250,230,dummy-263
818178.632279338,250,230,dummy-263
818090.098064175,250,230,dummy-187
818098.425376364,250,230,dummy-187
818146.893551172,250,230,dummy-187
818170.877257571,250,230,dummy-187
817929.040811225,250,230,dummy-680
818094.478985293,250,230,dummy-680
818114.60107103,250,230,dummy-680
818044.560187323,250,230,dummy-437
818084.369756527,250,230,dummy-437
818101.513387758,250,230,dummy-437
818194.059205639,250,230,dummy-437
817988.538323926,250,230,dummy-538
818043.027594764,250,230,dummy-538
818049.974356889,250,230,dummy-538
818089.881860682,250,230,dummy-538
818167.241583938,250,230,dummy-538
817935.609150817,250,230,dummy-640
818072.803287039,250,230,dummy-640
818080.434688447,250,230,dummy-640
818116.115166133,250,230,dummy-640
818126.053169356,250,230,dummy-640
818082.823823285,250,230,dummy-466
818190.158336991,250,230,dummy-466
817927.135366872,250,230,dummy-825
818098.293905372,250,230,dummy-825
818142.025954111,250,230,dummy-825
817943.622748387,250,230,dummy-118
817965.141056908,250,230,dummy-118
818008.382629034,250,230,dummy-118
818051.404817315,250,230,dummy-118
818069.596936462,250,230,dummy-118
818130.7573281,250,230,dummy-118
818133.777286204,250,230,dummy-118
818156.557426896,250,230,dummy-118
817974.115328823,250,230,dummy-74
818000.17290045,250,230,dummy-74
817985.225230046,250,230,dummy-601
818067.583389108,250,230,dummy-601
818083.09895819,250,230,dummy-601
818021.406564989,250,230,dummy-605
818029.949976258,250,230,dummy-605
818065.146453171,250,230,dummy-605
818157.992174032,250,230,dummy-605
818223.415281133,250,230,dummy-605
817938.559515388,250,230,dummy-635
817944.295779555,250,230,dummy-635
818181.65277942,250,230,dummy-635
817939.768007987,250,230,dummy-363
818070.656955841,250,230,dummy-363
818208.587910088,250,230,dummy-363
818005.408917465,250,230,dummy-764
818094.742609514,250,230,dummy-764
818099.226721018,250,230,dummy-764
817938.569847135,250,230,dummy-467
818107.643307587,250,230,dummy-467
818181.273788631,250,230,dummy-774
818211.129482322,250,230,dummy-774
817944.373917813,250,230,dummy-743
818064.880589706,250,230,dummy-743
818100.922575527,250,230,dummy-743
818219.665096462,250,230,dummy-743
818223.355496452,250,230,dummy-743
817948.511693907,250,230,dummy-227
817957.736428062,250,230,dummy-227
818028.705150712,250,230,dummy-227
818030.840099236,250,230,dummy-227
818038.600988078,250,230,dummy-227
818083.12583796,250,230,dummy-227
818225.312089209,250,230,dummy-227
817947.562397198,250,230,dummy-534
818072.883379036,250,230,dummy-534
818130.640012499,250,230,dummy-210
818164.254349067,250,230,dummy-210
818178.692903166,250,230,dummy-210
818152.704509229,250,230,dummy-408
818166.819354574,250,230,dummy-408
818169.080279076,250,230,dummy-408
817930.950266457,250,230,dummy-445
818057.961830645,250,230,dummy-445
818120.125156677,250,230,dummy-445
818146.471620907,250,230,dummy-445
818193.716046607,250,230,dummy-445
818208.781846954,250,230,dummy-445
818207.626068523,250,230,dummy-559
817932.139652347,250,230,dummy-810
818065.352936333,250,230,dummy-810
818174.88275684,250,230,dummy-810
818036.290876485,250,230,dummy-449
818141.611802688,250,230,dummy-449
817959.894829431,250,230,dummy-646
818153.83132931,250,230,dummy-646
818051.346638353,250,230,dummy-665
818061.113650553,250,230,dummy-665
818186.521993692,250,230,dummy-665
817948.619100488,250,230,dummy-581
817986.267026811,250,230,dummy-14
818047.093271315,250,230,dummy-423
818098.396981739,250,230,dummy-423
818140.072946335,250,230,dummy-423
818202.480899089,250,230,dummy-423
818220.124584236,250,230,dummy-423
818057.043541872,250,230,dummy-450
818084.969259545,250,230,dummy-450
818200.398319481,250,230,dummy-450
817935.12650736,250,230,dummy-832
817938.636746512,250,230,dummy-832
817954.173827002,250,230,dummy-832
818079.700600453,250,230,dummy-832
818114.586258056,250,230,dummy-832
818165.632779842,250,230,dummy-832
818166.37632422,250,230,dummy-832
818156.00362645,250,230,dummy-660
817928.360240978,250,230,dummy-143
818133.795122815,250,230,dummy-143
818007.441769529,250,230,dummy-736
818016.726483059,250,230,dummy-736
818053.511999897,250,230,dummy-736
818054.096912117,250,230,dummy-736
818121.465227203,250,230,dummy-736
818205.238822575,250,230,dummy-736
818087.844490112,250,230,dummy-594
818126.284956552,250,230,dummy-594
818059.929237385,250,230,dummy-380
818098.927991802,250,230,dummy-380
818105.616955544,250,230,dummy-380
817932.56444453,250,230,dummy-699
818133.182463596,250,230,dummy-699
817961.938680738,250,230,dummy-606
817966.128590711,250,230,dummy-606
818047.554070732,250,230,dummy-606
817947.877033623,250,230,dummy-376
817991.268291742,250,230,dummy-376
818157.914096516,250,230,dummy-376
818076.979826339,250,230,dummy-225
818028.198617665,250,230,dummy-347
818037.769163354,250,230,dummy-347
818112.088919597,250,230,dummy-347
818199.599457269,250,230,dummy-347
818200.999723582,250,230,dummy-347
817972.19690089,250,230,dummy-745
818001.109020534,250,230,dummy-745
818017.506147305,250,230,dummy-745
818128.002658826,250,230,dummy-745
818142.42813869,250,230,dummy-745
818147.263680582,250,230,dummy-745
818094.31871625,250,230,dummy-99
817952.445237989,250,230,dummy-180
818016.786563456,250,230,dummy-180
818141.27475436,250,230,dummy-180
818192.856382697,250,230,dummy-180
818014.942769018,250,230,dummy-327
818075.131568663,250,230,dummy-327
818180.717746804,250,230,dummy-327
818224.129352384,250,230,dummy-327
818002.933998263,250,230,dummy-526
818068.989372018,250,230,dummy-526
818073.296820012,250,230,dummy-526
818125.423317473,250,230,dummy-526
818157.1541623,250,230,dummy-526
817950.443611557,250,230,dummy-169
818223.477123698,250,230,dummy-169
817925.819064151,250,230,dummy-817
818029.94303932,250,230,dummy-817
818056.800903519,250,230,dummy-817
817947.497672023,250,230,dummy-188
817968.695576375,250,230,dummy-188
818014.421000296,250,230,dummy-188
818021.45912021,250,230,dummy-188
818051.574570822,250,230,dummy-188
818067.072012059,250,230,dummy-188
818093.744297389,250,230,dummy-188
817972.818473929,250,230,dummy-370
817979.07991043,250,230,dummy-370
817983.142504025,250,230,dummy-370
818035.991277945,250,230,dummy-370
818064.294267265,250,230,dummy-370
818114.041752772,250,230,dummy-370
818135.222397757,250,230,dummy-370
818201.751767725,250,230,dummy-370
818012.341840273,250,230,dummy-504
818088.949938935,250,230,dummy-504
818167.176134013,250,230,dummy-504
818213.907666644,250,230,dummy-504
817939.772387904,250,230,dummy-165
818042.74441769,250,230,dummy-165
818135.614312145,250,230,dummy-165
817997.538047285,250,230,dummy-156
818107.997426527,250,230,dummy-156
818184.188191425,250,230,dummy-156
818200.76103454,250,230,dummy-156
818176.399092979,250,230,dummy-333
818213.8129524,250,230,dummy-333
818164.348200898,250,230,dummy-506
817984.796960426,250,230,dummy-244
818002.295367825,250,230,dummy-244
818023.828785961,250,230,dummy-244
818100.314191253,250,230,dummy-244
818222.85313875,250,230,dummy-244
818071.355792848,250,230,dummy-319
818082.019860186,250,230,dummy-319
818106.556432805,250,230,dummy-319
818130.574104571,250,230,dummy-319
818197.209784367,250,230,dummy-116
818021.12074101,250,230,dummy-457
818143.741423989,250,230,dummy-457
818224.176736833,250,230,dummy-457
817963.684734104,250,230,dummy-10
818004.777420974,250,230,dummy-10
818031.220089571,250,230,dummy-10
818069.677682414,250,230,dummy-10
818070.942279428,250,230,dummy-10
818114.854240609,250,230,dummy-10
817948.246455292,250,230,dummy-532
818104.968300981,250,230,dummy-532
818191.462085433,250,230,dummy-532
817935.776838268,250,230,dummy-547
817941.484920998,250,230,dummy-547
817949.708752994,250,230,dummy-547
818009.193475757,250,230,dummy-547
818218.599983851,250,230,dummy-547
818224.026934425,250,230,dummy-547
818224.032926853,250,230,dummy-547
817955.088812227,250,230,dummy-490
818035.496477978,250,230,dummy-490
818100.049936507,250,230,dummy-490
818147.832900495,250,230,dummy-490
818159.45757357,250,230,dummy-490
818181.470658527,250,230,dummy-490
818139.456738528,250,230,dummy-657
818165.816703736,250,230,dummy-657
817934.204248441,250,230,dummy-405
818019.882525284,250,230,dummy-405
818097.918181215,250,230,dummy-405
818153.478775532,250,230,dummy-405
818103.764781414,250,230,dummy-766
818180.592739627,250,230,dummy-766
817953.634542102,250,230,dummy-717
818035.010798066,250,230,dummy-717
817952.354800349,250,230,dummy-144
818141.709190339,250,230,dummy-144
818184.45926517,250,230,dummy-144
817930.719578828,250,230,dummy-137
817958.110280646,250,230,dummy-137
818053.720805952,250,230,dummy-137
818076.552709732,250,230,dummy-137
818121.167496995,250,230,dummy-137
818201.253225624,250,230,dummy-137
818013.468033309,250,230,dummy-349
818137.738703176,250,230,dummy-349
818170.686226137,250,230,dummy-349
818218.695754446,250,230,dummy-349
817963.598617715,250,230,dummy-373
818050.897524335,250,230,dummy-373
818087.354684327,250,230,dummy-373
818095.012331622,250,230,dummy-373
818210.479644894,250,230,dummy-373
817934.885350867,250,230,dummy-392
817954.442394513,250,230,dummy-392
818046.534997729,250,230,dummy-392
818086.792618957,250,230,dummy-392
818139.86596048,250,230,dummy-392
818214.487785255,250,230,dummy-795
817944.45646361,250,230,dummy-159
818095.348696918,250,230,dummy-159
818105.611297665,250,230,dummy-159
818112.011929992,250,230,dummy-159
818125.776545332,250,230,dummy-159
818158.451389352,250,230,dummy-159
818173.65554149,250,230,dummy-159
817970.568784995,250,230,dummy-216
818166.179075457,250,230,dummy-216
818193.939329841,250,230,dummy-216
817965.204277537,250,230,dummy-744
818059.872333987,250,230,dummy-744
818141.155213361,250,230,dummy-744
818206.902554747,250,230,dummy-744
818067.030281821,250,230,dummy-362
818073.821666422,250,230,dummy-454
818223.16168472,250,230,dummy-454
817989.567019097,250,230,dummy-293
818032.197642224,250,230,dummy-293
818062.089270911,250,230,dummy-284
818062.942581132,250,230,dummy-284
818123.3787212,250,230,dummy-284
817968.025396165,250,230,dummy-636
818054.456833896,250,230,dummy-636
818098.21167015,250,230,dummy-636
818105.725703789,250,230,dummy-636
818145.243348137,250,230,dummy-636
818174.03112731,250,230,dummy-636
818189.405683489,250,230,dummy-636
817961.750835189,250,230,dummy-470
818097.360097485,250,230,dummy-470
817940.301254376,250,230,dummy-192
818058.303971304,250,230,dummy-192
817988.136733299,250,230,dummy-336
818008.201531969,250,230,dummy-336
818066.162130858,250,230,dummy-336
817953.013288761,250,230,dummy-826
818026.984346372,250,230,dummy-826
818035.84429142,250,230,dummy-826
818051.364692846,250,230,dummy-826
818154.374447883,250,230,dummy-826
818158.317013953,250,230,dummy-826
818173.618554383,250,230,dummy-826
818208.262618313,250,230,dummy-826
817979.28076805,250,230,dummy-486
817987.875918819,250,230,dummy-486
818132.992645493,250,230,dummy-486
818165.26253048,250,230,dummy-486
818217.056017294,250,230,dummy-486
817974.539884585,250,230,dummy-496
818087.48193055,250,230,dummy-496
818160.87982202,250,230,dummy-496
817981.608298695,250,230,dummy-458
818022.079350373,250,230,dummy-458
818116.740810557,250,230,dummy-458
818130.775911066,250,230,dummy-458
818136.909183287,250,230,dummy-458
818170.901266732,250,230,dummy-458
818187.718278302,250,230,dummy-458
817958.287023488,250,230,dummy-668
817969.941719692,250,230,dummy-668
817972.968980281,250,230,dummy-668
817979.487562976,250,230,dummy-668
818003.044922508,250,230,dummy-668
818051.782812276,250,230,dummy-668
818113.825784617,250,230,dummy-668
818127.216346459,250,230,dummy-668
818128.650042348,250,230,dummy-668
818149.402648462,250,230,dummy-668
817941.948153797,250,230,dummy-443
817942.758280788,250,230,dummy-443
817969.882364108,250,230,dummy-443
818141.582979953,250,230,dummy-443
818172.862722643,250,230,dummy-443
818180.882580503,250,230,dummy-443
818108.039572967,250,230,dummy-619
818151.563043447,250,230,dummy-619
818157.956013631,250,230,dummy-619
818198.829080905,250,230,dummy-619
817943.329519535,250,230,dummy-765
817965.673616739,250,230,dummy-765
818213.844667766,250,230,dummy-765
817996.401970636,250,230,dummy-287
817999.741540809,250,230,dummy-287
818009.264917065,250,230,dummy-287
818019.089474399,250,230,dummy-287
818050.635153849,250,230,dummy-287
818133.355175375,250,230,dummy-287
818142.337652996,250,230,dummy-287
817945.289312492,250,230,dummy-790
817968.773589455,250,230,dummy-790
818095.733226313,250,230,dummy-790
818111.421304703,250,230,dummy-790
818223.304565608,250,230,dummy-790
818093.680577004,250,230,dummy-800
818123.763999017,250,230,dummy-800
818149.874933568,250,230,dummy-800
817982.843616155,250,230,dummy-213
818108.653881822,250,230,dummy-213
818156.173577248,250,230,dummy-213
818025.980411319,250,230,dummy-286
818043.255220822,250,230,dummy-286
818047.299548799,250,230,dummy-286
818068.250707549,250,230,dummy-286
818161.265951143,250,230,dummy-286
818190.325226098,250,230,dummy-286
818191.308786961,250,230,dummy-286
817971.164273461,250,230,dummy-275
817995.044058716,250,230,dummy-275
817998.515246139,250,230,dummy-275
818082.711116839,250,230,dummy-275
818099.411382536,250,230,dummy-275
818189.026389452,250,230,dummy-498
817982.169189148,250,230,dummy-624
817990.954410735,250,230,dummy-624
818035.696911135,250,230,dummy-624
818138.115657097,250,230,dummy-624
818014.444322353,250,230,dummy-451
817973.866185261,250,230,dummy-7
818037.438253404,250,230,dummy-7
818170.93937953,250,230,dummy-7
818223.83649831,250,230,dummy-7
817948.422853658,250,230,dummy-372
817964.878367869,250,230,dummy-372
818037.846413106,250,230,dummy-372
818066.713347133,250,230,dummy-372
818124.859645473,250,230,dummy-372
818161.533154015,250,230,dummy-372
817937.011157912,250,230,dummy-400
817956.65007214,250,230,dummy-400
817965.397822264,250,230,dummy-400
818163.879548237,250,230,dummy-400
817928.709440834,250,230,dummy-831
818192.884506576,250,230,dummy-831
817926.713971529,250,230,dummy-776
818027.151341004,250,230,dummy-776
818043.338797773,250,230,dummy-487
818066.659800015,250,230,dummy-487
818166.816068682,250,230,dummy-487
818170.629412877,250,230,dummy-487
818116.542687434,250,230,dummy-446
817928.229419352,250,230,dummy-378
818149.54847583,250,230,dummy-378
818152.74208518,250,230,dummy-378
818178.182607513,250,230,dummy-378
817939.380256683,250,230,dummy-37
817956.958590978,250,230,dummy-37
818002.708621416,250,230,dummy-37
818053.54819961,250,230,dummy-37
818056.267378308,250,230,dummy-37
818083.54467694,250,230,dummy-37
818144.13597154,250,230,dummy-37
818151.302652013,250,230,dummy-37
818076.563720423,250,230,dummy-355
818076.63703095,250,230,dummy-355
818082.427276692,250,230,dummy-355
818109.582955194,250,230,dummy-355
818136.796486468,250,230,dummy-355
818046.242703369,250,230,dummy-303
818074.242366339,250,230,dummy-303
818141.301287247,250,230,dummy-664
818168.396491827,250,230,dummy-664
817930.600339921,250,230,dummy-808
818034.624342288,250,230,dummy-808
818098.984374169,250,230,dummy-808
818135.427516353,250,230,dummy-808
818190.099555452,250,230,dummy-808
817934.418951016,250,230,dummy-3
817999.130248391,250,230,dummy-3
818091.418454323,250,230,dummy-3
818094.957815501,250,230,dummy-3
818181.778308726,250,230,dummy-3
817954.790550174,250,230,dummy-358
817980.700351758,250,230,dummy-358
818035.105425805,250,230,dummy-358
818064.209800188,250,230,dummy-358
818090.136345515,250,230,dummy-358
818155.548620786,250,230,dummy-358
818015.994382582,250,230,dummy-397
818078.802657073,250,230,dummy-397
818104.347846454,250,230,dummy-397
818209.479007321,250,230,dummy-397
817984.66233065,250,230,dummy-679
818075.292985001,250,230,dummy-679
817947.929220952,250,230,dummy-360
817948.843631674,250,230,dummy-360
817961.000295669,250,230,dummy-360
818189.041410494,250,230,dummy-360
817928.482260747,250,230,dummy-476
817961.679659471,250,230,dummy-476
818090.866943556,250,230,dummy-476
818199.254398276,250,230,dummy-476
818216.226284796,250,230,dummy-476
817937.231522975,250,230,dummy-329
817989.555617643,250,230,dummy-329
818107.804949,250,230,dummy-329
818163.96213843,250,230,dummy-329
817993.122124773,250,230,dummy-578
818045.597720871,250,230,dummy-578
818047.803906925,250,230,dummy-578
818139.052155103,250,230,dummy-578
818150.635493901,250,230,dummy-578
818204.97792587,250,230,dummy-578
818080.698761553,250,230,dummy-387
818172.687303761,250,230,dummy-340
817927.441535876,250,230,dummy-65
817927.855296289,250,230,dummy-65
817943.440999781,250,230,dummy-65
818014.504318511,250,230,dummy-65
818110.992056204,250,230,dummy-65
818179.520389402,250,230,dummy-65
817937.41708956,250,230,dummy-655
818113.599053695,250,230,dummy-655
818124.663133158,250,230,dummy-655
818149.45914773,250,230,dummy-655
818188.071444792,250,230,dummy-655
818206.232555564,250,230,dummy-655
817953.488018643,250,230,dummy-751
817971.231128926,250,230,dummy-751
818032.029207153,250,230,dummy-751
818080.939324963,250,230,dummy-751
818109.312751903,250,230,dummy-751
817939.620600883,250,230,dummy-381
818000.863011102,250,230,dummy-381
818082.233161273,250,230,dummy-381
818215.675521574,250,230,dummy-381
817970.573079651,250,230,dummy-607
817999.686669515,250,230,dummy-607
818211.368477272,250,230,dummy-607
818043.548652261,250,230,dummy-456
818043.555430191,250,230,dummy-456
818067.023907374,250,230,dummy-456
818108.73151,250,230,dummy-456
817954.488803967,250,230,dummy-388
817994.960474284,250,230,dummy-388
818076.818547172,250,230,dummy-388
818099.997328203,250,230,dummy-388
818105.105289252,250,230,dummy-388
818220.835864556,250,230,dummy-388
817950.647024041,250,230,dummy-330
818014.96345651,250,230,dummy-330
818065.661176371,250,230,dummy-330
818146.551572002,250,230,dummy-330
818202.750694896,250,230,dummy-330
818207.438245186,250,230,dummy-330
818137.976899925,250,230,dummy-562
818147.936776161,250,230,dummy-562
817996.771987891,250,230,dummy-667
818152.123614488,250,230,dummy-667
817945.946499127,250,230,dummy-620
817976.416364623,250,230,dummy-620
818151.047545246,250,230,dummy-620
818057.509148286,250,230,dummy-440
818067.246441796,250,230,dummy-440
818091.669811867,250,230,dummy-440
818180.421591875,250,230,dummy-440
817962.981953746,250,230,dummy-631
818012.012926031,250,230,dummy-631
818029.043311069,250,230,dummy-631
818138.940532928,250,230,dummy-631
818143.53434191,250,230,dummy-631
817984.054223147,250,230,dummy-511
818045.820378664,250,230,dummy-511
818099.158294697,250,230,dummy-511
818143.361346115,250,230,dummy-511
818115.402854612,250,230,dummy-432
818054.445961861,250,230,dummy-493
818097.289080576,250,230,dummy-493
818098.471261767,250,230,dummy-493
818095.849636524,250,230,dummy-338
817941.512438171,250,230,dummy-540
817999.388902377,250,230,dummy-540
818038.029316327,250,230,dummy-540
818052.905757424,250,230,dummy-540
818073.274688586,250,230,dummy-540
818172.444843693,250,230,dummy-540
818197.160887347,250,230,dummy-540
817969.88238787,250,230,dummy-38
818136.34880131,250,230,dummy-591
818190.676053875,250,230,dummy-591
817967.855073363,250,230,dummy-317
818110.099352416,250,230,dummy-317
817967.610013482,250,230,dummy-789
818116.836470945,250,230,dummy-789
818088.995185295,250,230,dummy-610
818126.9781437,250,230,dummy-610
817935.758083089,250,230,dummy-135
818070.267885931,250,230,dummy-135
817974.053071196,250,230,dummy-291
818225.539009155,250,230,dummy-291
817959.222100474,250,230,dummy-58
817995.865915417,250,230,dummy-58
818098.390365297,250,230,dummy-58
818122.612687194,250,230,dummy-58
818131.40662858,250,230,dummy-58
817958.710263037,250,230,dummy-200
818002.7110302,250,230,dummy-200
817951.259275029,250,230,dummy-514
818009.809068992,250,230,dummy-514
818027.262278408,250,230,dummy-514
818039.413787731,250,230,dummy-514
817997.269543298,250,230,dummy-541
818008.556110662,250,230,dummy-541
817950.220182094,250,230,dummy-24
817958.672023336,250,230,dummy-24
818046.082663694,250,230,dummy-24
818114.535407507,250,230,dummy-24
818151.126575207,250,230,dummy-420
817994.09827563,250,230,dummy-56
818145.248326976,250,230,dummy-56
818064.034973938,250,230,dummy-820
818118.183144822,250,230,dummy-820
818131.24211484,250,230,dummy-820
818156.032355802,250,230,dummy-820
818170.187939157,250,230,dummy-820
818188.929120198,250,230,dummy-820
818096.671889417,250,230,dummy-146
818209.890981992,250,230,dummy-146
817928.125384965,250,230,dummy-419
817980.983400272,250,230,dummy-419
818199.851618158,250,230,dummy-419
817946.450883925,250,230,dummy-555
818099.971113546,250,230,dummy-555
818108.11779974,250,230,dummy-555
818125.89229285,250,230,dummy-555
818165.790914754,250,230,dummy-555
818166.293170255,250,230,dummy-555
817973.497943445,250,230,dummy-435
818000.578695222,250,230,dummy-435
818004.076129795,250,230,dummy-435
818018.650473984,250,230,dummy-435
818039.166451654,250,230,dummy-435
818041.211611568,250,230,dummy-435
818041.340025218,250,230,dummy-435
818053.915239378,250,230,dummy-435
818158.351457065,250,230,dummy-435
818210.136187472,250,230,dummy-435
818214.66333974,250,230,dummy-435
817931.058934902,250,230,dummy-290
817943.266194229,250,230,dummy-290
817985.696939371,250,230,dummy-290
817997.804258058,250,230,dummy-290
818010.48560998,250,230,dummy-290
818012.475621257,250,230,dummy-290
818109.707784278,250,230,dummy-290
818137.261436621,250,230,dummy-290
818148.956229069,250,230,dummy-290
818197.415627549,250,230,dummy-290
818209.949473689,250,230,dummy-290
818021.459091012,250,230,dummy-551
818074.314506155,250,230,dummy-551
818129.853050649,250,230,dummy-551
818051.281881316,250,230,dummy-268
818070.880664485,250,230,dummy-268
818201.950935255,250,230,dummy-268
818025.850429722,250,230,dummy-124
818100.80627465,250,230,dummy-124
817948.99485032,250,230,dummy-827
818222.718237464,250,230,dummy-827
817960.470274489,250,230,dummy-162
818048.732860498,250,230,dummy-162
818070.393062156,250,230,dummy-162
818114.332221261,250,230,dummy-162
818162.61322158,250,230,dummy-162
818168.181426635,250,230,dummy-162
818176.602689715,250,230,dummy-162
817938.29005508,250,230,dummy-203
817991.00302522,250,230,dummy-203
817999.886977915,250,230,dummy-203
818033.933647646,250,230,dummy-203
818054.535058134,250,230,dummy-203
818000.540939892,250,230,dummy-725
818167.340673928,250,230,dummy-725
817961.543751871,250,230,dummy-501
817969.849414496,250,230,dummy-501
817984.510588086,250,230,dummy-501
818033.617193784,250,230,dummy-501
818201.147296309,250,230,dummy-501
817963.220667536,250,230,dummy-232
817972.072448985,250,230,dummy-232
818000.139913236,250,230,dummy-232
818176.804190345,250,230,dummy-232
818184.902841004,250,230,dummy-232
818185.125500792,250,230,dummy-232
818187.160086554,250,230,dummy-232
817946.093132265,250,230,dummy-382
817991.079333257,250,230,dummy-382
817934.614643039,250,230,dummy-96
818038.061167027,250,230,dummy-96
818051.959207536,250,230,dummy-96
818055.71421171,250,230,dummy-96
818131.492459367,250,230,dummy-96
818000.228815393,250,230,dummy-762
818087.20899736,250,230,dummy-762
818188.783624861,250,230,dummy-762
818015.095350323,250,230,dummy-101
818030.116800237,250,230,dummy-101
818099.254082255,250,230,dummy-101
818200.753904313,250,230,dummy-101
818084.252247877,250,230,dummy-108
818087.895258998,250,230,dummy-108
818117.941056214,250,230,dummy-108
818125.586450791,250,230,dummy-108
818222.825278171,250,230,dummy-108
817960.476333016,250,230,dummy-684
817987.506723278,250,230,dummy-684
818034.869648137,250,230,dummy-684
818049.015987301,250,230,dummy-684
818110.427229613,250,230,dummy-684
817933.959782376,250,230,dummy-508
817967.485941685,250,230,dummy-508
817971.678427971,250,230,dummy-508
818093.244487165,250,230,dummy-508
818177.087355278,250,230,dummy-508
818029.225603908,250,230,dummy-248
818093.003554966,250,230,dummy-248
818112.510858118,250,230,dummy-248
818219.787417026,250,230,dummy-248
818225.285087388,250,230,dummy-248
817935.590703537,250,230,dummy-407
817987.23060728,250,230,dummy-407
818171.733334211,250,230,dummy-407
817967.436266912,250,230,dummy-649
817999.546363557,250,230,dummy-649
818039.501290677,250,230,dummy-649
818055.4422566,250,230,dummy-649
818090.648642726,250,230,dummy-649
818217.004483017,250,230,dummy-649
817980.266301265,250,230,dummy-566
817989.291656611,250,230,dummy-566
817993.018900868,250,230,dummy-566
818010.272215627,250,230,dummy-566
818019.567170072,250,230,dummy-566
818185.465733663,250,230,dummy-566
818185.848524368,250,230,dummy-566
817926.084645425,250,230,dummy-208
817978.306168984,250,230,dummy-208
817988.723053172,250,230,dummy-208
818076.744565234,250,230,dummy-208
818097.291035025,250,230,dummy-208
818193.663531279,250,230,dummy-208
818060.750936217,250,230,dummy-260
818064.879217614,250,230,dummy-260
818090.745047913,250,230,dummy-260
818155.242257639,250,230,dummy-260
818036.867280158,250,230,dummy-224
818052.082828378,250,230,dummy-224
818113.922895027,250,230,dummy-224
818185.827910895,250,230,dummy-224
817971.955952903,250,230,dummy-759
818014.681259655,250,230,dummy-759
818081.581909935,250,230,dummy-759
818091.64944047,250,230,dummy-759
818129.562523276,250,230,dummy-759
817941.141591055,250,230,dummy-383
818047.945364915,250,230,dummy-383
818155.695324568,250,230,dummy-383
818090.63766852,250,230,dummy-298
818147.902888507,250,230,dummy-298
817955.665497597,250,230,dummy-205
818084.523489937,250,230,dummy-205
818110.517832812,250,230,dummy-205
818128.706602496,250,230,dummy-205
817930.164793208,250,230,dummy-100
817961.759799294,250,230,dummy-100
818093.59924992,250,230,dummy-100
818120.276143687,250,230,dummy-100
818145.853262741,250,230,dummy-100
818197.894819372,250,230,dummy-100
817947.959457659,250,230,dummy-536
818005.227745755,250,230,dummy-536
818025.258705659,250,230,dummy-536
817971.363383211,250,230,dummy-577
818068.536870847,250,230,dummy-577
818126.983463688,250,230,dummy-577
818162.232241797,250,230,dummy-577
818205.346849881,250,230,dummy-577
818107.262139311,250,230,dummy-474
817963.146400295,250,230,dummy-670
817979.592406547,250,230,dummy-670
818090.668441239,250,230,dummy-670
818134.738659302,250,230,dummy-670
818211.584369573,250,230,dummy-670
817937.103335286,250,230,dummy-351
817952.960625279,250,230,dummy-351
817947.81454032,250,230,dummy-53
818013.139617539,250,230,dummy-53
817985.031318563,250,230,dummy-183
818133.13874857,250,230,dummy-183
818174.117469304,250,230,dummy-183
817990.024332219,250,230,dummy-356
818020.556418116,250,230,dummy-356
818095.122514707,250,230,dummy-356
818145.176280446,250,230,dummy-356
818150.113764645,250,230,dummy-356
818183.590524765,250,230,dummy-356
818216.310204581,250,230,dummy-356
817935.077835659,250,230,dummy-249
818121.845550529,250,230,dummy-249
818113.282170459,250,230,dummy-292
818187.001855227,250,230,dummy-292
818209.352893437,250,230,dummy-292
818011.320788908,250,230,dummy-674
818126.135555126,250,230,dummy-674
818198.003891444,250,230,dummy-674
817953.914370793,250,230,dummy-757
818190.161949483,250,230,dummy-757
818008.394666019,250,230,dummy-438
818029.435214512,250,230,dummy-438
818012.804214951,250,230,dummy-9
818042.802457058,250,230,dummy-9
818069.929915853,250,230,dummy-9
818103.744095534,250,230,dummy-9
817931.250188735,250,230,dummy-644
817978.841378778,250,230,dummy-644
817990.19547135,250,230,dummy-644
818074.103432841,250,230,dummy-644
818118.312398905,250,230,dummy-644
818136.005491065,250,230,dummy-644
818222.238900882,250,230,dummy-644
817996.474421609,250,230,dummy-281
818075.65110412,250,230,dummy-281
818154.20747808,250,230,dummy-281
818172.296791997,250,230,dummy-281
817994.402323891,250,230,dummy-322
818037.219864008,250,230,dummy-322
818162.562477115,250,230,dummy-322
818199.237556286,250,230,dummy-322
818203.166711823,250,230,dummy-322
818203.825909875,250,230,dummy-322
817967.315123974,250,230,dummy-182
817940.003494807,250,230,dummy-769
818105.615010088,250,230,dummy-769
818199.130534824,250,230,dummy-769
817983.056818962,250,230,dummy-385
818127.516413429,250,230,dummy-385
818137.9142982,250,230,dummy-385
817966.430409924,250,230,dummy-609
818089.844125041,250,230,dummy-609
818091.838123142,250,230,dummy-609
818113.328651288,250,230,dummy-609
818176.477263528,250,230,dummy-609
817975.046263953,250,230,dummy-792
818030.8830019,250,230,dummy-792
818178.964737169,250,230,dummy-792
818186.591770492,250,230,dummy-792
817984.043221637,250,230,dummy-17
818043.866645703,250,230,dummy-17
818083.88818977,250,230,dummy-17
818154.728137216,250,230,dummy-17
818167.709229,250,230,dummy-17
818220.812001106,250,230,dummy-17
817927.851522908,250,230,dummy-642
818027.007743206,250,230,dummy-642
818033.987144909,250,230,dummy-642
818044.685560287,250,230,dummy-642
818175.395041157,250,230,dummy-642
817964.463124115,250,230,dummy-242
818088.525721179,250,230,dummy-242
818199.000631845,250,230,dummy-242
818208.274417817,250,230,dummy-52
817966.807162938,250,230,dummy-25
818030.48326221,250,230,dummy-25
818035.33301072,250,230,dummy-25
818035.717640784,250,230,dummy-25
818131.53505071,250,230,dummy-25
818142.089950892,250,230,dummy-25
818116.420625673,250,230,dummy-235
818124.361887212,250,230,dummy-235
818140.856686678,250,230,dummy-235
818196.903148683,250,230,dummy-235
817958.471411295,250,230,dummy-575
818060.385307022,250,230,dummy-575
817959.427218438,250,230,dummy-819
818043.307289868,250,230,dummy-819
817969.005818289,250,230,dummy-703
818046.653357852,250,230,dummy-703
818080.383207535,250,230,dummy-703
818088.885358104,250,230,dummy-703
818127.614972479,250,230,dummy-740
817972.450844857,250,230,dummy-686
818007.642622226,250,230,dummy-686
818192.392219103,250,230,dummy-686
818199.658039118,250,230,dummy-686
818201.053957846,250,230,dummy-686
817945.795783809,250,230,dummy-704
817958.03181635,250,230,dummy-704
817944.965969828,250,230,dummy-829
818212.98753033,250,230,dummy-829
818214.572142033,250,230,dummy-829
817992.961765886,250,230,dummy-220
818089.757583263,250,230,dummy-220
817999.904891138,250,230,dummy-214
818056.409404577,250,230,dummy-214
817938.59885399,250,230,dummy-311
818044.785646693,250,230,dummy-311
818086.818599569,250,230,dummy-311
818224.555363669,250,230,dummy-311
818007.230135389,250,230,dummy-595
818017.13693675,250,230,dummy-595
818022.004938488,250,230,dummy-595
818037.422140403,250,230,dummy-595
818093.158762072,250,230,dummy-595
817969.917518288,250,230,dummy-813
818046.231772654,250,230,dummy-813
818143.804245585,250,230,dummy-813
818087.267342242,250,230,dummy-641
818152.86855528,250,230,dummy-641
817948.726121096,250,230,dummy-337
817989.316103061,250,230,dummy-337
818006.966887778,250,230,dummy-337
818131.208060515,250,230,dummy-637
818171.690710114,250,230,dummy-637
818216.819504089,250,230,dummy-637
817931.341130045,250,230,dummy-66
817998.459576846,250,230,dummy-66
818007.468770565,250,230,dummy-66
818074.217730706,250,230,dummy-66
818129.925731908,250,230,dummy-66
818181.485083839,250,230,dummy-66
818076.486049775,250,230,dummy-491
818100.507250542,250,230,dummy-491
818113.128826089,250,230,dummy-491
818124.851637104,250,230,dummy-491
818012.669818743,250,230,dummy-430
818026.089299822,250,230,dummy-430
818085.279621743,250,230,dummy-430
818134.985715045,250,230,dummy-430
817985.995933182,250,230,dummy-294
817989.100655145,250,230,dummy-294
818053.158602981,250,230,dummy-294
818050.945911685,250,230,dummy-197
818059.554897646,250,230,dummy-197
818172.709855667,250,230,dummy-197
818209.218252635,250,230,dummy-197
817974.207998564,250,230,dummy-626
818060.506793309,250,230,dummy-626
818120.583733051,250,230,dummy-626
818182.862551875,250,230,dummy-626
817935.140639244,250,230,dummy-95
817967.546595474,250,230,dummy-95
817998.438482892,250,230,dummy-95
818187.782446324,250,230,dummy-732
818013.683455828,250,230,dummy-691
818028.162757978,250,230,dummy-691
818126.886800093,250,230,dummy-691
818223.599577829,250,230,dummy-691
817956.626549385,250,230,dummy-339
818135.202654044,250,230,dummy-339
818158.928673781,250,230,dummy-339
818180.84054692,250,230,dummy-339
817933.942273416,250,230,dummy-171
818000.812880032,250,230,dummy-171
818050.419346058,250,230,dummy-171
818082.727312681,250,230,dummy-171
818128.521407807,250,230,dummy-171
817995.413787885,250,230,dummy-261
818001.099155476,250,230,dummy-261
818130.584266004,250,230,dummy-261
818152.9552834,250,230,dummy-261
817930.583250961,250,230,dummy-708
818035.848886121,250,230,dummy-708
817951.217144161,250,230,dummy-485
817958.544711111,250,230,dummy-471
818166.188722787,250,230,dummy-471
818196.607869984,250,230,dummy-471
818015.859218267,250,230,dummy-741
818133.993540364,250,230,dummy-741
818145.493477821,250,230,dummy-741
818177.620112319,250,230,dummy-741
817983.582565769,250,230,dummy-565
818182.138672163,250,230,dummy-565
818192.882157732,250,230,dummy-565
818194.86874455,250,230,dummy-565
817979.711794509,250,230,dummy-442
818210.595081864,250,230,dummy-442
817967.601120308,250,230,dummy-120
818202.308216429,250,230,dummy-120
817965.655799479,250,230,dummy-301
818014.933710917,250,230,dummy-301
818092.738734936,250,230,dummy-301
818116.608365334,250,230,dummy-301
818199.727496724,250,230,dummy-301
818036.249040736,250,230,dummy-462
818135.068147618,250,230,dummy-462
818206.203845784,250,230,dummy-462
817940.587375222,250,230,dummy-411
817941.567580662,250,230,dummy-411
818164.550996492,250,230,dummy-411
817984.61918121,250,230,dummy-11
818101.863259595,250,230,dummy-11
817970.799099511,250,230,dummy-239
817949.178326862,250,230,dummy-537
817952.687042953,250,230,dummy-537
818215.137623625,250,230,dummy-537
818029.648275715,250,230,dummy-775
818035.311179473,250,230,dummy-775
818046.417486859,250,230,dummy-775
818144.163413085,250,230,dummy-775
818005.07551537,250,230,dummy-549
818141.411192269,250,230,dummy-549
818002.732532002,250,230,dummy-770
818024.718892606,250,230,dummy-770
818031.482180774,250,230,dummy-770
818170.46002621,250,230,dummy-770
818184.442971649,250,230,dummy-770
818213.061580347,250,230,dummy-770
818033.310599246,250,230,dummy-688
818133.536424073,250,230,dummy-688
818170.353821814,250,230,dummy-688
817944.514920353,250,230,dummy-520
817998.449244344,250,230,dummy-520
818016.190247792,250,230,dummy-520
818223.766347104,250,230,dummy-678
818039.705295444,250,230,dummy-585
818072.768061094,250,230,dummy-585
818139.287173163,250,230,dummy-585
818164.210899732,250,230,dummy-585
818166.755275212,250,230,dummy-585
818183.139068062,250,230,dummy-585
817941.608853073,250,230,dummy-461
817962.378194,250,230,dummy-461
818029.468654665,250,230,dummy-461
818204.491930125,250,230,dummy-461
818210.392863614,250,230,dummy-461
817930.953931334,250,230,dummy-31
817964.746520644,250,230,dummy-31
818213.667560851,250,230,dummy-31
818050.071919685,250,230,dummy-478
818095.740086456,250,230,dummy-478
818014.963481006,250,230,dummy-768
818128.950325403,250,230,dummy-768
818169.904963709,250,230,dummy-768
817951.788781373,250,230,dummy-57
817998.371798193,250,230,dummy-57
817967.046238139,250,230,dummy-391
818056.992326314,250,230,dummy-391
818124.486963808,250,230,dummy-391
818024.94918303,250,230,dummy-791
818059.101016123,250,230,dummy-791
818061.395316037,250,230,dummy-791
818139.621363575,250,230,dummy-791
818019.672714225,250,230,dummy-77
818117.263373909,250,230,dummy-77
818133.091677346,250,230,dummy-77
818136.477563886,250,230,dummy-77
818203.591710161,250,230,dummy-77
817945.330693149,250,230,dummy-720
817969.995514892,250,230,dummy-720
817971.144133031,250,230,dummy-720
817996.464473962,250,230,dummy-720
818104.306236245,250,230,dummy-720
818175.873941693,250,230,dummy-720
818208.674576242,250,230,dummy-720
818048.087904216,250,230,dummy-170
818090.90273626,250,230,dummy-170
818084.323125263,250,230,dummy-230
818107.107688037,250,230,dummy-230
818107.974840291,250,230,dummy-230
818138.578580123,250,230,dummy-230
818149.573544256,250,230,dummy-230
818188.093515653,250,230,dummy-230
818187.252041256,250,230,dummy-70
818188.362693438,250,230,dummy-70
818191.411303351,250,230,dummy-70
818224.127971589,250,230,dummy-70
817933.282342329,250,230,dummy-722
818117.38347533,250,230,dummy-722
818146.975765741,250,230,dummy-722
818186.806195453,250,230,dummy-722
818208.438365712,250,230,dummy-722
818221.002738055,250,230,dummy-722
817930.330063237,250,230,dummy-21
817977.70435628,250,230,dummy-21
818039.33625772,250,230,dummy-21
818142.978375005,250,230,dummy-21
818172.428115647,250,230,dummy-21
817932.178922766,250,230,dummy-484
817966.419609818,250,230,dummy-484
818022.209668336,250,230,dummy-484
818143.033555447,250,230,dummy-484
818187.928638592,250,230,dummy-484
817927.396441727,250,230,dummy-702
818103.298545801,250,230,dummy-702
818150.877167906,250,230,dummy-702
817935.758047796,250,230,dummy-730
817967.829680654,250,230,dummy-730
817969.837711265,250,230,dummy-730
818010.202497103,250,230,dummy-730
818025.370930581,250,230,dummy-730
818083.911217058,250,230,dummy-730
818202.396829607,250,230,dummy-730
818003.489835521,250,230,dummy-687
818076.034191782,250,230,dummy-687
818154.030494058,250,230,dummy-687
818159.091550293,250,230,dummy-687
818009.12113786,250,230,dummy-418
818141.16329439,250,230,dummy-418
818148.051618579,250,230,dummy-418
818178.505424542,250,230,dummy-418
818185.777299359,250,230,dummy-418
818213.657881053,250,230,dummy-418
818200.62359614,250,230,dummy-818
818210.505843287,250,230,dummy-818
818218.34909017,250,230,dummy-818
818221.62836263,250,230,dummy-818
817981.662441035,250,230,dummy-650
818079.163464397,250,230,dummy-650
818147.638131725,250,230,dummy-650
818190.424353058,250,230,dummy-650
818203.854989235,250,230,dummy-650
817974.497250312,250,230,dummy-273
817987.255240943,250,230,dummy-273
817989.727769306,250,230,dummy-273
818088.774383814,250,230,dummy-273
818090.914778789,250,230,dummy-273
818129.16279688,250,230,dummy-273
818156.588184977,250,230,dummy-273
818223.381996316,250,230,dummy-273
817977.728162883,250,230,dummy-483
817995.599049376,250,230,dummy-483
818031.05152598,250,230,dummy-483
818034.526116903,250,230,dummy-483
818049.079635267,250,230,dummy-483
818186.469411945,250,230,dummy-483
817976.662251131,250,230,dummy-822
818013.0618226,250,230,dummy-822
818185.619165453,250,230,dummy-822
817942.688509934,250,230,dummy-195
817951.785007882,250,230,dummy-195
817995.860295775,250,230,dummy-195
818067.370084304,250,230,dummy-195
818135.320224945,250,230,dummy-195
818148.667707583,250,230,dummy-195
818156.105127556,250,230,dummy-195
818173.417858471,250,230,dummy-195
818201.511057885,250,230,dummy-195
818216.138007765,250,230,dummy-195
818002.248596634,250,230,dummy-80
818007.762467228,250,230,dummy-80
818125.292068089,250,230,dummy-80
817946.051924842,250,230,dummy-755
817948.018757291,250,230,dummy-755
817954.97706173,250,230,dummy-755
818053.023918551,250,230,dummy-755
818118.957924847,250,230,dummy-755
818152.227553095,250,230,dummy-755
818204.116328446,250,230,dummy-755
817997.497571431,250,230,dummy-132
818034.851218055,250,230,dummy-132
818047.993675217,250,230,dummy-132
817967.147916286,250,230,dummy-375
817975.783928347,250,230,dummy-375
817990.512092244,250,230,dummy-375
818098.773257627,250,230,dummy-375
818110.814623808,250,230,dummy-375
818145.65299607,250,230,dummy-375
817946.858897735,250,230,dummy-279
817998.457298916,250,230,dummy-279
818084.022309743,250,230,dummy-279
818086.483312531,250,230,dummy-279
818094.620594091,250,230,dummy-279
818159.133904123,250,230,dummy-279
818166.797397594,250,230,dummy-279
817942.161317135,250,230,dummy-494
818000.892978385,250,230,dummy-494
818090.319716543,250,230,dummy-494
818091.695075865,250,230,dummy-494
818188.640232519,250,230,dummy-494
817953.512363655,250,230,dummy-238
818203.62235791,250,230,dummy-238
818211.71054911,250,230,dummy-238
818135.391729921,250,230,dummy-163
818182.422173107,250,230,dummy-163
818219.581073889,250,230,dummy-163
817985.323350822,250,230,dummy-685
818016.350764956,250,230,dummy-685
818132.774879011,250,230,dummy-685
817927.742968119,250,230,dummy-469
818022.519947109,250,230,dummy-469
818041.650290464,250,230,dummy-469
818082.010422202,250,230,dummy-469
817974.611648972,250,230,dummy-576
818032.686308023,250,230,dummy-576
818049.063903461,250,230,dummy-576
818137.185914178,250,230,dummy-576
818224.555408223,250,230,dummy-576
818151.422849229,250,230,dummy-307
818033.569223733,250,230,dummy-278
818044.377790112,250,230,dummy-278
818132.582421334,250,230,dummy-278
818208.069204446,250,230,dummy-278
818215.585510719,250,230,dummy-278
818029.12360485,250,230,dummy-812
818086.576779294,250,230,dummy-812
818088.981646213,250,230,dummy-812
818090.356844844,250,230,dummy-812
818155.862519947,250,230,dummy-812
818166.496685884,250,230,dummy-812
817940.857847206,250,230,dummy-693
817961.722951705,250,230,dummy-693
817965.087944921,250,230,dummy-693
817975.216761214,250,230,dummy-693
818058.190977856,250,230,dummy-693
818138.144332752,250,230,dummy-693
818194.970180308,250,230,dummy-693
817954.817796895,250,230,dummy-544
818011.291146095,250,230,dummy-544
818155.236469929,250,230,dummy-544
817967.756462253,250,230,dummy-256
818006.357571963,250,230,dummy-256
818023.090502845,250,230,dummy-256
818070.139766659,250,230,dummy-256
818123.762588635,250,230,dummy-256
818169.342350343,250,230,dummy-256
818197.193698028,250,230,dummy-256
817937.033698059,250,230,dummy-460
817930.997171639,250,230,dummy-166
818048.87750274,250,230,dummy-166
818161.327408073,250,230,dummy-166
818162.430962066,250,230,dummy-166
818225.007729133,250,230,dummy-166
817967.542560742,250,230,dummy-348
817999.733380741,250,230,dummy-348
818015.768633524,250,230,dummy-348
818164.64328398,250,230,dummy-348
817949.2522246,250,230,dummy-302
818144.862428879,250,230,dummy-302
818157.806334765,250,230,dummy-302
817933.064494257,250,230,dummy-647
817948.49059837,250,230,dummy-647
818042.576414795,250,230,dummy-647
817934.219856072,250,230,dummy-415
817992.493206173,250,230,dummy-415
818099.692676023,250,230,dummy-415
818133.633516248,250,230,dummy-415
818143.53843876,250,230,dummy-415
818182.982479137,250,230,dummy-415
817976.357537272,250,230,dummy-643
817963.28355313,250,230,dummy-259
817998.693064403,250,230,dummy-259
818139.195679283,250,230,dummy-259
818173.786344566,250,230,dummy-259
818174.445097625,250,230,dummy-259
818176.836490331,250,230,dummy-259
818214.173302838,250,230,dummy-259
817985.192278778,250,230,dummy-652
817986.503764978,250,230,dummy-652
818047.161166816,250,230,dummy-652
818190.908499207,250,230,dummy-652
818201.127253041,250,230,dummy-652
818074.527542779,250,230,dummy-289
818107.425001825,250,230,dummy-289
818137.408537256,250,230,dummy-289
818145.681320242,250,230,dummy-289
818171.548612153,250,230,dummy-289
818193.281241227,250,230,dummy-289
818213.954190957,250,230,dummy-289
817927.097672024,250,230,dummy-673
817978.365702556,250,230,dummy-673
818002.411529002,250,230,dummy-673
818015.706972506,250,230,dummy-673
818021.868474458,250,230,dummy-673
818066.86391849,250,230,dummy-673
818078.288389312,250,230,dummy-673
818105.876237467,250,230,dummy-673
818134.892532944,250,230,dummy-673
817934.827793254,250,230,dummy-250
818053.49214473,250,230,dummy-250
818223.828465344,250,230,dummy-250
817953.180816751,250,230,dummy-754
818023.192373618,250,230,dummy-754
818039.192442636,250,230,dummy-754
818064.540311411,250,230,dummy-754
818152.93923837,250,230,dummy-754
818174.880137442,250,230,dummy-754
818218.548143256,250,230,dummy-754
818052.043997998,250,230,dummy-54
818144.200943362,250,230,dummy-54
818017.381352379,250,230,dummy-505
818205.677748014,250,230,dummy-505
817999.628749268,250,230,dummy-522
818170.302291827,250,230,dummy-522
817960.170044307,250,230,dummy-785
818025.930958357,250,230,dummy-785
818060.281908005,250,230,dummy-785
818128.855298919,250,230,dummy-785
818222.719645298,250,230,dummy-785
817965.668128079,250,230,dummy-733
818033.860787468,250,230,dummy-733
818062.135124544,250,230,dummy-733
818044.767073015,250,230,dummy-133
818144.73310696,250,230,dummy-133
818164.590584575,250,230,dummy-133
818165.765010067,250,230,dummy-133
817937.142437488,250,230,dummy-805
817971.054328104,250,230,dummy-805
818031.068365802,250,230,dummy-805
818041.072714523,250,230,dummy-805
818108.880054956,250,230,dummy-805
818148.274213706,250,230,dummy-805
817963.077106133,250,230,dummy-148
818076.387005192,250,230,dummy-148
818088.638370134,250,230,dummy-148
818131.243408846,250,230,dummy-148
817988.559749007,250,230,dummy-633
818200.866901128,250,230,dummy-633
818053.097651453,250,230,dummy-750
818153.028192011,250,230,dummy-750
818168.987289011,250,230,dummy-750
818169.145225969,250,230,dummy-750
818203.794294192,250,230,dummy-750
817993.324656983,250,230,dummy-332
818152.090314097,250,230,dummy-332
818174.943796557,250,230,dummy-332
818199.998638231,250,230,dummy-332
818210.720846154,250,230,dummy-332
818081.436827874,250,230,dummy-22
818201.553911156,250,230,dummy-22
818223.724684776,250,230,dummy-22
818137.711124965,250,230,dummy-236
817938.996788578,250,230,dummy-107
817995.465850887,250,230,dummy-107
818016.261946108,250,230,dummy-107
818022.292542871,250,230,dummy-107
818076.247570487,250,230,dummy-107
818221.974360655,250,230,dummy-107
817942.615071235,250,230,dummy-97
818012.458705483,250,230,dummy-97
818051.255314992,250,230,dummy-97
818087.341149116,250,230,dummy-546
818157.631786341,250,230,dummy-546
818165.447483039,250,230,dummy-546
817963.725857243,250,230,dummy-255
817970.90365344,250,230,dummy-255
818058.602921231,250,230,dummy-255
818108.795508139,250,230,dummy-255
817990.491026639,250,230,dummy-797
818055.434665563,250,230,dummy-797
818117.940517458,250,230,dummy-797
818129.469518997,250,230,dummy-797
818176.959685173,250,230,dummy-797
818201.436410923,250,230,dummy-797
817965.554972723,250,230,dummy-634
818079.125486426,250,230,dummy-634
818131.221431801,250,230,dummy-634
818211.388728314,250,230,dummy-634
817945.963981001,250,230,dummy-692
818024.795469365,250,230,dummy-692
818073.293259354,250,230,dummy-692
818129.568085814,250,230,dummy-692
817931.584611579,250,230,dummy-75
818092.85023385,250,230,dummy-75
818198.52378029,250,230,dummy-75
817994.646210165,250,230,dummy-49
818029.143590052,250,230,dummy-49
818078.146201985,250,230,dummy-49
818125.953908407,250,230,dummy-49
818136.45591882,250,230,dummy-49
817933.853110539,250,230,dummy-712
817941.967704346,250,230,dummy-712
818040.660141081,250,230,dummy-712
818193.902646739,250,230,dummy-712
818205.486382198,250,230,dummy-712
818222.926991644,250,230,dummy-712
818023.133027828,250,230,dummy-548
817952.992164942,250,230,dummy-689
817939.641988595,250,230,dummy-33
817967.070218202,250,230,dummy-33
817968.797772418,250,230,dummy-33
818059.332431431,250,230,dummy-33
818067.947027908,250,230,dummy-33
818115.386522817,250,230,dummy-33
818132.95896563,250,230,dummy-482
817979.335354912,250,230,dummy-579
817990.86189371,250,230,dummy-579
818056.229646808,250,230,dummy-579
818159.110015658,250,230,dummy-579
817947.038105785,250,230,dummy-82
817999.932400141,250,230,dummy-82
818079.35715529,250,230,dummy-82
818100.498247915,250,230,dummy-82
818200.901590333,250,230,dummy-82
818082.368943597,250,230,dummy-221
818193.383247919,250,230,dummy-221
817951.482011784,250,230,dummy-556
817997.619753724,250,230,dummy-556
818045.834253036,250,230,dummy-556
818182.880967537,250,230,dummy-556
817975.284812364,250,230,dummy-608
818009.117751422,250,230,dummy-608
818136.890225719,250,230,dummy-608
818010.470132096,250,230,dummy-300
818041.523793228,250,230,dummy-300
818103.126643398,250,230,dummy-300
818110.908499782,250,230,dummy-300
818156.496421266,250,230,dummy-300
818187.170465841,250,230,dummy-300
817927.267438943,250,230,dummy-809
818032.996057039,250,230,dummy-809
818033.743050646,250,230,dummy-809
818019.408538588,250,230,dummy-427
818075.263094005,250,230,dummy-427
818111.735459922,250,230,dummy-427
818144.685171154,250,230,dummy-427
817950.090474037,250,230,dummy-734
818123.132250443,250,230,dummy-734
818217.942373039,250,230,dummy-734
818063.904192292,250,230,dummy-345
817966.529174829,250,230,dummy-125
818092.753559712,250,230,dummy-125
818205.874942934,250,230,dummy-125
817990.975191814,250,230,dummy-112
818196.257120769,250,230,dummy-112
818066.90084734,250,230,dummy-444
818185.686678432,250,230,dummy-444
818086.793153499,250,230,dummy-802
818178.750554568,250,230,dummy-802
818203.075112058,250,230,dummy-802
817964.457900811,250,230,dummy-503
818000.644463065,250,230,dummy-503
818000.676701837,250,230,dummy-503
818026.264194631,250,230,dummy-503
818038.875620698,250,230,dummy-503
818050.163949092,250,230,dummy-503
817966.615610833,250,230,dummy-629
818095.691397561,250,230,dummy-629
818154.132803708,250,230,dummy-629
818222.142773158,250,230,dummy-629
818085.38317599,250,230,dummy-512
818218.365281333,250,230,dummy-512
817997.302805847,250,230,dummy-201
818134.939894071,250,230,dummy-201
818037.006044654,250,230,dummy-727
818039.250293614,250,230,dummy-727
818088.820471749,250,230,dummy-727
817926.407238398,250,230,dummy-570
817930.456176476,250,230,dummy-570
817965.82982813,250,230,dummy-570
818124.033663665,250,230,dummy-570
818124.4394131,250,230,dummy-570
817934.227115525,250,230,dummy-353
817987.309371967,250,230,dummy-353
817996.835053537,250,230,dummy-353
818098.764379008,250,230,dummy-353
817996.028892273,250,230,dummy-297
818026.604331168,250,230,dummy-297
818046.996500789,250,230,dummy-297
818116.996830962,250,230,dummy-297
818144.061980782,250,230,dummy-297
818156.877134267,250,230,dummy-297
818179.2109182,250,230,dummy-297
817973.180577967,250,230,dummy-464
818071.656421286,250,230,dummy-464
818115.082879998,250,230,dummy-464
818165.111199994,250,230,dummy-464
818021.154270468,250,230,dummy-516
818130.141815133,250,230,dummy-516
818060.196944394,250,230,dummy-30
818120.86714093,250,230,dummy-30
818096.557475967,250,230,dummy-475
818060.244011821,250,230,dummy-168
817970.991017643,250,230,dummy-433
818087.940244792,250,230,dummy-433
818156.695438434,250,230,dummy-433
818225.308765614,250,230,dummy-433
817936.809061461,250,230,dummy-102
818040.898534941,250,230,dummy-102
818178.663991148,250,230,dummy-102
817996.63470545,250,230,dummy-517
818113.834385877,250,230,dummy-517
818136.317101884,250,230,dummy-517
818222.6915384,250,230,dummy-517
817974.395959853,250,230,dummy-43
818043.841652727,250,230,dummy-43
818053.61101872,250,230,dummy-43
818083.464827469,250,230,dummy-43
817951.131560106,250,230,dummy-34
818092.021355166,250,230,dummy-34
818172.393610759,250,230,dummy-34
818209.021688743,250,230,dummy-34
817994.443466429,250,230,dummy-88
818005.355641767,250,230,dummy-88
818008.977786415,250,230,dummy-88
818032.556844593,250,230,dummy-88
818137.189295234,250,230,dummy-88
818013.837890587,250,230,dummy-328
818101.55782011,250,230,dummy-328
818202.268188779,250,230,dummy-328
818206.589391993,250,230,dummy-328
818208.953681886,250,230,dummy-328
817993.709707988,250,230,dummy-500
818028.00898875,250,230,dummy-500
818163.751379702,250,230,dummy-500
818204.308051706,250,230,dummy-500
817974.496844678,250,230,dummy-763
817977.488211118,250,230,dummy-763
818160.613032568,250,230,dummy-763
817981.396914831,250,230,dummy-571
818078.244489134,250,230,dummy-571
818098.857000985,250,230,dummy-571
817964.060713715,250,230,dummy-600
818034.63294182,250,230,dummy-600
818077.357307441,250,230,dummy-600
817948.544085202,250,230,dummy-86
817973.137141636,250,230,dummy-86
818066.493046032,250,230,dummy-86
818126.754888635,250,230,dummy-86
818158.510912763,250,230,dummy-86
818198.956002044,250,230,dummy-86
818211.225145441,250,230,dummy-86
818223.747657999,250,230,dummy-86
817982.80992264,250,230,dummy-739
818059.229098392,250,230,dummy-739
818068.895411968,250,230,dummy-739
818139.275542763,250,230,dummy-739
818175.612177218,250,230,dummy-739
817928.463664248,250,230,dummy-269
817955.060468824,250,230,dummy-269
817957.051374524,250,230,dummy-269
818085.284784072,250,230,dummy-269
818085.727403483,250,230,dummy-269
818204.653727908,250,230,dummy-269
818163.630476429,250,230,dummy-306
818187.819517254,250,230,dummy-306
818208.928272972,250,230,dummy-306
818212.427487244,250,230,dummy-306
818003.876865801,250,230,dummy-402
818011.674090449,250,230,dummy-402
818188.814973823,250,230,dummy-402
818206.637191073,250,230,dummy-402
818216.437005941,250,230,dummy-402
818010.491597201,250,230,dummy-155
818049.817332697,250,230,dummy-155
818148.397438796,250,230,dummy-155
818190.790551085,250,230,dummy-155
817956.420498216,250,230,dummy-524
818067.655575498,250,230,dummy-524
818116.115768171,250,230,dummy-524
818161.451692617,250,230,dummy-524
818161.329776048,250,230,dummy-219
818180.179608806,250,230,dummy-219
818208.99284423,250,230,dummy-219
817946.412612328,250,230,dummy-167
818030.88637026,250,230,dummy-167
817964.006195682,250,230,dummy-359
818094.976898599,250,230,dummy-359
818164.567157934,250,230,dummy-359
818167.815579066,250,230,dummy-359
817984.825101879,250,230,dummy-60
818073.89044591,250,230,dummy-60
818135.063723777,250,230,dummy-60
818135.691267704,250,230,dummy-60
818139.156912805,250,230,dummy-60
817963.26560135,250,230,dummy-582
817973.180615085,250,230,dummy-582
818089.791211605,250,230,dummy-582
818150.998872305,250,230,dummy-582
817975.599454075,250,230,dummy-786
818006.26238896,250,230,dummy-786
818028.656623758,250,230,dummy-786
818158.1993138,250,230,dummy-786
818188.125540277,250,230,dummy-786
817942.253829947,250,230,dummy-91
817962.586699933,250,230,dummy-91
818185.369691922,250,230,dummy-91
817928.20748482,250,230,dummy-756
817963.785974871,250,230,dummy-756
817968.966355349,250,230,dummy-756
818191.242141545,250,230,dummy-756
818201.08071138,250,230,dummy-756
817996.420840583,250,230,dummy-409
818020.275416152,250,230,dummy-409
818073.793224216,250,230,dummy-409
818133.630122764,250,230,dummy-431
818178.387433095,250,230,dummy-431
817935.881866367,250,230,dummy-502
817976.116482007,250,230,dummy-502
818053.550579725,250,230,dummy-502
818124.933226628,250,230,dummy-502
818138.199734935,250,230,dummy-502
818213.159234346,250,230,dummy-502
817931.50690722,250,230,dummy-632
817986.668666709,250,230,dummy-632
818024.195304015,250,230,dummy-632
818035.626787953,250,230,dummy-632
818045.301327687,250,230,dummy-632
818132.836817254,250,230,dummy-632
818170.148631809,250,230,dummy-632
818002.024021097,250,230,dummy-218
818008.520957741,250,230,dummy-218
818037.960527309,250,230,dummy-218
818106.845451099,250,230,dummy-218
818193.61088946,250,230,dummy-218
818113.231599588,250,230,dummy-598
818205.975610785,250,230,dummy-598
818166.971569369,250,230,dummy-206
817996.856237404,250,230,dummy-527
818035.167448284,250,230,dummy-410
817931.028512585,250,230,dummy-154
818037.54209295,250,230,dummy-154
818089.257168636,250,230,dummy-154
818180.74546336,250,230,dummy-154
818182.4020299,250,230,dummy-154
817979.688121693,250,230,dummy-46
818040.770862532,250,230,dummy-46
818065.728151763,250,230,dummy-46
818072.231918283,250,230,dummy-46
818215.40910427,250,230,dummy-46
817955.682389523,250,230,dummy-428
818204.788078519,250,230,dummy-428
818093.097001438,250,230,dummy-567
817941.958589507,250,230,dummy-215
817993.633909508,250,230,dummy-215
818064.239284484,250,230,dummy-215
818074.789617843,250,230,dummy-215
818030.772195654,250,230,dummy-672
818092.399529485,250,230,dummy-672
818105.805051558,250,230,dummy-672
818176.027616096,250,230,dummy-672
817999.155221919,250,230,dummy-816
818042.366569399,250,230,dummy-816
818064.189947291,250,230,dummy-816
818087.037207141,250,230,dummy-816
818199.26090849,250,230,dummy-816
818222.294901418,250,230,dummy-816
817937.754259594,250,230,dummy-413
817947.212627176,250,230,dummy-413
817970.882538895,250,230,dummy-413
818011.808946664,250,230,dummy-413
818143.053969318,250,230,dummy-413
818173.340035138,250,230,dummy-413
817952.499660358,250,230,dummy-92
818105.240610878,250,230,dummy-92
818119.047867732,250,230,dummy-92
818140.832294911,250,230,dummy-92
817930.241016794,250,230,dummy-158
817960.689346737,250,230,dummy-158
817962.262009865,250,230,dummy-158
818080.978284529,250,230,dummy-158
817971.567786399,250,230,dummy-87
818210.083138908,250,230,dummy-87
817960.049295993,250,230,dummy-123
817985.924122223,250,230,dummy-123
817990.697147851,250,230,dummy-123
818181.791444003,250,230,dummy-123
818020.10608063,250,230,dummy-729
817927.404152065,250,230,dummy-245
818034.337922641,250,230,dummy-245
818155.791085043,250,230,dummy-245
818184.968872199,250,230,dummy-274
818205.431663999,250,230,dummy-274
817982.457447629,250,230,dummy-151
818173.246742754,250,230,dummy-151
817942.199786633,250,230,dummy-788
817944.691867059,250,230,dummy-788
817995.703595095,250,230,dummy-788
818041.398603742,250,230,dummy-788
818162.206543491,250,230,dummy-788
818207.497100861,250,230,dummy-788
817962.09361115,250,230,dummy-252
818017.939860281,250,230,dummy-252
818044.004275643,250,230,dummy-252
818081.675698188,250,230,dummy-252
818093.91622581,250,230,dummy-252
818130.53157129,250,230,dummy-252
818162.670886598,250,230,dummy-252
818206.285340122,250,230,dummy-252
817929.00777174,250,230,dummy-179
817952.764575849,250,230,dummy-179
817962.13605145,250,230,dummy-179
817974.986209545,250,230,dummy-179
818022.014391892,250,230,dummy-179
818040.063626875,250,230,dummy-179
818108.989951491,250,230,dummy-179
818203.617664509,250,230,dummy-179
817953.864478288,250,230,dummy-185
817980.240861907,250,230,dummy-185
818020.657328022,250,230,dummy-185
817939.957398433,250,230,dummy-473
817994.196463686,250,230,dummy-473
818124.928217333,250,230,dummy-473
818153.187923859,250,230,dummy-473
818157.092338541,250,230,dummy-473
817967.36122011,250,230,dummy-299
817979.403950907,250,230,dummy-299
818007.795668153,250,230,dummy-299
818159.400566803,250,230,dummy-299
818160.868571583,250,230,dummy-299
818108.44557601,250,230,dummy-615
818151.391575587,250,230,dummy-615
818177.102067798,250,230,dummy-615
818141.497668554,250,230,dummy-535
817945.769532489,250,230,dummy-709
818005.462038622,250,230,dummy-709
818146.507809985,250,230,dummy-709
818160.056377748,250,230,dummy-709
817946.91444677,250,230,dummy-62
818225.349963328,250,230,dummy-62
818053.749644426,250,230,dummy-782
818079.801719725,250,230,dummy-782
818104.204217706,250,230,dummy-782
818159.439651834,250,230,dummy-782
818194.222849555,250,230,dummy-782
818224.212278992,250,230,dummy-782
817969.425088976,250,230,dummy-270
818068.973023517,250,230,dummy-270
817950.352768978,250,230,dummy-627
818064.184680511,250,230,dummy-627
818075.430248474,250,230,dummy-627
818082.488390111,250,230,dummy-627
818098.973295796,250,230,dummy-627
818113.294953209,250,230,dummy-627
818184.705711967,250,230,dummy-627
818215.72890292,250,230,dummy-627
817974.139244083,250,230,dummy-574
818100.252835676,250,230,dummy-574
818113.714851123,250,230,dummy-574
818119.797341207,250,230,dummy-574
818029.444622253,250,230,dummy-630
818106.230514193,250,230,dummy-630
818134.84820663,250,230,dummy-630
818149.748217205,250,230,dummy-630
818000.349874348,250,230,dummy-189
818120.771309456,250,230,dummy-189
818156.166557886,250,230,dummy-189
817956.386876131,250,230,dummy-184
817965.171605696,250,230,dummy-184
818086.879326224,250,230,dummy-184
818099.876212084,250,230,dummy-184
818108.595630474,250,230,dummy-184
818030.554581055,250,230,dummy-223
818047.031134062,250,230,dummy-223
818070.908385257,250,230,dummy-223
818159.949000696,250,230,dummy-223
817932.908636351,250,230,dummy-89
817965.484649497,250,230,dummy-89
817989.507844736,250,230,dummy-89
818063.068779488,250,230,dummy-89
818020.839998287,250,230,dummy-139
818157.184535884,250,230,dummy-139
817926.837853102,250,230,dummy-315
817942.029897691,250,230,dummy-315
818111.333634894,250,230,dummy-315
818161.68883643,250,230,dummy-315
818187.37182523,250,230,dummy-315
818154.369282717,250,230,dummy-71
818203.409861723,250,230,dummy-71
818222.588113505,250,230,dummy-71
817993.282209367,250,230,dummy-519
818021.617029357,250,230,dummy-519
818179.95561898,250,230,dummy-519
817938.720975764,250,230,dummy-150
818162.683473499,250,230,dummy-150
817948.832604348,250,230,dummy-131
818067.988396291,250,230,dummy-131
818205.500899563,250,230,dummy-131
818218.008346051,250,230,dummy-131
817995.380517215,250,230,dummy-39
818028.634370905,250,230,dummy-39
818129.955961631,250,230,dummy-39
817961.157797647,250,230,dummy-742
818045.832976575,250,230,dummy-742
818140.190490978,250,230,dummy-742
818183.133144556,250,230,dummy-742
818221.417706255,250,230,dummy-742
817949.719155223,250,230,dummy-669
817984.70550861,250,230,dummy-669
818015.539878862,250,230,dummy-669
818060.769445128,250,230,dummy-669
818104.473440769,250,230,dummy-669
818109.268653406,250,230,dummy-669
818198.805338207,250,230,dummy-669
817946.967972471,250,230,dummy-377
817948.056565841,250,230,dummy-377
817952.251678432,250,230,dummy-377
817955.115747284,250,230,dummy-377
817976.085455411,250,230,dummy-377
817960.899093454,250,230,dummy-207
818001.661909642,250,230,dummy-207
818060.377596283,250,230,dummy-207
818065.999881424,250,230,dummy-207
818097.232368305,250,230,dummy-207
818148.133562392,250,230,dummy-207
818223.506855159,250,230,dummy-207
818158.246185306,250,230,dummy-507
818014.803732866,250,230,dummy-44
818066.628061178,250,230,dummy-44
818129.240028798,250,230,dummy-44
818163.535546553,250,230,dummy-44
818006.182329274,250,230,dummy-773
818008.848849032,250,230,dummy-773
818022.307970848,250,230,dummy-773
818097.573262902,250,230,dummy-773
818120.317777245,250,230,dummy-773
818139.248616693,250,230,dummy-773
817940.167903917,250,230,dummy-18
818083.821231869,250,230,dummy-18
818088.234272685,250,230,dummy-18
817994.631195737,250,230,dummy-828
817999.56126059,250,230,dummy-828
818070.8331841,250,230,dummy-828
818162.571848206,250,230,dummy-828
817967.208005249,250,230,dummy-463
817994.854909887,250,230,dummy-463
817927.090199083,250,230,dummy-42
818063.100610439,250,230,dummy-42
817937.549839124,250,230,dummy-533
817957.437794303,250,230,dummy-533
817985.877202385,250,230,dummy-533
818085.710166986,250,230,dummy-533
817984.296042443,250,230,dummy-316
817956.750602271,250,230,dummy-29
817958.212469684,250,230,dummy-29
817982.709781825,250,230,dummy-29
818081.478527559,250,230,dummy-29
818091.995610701,250,230,dummy-29
818205.562332419,250,230,dummy-29
818045.965387529,250,230,dummy-497
818057.500681809,250,230,dummy-497
818137.659815749,250,230,dummy-497
818140.437154477,250,230,dummy-497
818002.761510017,250,230,dummy-6
818117.984643774,250,230,dummy-6
818125.792245087,250,230,dummy-6
818134.666758584,250,230,dummy-6
817936.015178895,250,230,dummy-779
817965.798320178,250,230,dummy-779
817950.948689124,250,230,dummy-152
817979.021788757,250,230,dummy-152
818071.5560194,250,230,dummy-152
818141.004019682,250,230,dummy-152
818143.09052222,250,230,dummy-152
818198.664461522,250,230,dummy-152
818207.046319441,250,230,dummy-152
818214.406501763,250,230,dummy-152
817981.434469489,250,230,dummy-178
818035.253432818,250,230,dummy-178
818084.667940928,250,230,dummy-178
817935.84040968,250,230,dummy-697
818033.696325866,250,230,dummy-697
818148.13116537,250,230,dummy-697
817974.554874189,250,230,dummy-51
817981.556279507,250,230,dummy-51
817992.854289571,250,230,dummy-51
818022.647610188,250,230,dummy-51
818032.158786124,250,230,dummy-51
818108.471115471,250,230,dummy-51
818165.258028311,250,230,dummy-51
818178.798748349,250,230,dummy-51
818186.900450573,250,230,dummy-51
818210.85423209,250,230,dummy-51
817933.958434255,250,230,dummy-282
817970.658204372,250,230,dummy-282
818035.972584541,250,230,dummy-282
818138.110382671,250,230,dummy-282
818159.852337877,250,230,dummy-282
818010.546364731,250,230,dummy-23
818018.454943174,250,230,dummy-23
817951.08885344,250,230,dummy-707
817975.820154903,250,230,dummy-707
818040.800283795,250,230,dummy-707
818045.911609096,250,230,dummy-707
818099.535784299,250,230,dummy-707
817941.968037587,250,230,dummy-711
817945.566913668,250,230,dummy-711
817956.460180755,250,230,dummy-711
818000.872781895,250,230,dummy-711
818009.460039169,250,230,dummy-711
818118.124501971,250,230,dummy-711
818096.132043083,250,230,dummy-488
818105.91890377,250,230,dummy-488
818168.224508568,250,230,dummy-488
818204.386781811,250,230,dummy-488
817969.854059925,250,230,dummy-354
818107.88949644,250,230,dummy-354
818173.142787399,250,230,dummy-354
818203.567800785,250,230,dummy-354
817985.984457784,250,230,dummy-495
818013.540828275,250,230,dummy-495
818039.085766885,250,230,dummy-495
818042.28742433,250,230,dummy-495
818084.47920627,250,230,dummy-495
818117.614547452,250,230,dummy-495
818167.170826152,250,230,dummy-495
818179.915777055,250,230,dummy-495
818044.830357805,250,230,dummy-778
818103.288779113,250,230,dummy-778
817984.189835443,250,230,dummy-199
818013.319741199,250,230,dummy-199
818031.926875596,250,230,dummy-199
818033.134645865,250,230,dummy-199
818201.04832929,250,230,dummy-129
817959.331487209,250,230,dummy-371
818057.50329109,250,230,dummy-371
818119.431329503,250,230,dummy-371
818147.017144403,250,230,dummy-371
817974.861276292,250,230,dummy-196
818140.14882237,250,230,dummy-196
818142.17077412,250,230,dummy-196
818156.700181704,250,230,dummy-196
818185.382608394,250,230,dummy-196
818201.988899754,250,230,dummy-196
817930.822664981,250,230,dummy-55
818051.655941904,250,230,dummy-55
818082.48702244,250,230,dummy-55
818137.139073473,250,230,dummy-55
818143.964453588,250,230,dummy-55
817938.486930657,250,230,dummy-204
818043.183011476,250,230,dummy-204
817954.012438148,250,230,dummy-304
818058.334243048,250,230,dummy-304
818128.703202123,250,230,dummy-304
818114.040111317,250,230,dummy-15
818189.868437616,250,230,dummy-15
818209.103383853,250,230,dummy-15
817941.761337841,250,230,dummy-12
818032.205372591,250,230,dummy-12
818046.179448594,250,230,dummy-12
818153.927084428,250,230,dummy-12
818046.429780686,250,230,dummy-50
818082.846063778,250,230,dummy-50
818142.669049663,250,230,dummy-50
818152.415482265,250,230,dummy-50
817971.733352045,250,230,dummy-324
817986.53776669,250,230,dummy-324
818116.124919744,250,230,dummy-324
818202.384146437,250,230,dummy-324
818211.417532231,250,230,dummy-324
817962.473744579,250,230,dummy-638
818130.215893925,250,230,dummy-412
818155.901361607,250,230,dummy-412
818162.63224375,250,230,dummy-412
818165.527608507,250,230,dummy-412
818021.294900234,250,230,dummy-639
818086.189541205,250,230,dummy-639
818114.297648237,250,230,dummy-639
818166.929818753,250,230,dummy-639
818071.975223148,250,230,dummy-723
818127.993904003,250,230,dummy-723
818156.731258043,250,230,dummy-723
817937.233188672,250,230,dummy-105
817996.314856914,250,230,dummy-105
817997.906572093,250,230,dummy-105
818199.141184244,250,230,dummy-105
818213.405013265,250,230,dummy-105
818225.040369563,250,230,dummy-105
817966.400424268,250,230,dummy-389
818084.019783406,250,230,dummy-389
818203.304528117,250,230,dummy-389
817963.553642683,250,230,dummy-202
818007.804358588,250,230,dummy-202
818010.484682595,250,230,dummy-202
818054.977985932,250,230,dummy-202
818141.699546458,250,230,dummy-202
818016.774855491,250,230,dummy-715
818036.578534219,250,230,dummy-715
818074.254792778,250,230,dummy-715
818099.982922538,250,230,dummy-715
818060.991860984,250,230,dummy-479
818085.838544344,250,230,dummy-479
817966.614503553,250,230,dummy-424
817995.223929613,250,230,dummy-424
818058.551539785,250,230,dummy-424
818114.954562272,250,230,dummy-424
818130.60914619,250,230,dummy-424
818162.840698751,250,230,dummy-424
818177.970664012,250,230,dummy-424
817968.645235318,250,230,dummy-334
818130.106964882,250,230,dummy-334
818135.877314406,250,230,dummy-334
817931.653648558,250,230,dummy-5
818010.707454868,250,230,dummy-5
818065.139223198,250,230,dummy-5
818104.366488215,250,230,dummy-5
817961.064812271,250,230,dummy-721
818118.532147751,250,230,dummy-721
818192.4463073,250,230,dummy-721
818209.546625192,250,230,dummy-721
817964.379381763,250,230,dummy-718
818021.788844117,250,230,dummy-718
818095.008976102,250,230,dummy-718
817960.053290427,250,230,dummy-752
817998.283573906,250,230,dummy-752
818040.715182582,250,230,dummy-752
818075.203571109,250,230,dummy-752
818083.477522066,250,230,dummy-752
818085.383313679,250,230,dummy-752
818088.243325041,250,230,dummy-752
818111.677590435,250,230,dummy-752
818157.301925941,250,230,dummy-752
818169.490937526,250,230,dummy-752
818204.086227042,250,230,dummy-752
818218.24749321,250,230,dummy-752
818012.116553439,250,230,dummy-310
818037.346738495,250,230,dummy-310
818119.942640574,250,230,dummy-310
818133.488858389,250,230,dummy-310
817948.652347756,250,230,dummy-781
818030.265494631,250,230,dummy-781
818122.326060498,250,230,dummy-781
817961.411473075,250,230,dummy-264
817995.17470834,250,230,dummy-264
818052.979163479,250,230,dummy-264
818203.553346643,250,230,dummy-264
817992.65868803,250,230,dummy-266
818182.239322982,250,230,dummy-266
817987.233199701,250,230,dummy-645
818048.798227679,250,230,dummy-416
818065.017166993,250,230,dummy-416
817958.231060732,250,230,dummy-90
818189.722765974,250,230,dummy-90
818203.601760289,250,230,dummy-539
818005.091837999,250,230,dummy-198
818081.31784761,250,230,dummy-198
818185.585809997,250,230,dummy-198
817931.414217007,250,230,dummy-113
818009.067854355,250,230,dummy-113
818027.567938854,250,230,dummy-113
818115.286402051,250,230,dummy-113
818190.426990944,250,230,dummy-113
818196.634576501,250,230,dummy-140
818082.120485792,250,230,dummy-677
818133.279105819,250,230,dummy-677
818216.91591631,250,230,dummy-677
818017.057521,250,230,dummy-111
818103.736179783,250,230,dummy-111
817931.202995278,250,230,dummy-459
817984.510616243,250,230,dummy-459
818120.570682247,250,230,dummy-459
818130.120646569,250,230,dummy-459
818166.511729253,250,230,dummy-459
817997.083170904,250,230,dummy-545
817939.743663438,250,230,dummy-246
818143.539827757,250,230,dummy-246
818117.387150149,250,230,dummy-153
818128.04703195,250,230,dummy-153
817992.443060541,250,230,dummy-676
818093.586412832,250,230,dummy-676
818149.149765121,250,230,dummy-676
818172.472566432,250,230,dummy-676
817987.36322857,250,230,dummy-661
817990.827159653,250,230,dummy-661
818003.862453514,250,230,dummy-661
818098.949570415,250,230,dummy-661
818155.632818471,250,230,dummy-661
818094.886262769,250,230,dummy-777
818111.862977408,250,230,dummy-777
818063.298769018,250,230,dummy-760
818133.592142257,250,230,dummy-760
818184.989455007,250,230,dummy-760
817953.413512766,250,230,dummy-285
817953.579975802,250,230,dummy-285
817985.671110099,250,230,dummy-285
818043.521714424,250,230,dummy-285
818156.970400992,250,230,dummy-285
818075.647736645,250,230,dummy-398
818090.120057856,250,230,dummy-398
818131.376870545,250,230,dummy-398
817952.363215811,250,230,dummy-318
818087.947433113,250,230,dummy-318
818132.438127259,250,230,dummy-318
818091.673145784,250,230,dummy-177
818142.715498926,250,230,dummy-177
818216.692333129,250,230,dummy-177
818017.016209381,250,230,dummy-368
818029.477960053,250,230,dummy-368
818126.132254648,250,230,dummy-368
818147.499271679,250,230,dummy-368
818189.120682165,250,230,dummy-368
818192.907410687,250,230,dummy-368
817934.496706179,250,230,dummy-295
818074.790250517,250,230,dummy-295
818142.587964237,250,230,dummy-295
818220.614214726,250,230,dummy-295
817944.119136507,250,230,dummy-396
818025.768562046,250,230,dummy-396
818189.047835596,250,230,dummy-396
818033.504085796,250,230,dummy-19
818103.265168122,250,230,dummy-19
818151.809096082,250,230,dummy-19
818171.110428342,250,230,dummy-19
818185.619138666,250,230,dummy-19
818209.991135151,250,230,dummy-19
818096.766496157,250,230,dummy-403
817949.208202767,250,230,dummy-157
818045.755290337,250,230,dummy-157
818076.317047387,250,230,dummy-157
818067.482408537,250,230,dummy-147
818008.823041395,250,230,dummy-651
818158.010731413,250,230,dummy-651
817957.417857298,250,230,dummy-47
818163.009362411,250,230,dummy-47
818177.745347389,250,230,dummy-47
818212.719429239,250,230,dummy-47
817949.128634915,250,230,dummy-344
818107.062897707,250,230,dummy-344
818112.764399555,250,230,dummy-344
818183.742304648,250,230,dummy-344
817954.354886958,250,230,dummy-141
817994.203572806,250,230,dummy-141
817950.985419552,250,230,dummy-552
818162.921248286,250,230,dummy-552
817935.763821576,250,230,dummy-531
817947.866287042,250,230,dummy-531
818045.515719155,250,230,dummy-531
818059.923768062,250,230,dummy-531
818133.987478773,250,230,dummy-531
818135.850652699,250,230,dummy-531
818164.517557357,250,230,dummy-531
817973.078304854,250,230,dummy-429
818089.476510307,250,230,dummy-429
818103.519882431,250,230,dummy-429
818104.676715325,250,230,dummy-429
818152.142164709,250,230,dummy-429
817962.555022373,250,230,dummy-586
817948.193004479,250,230,dummy-811
818217.575453894,250,230,dummy-811
817934.381148861,250,230,dummy-386
818119.523651287,250,230,dummy-386
818139.621419117,250,230,dummy-386
818187.816137818,250,230,dummy-386
818220.018443416,250,230,dummy-386
818223.904019532,250,230,dummy-386
818002.680496529,250,230,dummy-701
818091.785346254,250,230,dummy-701
818108.798937621,250,230,dummy-701
818032.071390984,250,230,dummy-308
818114.787542999,250,230,dummy-308
818175.526115429,250,230,dummy-308
818196.03149012,250,230,dummy-308
818073.78184108,250,230,dummy-521
818083.356325534,250,230,dummy-521
818150.582170741,250,230,dummy-521
817962.048432983,250,230,dummy-164
818040.97759962,250,230,dummy-164
818079.177566554,250,230,dummy-164
817954.311401174,250,230,dummy-404
817963.470397973,250,230,dummy-404
817963.844793459,250,230,dummy-404
817978.68543349,250,230,dummy-404
817997.529992567,250,230,dummy-404
818015.067925443,250,230,dummy-404
818030.76962907,250,230,dummy-404
817980.809112117,250,230,dummy-807
818066.421893176,250,230,dummy-807
818102.920298355,250,230,dummy-807
818151.542958791,250,230,dummy-807
818192.345744803,250,230,dummy-807
818206.107006196,250,230,dummy-807
817927.770825734,250,230,dummy-357
818129.339055339,250,230,dummy-357
818168.698938812,250,230,dummy-357
817961.472107242,250,230,dummy-671
818025.149746742,250,230,dummy-671
818185.474463986,250,230,dummy-671
818214.145138143,250,230,dummy-671
818068.769129502,250,230,dummy-625
818150.07713975,250,230,dummy-625
818172.871756404,250,230,dummy-625
817966.274823391,250,230,dummy-583
817969.187205794,250,230,dummy-583
818141.770040014,250,230,dummy-583
818221.228792871,250,230,dummy-583
818080.96334139,250,230,dummy-529
818118.173648397,250,230,dummy-529
818165.910849896,250,230,dummy-529
818202.589210082,250,230,dummy-529
818211.442418483,250,230,dummy-529
818216.227692938,250,230,dummy-529
818017.75288796,250,230,dummy-257
818083.635731077,250,230,dummy-257
818101.967428019,250,230,dummy-257
818151.425270626,250,230,dummy-257
817931.07505993,250,230,dummy-122
818091.836788034,250,230,dummy-122
818143.479048739,250,230,dummy-480
818172.017200262,250,230,dummy-480
818224.905888614,250,230,dummy-305
818068.023671909,250,230,dummy-472
818120.540106965,250,230,dummy-472
818152.461444085,250,230,dummy-472
817947.729960171,250,230,dummy-277
818048.191834412,250,230,dummy-277
818051.780429894,250,230,dummy-277
818187.567372715,250,230,dummy-277
818201.855095299,250,230,dummy-209
818203.389878291,250,230,dummy-209
818216.593352987,250,230,dummy-209
818091.747621969,250,230,dummy-390
818194.833159784,250,230,dummy-390
818220.966500212,250,230,dummy-390
817935.610642633,250,230,dummy-343
817963.937924855,250,230,dummy-343
817977.05546982,250,230,dummy-343
818030.477934224,250,230,dummy-343
818041.597353822,250,230,dummy-343
817953.103293525,250,230,dummy-59
817964.063132438,250,230,dummy-59
818031.449283703,250,230,dummy-59
818204.839834259,250,230,dummy-59
818212.88485171,250,230,dummy-59
818106.606396147,250,230,dummy-254
817970.941413783,250,230,dummy-780
818011.925400124,250,230,dummy-780
818012.654044709,250,230,dummy-780
818047.496334636,250,230,dummy-780
818110.60464956,250,230,dummy-780
818178.131591824,250,230,dummy-780
817929.766936509,250,230,dummy-658
817990.624674011,250,230,dummy-658
818108.388898199,250,230,dummy-658
818145.84144162,250,230,dummy-658
818211.511194976,250,230,dummy-658
817951.786500954,250,230,dummy-716
817987.210044556,250,230,dummy-716
818022.845282058,250,230,dummy-716
818053.866516432,250,230,dummy-716
818084.532249664,250,230,dummy-716
817952.841984336,250,230,dummy-681
818032.562833146,250,230,dummy-681
818107.706581769,250,230,dummy-681
818192.155664323,250,230,dummy-681
818201.010369388,250,230,dummy-681
817959.663921029,250,230,dummy-611
818095.155766302,250,230,dummy-611
817939.094446068,250,230,dummy-455
817931.176003826,250,230,dummy-666
817977.751585531,250,230,dummy-666
818067.335396806,250,230,dummy-666
818099.794244383,250,230,dummy-666
818142.129259851,250,230,dummy-666
818001.52986555,250,230,dummy-563
818044.439337582,250,230,dummy-563
818099.451294789,250,230,dummy-563
818160.564311874,250,230,dummy-563
817971.811621553,250,230,dummy-63
818009.293531551,250,230,dummy-63
818028.89234323,250,230,dummy-63
818168.642688465,250,230,dummy-63
817933.662382407,250,230,dummy-115
818026.24491773,250,230,dummy-172
818029.882329344,250,230,dummy-172
818056.887314578,250,230,dummy-172
818058.441989065,250,230,dummy-172
817966.508355029,250,230,dummy-309
818076.782692004,250,230,dummy-309
818129.267475437,250,230,dummy-309
818138.397426172,250,230,dummy-309
818141.499165458,250,230,dummy-309
818204.695648554,250,230,dummy-309
817994.36807177,250,230,dummy-694
818144.715473626,250,230,dummy-694
818150.503853406,250,230,dummy-694
818156.899108052,250,230,dummy-694
818199.511291504,250,230,dummy-694
818047.444559066,250,230,dummy-783
818122.874414454,250,230,dummy-783
818152.062460838,250,230,dummy-783
818182.157437763,250,230,dummy-393
818190.962927673,250,230,dummy-728
818007.326124335,250,230,dummy-798
818021.578682175,250,230,dummy-798
818050.307946346,250,230,dummy-798
818092.386483864,250,230,dummy-798
818116.502095492,250,230,dummy-798
818145.756711413,250,230,dummy-798
818169.905026748,250,230,dummy-798
818196.220109008,250,230,dummy-798
817954.109490945,250,230,dummy-41
817986.10695355,250,230,dummy-41
817987.018295212,250,230,dummy-731
818021.953284393,250,230,dummy-731
818038.551423255,250,230,dummy-731
818081.721854219,250,230,dummy-731
818117.650786388,250,230,dummy-731
818163.233172912,250,230,dummy-731
818200.814101817,250,230,dummy-731
817936.346169673,250,230,dummy-426
817969.102081315,250,230,dummy-426
817977.337764732,250,230,dummy-426
817979.379876912,250,230,dummy-426
818009.827467569,250,230,dummy-426
818036.814873273,250,230,dummy-426
818113.51413999,250,230,dummy-426
818168.48819337,250,230,dummy-69
817939.925568418,250,230,dummy-335
818144.316601063,250,230,dummy-335
818198.652730232,250,230,dummy-335
817969.908985226,250,230,dummy-441
817948.29452036,250,230,dummy-713
817961.487351461,250,230,dummy-713
818096.577374932,250,230,dummy-713
817932.5382003,250,230,dummy-654
818099.554495358,250,230,dummy-654
818130.75108076,250,230,dummy-654
818225.692683161,250,230,dummy-369
817992.925098656,250,230,dummy-130
818048.127550253,250,230,dummy-130
818083.256177585,250,230,dummy-130
818085.825830899,250,230,dummy-130
818121.388741335,250,230,dummy-130
818179.215786238,250,230,dummy-130
818202.953232823,250,230,dummy-130
817968.561568495,250,230,dummy-331
817981.787405446,250,230,dummy-331
818008.612940466,250,230,dummy-331
818036.486634751,250,230,dummy-331
818069.998843533,250,230,dummy-331
818173.084845259,250,230,dummy-331
818200.866874229,250,230,dummy-331
818224.682217444,250,230,dummy-331
817989.44100234,250,230,dummy-621
818030.946759937,250,230,dummy-621
818078.571093102,250,230,dummy-621
818198.379825598,250,230,dummy-621
817984.184707535,250,230,dummy-821
818206.201520578,250,230,dummy-821
818206.347791352,250,230,dummy-821
817951.337766172,250,230,dummy-119
817956.806954051,250,230,dummy-119
818028.249328265,250,230,dummy-119
818093.639889074,250,230,dummy-119
818120.606960003,250,230,dummy-119
818131.334745293,250,230,dummy-119
818136.947516993,250,230,dummy-119
818164.744009114,250,230,dummy-119
817997.292933012,250,230,dummy-280
818105.165994436,250,230,dummy-280
818167.202025688,250,230,dummy-280
818221.714831758,250,230,dummy-280
817952.246529103,250,230,dummy-761
818011.309142091,250,230,dummy-761
818033.051675663,250,230,dummy-761
818093.811253954,250,230,dummy-761
817978.956154182,250,230,dummy-401
817996.134885276,250,230,dummy-401
818028.048927171,250,230,dummy-401
818002.037571168,250,230,dummy-237
818132.791777336,250,230,dummy-237
818178.8894057,250,230,dummy-237
818102.206476784,250,230,dummy-737
818000.048529519,250,230,dummy-543
818105.433424877,250,230,dummy-543
818147.580741416,250,230,dummy-543
818219.504306785,250,230,dummy-543
817928.652823666,250,230,dummy-194
818001.999372676,250,230,dummy-194
818130.337361342,250,230,dummy-194
817969.865771715,250,230,dummy-558
818066.325176995,250,230,dummy-558
818214.748674831,250,230,dummy-558
818003.684065879,250,230,dummy-128
818044.613938272,250,230,dummy-128
818057.051652899,250,230,dummy-128
818208.305955841,250,230,dummy-128
817963.122594911,250,230,dummy-550
817981.337453812,250,230,dummy-550
818154.201565978,250,230,dummy-550
818221.24486177,250,230,dummy-550
818225.520226977,250,230,dummy-550
818032.699632514,250,230,dummy-803
818033.198166973,250,230,dummy-803
818115.891760541,250,230,dummy-803
818148.665373543,250,230,dummy-803
818190.675430201,250,230,dummy-803
818107.430075284,250,230,dummy-617
818126.127617919,250,230,dummy-617
818181.160180275,250,230,dummy-617
818183.350097658,250,230,dummy-617
818213.723630483,250,230,dummy-617
817989.102284523,250,230,dummy-784
818145.4751881,250,230,dummy-436
818214.471190354,250,230,dummy-436
818000.36488725,250,230,dummy-425
818029.765272805,250,230,dummy-425
818085.38319743,250,230,dummy-425
818175.808829052,250,230,dummy-530
817951.76000881,250,230,dummy-399
817969.89184148,250,230,dummy-399
818089.136582782,250,230,dummy-399
818157.324252074,250,230,dummy-525
818171.38951686,250,230,dummy-525
818172.209061642,250,230,dummy-525
818011.215731783,250,230,dummy-104
818017.926368568,250,230,dummy-104
818162.825442302,250,230,dummy-104
818188.836615978,250,230,dummy-104
818225.557485119,250,230,dummy-104
818218.538378198,250,230,dummy-64
818006.970407765,250,230,dummy-45
818019.414963513,250,230,dummy-45
818021.717382729,250,230,dummy-45
818052.040495154,250,230,dummy-45
818101.915046797,250,230,dummy-45
818158.664666508,250,230,dummy-45
818170.363643074,250,230,dummy-45
818201.306907444,250,230,dummy-45
818209.214522896,250,230,dummy-45
817963.894748779,250,230,dummy-341
818003.651875989,250,230,dummy-276
818046.809835491,250,230,dummy-276
817948.368765855,250,230,dummy-186
818175.69772364,250,230,dummy-186
817985.877245984,250,230,dummy-513
818127.858672184,250,230,dummy-513
818153.024245525,250,230,dummy-513
818187.062030348,250,230,dummy-513
817974.792817819,250,230,dummy-815
818071.603488913,250,230,dummy-815
817940.835724499,250,230,dummy-181
817972.02394828,250,230,dummy-181
818064.790423057,250,230,dummy-181
818065.232047365,250,230,dummy-181
818063.39664496,250,230,dummy-746
818092.337695501,250,230,dummy-746
817966.172251573,250,230,dummy-622
818011.141832744,250,230,dummy-622
818147.628002179,250,230,dummy-622
817974.658580458,250,230,dummy-145
818000.308522683,250,230,dummy-145
818149.644299202,250,230,dummy-145
817962.844103966,250,230,dummy-241
817985.283263102,250,230,dummy-241
818032.080956366,250,230,dummy-241
818037.064081225,250,230,dummy-241
818123.449632162,250,230,dummy-241
818171.758744952,250,230,dummy-241
817942.347147353,250,230,dummy-72
818188.115118046,250,230,dummy-72
817939.709036199,250,230,dummy-602
818011.245523271,250,230,dummy-602
818084.79575546,250,230,dummy-602
818100.774496073,250,230,dummy-602
818180.915579767,250,230,dummy-602
817925.885306928,250,230,dummy-592
818007.055788727,250,230,dummy-592
818190.984687419,250,230,dummy-592
817933.274464728,250,230,dummy-719
817943.130570045,250,230,dummy-719
817944.825076052,250,230,dummy-719
817950.467725555,250,230,dummy-719
818026.841862898,250,230,dummy-719
818058.517223343,250,230,dummy-719
818142.549483408,250,230,dummy-719
818160.418638384,250,230,dummy-719
818016.382549981,250,230,dummy-628
818041.164159346,250,230,dummy-628
818002.860653757,250,230,dummy-422
818166.191014194,250,230,dummy-422
818041.478300678,250,230,dummy-663
818172.311525002,250,230,dummy-663
817932.740609996,250,230,dummy-623
817942.979597338,250,230,dummy-623
817991.788272688,250,230,dummy-623
818045.808628073,250,230,dummy-623
818118.234207677,250,230,dummy-623
818190.313693885,250,230,dummy-623
818107.359132905,250,230,dummy-190
818127.288964685,250,230,dummy-190
818213.013269298,250,230,dummy-190
818181.632675354,250,230,dummy-588
817959.589681855,250,230,dummy-78
818120.898854502,250,230,dummy-78
818157.75609699,250,230,dummy-78
818174.730486119,250,230,dummy-78
818183.247085638,250,230,dummy-78
818199.414505892,250,230,dummy-78
818096.550256116,250,230,dummy-247
818222.568612355,250,230,dummy-73
818023.864157821,250,230,dummy-361
817926.146754027,250,230,dummy-32
818123.227703719,250,230,dummy-32
818125.009051672,250,230,dummy-32
817944.666719336,250,230,dummy-13
817955.749115303,250,230,dummy-13
817986.198043025,250,230,dummy-13
818074.208750798,250,230,dummy-13
818101.212257595,250,230,dummy-13
818108.958279718,250,230,dummy-13
818178.374697718,250,230,dummy-13
817962.425199614,250,230,dummy-724
817956.086887554,250,230,dummy-569
818096.354179539,250,230,dummy-569
817930.455557275,250,230,dummy-735
817975.859249805,250,230,dummy-735
818006.480883809,250,230,dummy-735
818136.435896705,250,230,dummy-735
818154.777774093,250,230,dummy-735
818169.109160086,250,230,dummy-735
818157.84731101,250,230,dummy-84
818169.95337525,250,230,dummy-312
818225.603919167,250,230,dummy-312
818081.770607054,250,230,dummy-103
818120.22609728,250,230,dummy-103
818159.265371862,250,230,dummy-103
818165.870061556,250,230,dummy-103
818020.121019168,250,230,dummy-675
818159.224878804,250,230,dummy-675
817966.113851062,250,230,dummy-85
818141.041779063,250,230,dummy-85
817936.812686958,250,230,dummy-804
818071.8914207,250,230,dummy-804
817932.491740316,250,230,dummy-700
817937.390041276,250,230,dummy-700
818091.106950598,250,230,dummy-700
818186.000676879,250,230,dummy-700
818028.809925993,250,230,dummy-83
818130.328749138,250,230,dummy-83
817978.612879247,250,230,dummy-35
817983.5705917,250,230,dummy-35
818153.9886287,250,230,dummy-35
817929.424338405,250,230,dummy-394
817983.589592007,250,230,dummy-394
818008.937700347,250,230,dummy-394
818027.205695228,250,230,dummy-394
818037.253533973,250,230,dummy-394
818139.436016312,250,230,dummy-394
818147.304433373,250,230,dummy-394
817966.868698927,250,230,dummy-515
818018.163298307,250,230,dummy-515
818081.504221277,250,230,dummy-515
818131.468172308,250,230,dummy-515
818113.011464023,250,230,dummy-499
818168.37770541,250,230,dummy-499
818207.865139786,250,230,dummy-499
818106.37110643,250,230,dummy-406
818213.623523007,250,230,dummy-406
817934.72921404,250,230,dummy-271
817937.875232514,250,230,dummy-271
817987.018333027,250,230,dummy-271
818025.03878281,250,230,dummy-271
818073.474573951,250,230,dummy-271
818095.846196685,250,230,dummy-271
818172.296206526,250,230,dummy-271
818007.484561205,250,230,dummy-149
818051.095636865,250,230,dummy-149
818149.597103737,250,230,dummy-149
818193.799995668,250,230,dummy-149
817976.005565628,250,230,dummy-267
818027.504015276,250,230,dummy-824
818186.332172049,250,230,dummy-824
818156.897805901,250,230,dummy-584
818172.545203512,250,230,dummy-584
818054.190608194,250,230,dummy-793
818178.676564991,250,230,dummy-793
818083.377727848,250,230,dummy-27
818158.535634775,250,230,dummy-27
818203.965439546,250,230,dummy-27
818170.026686713,250,230,dummy-109
818026.716629085,250,230,dummy-26
818171.998379015,250,230,dummy-26
817955.503245198,250,230,dummy-253
817980.540388995,250,230,dummy-253
818022.585534064,250,230,dummy-253
818074.382577572,250,230,dummy-253
818095.766617069,250,230,dummy-253
818128.819617622,250,230,dummy-253
818155.257925329,250,230,dummy-253
818169.478388783,250,230,dummy-253
817984.483784007,250,230,dummy-599
818170.414949034,250,230,dummy-599
817962.572977329,250,230,dummy-806
817972.674894877,250,230,dummy-806
818105.661211585,250,230,dummy-806
817935.316983909,250,230,dummy-272
817943.722488058,250,230,dummy-272
818021.235150235,250,230,dummy-272
818187.490204196,250,230,dummy-272
818198.864756882,250,230,dummy-272
817956.455219815,250,230,dummy-395
817970.022023719,250,230,dummy-395
818130.896867912,250,230,dummy-395
818200.003221048,250,230,dummy-395
817968.616263688,250,230,dummy-758
817977.066176923,250,230,dummy-758
817939.666302732,250,230,dummy-94
817968.679388123,250,230,dummy-94
817996.561302804,250,230,dummy-94
818114.062298595,250,230,dummy-94
818167.808987752,250,230,dummy-94
818058.367238644,250,230,dummy-176
817934.167873058,250,230,dummy-794
817964.38577496,250,230,dummy-794
818077.030773625,250,230,dummy-81
818108.388868724,250,230,dummy-81
818193.899148604,250,230,dummy-81
818206.09696873,250,230,dummy-81
818038.875131452,250,230,dummy-561
818063.845679909,250,230,dummy-561
818095.879605529,250,230,dummy-561
818152.409802599,250,230,dummy-561
818220.010059944,250,230,dummy-561
817947.491207239,250,230,dummy-612
818086.345986745,250,230,dummy-612
818128.461548264,250,230,dummy-612
818225.182957982,250,230,dummy-612
817943.586171978,250,230,dummy-613
818055.533593842,250,230,dummy-613
818021.625723392,250,230,dummy-16
818170.426566211,250,230,dummy-16
818021.978648418,250,230,dummy-265
818117.694409746,250,230,dummy-265
818024.896601522,250,230,dummy-320
818043.715069022,250,230,dummy-320
818104.515927708,250,230,dummy-320
818223.778846973,250,230,dummy-320
817932.40119996,250,230,dummy-695
817951.406907868,250,230,dummy-695
818002.563245993,250,230,dummy-695
818062.679650992,250,230,dummy-695
818082.306451272,250,230,dummy-695
818217.566802042,250,230,dummy-695
817946.955728598,250,230,dummy-696
817971.656443117,250,230,dummy-696
818066.413701662,250,230,dummy-696
818161.757735375,250,230,dummy-696
818207.334475436,250,230,dummy-696
818055.69676551,250,230,dummy-801
818056.79780151,250,230,dummy-801
818213.823243574,250,230,dummy-801
818030.730760448,250,230,dummy-1
818031.475530286,250,230,dummy-1
818044.293072628,250,230,dummy-1
818111.470137032,250,230,dummy-1
818111.947017122,250,230,dummy-1
818118.283748709,250,230,dummy-1
818179.994228801,250,230,dummy-1
817962.117414294,250,230,dummy-509
817977.00688537,250,230,dummy-509
817994.98609,250,230,dummy-509
818088.333210353,250,230,dummy-509
818094.900844203,250,230,dummy-509
818169.014485089,250,230,dummy-509
818195.890297483,250,230,dummy-509
818217.873464771,250,230,dummy-509
817937.049385546,250,230,dummy-231
817951.222691388,250,230,dummy-231
818073.597898092,250,230,dummy-231
818176.05249548,250,230,dummy-231
817939.843261904,250,230,dummy-211
818005.371843543,250,230,dummy-211
818050.519169056,250,230,dummy-211
818100.175072881,250,230,dummy-191
818126.979469113,250,230,dummy-191
817954.485329573,250,230,dummy-233
817963.132604152,250,230,dummy-233
818029.967848668,250,230,dummy-233
818060.203773712,250,230,dummy-233
818143.087142633,250,230,dummy-233
818148.908144729,250,230,dummy-233
818212.892573112,250,230,dummy-233
817957.539015127,250,230,dummy-616
817996.874101988,250,230,dummy-616
818180.146899364,250,230,dummy-616
818206.293453255,250,230,dummy-616
818017.276220774,250,230,dummy-830
818150.549725764,250,230,dummy-830
818155.105948318,250,230,dummy-830
818193.251167936,250,230,dummy-830
818201.703994812,250,230,dummy-830
818219.639316268,250,230,dummy-830
818017.366022442,250,230,dummy-193
818096.422990007,250,230,dummy-193
818131.282815368,250,230,dummy-193
817970.312410806,250,230,dummy-346
817973.961026939,250,230,dummy-346
818081.614898939,250,230,dummy-346
818102.901217489,250,230,dummy-346
818088.676075979,250,230,dummy-234
818159.828869684,250,230,dummy-234
817958.187320414,250,230,dummy-580
817997.672921769,250,230,dummy-580
818097.735886429,250,230,dummy-580
818128.005963885,250,230,dummy-580
818176.959640575,250,230,dummy-580
818020.932415813,250,230,dummy-596
818054.248049154,250,230,dummy-596
818202.336334049,250,230,dummy-596
818103.652211102,250,230,dummy-110
818179.288023868,250,230,dummy-110
818026.565304981,250,230,dummy-593
818099.906011335,250,230,dummy-593
818158.475156129,250,230,dummy-593
818208.131107477,250,230,dummy-593
817992.996876437,250,230,dummy-40
818004.918255712,250,230,dummy-40
818042.810134236,250,230,dummy-40
818160.037430772,250,230,dummy-40
818014.6177958,250,230,dummy-8
818162.13792551,250,230,dummy-8
818173.0132081,250,230,dummy-8
818212.50357787,250,230,dummy-8
818212.92205319,250,230,dummy-8
818215.57973824,250,230,dummy-8
818181.587315922,250,230,dummy-748
818208.821482811,250,230,dummy-748
818186.486153031,250,230,dummy-160
817926.692339961,250,230,dummy-434
817954.419162934,250,230,dummy-434
817974.421639517,250,230,dummy-434
818093.711618077,250,230,dummy-434
818110.653762734,250,230,dummy-434
818220.213425123,250,230,dummy-434
817949.960861089,250,230,dummy-726
818062.449032545,250,230,dummy-726
818036.922025379,250,230,dummy-174
818203.40621586,250,230,dummy-174
817943.280628372,250,230,dummy-714
817997.064312804,250,230,dummy-714
817999.854738951,250,230,dummy-714
818017.043483992,250,230,dummy-714
818163.658690615,250,230,dummy-714
818184.553126405,250,230,dummy-714
817990.042830098,250,230,dummy-447
817927.289273608,250,230,dummy-175
817969.462954956,250,230,dummy-175
817973.88172194,250,230,dummy-175
818036.589522736,250,230,dummy-175
818072.181579855,250,230,dummy-175
818149.766784725,250,230,dummy-175
818167.615327824,250,230,dummy-175
817947.504648426,250,230,dummy-787
817977.264003044,250,230,dummy-787
818171.836391134,250,230,dummy-787
818217.432514249,250,230,dummy-787
817980.584372923,250,230,dummy-589
818008.677691369,250,230,dummy-589
818043.623096481,250,230,dummy-589
818154.240350168,250,230,dummy-589
818186.823558216,250,230,dummy-589
817933.396681072,250,230,dummy-590
817938.081900295,250,230,dummy-590
817969.211623718,250,230,dummy-590
818086.493137969,250,230,dummy-590
818172.08154082,250,230,dummy-590
818203.249494465,250,230,dummy-590
818223.278831441,250,230,dummy-590
818021.990172915,250,230,dummy-126
817997.042863448,250,230,dummy-364
818068.013054303,250,230,dummy-364
817987.301361265,250,230,dummy-814
818004.518551258,250,230,dummy-814
818122.468969541,250,230,dummy-814
817927.031629027,250,230,dummy-690
817936.105518979,250,230,dummy-690
818037.551729731,250,230,dummy-690
818096.798207428,250,230,dummy-690
818156.577043821,250,230,dummy-690
817991.395104502,250,230,dummy-659
817997.532436686,250,230,dummy-659
818005.852186147,250,230,dummy-659
818159.069812066,250,230,dummy-659
817925.990254923,250,230,dummy-489
818059.669531127,250,230,dummy-489
818092.868995616,250,230,dummy-489
818181.486027762,250,230,dummy-489
818220.328930329,250,230,dummy-489
818019.473908212,250,230,dummy-710
818085.016862175,250,230,dummy-710
818090.083095198,250,230,dummy-710
818115.393867638,250,230,dummy-710
818121.978004416,250,230,dummy-710
818129.806513587,250,230,dummy-710
817958.790708287,250,230,dummy-465
817976.541820622,250,230,dummy-465
818092.420021731,250,230,dummy-465
818122.351898018,250,230,dummy-465
818216.101430498,250,230,dummy-465
817950.410300029,250,230,dummy-127
817951.787854938,250,230,dummy-127
817966.088870046,250,230,dummy-127
818001.679425532,250,230,dummy-127
818049.769911682,250,230,dummy-127
818081.323110724,250,230,dummy-127
818139.499270496,250,230,dummy-127
818190.514159452,250,230,dummy-127
817944.607316827,250,230,dummy-747
817961.00762485,250,230,dummy-747
818136.338353634,250,230,dummy-747
817954.819132237,250,230,dummy-258
817989.26995866,250,230,dummy-258
818060.339107851,250,230,dummy-258
818136.569959038,250,230,dummy-258
818148.590287634,250,230,dummy-258
817994.70596374,250,230,dummy-352
818196.50324818,250,230,dummy-352
818205.389326958,250,230,dummy-352
817927.319202984,250,230,dummy-326
817964.72938327,250,230,dummy-326
818005.015991379,250,230,dummy-326
818213.341023932,250,230,dummy-326
817930.740949015,250,230,dummy-296
817999.706532526,250,230,dummy-296
818004.108400375,250,230,dummy-296
818156.520716303,250,230,dummy-296
817937.076679231,250,230,dummy-48
817964.571042584,250,230,dummy-48
818029.398908632,250,230,dummy-48
818126.965008778,250,230,dummy-48
818171.635461416,250,230,dummy-48
818212.928678351,250,230,dummy-48
818002.534116101,250,230,dummy-67
818020.138976418,250,230,dummy-67
818095.00651688,250,230,dummy-67
818054.209428946,250,230,dummy-698
818196.059450109,250,230,dummy-698
817949.798270447,250,230,dummy-36
817960.050861556,250,230,dummy-36
817996.954584848,250,230,dummy-36
818067.644862846,250,230,dummy-36
818137.366316491,250,230,dummy-36
818190.478890779,250,230,dummy-36
818001.918011046,250,230,dummy-554
818021.158543004,250,230,dummy-492
818022.954894211,250,230,dummy-564
818049.769488996,250,230,dummy-564
818070.759557664,250,230,dummy-564
818134.269868118,250,230,dummy-564
818136.313706002,250,230,dummy-564
817973.040109282,250,230,dummy-314
818010.167100823,250,230,dummy-314
818024.760248186,250,230,dummy-314
818077.190318881,250,230,dummy-314
817929.610339609,250,230,dummy-453
817946.027755021,250,230,dummy-453
818050.051549547,250,230,dummy-453
818052.428785446,250,230,dummy-453
818120.404030937,250,230,dummy-453
817960.928290801,250,230,dummy-134
817990.44417478,250,230,dummy-134
818160.734596365,250,230,dummy-134
818200.029580684,250,230,dummy-134
818222.022384049,250,230,dummy-134
817935.624232924,250,230,dummy-542
817948.714802255,250,230,dummy-542
818007.545779661,250,230,dummy-542
818111.842308929,250,230,dummy-542
818187.000468016,250,230,dummy-542
818204.668585615,250,230,dummy-542
817944.880531803,250,230,dummy-240
818175.260353262,250,230,dummy-240
818204.422603596,250,230,dummy-240
818018.172122887,250,230,dummy-648
818045.980106914,250,230,dummy-648
818198.085577176,250,230,dummy-648
817987.13838212,250,230,dummy-468
818072.942336432,250,230,dummy-468
818095.515643512,250,230,dummy-468
818187.492624479,250,230,dummy-468
818028.013884359,250,230,dummy-342
818102.767948552,250,230,dummy-342
818134.880855257,250,230,dummy-342
817928.145081791,250,230,dummy-481
817940.241183457,250,230,dummy-481
817959.489091758,250,230,dummy-481
818169.949980517,250,230,dummy-481
818178.194280833,250,230,dummy-481
818168.936214564,250,230,dummy-560
818215.626847823,250,230,dummy-560
817937.667249878,250,230,dummy-93
818015.686534388,250,230,dummy-93
818046.6281929,250,230,dummy-93
818067.599385885,250,230,dummy-93
818093.844988387,250,230,dummy-93
818143.383301865,250,230,dummy-93
818219.079724652,250,230,dummy-93
817949.136569759,250,230,dummy-523
818026.051920396,250,230,dummy-523
818068.690319092,250,230,dummy-523
818096.579673395,250,230,dummy-523
818131.817414653,250,230,dummy-523
818158.570441003,250,230,dummy-523
818180.91813733,250,230,dummy-523
818182.790827284,250,230,dummy-523
818216.83105936,250,230,dummy-523
818006.634500777,250,230,dummy-117
818123.33302686,250,230,dummy-117
817933.919595636,250,230,dummy-288
818093.219407553,250,230,dummy-288
818153.89539484,250,230,dummy-288
818179.490825224,250,230,dummy-288
818010.239580973,250,230,dummy-417
818062.793666202,250,230,dummy-417
818066.172669414,250,230,dummy-417
818084.125920828,250,230,dummy-417
818125.924207429,250,230,dummy-417
818190.08463181,250,230,dummy-417
818132.102421789,250,230,dummy-753
818006.356019542,250,230,dummy-705
818039.488289817,250,230,dummy-705
818042.35776129,250,230,dummy-705
818144.913082865,250,230,dummy-705
818218.44954373,250,230,dummy-705
817926.74298481,250,230,dummy-76
817970.062906061,250,230,dummy-76
818008.753235931,250,230,dummy-217
818009.051194621,250,230,dummy-217
818181.815898251,250,230,dummy-217
818197.906814977,250,230,dummy-217
818220.932873145,250,230,dummy-217
817928.969182411,250,230,dummy-20
817941.764942311,250,230,dummy-20
818013.658280747,250,230,dummy-20
818188.183005144,250,230,dummy-20
818204.65614723,250,230,dummy-20
817931.664731287,250,230,dummy-68
817972.721768712,250,230,dummy-68
818041.665175688,250,230,dummy-68
818115.358581726,250,230,dummy-68
818131.702343267,250,230,dummy-68
818200.359678789,250,230,dummy-68
818137.707683457,250,230,dummy-138
818225.079244724,250,230,dummy-138
817935.774447309,250,230,dummy-114
817956.411534474,250,230,dummy-114
818036.818267521,250,230,dummy-114
818221.354940391,250,230,dummy-114
817974.634916439,250,230,dummy-2
817994.498720221,250,230,dummy-2
818141.428150238,250,230,dummy-2
818168.258766873,250,230,dummy-2
818173.311864659,250,230,dummy-2
817977.83647204,250,230,dummy-61
818060.513433581,250,230,dummy-61
818189.779705971,250,230,dummy-61
818211.373929799,250,230,dummy-61
818221.816326299,250,230,dummy-61
