arrival_time,input_tokens,output_tokens,adapter
817916.603076363,250,230,dummy-772
818067.495185531,250,230,dummy-772
818077.758077404,250,230,dummy-772
818084.157238587,250,230,dummy-772
818097.921518058,250,230,dummy-772
818130.597236958,250,230,dummy-772
818145.801151161,250,230,dummy-772
817938.761686302,250,230,dummy-283
818067.837525583,250,230,dummy-283
818126.279396349,250,230,dummy-283
818194.289307301,250,230,dummy-283
817939.293926368,250,230,dummy-448
817947.929702848,250,230,dummy-448
817962.658229072,250,230,dummy-448
818070.919677683,250,230,dummy-448
818082.961222426,250,230,dummy-448
818117.799141852,250,230,dummy-448
817907.903411013,250,230,dummy-683
817939.974667939,250,230,dummy-683
817941.982203578,250,230,dummy-683
817982.346996758,250,230,dummy-683
817997.514315915,250,230,dummy-683
818056.053610393,250,230,dummy-683
818174.539019684,250,230,dummy-683
817969.002369829,250,230,dummy-323
817938.67499719,250,230,dummy-228
818064.899149228,250,230,dummy-228
818178.020119477,250,230,dummy-228
817902.730624729,250,230,dummy-414
818007.996764568,250,230,dummy-414
818024.189602863,250,230,dummy-796
818116.346489623,250,230,dummy-796
818029.187922325,250,230,dummy-325
818057.113848818,250,230,dummy-325
818172.542741029,250,230,dummy-325
817961.586677513,250,230,dummy-749
818003.092615692,250,230,dummy-749
818050.71708974,250,230,dummy-749
818170.526941772,250,230,dummy-749
818000.16035578,250,230,dummy-321
818074.913421969,250,230,dummy-321
818107.025472926,250,230,dummy-321
817958.413057251,250,230,dummy-350
817933.897161067,250,230,dummy-662
818069.507038088,250,230,dummy-662
818020.233971913,250,230,dummy-603
818063.048798587,250,230,dummy-603
817934.239836292,250,230,dummy-365
817990.086177657,250,230,dummy-365
818016.15055301,250,230,dummy-365
818053.821410824,250,230,dummy-365
818066.061878405,250,230,dummy-365
818102.676738039,250,230,dummy-365
818134.81562666,250,230,dummy-365
818178.4297273,250,230,dummy-365
817942.011884281,250,230,dummy-653
818038.471388155,250,230,dummy-653
818186.894213576,250,230,dummy-653
817916.752426702,250,230,dummy-618
817933.152901874,250,230,dummy-618
818108.483271895,250,230,dummy-618
817923.130643435,250,230,dummy-243
818135.066937429,250,230,dummy-243
817938.421365801,250,230,dummy-212
817941.334093566,250,230,dummy-212
818113.916913128,250,230,dummy-212
818193.375851132,250,230,dummy-212
817925.658382802,250,230,dummy-106
818175.768553976,250,230,dummy-106
818183.856968284,250,230,dummy-106
817913.906549889,250,230,dummy-226
818004.350599876,250,230,dummy-226
818018.324602603,250,230,dummy-226
818126.071507251,250,230,dummy-226
818174.000455841,250,230,dummy-604
818175.535388513,250,230,dummy-604
818188.739768256,250,230,dummy-604
817938.7600889,250,230,dummy-587
817967.368827921,250,230,dummy-587
818030.695715064,250,230,dummy-587
818087.099517596,250,230,dummy-587
818102.75357065,250,230,dummy-587
818134.984366828,250,230,dummy-587
818150.114474099,250,230,dummy-587
817904.189303113,250,230,dummy-142
817947.312929001,250,230,dummy-142
818009.444094711,250,230,dummy-142
818061.775141175,250,230,dummy-142
818111.160655343,250,230,dummy-142
817932.194659078,250,230,dummy-477
817958.069238718,250,230,dummy-477
817962.842182351,250,230,dummy-477
818153.936635649,250,230,dummy-477
817898.55316069,250,230,dummy-510
817902.602286443,250,230,dummy-510
817937.975142875,250,230,dummy-510
818096.178951525,250,230,dummy-510
818096.584780599,250,230,dummy-510
817926.457376609,250,230,dummy-384
817935.616577878,250,230,dummy-384
817935.990605707,250,230,dummy-384
817950.831865895,250,230,dummy-384
817969.67599249,250,230,dummy-384
817987.213781243,250,230,dummy-384
818002.915156066,250,230,dummy-384
817975.797990377,250,230,dummy-4
818018.956288953,250,230,dummy-4
818046.673424186,250,230,dummy-98
818079.570757365,250,230,dummy-98
818109.555364602,250,230,dummy-98
818117.828266214,250,230,dummy-98
818143.695615396,250,230,dummy-98
818165.427821087,250,230,dummy-98
818186.100830386,250,230,dummy-98
818141.082819855,250,230,dummy-136
818187.77384096,250,230,dummy-136
818130.39213605,250,230,dummy-738
817944.96563547,250,230,dummy-439
817951.226864559,250,230,dummy-439
817955.289200394,250,230,dummy-439
818008.13742477,250,230,dummy-439
818036.44058924,250,230,dummy-439
818086.188625619,250,230,dummy-439
818107.369148792,250,230,dummy-439
818173.898000653,250,230,dummy-439
818088.688727986,250,230,dummy-568
817957.469875178,250,230,dummy-656
817988.497101292,250,230,dummy-656
818104.92155189,250,230,dummy-656
817939.581734804,250,230,dummy-251
817971.692475876,250,230,dummy-251
818011.646906088,250,230,dummy-251
818027.588098363,250,230,dummy-251
818062.79432385,250,230,dummy-251
818189.149733171,250,230,dummy-251
817920.766250645,250,230,dummy-229
817982.692114145,250,230,dummy-28
817990.600496287,250,230,dummy-28
817947.191987187,250,230,dummy-367
818003.028040295,250,230,dummy-367
818151.109443511,250,230,dummy-367
818158.736292364,250,230,dummy-367
817954.60355524,250,230,dummy-262
818145.393460696,250,230,dummy-262
817898.031780718,250,230,dummy-421
817979.202178511,250,230,dummy-421
818163.131139666,250,230,dummy-421
817952.730585504,250,230,dummy-682
817980.82438459,250,230,dummy-682
818015.76943544,250,230,dummy-682
818126.386313321,250,230,dummy-682
818158.969291068,250,230,dummy-682
817958.141562548,250,230,dummy-222
817961.245340932,250,230,dummy-222
818025.303697021,250,230,dummy-222
817941.572011027,250,230,dummy-614
818041.120145162,250,230,dummy-614
818011.851141694,250,230,dummy-706
818044.913473568,250,230,dummy-706
818111.4322633,250,230,dummy-706
818136.357250561,250,230,dummy-706
818138.901713009,250,230,dummy-706
818155.285682524,250,230,dummy-706
817910.633061724,250,230,dummy-518
818015.3293124,250,230,dummy-518
818078.517960076,250,230,dummy-553
818185.770870686,250,230,dummy-553
817926.501636822,250,230,dummy-263
817966.350272184,250,230,dummy-263
817992.642147915,250,230,dummy-187
817993.715757004,250,230,dummy-187
818051.178331155,250,230,dummy-187
818089.497406118,250,230,dummy-187
817926.936616773,250,230,dummy-680
817952.846132289,250,230,dummy-680
818007.250740222,250,230,dummy-680
818036.355011231,250,230,dummy-680
818062.280695787,250,230,dummy-680
818127.691568221,250,230,dummy-680
818000.343744692,250,230,dummy-437
818009.914250776,250,230,dummy-437
818084.233280685,250,230,dummy-437
818171.743253396,250,230,dummy-437
818173.143372806,250,230,dummy-437
818013.625186567,250,230,dummy-161
818144.458764768,250,230,dummy-161
817978.780144838,250,230,dummy-538
818095.478567406,250,230,dummy-538
818054.267666292,250,230,dummy-640
818105.426550098,250,230,dummy-640
818189.063760213,250,230,dummy-640
817930.43244156,250,230,dummy-466
817942.085605649,250,230,dummy-466
817945.112986345,250,230,dummy-466
817951.63170856,250,230,dummy-466
817975.190288597,250,230,dummy-466
818023.928548855,250,230,dummy-466
818085.97120333,250,230,dummy-466
818099.363266278,250,230,dummy-466
818100.796634466,250,230,dummy-466
818121.548691885,250,230,dummy-466
817975.006257271,250,230,dummy-825
818138.336542716,250,230,dummy-825
818085.156708537,250,230,dummy-118
818140.523381181,250,230,dummy-118
818180.011146028,250,230,dummy-118
817927.81095802,250,230,dummy-74
818056.66941757,250,230,dummy-74
818082.663798737,250,230,dummy-74
818100.851876283,250,230,dummy-74
818107.53704976,250,230,dummy-601
818154.568181136,250,230,dummy-601
818191.727964747,250,230,dummy-601
817906.105727024,250,230,dummy-605
817939.631543402,250,230,dummy-605
817943.825565694,250,230,dummy-605
818065.391118245,250,230,dummy-605
818149.234892117,250,230,dummy-605
817913.277060098,250,230,dummy-635
817969.83630464,250,230,dummy-635
818167.431202455,250,230,dummy-635
818159.927873837,250,230,dummy-363
817946.012170828,250,230,dummy-764
818009.5842049,250,230,dummy-764
818143.085426784,250,230,dummy-764
818195.98254961,250,230,dummy-764
818087.549131559,250,230,dummy-467
817901.687250625,250,230,dummy-774
818085.068020855,250,230,dummy-774
818023.492847678,250,230,dummy-743
818033.260251239,250,230,dummy-743
818158.668549698,250,230,dummy-743
817906.565394179,250,230,dummy-227
817971.276293523,250,230,dummy-227
818063.564461849,250,230,dummy-227
818067.103724382,250,230,dummy-227
818153.924298663,250,230,dummy-227
818129.043018663,250,230,dummy-534
818144.689314682,250,230,dummy-534
817905.808241303,250,230,dummy-210
817972.508829473,250,230,dummy-408
818001.909368131,250,230,dummy-408
818057.494560098,250,230,dummy-408
817985.614175762,250,230,dummy-559
818109.884867656,250,230,dummy-559
818142.833497787,250,230,dummy-559
818190.843268423,250,230,dummy-559
817947.007006765,250,230,dummy-810
818112.294264313,250,230,dummy-810
818114.315677824,250,230,dummy-810
818128.845810379,250,230,dummy-810
818157.528708142,250,230,dummy-810
818174.135178514,250,230,dummy-810
817969.448902303,250,230,dummy-449
818107.085957258,250,230,dummy-449
817991.818507835,250,230,dummy-646
818089.4086858,250,230,dummy-646
818105.236364759,250,230,dummy-646
818108.62352099,250,230,dummy-646
818175.737566094,250,230,dummy-646
818039.0458754,250,230,dummy-665
818157.831113779,250,230,dummy-665
818161.171673284,250,230,dummy-581
817957.177150037,250,230,dummy-14
818105.284573274,250,230,dummy-14
818146.26311807,250,230,dummy-14
818068.275866773,250,230,dummy-423
818078.062004728,250,230,dummy-423
818140.366916894,250,230,dummy-423
818176.529138917,250,230,dummy-423
817926.060824977,250,230,dummy-450
818162.308486945,250,230,dummy-450
817916.758922823,250,230,dummy-832
817926.630632774,250,230,dummy-660
817935.278286846,250,230,dummy-660
818002.114423409,250,230,dummy-660
818032.350379043,250,230,dummy-660
818115.232995887,250,230,dummy-660
818121.053936156,250,230,dummy-660
818185.038101298,250,230,dummy-660
817918.557914053,250,230,dummy-143
818003.031481758,250,230,dummy-143
817939.191932031,250,230,dummy-736
818029.138426462,250,230,dummy-736
818096.633263693,250,230,dummy-736
817919.101156783,250,230,dummy-594
817943.802222624,250,230,dummy-594
818038.559844753,250,230,dummy-594
818133.903670548,250,230,dummy-594
818179.479852262,250,230,dummy-594
817934.989778835,250,230,dummy-380
817957.427674117,250,230,dummy-380
818004.225586986,250,230,dummy-380
818009.208250886,250,230,dummy-380
818095.593088444,250,230,dummy-380
818143.903011536,250,230,dummy-380
817962.637226185,250,230,dummy-699
818027.581296451,250,230,dummy-699
818090.085395918,250,230,dummy-699
818101.614795117,250,230,dummy-699
818149.105162858,250,230,dummy-699
818173.581701434,250,230,dummy-699
817936.151466269,250,230,dummy-606
818067.122886278,250,230,dummy-606
818136.712972567,250,230,dummy-606
818139.960942535,250,230,dummy-606
818018.575670257,250,230,dummy-376
818054.991914017,250,230,dummy-376
818114.815567896,250,230,dummy-376
818124.562241471,250,230,dummy-376
817992.266623164,250,230,dummy-225
818131.370670976,250,230,dummy-225
818190.684032366,250,230,dummy-347
818123.568635534,250,230,dummy-745
817988.005632148,250,230,dummy-99
818106.139706679,250,230,dummy-99
818117.639179961,250,230,dummy-99
818149.76425857,250,230,dummy-99
817981.266911356,250,230,dummy-121
818113.308697115,250,230,dummy-121
818120.197444031,250,230,dummy-121
818150.650054373,250,230,dummy-121
818157.923226134,250,230,dummy-121
818185.803672202,250,230,dummy-121
818040.168171421,250,230,dummy-180
818092.684922763,250,230,dummy-180
818124.606412102,250,230,dummy-180
818153.780407724,250,230,dummy-327
817989.203044597,250,230,dummy-526
818075.880489592,250,230,dummy-526
818039.175121973,250,230,dummy-823
818052.843403783,250,230,dummy-169
817966.513147181,250,230,dummy-817
818116.860302793,250,230,dummy-817
818122.648286315,250,230,dummy-817
818129.043042814,250,230,dummy-817
818171.655314692,250,230,dummy-817
817920.107506427,250,230,dummy-188
817977.375748498,250,230,dummy-188
817997.406612839,250,230,dummy-188
817944.596947352,250,230,dummy-370
817979.787997035,250,230,dummy-370
818164.537187974,250,230,dummy-370
818171.803973287,250,230,dummy-370
818173.199372672,250,230,dummy-370
817921.944331774,250,230,dummy-504
817932.197269416,250,230,dummy-504
817969.100172064,250,230,dummy-504
818039.790339317,250,230,dummy-504
818109.51144256,250,230,dummy-504
818162.624012538,250,230,dummy-504
817975.079439377,250,230,dummy-165
818041.134890236,250,230,dummy-165
818045.44152745,250,230,dummy-165
818097.567909489,250,230,dummy-165
818129.298669239,250,230,dummy-165
817946.780342355,250,230,dummy-156
817966.643686973,250,230,dummy-156
818113.571537691,250,230,dummy-156
818140.401744377,250,230,dummy-156
818145.454067043,250,230,dummy-156
817993.439420973,250,230,dummy-333
818058.333907963,250,230,dummy-333
818086.441991475,250,230,dummy-333
818139.074387455,250,230,dummy-333
817962.18883718,250,230,dummy-506
817935.870212901,250,230,dummy-244
817943.046421704,250,230,dummy-244
818030.745322788,250,230,dummy-244
818080.937778773,250,230,dummy-244
818169.35560981,250,230,dummy-319
817912.149272855,250,230,dummy-116
818077.761527774,250,230,dummy-116
818171.277081043,250,230,dummy-116
817987.241724643,250,230,dummy-457
818002.262946548,250,230,dummy-457
818071.399544949,250,230,dummy-457
818172.899941518,250,230,dummy-457
817917.334145324,250,230,dummy-573
817951.797826604,250,230,dummy-573
817920.978071425,250,230,dummy-10
818040.135204317,250,230,dummy-10
818177.646818451,250,230,dummy-10
818190.154298174,250,230,dummy-10
817952.412974174,250,230,dummy-532
817961.438869929,250,230,dummy-532
817965.166336646,250,230,dummy-532
817982.419351056,250,230,dummy-532
817991.715203639,250,230,dummy-532
818157.613526371,250,230,dummy-532
818157.9967386,250,230,dummy-532
817930.691534099,250,230,dummy-547
818138.336066152,250,230,dummy-547
818168.754501059,250,230,dummy-547
817956.629174232,250,230,dummy-490
818142.559786928,250,230,dummy-490
817935.293220451,250,230,dummy-657
817951.740616923,250,230,dummy-657
818062.81789573,250,230,dummy-657
818106.888981215,250,230,dummy-657
818183.734605223,250,230,dummy-657
817999.650176726,250,230,dummy-405
818158.478019716,250,230,dummy-405
818147.953877847,250,230,dummy-766
818054.51516911,250,230,dummy-717
818165.528844494,250,230,dummy-717
817956.189617004,250,230,dummy-144
818016.01299147,250,230,dummy-144
818056.034918941,250,230,dummy-144
818126.874684239,250,230,dummy-144
818139.855815414,250,230,dummy-144
818192.958489219,250,230,dummy-144
817908.161107323,250,230,dummy-137
817937.94469345,250,230,dummy-137
818039.627990302,250,230,dummy-349
817920.569512143,250,230,dummy-373
817937.023512796,250,230,dummy-373
818009.991772368,250,230,dummy-373
818038.858994523,250,230,dummy-373
818097.005012708,250,230,dummy-373
818133.678086148,250,230,dummy-373
817903.143619699,250,230,dummy-392
818021.022718225,250,230,dummy-392
818133.472772268,250,230,dummy-392
818134.57598155,250,230,dummy-392
818197.152358337,250,230,dummy-392
818068.695173896,250,230,dummy-795
818144.832919249,250,230,dummy-159
817924.64754468,250,230,dummy-744
818077.388694543,250,230,dummy-744
818091.196727239,250,230,dummy-744
818112.980573719,250,230,dummy-744
818009.013704702,250,230,dummy-362
818024.228911897,250,230,dummy-362
818086.068746372,250,230,dummy-362
818157.974312681,250,230,dummy-362
818034.236073061,250,230,dummy-454
818035.088611241,250,230,dummy-454
818095.524690398,250,230,dummy-454
818180.420227013,250,230,dummy-293
817942.144733751,250,230,dummy-284
818080.887703026,250,230,dummy-284
817926.964113152,250,230,dummy-636
817983.437693748,250,230,dummy-636
818127.383010112,250,230,dummy-636
817922.107040553,250,230,dummy-470
818034.595191116,250,230,dummy-470
817923.932597373,250,230,dummy-192
817959.356695247,250,230,dummy-192
817994.992237202,250,230,dummy-192
818026.013901001,250,230,dummy-192
818056.680151794,250,230,dummy-192
817923.277656872,250,230,dummy-336
818064.167333959,250,230,dummy-336
818144.539129887,250,230,dummy-336
818181.167218066,250,230,dummy-336
818007.31402806,250,230,dummy-826
817942.248081152,250,230,dummy-486
817947.63632526,250,230,dummy-486
817956.165735431,250,230,dummy-486
818030.993505288,250,230,dummy-486
817946.99498721,250,230,dummy-496
817949.448636541,250,230,dummy-496
817959.525570395,250,230,dummy-496
817980.201301663,250,230,dummy-496
818009.90967264,250,230,dummy-496
818032.980657736,250,230,dummy-496
818056.743530208,250,230,dummy-496
818091.504551017,250,230,dummy-496
818148.638742036,250,230,dummy-496
817925.559466668,250,230,dummy-458
817925.725308034,250,230,dummy-458
817957.81634642,250,230,dummy-458
818015.666644044,250,230,dummy-458
818129.115075997,250,230,dummy-458
817986.949453674,250,230,dummy-668
818038.773772741,250,230,dummy-668
818101.386539894,250,230,dummy-668
818135.682960216,250,230,dummy-668
817917.328070453,250,230,dummy-443
818018.991485933,250,230,dummy-443
818046.681975101,250,230,dummy-443
818063.565920922,250,230,dummy-443
818192.62662639,250,230,dummy-443
817965.10849772,250,230,dummy-619
818061.904413264,250,230,dummy-619
818103.354860984,250,230,dummy-765
818143.836933618,250,230,dummy-765
818188.966228908,250,230,dummy-765
818080.591909192,250,230,dummy-287
818123.538043149,250,230,dummy-287
818149.249597868,250,230,dummy-287
818030.512818048,250,230,dummy-790
817935.744889816,250,230,dummy-800
818023.043923482,250,230,dummy-800
818059.501563501,250,230,dummy-800
818067.158301813,250,230,dummy-800
818182.627263901,250,230,dummy-800
818056.397208357,250,230,dummy-213
818060.039970533,250,230,dummy-213
818090.085433938,250,230,dummy-213
818097.730799248,250,230,dummy-213
818194.968934548,250,230,dummy-213
817985.984081782,250,230,dummy-374
818073.704450015,250,230,dummy-374
818174.414042153,250,230,dummy-374
818178.735269768,250,230,dummy-374
818181.100860603,250,230,dummy-374
817933.557545061,250,230,dummy-286
817967.320988746,250,230,dummy-286
818025.12413178,250,230,dummy-286
818175.697231991,250,230,dummy-286
818067.995184731,250,230,dummy-275
817919.643553166,250,230,dummy-624
817940.841915571,250,230,dummy-624
817986.567030028,250,230,dummy-624
817993.604942269,250,230,dummy-624
818023.720156723,250,230,dummy-624
818039.217443167,250,230,dummy-624
818065.890758672,250,230,dummy-624
818157.115361424,250,230,dummy-451
818177.576866659,250,230,dummy-451
818032.342734474,250,230,dummy-7
818093.012601998,250,230,dummy-7
817911.525484819,250,230,dummy-372
817929.103866351,250,230,dummy-372
817974.854311811,250,230,dummy-372
818025.694116986,250,230,dummy-372
818028.413383181,250,230,dummy-372
818055.689794896,250,230,dummy-372
818116.280779938,250,230,dummy-372
818123.447666731,250,230,dummy-372
817901.15342201,250,230,dummy-400
817924.910216383,250,230,dummy-400
817934.279995346,250,230,dummy-400
817947.129706643,250,230,dummy-400
817994.157795831,250,230,dummy-400
818012.20730373,250,230,dummy-400
818081.13254957,250,230,dummy-400
818175.761561711,250,230,dummy-400
818135.777870867,250,230,dummy-831
818159.966895052,250,230,dummy-831
818181.076839618,250,230,dummy-831
818184.57574085,250,230,dummy-831
817923.235136864,250,230,dummy-776
817947.965295256,250,230,dummy-776
818012.944506457,250,230,dummy-776
818018.056423142,250,230,dummy-776
818071.680858317,250,230,dummy-776
817897.965328099,250,230,dummy-487
818002.088867701,250,230,dummy-487
818028.947001408,250,230,dummy-487
817935.366965357,250,230,dummy-446
817944.21812003,250,230,dummy-446
817972.28456749,250,230,dummy-446
818148.948085803,250,230,dummy-446
818157.045454502,250,230,dummy-446
818157.267864557,250,230,dummy-446
818159.303280826,250,230,dummy-446
817903.322073905,250,230,dummy-378
817949.897134047,250,230,dummy-378
818039.481068602,250,230,dummy-378
818071.940237933,250,230,dummy-378
818114.276005247,250,230,dummy-378
818018.389515572,250,230,dummy-37
818046.390010855,250,230,dummy-37
818110.122044251,250,230,dummy-355
818120.083180605,250,230,dummy-355
817950.760631188,250,230,dummy-303
817955.717696048,250,230,dummy-303
818126.135346452,250,230,dummy-303
817975.679239042,250,230,dummy-664
818040.488891497,250,230,dummy-664
818169.669223433,250,230,dummy-664
817931.735601135,250,230,dummy-808
818093.045897388,250,230,dummy-808
818129.903082273,250,230,dummy-808
818146.877846135,250,230,dummy-808
818155.394628277,250,230,dummy-808
818171.5623869,250,230,dummy-808
817917.026221123,250,230,dummy-3
818147.406739176,250,230,dummy-3
818176.569049509,250,230,dummy-3
817919.003601665,250,230,dummy-358
817970.601861633,250,230,dummy-358
818056.167082237,250,230,dummy-358
818058.628239977,250,230,dummy-358
818066.76592121,250,230,dummy-358
818131.27920526,250,230,dummy-358
818138.942457077,250,230,dummy-358
817979.376629583,250,230,dummy-397
817989.282692996,250,230,dummy-397
817994.15014664,250,230,dummy-397
818009.567601605,250,230,dummy-397
818065.304474958,250,230,dummy-397
818002.660936902,250,230,dummy-679
818071.256709452,250,230,dummy-679
818180.058091531,250,230,dummy-679
818049.177041158,250,230,dummy-360
818080.536156665,250,230,dummy-360
818166.04736984,250,230,dummy-360
818178.246780384,250,230,dummy-360
817909.378104383,250,230,dummy-476
817961.701938753,250,230,dummy-476
818079.951212916,250,230,dummy-476
818136.108561603,250,230,dummy-476
817907.910214989,250,230,dummy-329
817920.012834084,250,230,dummy-329
818017.661950778,250,230,dummy-329
818032.069754599,250,230,dummy-329
818106.134332488,250,230,dummy-329
818107.997455078,250,230,dummy-329
818136.664705385,250,230,dummy-329
818049.126205899,250,230,dummy-578
817898.230425334,250,230,dummy-387
817950.452076916,250,230,dummy-387
817960.869050945,250,230,dummy-387
818048.890616892,250,230,dummy-387
818069.436832019,250,230,dummy-387
818165.810104668,250,230,dummy-387
817956.441762325,250,230,dummy-340
817912.313737057,250,230,dummy-65
818055.96731803,250,230,dummy-65
818060.380432306,250,230,dummy-65
818083.814609754,250,230,dummy-65
818129.438113684,250,230,dummy-65
818141.627286949,250,230,dummy-65
818176.222895441,250,230,dummy-65
818190.385520085,250,230,dummy-65
817899.586156016,250,230,dummy-655
817899.999703456,250,230,dummy-655
817915.584546878,250,230,dummy-655
817986.648012659,250,230,dummy-655
818083.135988237,250,230,dummy-655
818151.665024003,250,230,dummy-655
817911.143148049,250,230,dummy-751
817967.612468505,250,230,dummy-751
817988.410157696,250,230,dummy-751
817994.440836691,250,230,dummy-751
818048.395108563,250,230,dummy-751
818194.12071344,250,230,dummy-751
818079.408117668,250,230,dummy-381
817902.745711038,250,230,dummy-607
818006.770629855,250,230,dummy-607
818071.131699967,250,230,dummy-607
818107.57565171,250,230,dummy-607
818162.246959512,250,230,dummy-607
817979.532444917,250,230,dummy-456
818074.849448322,250,230,dummy-456
818140.297844979,250,230,dummy-456
818140.437550684,250,230,dummy-456
818179.067439665,250,230,dummy-456
818186.183375987,250,230,dummy-456
818035.444152047,250,230,dummy-388
818105.738010682,250,230,dummy-388
818157.13627245,250,230,dummy-388
818111.602997239,250,230,dummy-330
818137.962391649,250,230,dummy-330
817939.0142479,250,230,dummy-562
817990.309040062,250,230,dummy-562
818053.649949515,250,230,dummy-562
818103.613947692,250,230,dummy-562
817911.989334244,250,230,dummy-667
817977.518601533,250,230,dummy-667
818022.665276603,250,230,dummy-667
817961.712817798,250,230,dummy-620
818004.343868805,250,230,dummy-620
818108.494141998,250,230,dummy-440
818162.821908322,250,230,dummy-440
817917.941021934,250,230,dummy-631
817930.177480865,250,230,dummy-631
818032.896000626,250,230,dummy-511
818037.024385062,250,230,dummy-511
818062.889227991,250,230,dummy-511
818127.386618671,250,230,dummy-511
817925.780759936,250,230,dummy-432
818007.15683073,250,230,dummy-432
818139.116303721,250,230,dummy-493
817912.447873566,250,230,dummy-338
818030.449449722,250,230,dummy-338
817912.733119917,250,230,dummy-540
817913.713190535,250,230,dummy-540
818136.697170277,250,230,dummy-540
818009.068260581,250,230,dummy-572
818175.551986384,250,230,dummy-572
817965.26741473,250,230,dummy-38
818017.742445533,250,230,dummy-38
818019.949578661,250,230,dummy-38
818111.198058323,250,230,dummy-38
818122.781538217,250,230,dummy-38
818177.125201839,250,230,dummy-38
817921.141153309,250,230,dummy-591
818194.86444133,250,230,dummy-591
817966.548155633,250,230,dummy-317
818009.365860216,250,230,dummy-317
818134.708231371,250,230,dummy-317
818171.383849157,250,230,dummy-317
818175.311354007,250,230,dummy-317
818175.970711971,250,230,dummy-317
817914.103668339,250,230,dummy-789
817965.779055419,250,230,dummy-789
818036.384105626,250,230,dummy-789
818046.934389509,250,230,dummy-789
818133.475177991,250,230,dummy-610
818152.32541679,250,230,dummy-610
818181.138859373,250,230,dummy-610
817966.777049255,250,230,dummy-291
817971.708322009,250,230,dummy-291
818042.980820833,250,230,dummy-291
818134.719956526,250,230,dummy-291
818072.321589015,250,230,dummy-58
818099.125652507,250,230,dummy-58
817946.542501893,250,230,dummy-200
818015.988091618,250,230,dummy-200
818025.758044783,250,230,dummy-200
818055.612000979,250,230,dummy-200
817904.547036401,250,230,dummy-514
817923.553012039,250,230,dummy-514
817974.709063794,250,230,dummy-514
818034.825614194,250,230,dummy-514
818054.453467991,250,230,dummy-514
818189.71362698,250,230,dummy-514
817906.874350259,250,230,dummy-541
817910.020123365,250,230,dummy-541
817959.163347409,250,230,dummy-541
817994.098214713,250,230,dummy-541
818010.697619163,250,230,dummy-541
818053.867304995,250,230,dummy-541
818089.796858173,250,230,dummy-541
818135.380123372,250,230,dummy-541
818172.962167843,250,230,dummy-541
817977.221262685,250,230,dummy-24
818113.556251405,250,230,dummy-24
817959.446746983,250,230,dummy-420
817976.663506668,250,230,dummy-420
818094.614090542,250,230,dummy-420
817914.09505055,250,230,dummy-56
817914.904970668,250,230,dummy-56
817942.028227041,250,230,dummy-56
817953.753930916,250,230,dummy-820
817994.223807529,250,230,dummy-820
818088.885477952,250,230,dummy-820
818102.921199519,250,230,dummy-820
818109.053617111,250,230,dummy-820
818143.045691098,250,230,dummy-820
818159.862245516,250,230,dummy-820
818016.912910756,250,230,dummy-146
818116.879140559,250,230,dummy-146
818136.736213805,250,230,dummy-146
818137.851009815,250,230,dummy-146
817909.900911396,250,230,dummy-419
817919.359022203,250,230,dummy-419
817943.030373961,250,230,dummy-419
817983.956919155,250,230,dummy-419
818115.200447998,250,230,dummy-419
818145.485894835,250,230,dummy-419
818197.052137002,250,230,dummy-555
818152.951164619,250,230,dummy-435
818182.091371859,250,230,dummy-435
817932.040555173,250,230,dummy-290
818125.977102592,250,230,dummy-290
817903.559734642,250,230,dummy-551
817981.214227745,250,230,dummy-551
817999.713896421,250,230,dummy-551
818087.432087229,250,230,dummy-551
818162.57297745,250,230,dummy-551
817934.570052899,250,230,dummy-268
817934.263892651,250,230,dummy-124
817949.153050371,250,230,dummy-124
817967.131876689,250,230,dummy-124
818060.478636667,250,230,dummy-124
818067.046413969,250,230,dummy-124
818141.159589223,250,230,dummy-124
818168.036028978,250,230,dummy-124
818190.019028815,250,230,dummy-124
818123.273036842,250,230,dummy-827
817997.04221,250,230,dummy-162
818015.860937061,250,230,dummy-162
818076.661628139,250,230,dummy-162
818195.925388084,250,230,dummy-162
817941.151671523,250,230,dummy-203
818018.800774475,250,230,dummy-203
818052.530639033,250,230,dummy-203
818061.031638527,250,230,dummy-203
817953.808017926,250,230,dummy-725
818051.308853515,250,230,dummy-725
818119.784062221,250,230,dummy-725
818162.569600681,250,230,dummy-725
818176.000497199,250,230,dummy-725
817904.684320741,250,230,dummy-501
818071.70011931,250,230,dummy-501
818102.898015567,250,230,dummy-501
817917.477730104,250,230,dummy-232
817942.143201386,250,230,dummy-232
817943.292011214,250,230,dummy-232
817968.612932662,250,230,dummy-232
818076.456069522,250,230,dummy-232
818148.022751301,250,230,dummy-232
818180.823912044,250,230,dummy-232
817967.526540009,250,230,dummy-382
818000.781401094,250,230,dummy-382
818102.102463624,250,230,dummy-382
817921.353452869,250,230,dummy-96
818017.900718593,250,230,dummy-96
818048.460881287,250,230,dummy-96
817907.755702941,250,230,dummy-762
818044.949765861,250,230,dummy-762
818052.580441206,250,230,dummy-762
818088.26065902,250,230,dummy-762
818098.198643509,250,230,dummy-762
817902.865584132,250,230,dummy-101
817930.256644039,250,230,dummy-101
818025.866162689,250,230,dummy-101
818048.698110167,250,230,dummy-101
818093.313124739,250,230,dummy-101
818173.398566959,250,230,dummy-101
818005.650567184,250,230,dummy-108
818075.411896176,250,230,dummy-108
818123.956424576,250,230,dummy-108
818143.257746348,250,230,dummy-108
818157.766286904,250,230,dummy-108
818105.105901189,250,230,dummy-684
817933.21120873,250,230,dummy-508
818090.678236543,250,230,dummy-508
818164.592530896,250,230,dummy-508
818181.692863014,250,230,dummy-508
817964.587755601,250,230,dummy-248
818065.731506159,250,230,dummy-248
818121.294874579,250,230,dummy-248
818144.61912366,250,230,dummy-248
817989.161967302,250,230,dummy-407
818001.623983109,250,230,dummy-407
818098.278361179,250,230,dummy-407
818119.645331997,250,230,dummy-407
818161.266885337,250,230,dummy-407
818165.054386625,250,230,dummy-407
818008.436083117,250,230,dummy-649
818113.75726786,250,230,dummy-649
818015.484310658,250,230,dummy-566
818038.804307008,250,230,dummy-566
818138.961520156,250,230,dummy-566
818142.774541836,250,230,dummy-566
817924.508387326,250,230,dummy-208
818060.092949574,250,230,dummy-208
818104.583737397,250,230,dummy-208
817905.542158114,250,230,dummy-260
817910.22826643,250,230,dummy-260
817941.356823316,250,230,dummy-260
818058.638663437,250,230,dummy-260
818144.226573117,250,230,dummy-260
818175.393625229,250,230,dummy-260
818195.423649874,250,230,dummy-260
817912.103072058,250,230,dummy-759
817966.34301315,250,230,dummy-759
818097.075037049,250,230,dummy-759
818125.333953148,250,230,dummy-759
818129.238334466,250,230,dummy-759
817901.569601645,250,230,dummy-383
817955.73504112,250,230,dummy-383
817981.084112046,250,230,dummy-383
817999.352132504,250,230,dummy-383
818009.399742947,250,230,dummy-383
818111.58097195,250,230,dummy-383
818119.449156187,250,230,dummy-383
818008.394005977,250,230,dummy-298
818107.213186116,250,230,dummy-298
818178.349174087,250,230,dummy-298
817946.260591733,250,230,dummy-205
817972.319857899,250,230,dummy-205
817946.685886503,250,230,dummy-100
818059.627521176,250,230,dummy-100
818133.025285228,250,230,dummy-100
817963.120080316,250,230,dummy-536
818168.401841868,250,230,dummy-536
817903.205597667,250,230,dummy-577
817915.412627672,250,230,dummy-577
817957.843235212,250,230,dummy-577
817969.950451072,250,230,dummy-577
817982.631541038,250,230,dummy-577
817984.621958628,250,230,dummy-577
818081.854565958,250,230,dummy-577
818109.408194659,250,230,dummy-577
818121.102963291,250,230,dummy-577
818169.562689569,250,230,dummy-577
818182.097320879,250,230,dummy-577
817949.98153375,250,230,dummy-474
818032.658758368,250,230,dummy-474
818161.925055953,250,230,dummy-474
818183.519763441,250,230,dummy-474
818193.962688717,250,230,dummy-474
817965.142575822,250,230,dummy-670
817977.064881312,250,230,dummy-670
818014.956378849,250,230,dummy-670
818132.184298021,250,230,dummy-670
817907.756106085,250,230,dummy-351
817936.083656556,250,230,dummy-351
817949.201709635,250,230,dummy-351
818002.624242265,250,230,dummy-351
818013.744366937,250,230,dummy-351
817916.518984211,250,230,dummy-53
818037.025872539,250,230,dummy-53
818073.066867662,250,230,dummy-53
818191.809581252,250,230,dummy-53
818195.499504447,250,230,dummy-53
817923.404807851,250,230,dummy-183
817981.955847474,250,230,dummy-183
817999.409347331,250,230,dummy-183
818011.560784753,250,230,dummy-183
817968.917500725,250,230,dummy-356
818124.269725813,250,230,dummy-356
817953.544108491,250,230,dummy-249
818050.391809442,250,230,dummy-249
818071.004052178,250,230,dummy-249
817980.897822263,250,230,dummy-292
817981.195316281,250,230,dummy-292
818153.959583859,250,230,dummy-292
818170.050709176,250,230,dummy-292
818193.077204415,250,230,dummy-292
817905.428620601,250,230,dummy-674
818089.529831314,250,230,dummy-674
818119.122282074,250,230,dummy-674
818158.953112568,250,230,dummy-674
818180.584446567,250,230,dummy-674
818193.148978639,250,230,dummy-674
817906.103379408,250,230,dummy-757
817942.80275057,250,230,dummy-757
818008.116402272,250,230,dummy-757
818110.252974883,250,230,dummy-757
818131.993783546,250,230,dummy-757
817959.28316826,250,230,dummy-438
818045.087399056,250,230,dummy-438
818067.660739542,250,230,dummy-438
818159.638179586,250,230,dummy-438
818059.486839133,250,230,dummy-9
818129.777322281,250,230,dummy-9
818137.593166199,250,230,dummy-9
817957.372265694,250,230,dummy-644
818039.730850923,250,230,dummy-644
818055.24560275,250,230,dummy-644
817899.177412695,250,230,dummy-281
817908.250571557,250,230,dummy-281
818009.696765258,250,230,dummy-281
818068.943296097,250,230,dummy-281
818128.722114696,250,230,dummy-281
817918.197028797,250,230,dummy-322
817920.163317835,250,230,dummy-322
817927.121918214,250,230,dummy-322
818025.16823374,250,230,dummy-322
818091.101854414,250,230,dummy-322
818124.372162446,250,230,dummy-322
818176.260226693,250,230,dummy-322
817917.43552647,250,230,dummy-182
817940.919830553,250,230,dummy-182
818067.878045219,250,230,dummy-182
818083.56623639,250,230,dummy-182
818195.450055673,250,230,dummy-182
818020.943931664,250,230,dummy-769
818037.163699014,250,230,dummy-769
817937.350113265,250,230,dummy-385
818032.018359043,250,230,dummy-385
818113.300840244,250,230,dummy-385
818179.048055392,250,230,dummy-385
817942.944095015,250,230,dummy-609
817955.201465643,250,230,dummy-792
818099.661385184,250,230,dummy-792
818110.059246964,250,230,dummy-792
817923.934164374,250,230,dummy-17
817970.516997,250,230,dummy-17
817935.269140105,250,230,dummy-642
817953.484655224,250,230,dummy-642
818126.34745519,250,230,dummy-642
818193.390684436,250,230,dummy-642
818197.665956647,250,230,dummy-642
817944.101933214,250,230,dummy-379
817986.827850327,250,230,dummy-379
818053.729317842,250,230,dummy-379
818063.796697026,250,230,dummy-379
818101.709244769,250,230,dummy-379
818009.152307963,250,230,dummy-242
818011.396821335,250,230,dummy-242
818060.967182807,250,230,dummy-242
817989.526875134,250,230,dummy-52
818177.822978251,250,230,dummy-52
818109.853667897,250,230,dummy-25
818197.22622026,250,230,dummy-25
818032.074562869,250,230,dummy-235
818071.074063244,250,230,dummy-235
818077.763256404,250,230,dummy-235
817903.800080421,250,230,dummy-575
817982.854536839,250,230,dummy-575
818037.286023615,250,230,dummy-575
818076.512368466,250,230,dummy-575
817898.837863659,250,230,dummy-819
817926.563909986,250,230,dummy-819
817946.566514924,250,230,dummy-819
818065.857045333,250,230,dummy-819
818082.799623081,250,230,dummy-819
818192.360896874,250,230,dummy-819
817977.55496975,250,230,dummy-703
818066.88794351,250,230,dummy-703
818071.371343181,250,230,dummy-703
817982.637205434,250,230,dummy-740
818021.963328069,250,230,dummy-740
818120.543119866,250,230,dummy-740
818162.936272831,250,230,dummy-740
817906.642799712,250,230,dummy-686
818046.936150532,250,230,dummy-686
818114.733440654,250,230,dummy-686
818192.75943585,250,230,dummy-686
817953.580110144,250,230,dummy-704
818007.398781487,250,230,dummy-704
818056.813561773,250,230,dummy-704
818002.699365969,250,230,dummy-829
818019.176260669,250,230,dummy-829
818043.053260816,250,230,dummy-829
818132.093365929,250,230,dummy-829
817943.877879745,250,230,dummy-528
817958.681560461,250,230,dummy-528
818088.268901189,250,230,dummy-528
818174.529296369,250,230,dummy-528
818183.562546297,250,230,dummy-528
817935.127977588,250,230,dummy-220
817984.15901493,250,230,dummy-220
818001.187774615,250,230,dummy-220
818111.084875763,250,230,dummy-220
818115.678577342,250,230,dummy-220
817903.095016174,250,230,dummy-214
818030.106056204,250,230,dummy-214
818092.267324371,250,230,dummy-214
818118.614344106,250,230,dummy-214
818165.85875464,250,230,dummy-214
818180.923870959,250,230,dummy-214
817935.430147747,250,230,dummy-311
817970.838993055,250,230,dummy-311
818111.341947578,250,230,dummy-311
818145.932293247,250,230,dummy-311
818146.590826329,250,230,dummy-311
818148.981328505,250,230,dummy-311
818186.317185725,250,230,dummy-311
817936.60769455,250,230,dummy-595
818060.669703786,250,230,dummy-595
818171.145009516,250,230,dummy-595
817929.684979086,250,230,dummy-813
817969.020148582,250,230,dummy-813
818152.293283256,250,230,dummy-813
818178.440367355,250,230,dummy-813
817956.330835235,250,230,dummy-641
818178.347792516,250,230,dummy-641
818178.494006082,250,230,dummy-641
817924.986713675,250,230,dummy-337
818004.7074546,250,230,dummy-337
818079.851122687,250,230,dummy-337
818164.299325933,250,230,dummy-337
818173.154210732,250,230,dummy-337
818159.397967933,250,230,dummy-637
818160.509068789,250,230,dummy-637
818163.557869791,250,230,dummy-637
818196.274492466,250,230,dummy-637
817900.799338543,250,230,dummy-66
817974.145607273,250,230,dummy-66
818102.484086802,250,230,dummy-66
818058.938514965,250,230,dummy-491
818150.896750731,250,230,dummy-491
818175.221639364,250,230,dummy-491
817993.300259039,250,230,dummy-430
818102.288312754,250,230,dummy-430
817924.096934313,250,230,dummy-294
817948.489320133,250,230,dummy-294
818025.371180182,250,230,dummy-294
818070.088745056,250,230,dummy-294
818076.07442961,250,230,dummy-294
817927.650024711,250,230,dummy-197
817952.687435387,250,230,dummy-197
817994.732627301,250,230,dummy-197
818046.528385698,250,230,dummy-197
818067.912789801,250,230,dummy-197
818100.966004173,250,230,dummy-197
818127.405028145,250,230,dummy-197
818141.625617873,250,230,dummy-197
818056.544711563,250,230,dummy-626
818075.929881577,250,230,dummy-626
818068.816225133,250,230,dummy-95
818182.034755334,250,230,dummy-95
817940.170994787,250,230,dummy-732
818026.602390956,250,230,dummy-732
818070.357483279,250,230,dummy-732
818077.871298243,250,230,dummy-732
818117.388403827,250,230,dummy-732
818146.17587546,250,230,dummy-732
818161.550376603,250,230,dummy-732
817921.28225699,250,230,dummy-691
817998.198255365,250,230,dummy-691
818040.836211365,250,230,dummy-691
818068.723882554,250,230,dummy-691
818103.960619631,250,230,dummy-691
818130.713365756,250,230,dummy-691
818153.060619155,250,230,dummy-691
817910.294154282,250,230,dummy-171
817940.736815516,250,230,dummy-171
817899.888689309,250,230,dummy-261
817994.664152406,250,230,dummy-261
818013.794629187,250,230,dummy-261
818054.154229237,250,230,dummy-261
817933.690649094,250,230,dummy-708
817941.997168066,250,230,dummy-708
817956.657133736,250,230,dummy-708
818092.718013595,250,230,dummy-708
818102.268600389,250,230,dummy-708
818138.659185337,250,230,dummy-708
817925.248201343,250,230,dummy-485
817936.208243135,250,230,dummy-485
818003.593965962,250,230,dummy-485
818176.986218666,250,230,dummy-485
818185.031405271,250,230,dummy-485
817933.304325658,250,230,dummy-471
818017.980369809,250,230,dummy-471
818155.026914402,250,230,dummy-471
818002.917689608,250,230,dummy-741
818064.544788859,250,230,dummy-741
818077.950607921,250,230,dummy-741
818148.173520763,250,230,dummy-741
817989.422490159,250,230,dummy-565
818122.695933975,250,230,dummy-565
818127.252905977,250,230,dummy-565
818165.397836829,250,230,dummy-565
818173.850123184,250,230,dummy-565
818191.78572804,250,230,dummy-565
817903.652256213,250,230,dummy-442
817958.813913905,250,230,dummy-442
817996.340613529,250,230,dummy-442
818007.772169082,250,230,dummy-442
818017.446626103,250,230,dummy-442
818104.981401341,250,230,dummy-442
818151.079816263,250,230,dummy-442
818001.269119714,250,230,dummy-120
818058.722357944,250,230,dummy-120
818061.128289906,250,230,dummy-120
818062.503679401,250,230,dummy-120
818128.00943985,250,230,dummy-120
818138.6430577,250,230,dummy-120
817951.8339717,250,230,dummy-301
818012.916886974,250,230,dummy-301
818037.874393162,250,230,dummy-301
818044.378134885,250,230,dummy-301
818187.554691618,250,230,dummy-301
817998.711247792,250,230,dummy-79
818072.051881615,250,230,dummy-79
818130.621074156,250,230,dummy-79
818180.277825459,250,230,dummy-79
817919.185089995,250,230,dummy-462
817972.079724649,250,230,dummy-462
818051.504553106,250,230,dummy-462
818072.644736199,250,230,dummy-462
818173.048036617,250,230,dummy-462
818045.968285306,250,230,dummy-411
818195.308616902,250,230,dummy-411
818036.181524862,250,230,dummy-11
818090.3304733,250,230,dummy-11
818103.389870435,250,230,dummy-11
818128.180458939,250,230,dummy-11
818142.335885353,250,230,dummy-11
818161.075898835,250,230,dummy-11
817974.878134627,250,230,dummy-537
817996.865616254,250,230,dummy-537
818003.62890156,250,230,dummy-537
818142.606740823,250,230,dummy-537
818156.589941371,250,230,dummy-537
818185.208002692,250,230,dummy-537
817919.9597055,250,230,dummy-775
817985.285321313,250,230,dummy-775
817985.828479843,250,230,dummy-549
818000.307335874,250,230,dummy-549
818099.030511756,250,230,dummy-549
818195.743930479,250,230,dummy-549
818129.469743343,250,230,dummy-770
818143.534345442,250,230,dummy-770
818144.353176781,250,230,dummy-770
817958.022870764,250,230,dummy-688
818100.005854136,250,230,dummy-688
818125.170787612,250,230,dummy-688
818159.20823117,250,230,dummy-688
817969.227294995,250,230,dummy-520
817978.502771513,250,230,dummy-678
818011.635509973,250,230,dummy-678
818014.505023363,250,230,dummy-678
818117.06062778,250,230,dummy-678
818190.596609987,250,230,dummy-678
817988.140923317,250,230,dummy-585
818050.950333763,250,230,dummy-585
818076.496702591,250,230,dummy-585
818181.628048384,250,230,dummy-585
817995.42070581,250,230,dummy-461
818036.4727302,250,230,dummy-461
818124.849119817,250,230,dummy-31
818138.96383605,250,230,dummy-31
818141.225633178,250,230,dummy-31
818025.894306601,250,230,dummy-478
818051.946027788,250,230,dummy-478
818076.349478399,250,230,dummy-478
818131.584617614,250,230,dummy-478
818166.367723805,250,230,dummy-478
818196.358143135,250,230,dummy-478
818075.909705652,250,230,dummy-768
818152.737987644,250,230,dummy-768
818018.378709294,250,230,dummy-57
817934.194479222,250,230,dummy-391
818013.124930746,250,230,dummy-391
818051.325882307,250,230,dummy-391
817899.466807558,250,230,dummy-791
817957.46085044,250,230,dummy-791
818140.153471251,250,230,dummy-791
817956.766136297,250,230,dummy-77
818074.010279773,250,230,dummy-77
817942.028201808,250,230,dummy-720
818113.728840876,250,230,dummy-720
818145.00958405,250,230,dummy-720
818153.030831339,250,230,dummy-720
817920.023284104,250,230,dummy-170
817963.414175931,250,230,dummy-170
818130.059633231,250,230,dummy-170
817900.609434464,250,230,dummy-230
817927.206677403,250,230,dummy-230
817929.198915947,250,230,dummy-230
818057.431480649,250,230,dummy-230
818057.874588285,250,230,dummy-230
818176.801101319,250,230,dummy-230
817910.866672254,250,230,dummy-70
818134.830228606,250,230,dummy-70
818173.195875515,250,230,dummy-722
817898.859631857,250,230,dummy-21
817999.296228051,250,230,dummy-21
817920.393568029,250,230,dummy-484
818077.116619266,250,230,dummy-484
818163.610285869,250,230,dummy-484
817907.030469167,250,230,dummy-702
817926.587996551,250,230,dummy-702
818018.680046729,250,230,dummy-702
818058.937120788,250,230,dummy-702
818112.009650612,250,230,dummy-702
817903.288093792,250,230,dummy-730
818064.049574839,250,230,dummy-730
818085.539697598,250,230,dummy-730
818148.687372658,250,230,dummy-730
818154.995074629,250,230,dummy-730
817914.494150723,250,230,dummy-687
818160.262184997,250,230,dummy-687
817909.812940743,250,230,dummy-418
817987.833438464,250,230,dummy-418
818018.775538034,250,230,dummy-418
818039.747326473,250,230,dummy-418
818065.992694591,250,230,dummy-418
818115.53222595,250,230,dummy-418
818191.228773058,250,230,dummy-418
817934.62005153,250,230,dummy-818
817925.138180912,250,230,dummy-650
818148.546000157,250,230,dummy-273
818185.9594945,250,230,dummy-273
817909.287908726,250,230,dummy-483
817943.19952388,250,230,dummy-483
818003.213412022,250,230,dummy-483
818013.218285929,250,230,dummy-483
818081.025736355,250,230,dummy-483
818120.41976869,250,230,dummy-483
817911.241165711,250,230,dummy-822
817956.942015709,250,230,dummy-195
817974.440104666,250,230,dummy-195
817995.973046261,250,230,dummy-195
818072.459012921,250,230,dummy-195
818194.996889359,250,230,dummy-195
817925.324523183,250,230,dummy-80
817995.337171561,250,230,dummy-80
818011.337829024,250,230,dummy-80
818036.68509002,250,230,dummy-80
818125.084497479,250,230,dummy-80
818147.025085875,250,230,dummy-80
818190.692781906,250,230,dummy-80
817975.830130807,250,230,dummy-755
818016.759686007,250,230,dummy-755
818029.196699171,250,230,dummy-755
818180.450179346,250,230,dummy-755
817911.854887456,250,230,dummy-375
817983.391949301,250,230,dummy-375
818056.942929112,250,230,dummy-375
818072.921654608,250,230,dummy-375
818153.063041277,250,230,dummy-375
818154.936261118,250,230,dummy-375
818188.977337543,250,230,dummy-375
817920.797648964,250,230,dummy-279
818002.412420207,250,230,dummy-279
818094.473540045,250,230,dummy-279
817984.032055297,250,230,dummy-494
817993.112650556,250,230,dummy-494
818006.307471997,250,230,dummy-494
817920.039946518,250,230,dummy-238
817920.466409979,250,230,dummy-238
817920.519763076,250,230,dummy-238
817946.615295178,250,230,dummy-238
818177.254837486,250,230,dummy-238
817932.622438259,250,230,dummy-163
817959.653812394,250,230,dummy-163
818007.015991886,250,230,dummy-163
818021.162509891,250,230,dummy-163
818082.574036747,250,230,dummy-163
818016.574109138,250,230,dummy-685
818163.597647426,250,230,dummy-685
817980.540910843,250,230,dummy-469
818001.581372995,250,230,dummy-469
817965.070538299,250,230,dummy-576
818020.272893581,250,230,dummy-576
818055.401534242,250,230,dummy-576
818057.971631595,250,230,dummy-576
818093.533254122,250,230,dummy-576
818151.360235713,250,230,dummy-576
818175.097511495,250,230,dummy-576
818085.377593636,250,230,dummy-307
818178.121338862,250,230,dummy-307
817943.957410705,250,230,dummy-278
817981.438249304,250,230,dummy-278
818001.03776254,250,230,dummy-278
818140.788292823,250,230,dummy-278
818102.361694833,250,230,dummy-812
818128.047444471,250,230,dummy-812
818134.776946638,250,230,dummy-812
818137.672281264,250,230,dummy-812
817917.110780631,250,230,dummy-693
818185.132920693,250,230,dummy-693
818186.717843287,250,230,dummy-693
817968.779853186,250,230,dummy-544
818085.979970854,250,230,dummy-544
818108.462804555,250,230,dummy-544
818194.836301603,250,230,dummy-544
818005.71643638,250,230,dummy-256
818016.52422552,250,230,dummy-256
818104.72902461,250,230,dummy-256
818180.215153395,250,230,dummy-256
818187.73128965,250,230,dummy-256
817900.855674955,250,230,dummy-460
818165.031054086,250,230,dummy-460
817906.372439396,250,230,dummy-166
817959.454293137,250,230,dummy-166
817968.980336875,250,230,dummy-166
818070.909083826,250,230,dummy-166
817948.502767012,250,230,dummy-348
817994.09583105,250,230,dummy-302
818185.930846118,250,230,dummy-302
818099.761558166,250,230,dummy-647
817991.620113763,250,230,dummy-415
818057.162688997,250,230,dummy-415
818062.228035999,250,230,dummy-415
818087.538976448,250,230,dummy-415
818094.12314683,250,230,dummy-415
818101.951190368,250,230,dummy-415
817903.810518078,250,230,dummy-643
817944.867349966,250,230,dummy-643
818013.810411558,250,230,dummy-643
818087.503939031,250,230,dummy-643
818103.848295992,250,230,dummy-643
818172.504998163,250,230,dummy-643
817918.596177058,250,230,dummy-259
818072.116578342,250,230,dummy-259
818080.262908114,250,230,dummy-259
818098.038956348,250,230,dummy-259
818137.936853283,250,230,dummy-259
818138.439313208,250,230,dummy-259
817904.638447382,250,230,dummy-652
817909.537658752,250,230,dummy-652
818063.255492984,250,230,dummy-652
818158.150234879,250,230,dummy-652
817996.68621281,250,230,dummy-289
818196.650199535,250,230,dummy-289
817936.206759335,250,230,dummy-673
818006.779292437,250,230,dummy-673
818049.503162086,250,230,dummy-673
817961.247986966,250,230,dummy-250
818019.239062106,250,230,dummy-754
818070.54212202,250,230,dummy-754
818112.217681745,250,230,dummy-754
818174.625216171,250,230,dummy-754
818192.268022563,250,230,dummy-754
817993.60453911,250,230,dummy-54
818046.460136439,250,230,dummy-54
818101.998697208,250,230,dummy-54
817940.707216668,250,230,dummy-505
817953.932531232,250,230,dummy-505
817980.758576524,250,230,dummy-505
818008.630985172,250,230,dummy-505
818042.143299574,250,230,dummy-505
818145.228589,250,230,dummy-505
818173.010276064,250,230,dummy-505
818196.826166942,250,230,dummy-505
817994.123572596,250,230,dummy-522
818089.839027261,250,230,dummy-522
817923.09511791,250,230,dummy-785
817951.168363737,250,230,dummy-785
818043.702378309,250,230,dummy-785
818113.150030611,250,230,dummy-785
818115.236335225,250,230,dummy-785
818170.810258121,250,230,dummy-785
818179.19216666,250,230,dummy-785
818186.552328993,250,230,dummy-785
817914.113636188,250,230,dummy-733
817917.712559163,250,230,dummy-733
817928.605293905,250,230,dummy-733
817973.01604432,250,230,dummy-733
817981.603089599,250,230,dummy-733
818090.266116958,250,230,dummy-733
817939.689613595,250,230,dummy-133
817971.880607948,250,230,dummy-133
817987.916702709,250,230,dummy-133
818136.790840617,250,230,dummy-133
818005.54442075,250,230,dummy-805
818060.021291977,250,230,dummy-805
817993.305128898,250,230,dummy-148
818015.694805554,250,230,dummy-633
818015.700801943,250,230,dummy-633
818039.169693702,250,230,dummy-633
818080.876747317,250,230,dummy-633
817945.186859996,250,230,dummy-750
817982.314125906,250,230,dummy-750
817996.907356115,250,230,dummy-750
818049.33671977,250,230,dummy-750
818047.793262112,250,230,dummy-332
818062.265992313,250,230,dummy-332
818103.521596146,250,230,dummy-332
817901.913352341,250,230,dummy-22
817962.771811661,250,230,dummy-22
818080.536192948,250,230,dummy-22
818117.988619912,250,230,dummy-22
818183.658241878,250,230,dummy-22
817973.677275414,250,230,dummy-236
818016.586656539,250,230,dummy-236
818071.597255954,250,230,dummy-236
818132.709899107,250,230,dummy-236
817908.958162708,250,230,dummy-107
818044.037239794,250,230,dummy-107
817909.695378515,250,230,dummy-97
817929.583535165,250,230,dummy-97
817958.021279805,250,230,dummy-97
818057.853640594,250,230,dummy-97
817942.054643148,250,230,dummy-546
817898.983421806,250,230,dummy-255
817914.175507656,250,230,dummy-255
818083.479216358,250,230,dummy-255
818133.83457887,250,230,dummy-255
818159.517141694,250,230,dummy-255
817927.827646717,250,230,dummy-797
818176.932478478,250,230,dummy-797
817972.687137847,250,230,dummy-692
818139.487482016,250,230,dummy-692
817963.541082773,250,230,dummy-75
817969.677459645,250,230,dummy-75
817977.996963793,250,230,dummy-75
818131.215692512,250,230,dummy-75
817921.274740077,250,230,dummy-49
818079.209455215,250,230,dummy-49
818084.910519976,250,230,dummy-49
818155.889914011,250,230,dummy-49
817910.74375659,250,230,dummy-712
818016.929781178,250,230,dummy-712
818058.962083078,250,230,dummy-712
818196.69855241,250,230,dummy-712
817916.265391547,250,230,dummy-548
817997.914733957,250,230,dummy-548
818161.193995735,250,230,dummy-548
817902.475842052,250,230,dummy-689
817949.850707438,250,230,dummy-689
818011.482654967,250,230,dummy-689
818115.1242013,250,230,dummy-689
818144.574821155,250,230,dummy-689
817911.788489831,250,230,dummy-33
817939.216433033,250,230,dummy-33
817940.944297054,250,230,dummy-33
818031.47920222,250,230,dummy-33
818040.092953148,250,230,dummy-33
818087.53227488,250,230,dummy-33
817983.468228288,250,230,dummy-482
818098.283201098,250,230,dummy-482
818170.152955013,250,230,dummy-482
817921.865075966,250,230,dummy-579
817956.850418323,250,230,dummy-579
817987.6846444,250,230,dummy-579
818032.914802433,250,230,dummy-579
818076.618957314,250,230,dummy-579
818081.414542567,250,230,dummy-579
818170.951265684,250,230,dummy-579
817906.351151094,250,230,dummy-82
817992.028150138,250,230,dummy-82
818070.06319622,250,230,dummy-82
818125.62463955,250,230,dummy-82
817907.272465345,250,230,dummy-221
817910.782641653,250,230,dummy-221
817926.320036284,250,230,dummy-221
818051.846376531,250,230,dummy-221
818086.732328306,250,230,dummy-221
818137.779148202,250,230,dummy-221
818138.523120884,250,230,dummy-221
818179.772182939,250,230,dummy-556
818079.503872221,250,230,dummy-608
818099.433157401,250,230,dummy-608
818185.157527862,250,230,dummy-608
817966.243247632,250,230,dummy-300
818117.393565426,250,230,dummy-300
817928.600670529,250,230,dummy-809
817942.167875038,250,230,dummy-809
818103.041754889,250,230,dummy-809
818172.147482725,250,230,dummy-809
817906.974671018,250,230,dummy-427
818025.639033714,250,230,dummy-427
818195.975400891,250,230,dummy-427
817938.317953058,250,230,dummy-734
817983.287191997,250,230,dummy-734
818119.773234065,250,230,dummy-734
818053.110126008,250,230,dummy-345
818090.319675365,250,230,dummy-345
818138.055384979,250,230,dummy-345
818174.733237674,250,230,dummy-345
818183.586297684,250,230,dummy-345
818188.371793509,250,230,dummy-345
817951.480535797,250,230,dummy-125
817963.006928383,250,230,dummy-125
818028.374858807,250,230,dummy-125
818131.254369372,250,230,dummy-125
818136.49378761,250,230,dummy-112
817915.767868007,250,230,dummy-444
817937.285989474,250,230,dummy-444
817980.525902445,250,230,dummy-444
818023.548526709,250,230,dummy-444
818041.741196791,250,230,dummy-444
818102.901509613,250,230,dummy-444
818105.921301795,250,230,dummy-444
818128.702220366,250,230,dummy-444
817903.099648377,250,230,dummy-802
817936.892456125,250,230,dummy-802
818185.812694252,250,230,dummy-802
817909.379686602,250,230,dummy-503
817968.460924149,250,230,dummy-503
817970.052211699,250,230,dummy-503
818171.285980118,250,230,dummy-503
818185.550083198,250,230,dummy-503
818197.185038422,250,230,dummy-503
818016.705616659,250,230,dummy-629
818056.515686279,250,230,dummy-629
818073.659682826,250,230,dummy-629
818166.205456098,250,230,dummy-629
817960.684557989,250,230,dummy-512
818015.174228518,250,230,dummy-512
818022.122545677,250,230,dummy-512
818062.029137841,250,230,dummy-512
818139.388390485,250,230,dummy-512
817960.70563044,250,230,dummy-201
818173.012947208,250,230,dummy-201
817903.34926501,250,230,dummy-727
817956.657112748,250,230,dummy-727
818005.763999837,250,230,dummy-727
818173.293710313,250,230,dummy-727
818186.6339394,250,230,dummy-570
817993.079301764,250,230,dummy-353
818026.394832052,250,230,dummy-353
818174.483143598,250,230,dummy-353
817904.28542267,250,230,dummy-297
818037.498971817,250,230,dummy-297
818147.028462833,250,230,dummy-297
817909.249940683,250,230,dummy-464
817925.107786917,250,230,dummy-464
817926.254296069,250,230,dummy-516
817958.251528862,250,230,dummy-516
817932.616626451,250,230,dummy-30
818020.879990512,250,230,dummy-30
818042.541465408,250,230,dummy-30
818086.480993286,250,230,dummy-30
818134.762549847,250,230,dummy-30
818140.330384204,250,230,dummy-30
818148.752248957,250,230,dummy-30
818088.566333757,250,230,dummy-475
818096.507581778,250,230,dummy-475
818113.001431493,250,230,dummy-475
818169.047169981,250,230,dummy-475
817906.313428642,250,230,dummy-168
817936.531565356,250,230,dummy-168
817973.840451798,250,230,dummy-433
818102.528188136,250,230,dummy-433
818119.786481442,250,230,dummy-433
818155.520815088,250,230,dummy-433
818086.187249885,250,230,dummy-517
818162.015830777,250,230,dummy-517
818181.250492829,250,230,dummy-517
817953.018319759,250,230,dummy-43
818002.469647014,250,230,dummy-43
818027.51019275,250,230,dummy-43
818034.222318112,250,230,dummy-43
818080.572091407,250,230,dummy-43
817979.471808593,250,230,dummy-34
817993.724507883,250,230,dummy-34
818022.453723311,250,230,dummy-34
818064.532008942,250,230,dummy-34
818088.648176424,250,230,dummy-34
818117.902539997,250,230,dummy-34
818142.050673393,250,230,dummy-34
818168.366078858,250,230,dummy-34
817997.996370701,250,230,dummy-88
818072.95256751,250,230,dummy-88
817956.199482478,250,230,dummy-328
818017.965703516,250,230,dummy-328
818071.304196882,250,230,dummy-328
818115.507426419,250,230,dummy-328
817911.811437941,250,230,dummy-500
817940.824055536,250,230,dummy-500
817968.705947257,250,230,dummy-500
818086.206980291,250,230,dummy-500
818139.953332763,250,230,dummy-500
817899.465369501,250,230,dummy-763
817936.876328894,250,230,dummy-763
817977.163291955,250,230,dummy-763
818185.488557757,250,230,dummy-763
817952.952810768,250,230,dummy-571
818038.565150574,250,230,dummy-571
818075.063308406,250,230,dummy-571
818123.686207877,250,230,dummy-571
818164.488756527,250,230,dummy-571
818178.249244406,250,230,dummy-571
817926.965452553,250,230,dummy-600
817961.415929498,250,230,dummy-600
818032.483508417,250,230,dummy-600
818108.713510647,250,230,dummy-600
818120.734282388,250,230,dummy-600
818195.912383836,250,230,dummy-86
817989.897639728,250,230,dummy-739
818055.780314521,250,230,dummy-739
818074.112155772,250,230,dummy-739
818123.570072363,250,230,dummy-739
817954.988928141,250,230,dummy-269
818080.798924441,250,230,dummy-269
818128.318082005,250,230,dummy-269
817920.658419564,250,230,dummy-306
817929.883769347,250,230,dummy-306
818000.852362771,250,230,dummy-306
818002.987080179,250,230,dummy-306
818010.748187972,250,230,dummy-306
818055.272844793,250,230,dummy-306
818197.458493378,250,230,dummy-306
817902.601704267,250,230,dummy-402
817948.006478902,250,230,dummy-402
817978.629030422,250,230,dummy-402
818108.583760414,250,230,dummy-402
818126.925267615,250,230,dummy-402
818141.256891191,250,230,dummy-402
817900.353769329,250,230,dummy-155
817935.932130715,250,230,dummy-155
817941.111575085,250,230,dummy-155
818163.387185997,250,230,dummy-155
818173.226448777,250,230,dummy-155
817988.526598374,250,230,dummy-219
818013.307762871,250,230,dummy-219
818035.54284661,250,230,dummy-167
818064.483656047,250,230,dummy-167
817920.075653629,250,230,dummy-359
817920.989571691,250,230,dummy-359
817933.145089566,250,230,dummy-359
818161.18612883,250,230,dummy-359
818044.121788375,250,230,dummy-60
818100.141826182,250,230,dummy-60
818128.879729459,250,230,dummy-60
817906.155334419,250,230,dummy-582
818019.451449139,250,230,dummy-582
818063.95945165,250,230,dummy-582
818150.777879461,250,230,dummy-582
817932.200014981,250,230,dummy-786
817970.430086606,250,230,dummy-786
818012.861863074,250,230,dummy-786
818047.349584972,250,230,dummy-786
818055.623705692,250,230,dummy-786
818057.505355148,250,230,dummy-786
818060.365382734,250,230,dummy-786
817909.56213293,250,230,dummy-91
818085.743849929,250,230,dummy-91
818096.808024617,250,230,dummy-91
818121.603054554,250,230,dummy-91
818160.215538468,250,230,dummy-91
818178.376534425,250,230,dummy-91
818113.643996573,250,230,dummy-756
817899.236038334,250,230,dummy-409
818035.246336915,250,230,dummy-409
817916.660021583,250,230,dummy-431
817970.594057888,250,230,dummy-431
817988.335591196,250,230,dummy-431
817998.389824896,250,230,dummy-502
818002.027002559,250,230,dummy-502
818029.032360313,250,230,dummy-502
818030.586412264,250,230,dummy-502
817922.498309167,250,230,dummy-632
818036.330676463,250,230,dummy-632
818047.574630796,250,230,dummy-632
818054.63278939,250,230,dummy-632
818071.117289667,250,230,dummy-632
818085.4389329,250,230,dummy-632
818156.849911187,250,230,dummy-632
818187.872535257,250,230,dummy-632
818194.713250605,250,230,dummy-218
817984.488054422,250,230,dummy-598
818061.095814316,250,230,dummy-598
818139.32116048,250,230,dummy-598
818186.05328671,250,230,dummy-598
817957.339580009,250,230,dummy-206
817958.652405655,250,230,dummy-206
818019.310025099,250,230,dummy-206
818163.05750263,250,230,dummy-206
818173.275762563,250,230,dummy-206
817907.73626366,250,230,dummy-527
817959.375054792,250,230,dummy-527
818143.87693731,250,230,dummy-527
818080.186157899,250,230,dummy-410
818123.709526466,250,230,dummy-410
818130.102783527,250,230,dummy-410
818170.976450051,250,230,dummy-410
817955.728178343,250,230,dummy-154
818154.283569572,250,230,dummy-154
818165.027650404,250,230,dummy-154
818167.014897747,250,230,dummy-154
818163.109581325,250,230,dummy-46
818060.822632185,250,230,dummy-428
818131.976770611,250,230,dummy-428
817923.4846202,250,230,dummy-215
817928.954935,250,230,dummy-215
818000.39742084,250,230,dummy-215
818065.787510463,250,230,dummy-215
818092.754202724,250,230,dummy-215
818103.482082224,250,230,dummy-215
818109.094915153,250,230,dummy-215
818136.891810048,250,230,dummy-215
817899.242726026,250,230,dummy-672
817950.509098985,250,230,dummy-672
817974.55542407,250,230,dummy-672
817987.850868768,250,230,dummy-672
817994.01306767,250,230,dummy-672
818039.009852338,250,230,dummy-672
818050.43471376,250,230,dummy-672
818078.022352427,250,230,dummy-672
818107.038820093,250,230,dummy-672
818026.591978594,250,230,dummy-816
818069.435399159,250,230,dummy-816
818070.618029014,250,230,dummy-816
817943.310295916,250,230,dummy-452
817967.189353275,250,230,dummy-452
817970.660861576,250,230,dummy-452
818054.856701869,250,230,dummy-452
818071.558350329,250,230,dummy-452
817993.772406363,250,230,dummy-413
818142.572989221,250,230,dummy-413
817949.873086986,250,230,dummy-92
817967.744450078,250,230,dummy-92
818003.196290231,250,230,dummy-92
818006.670719272,250,230,dummy-92
818021.224831698,250,230,dummy-92
818158.615546443,250,230,dummy-92
817930.855999959,250,230,dummy-158
817974.856705712,250,230,dummy-158
817974.39429931,250,230,dummy-87
817979.908817009,250,230,dummy-87
818097.438593281,250,230,dummy-87
817942.71301275,250,230,dummy-123
818138.322746558,250,230,dummy-123
818166.082160738,250,230,dummy-123
818059.989754201,250,230,dummy-729
818098.431210638,250,230,dummy-729
817920.338013654,250,230,dummy-245
818189.720672799,250,230,dummy-245
817925.15991741,250,230,dummy-274
817999.13090032,250,230,dummy-274
818007.992047731,250,230,dummy-274
818023.511513781,250,230,dummy-274
818126.521970432,250,230,dummy-274
818130.46498988,250,230,dummy-274
818145.766524137,250,230,dummy-274
818180.410355698,250,230,dummy-274
817951.102130002,250,230,dummy-151
817968.280792263,250,230,dummy-151
818000.194442209,250,230,dummy-151
817923.626725525,250,230,dummy-788
817969.764773354,250,230,dummy-788
818017.980349977,250,230,dummy-788
818112.338418631,250,230,dummy-788
818155.280365393,250,230,dummy-788
818193.56494175,250,230,dummy-788
817919.059670225,250,230,dummy-252
818197.494992987,250,230,dummy-252
817925.635059414,250,230,dummy-179
817943.378866045,250,230,dummy-179
818004.17768165,250,230,dummy-179
818053.087417926,250,230,dummy-179
818081.461027361,250,230,dummy-179
818048.631363434,250,230,dummy-185
818072.652503883,250,230,dummy-185
818085.274398973,250,230,dummy-185
818096.997140785,250,230,dummy-185
817903.174487816,250,230,dummy-473
818009.687884089,250,230,dummy-473
818061.402027217,250,230,dummy-473
818152.89056869,250,230,dummy-473
818154.547970943,250,230,dummy-473
817899.280951722,250,230,dummy-299
818070.439714699,250,230,dummy-299
818114.172050852,250,230,dummy-299
818055.523275253,250,230,dummy-615
818130.681716656,250,230,dummy-615
818176.111472464,250,230,dummy-615
817939.354914108,250,230,dummy-535
817967.000492494,250,230,dummy-535
817974.168946888,250,230,dummy-597
817980.666145034,250,230,dummy-597
818010.10579242,250,230,dummy-597
818078.991412692,250,230,dummy-597
818165.757148652,250,230,dummy-597
817930.935837358,250,230,dummy-62
817948.686884985,250,230,dummy-62
818064.564509723,250,230,dummy-62
818094.496811485,250,230,dummy-62
818188.246722562,250,230,dummy-62
818033.137217648,250,230,dummy-782
818057.983486773,250,230,dummy-782
818158.631052675,250,230,dummy-270
817908.954539032,250,230,dummy-627
818013.044438259,250,230,dummy-627
818150.810100073,250,230,dummy-627
817903.729605737,250,230,dummy-574
818064.995374508,250,230,dummy-574
818170.66926485,250,230,dummy-574
817907.919782701,250,230,dummy-630
817928.555981287,250,230,dummy-630
818008.961941997,250,230,dummy-630
818193.49953582,250,230,dummy-630
817957.798847836,250,230,dummy-189
818009.224231529,250,230,dummy-189
818052.039409966,250,230,dummy-189
818087.882207474,250,230,dummy-189
818138.404799569,250,230,dummy-189
818156.224153412,250,230,dummy-189
818183.375780385,250,230,dummy-189
817942.144710318,250,230,dummy-184
817975.64176443,250,230,dummy-184
818020.445045335,250,230,dummy-184
818036.733987501,250,230,dummy-184
818042.754125286,250,230,dummy-184
818074.392386953,250,230,dummy-184
818029.653673731,250,230,dummy-223
818039.390350899,250,230,dummy-223
818063.813326173,250,230,dummy-223
818152.564618339,250,230,dummy-223
817969.188745397,250,230,dummy-89
818040.159136468,250,230,dummy-89
817993.265649667,250,230,dummy-139
818115.886141401,250,230,dummy-139
818196.320852769,250,230,dummy-139
817926.157959814,250,230,dummy-315
818030.479166827,250,230,dummy-315
818100.848244727,250,230,dummy-315
818104.250168441,250,230,dummy-71
817965.470581889,250,230,dummy-519
818124.235779304,250,230,dummy-519
818147.089388347,250,230,dummy-519
818172.14365719,250,230,dummy-519
818182.865095895,250,230,dummy-519
817939.506048076,250,230,dummy-150
817951.548702772,250,230,dummy-150
817979.940281681,250,230,dummy-150
818131.546308057,250,230,dummy-150
818133.014021816,250,230,dummy-150
817906.087132186,250,230,dummy-131
817972.95865815,250,230,dummy-131
818022.565697389,250,230,dummy-131
818054.873010593,250,230,dummy-131
818100.667190486,250,230,dummy-131
817943.509000135,250,230,dummy-557
818040.682719762,250,230,dummy-557
818099.12884578,250,230,dummy-557
818134.377269335,250,230,dummy-557
818177.492196049,250,230,dummy-557
817942.718972285,250,230,dummy-39
817971.832256991,250,230,dummy-39
818183.51391823,250,230,dummy-39
817979.587600974,250,230,dummy-742
817988.872585891,250,230,dummy-742
818025.65851711,250,230,dummy-742
818026.243652245,250,230,dummy-742
818093.612606615,250,230,dummy-742
818177.386613449,250,230,dummy-742
817907.903450074,250,230,dummy-669
818042.414064707,250,230,dummy-669
817946.643877226,250,230,dummy-377
817959.40137697,250,230,dummy-377
817961.873635281,250,230,dummy-377
818060.920068822,250,230,dummy-377
818063.059691933,250,230,dummy-377
818101.307409344,250,230,dummy-377
818128.732731154,250,230,dummy-377
818195.526589402,250,230,dummy-377
817918.238948819,250,230,dummy-207
817963.225718242,250,230,dummy-207
817918.092264555,250,230,dummy-507
817948.562447801,250,230,dummy-507
818123.193582645,250,230,dummy-507
817945.643187308,250,230,dummy-44
817972.722537933,250,230,dummy-44
817976.220510772,250,230,dummy-44
817990.795205181,250,230,dummy-44
818011.310422588,250,230,dummy-44
818013.35519298,250,230,dummy-44
818013.483842261,250,230,dummy-44
818026.059179252,250,230,dummy-44
818130.494803654,250,230,dummy-44
818182.27888994,250,230,dummy-44
818186.806873687,250,230,dummy-44
818059.413428462,250,230,dummy-773
818125.015102651,250,230,dummy-773
817907.987077368,250,230,dummy-18
818005.843011665,250,230,dummy-18
818120.278253502,250,230,dummy-18
818068.911874509,250,230,dummy-828
817910.435367509,250,230,dummy-463
817963.148414725,250,230,dummy-463
817972.031592696,250,230,dummy-463
818006.078584201,250,230,dummy-463
818026.679063233,250,230,dummy-463
818117.620902382,250,230,dummy-42
818186.615360697,250,230,dummy-42
817900.628786371,250,230,dummy-316
817933.825774598,250,230,dummy-316
818063.012519429,250,230,dummy-316
818171.400710651,250,230,dummy-316
818188.373210946,250,230,dummy-316
817922.792987923,250,230,dummy-29
817987.108943486,250,230,dummy-29
818037.80712415,250,230,dummy-29
818118.697373732,250,230,dummy-29
818174.897693206,250,230,dummy-29
818179.585602905,250,230,dummy-29
817904.885862415,250,230,dummy-497
817915.12473509,250,230,dummy-497
817963.934131906,250,230,dummy-497
818017.954165591,250,230,dummy-497
818090.381024622,250,230,dummy-497
818162.460220304,250,230,dummy-497
818085.428118487,250,230,dummy-6
818159.148549484,250,230,dummy-6
818181.500357391,250,230,dummy-6
817899.549065072,250,230,dummy-779
818006.482159582,250,230,dummy-779
818127.935717584,250,230,dummy-779
817931.809482189,250,230,dummy-152
818067.301702107,250,230,dummy-152
817928.233152156,250,230,dummy-178
818068.500446396,250,230,dummy-178
817911.765991662,250,230,dummy-697
817973.008777302,250,230,dummy-697
818054.378847358,250,230,dummy-697
818187.820773798,250,230,dummy-697
817912.979956995,250,230,dummy-51
817944.167802833,250,230,dummy-51
818036.934259208,250,230,dummy-51
818037.375595876,250,230,dummy-51
818011.0210392,250,230,dummy-282
818022.309609794,250,230,dummy-282
817978.328525272,250,230,dummy-23
817980.995199512,250,230,dummy-23
817994.453839167,250,230,dummy-23
818069.719334821,250,230,dummy-23
818092.463516381,250,230,dummy-23
818111.39348196,250,230,dummy-23
817923.906864968,250,230,dummy-707
817942.039148395,250,230,dummy-707
818061.28209499,250,230,dummy-707
817984.815584359,250,230,dummy-711
817998.235250643,250,230,dummy-711
818057.426514018,250,230,dummy-711
818107.131748938,250,230,dummy-711
818063.81803253,250,230,dummy-488
818114.860027808,250,230,dummy-488
818188.835835313,250,230,dummy-488
818026.335154255,250,230,dummy-354
818150.821276892,250,230,dummy-354
817944.344537177,250,230,dummy-495
817973.25584765,250,230,dummy-495
817989.652700634,250,230,dummy-495
818100.149497472,250,230,dummy-495
818114.575249796,250,230,dummy-495
818119.409522788,250,230,dummy-495
817968.61992117,250,230,dummy-778
818047.796618006,250,230,dummy-778
818126.352367877,250,230,dummy-778
818144.442400779,250,230,dummy-778
818062.783168704,250,230,dummy-199
818120.049480291,250,230,dummy-199
818018.111290456,250,230,dummy-129
818029.646575833,250,230,dummy-129
818109.806391716,250,230,dummy-129
818112.583615728,250,230,dummy-129
817936.0403637,250,230,dummy-371
817928.772455582,250,230,dummy-196
818107.349077582,250,230,dummy-196
818131.076399505,250,230,dummy-196
818152.988120858,250,230,dummy-196
817943.08539689,250,230,dummy-55
817984.069173922,250,230,dummy-55
817984.798070148,250,230,dummy-55
818019.641056904,250,230,dummy-55
818082.748938329,250,230,dummy-55
818150.276285753,250,230,dummy-55
817964.804091356,250,230,dummy-204
818154.382902908,250,230,dummy-204
818142.171681523,250,230,dummy-304
817915.425960094,250,230,dummy-15
817969.209505739,250,230,dummy-15
817971.999357687,250,230,dummy-15
817989.1877017,250,230,dummy-15
818135.803694895,250,230,dummy-15
818156.698489727,250,230,dummy-15
818109.856054808,250,230,dummy-12
817986.763489835,250,230,dummy-50
818134.283835045,250,230,dummy-50
818145.158432909,250,230,dummy-50
818184.648370397,250,230,dummy-50
818185.066927309,250,230,dummy-50
818187.724858477,250,230,dummy-50
817974.826712414,250,230,dummy-324
818063.931330556,250,230,dummy-324
818080.945492011,250,230,dummy-324
817977.237274582,250,230,dummy-638
818053.46326798,250,230,dummy-638
818157.733185986,250,230,dummy-638
817938.576571687,250,230,dummy-412
818061.991542269,250,230,dummy-412
818063.986180209,250,230,dummy-412
817914.345023349,250,230,dummy-639
817916.837256993,250,230,dummy-639
817967.848079251,250,230,dummy-639
818013.544757777,250,230,dummy-639
818134.352805341,250,230,dummy-639
818179.643215895,250,230,dummy-639
817920.872145063,250,230,dummy-723
817961.46273175,250,230,dummy-723
817979.113731473,250,230,dummy-723
817987.088732552,250,230,dummy-105
818047.277753166,250,230,dummy-105
818152.863473484,250,230,dummy-105
818196.274852863,250,230,dummy-105
817938.259172187,250,230,dummy-389
818113.186785628,250,230,dummy-389
817942.45817375,250,230,dummy-202
817946.106343313,250,230,dummy-202
818053.759493258,250,230,dummy-202
818075.046600979,250,230,dummy-202
817913.287705488,250,230,dummy-715
818020.091863964,250,230,dummy-715
818127.841441742,250,230,dummy-715
817906.365512111,250,230,dummy-479
817964.639397787,250,230,dummy-479
818071.840097445,250,230,dummy-479
818105.781694622,250,230,dummy-479
818115.686711636,250,230,dummy-479
817946.35392576,250,230,dummy-424
818032.652711412,250,230,dummy-424
818092.728816976,250,230,dummy-424
818155.007073996,250,230,dummy-424
817899.997279104,250,230,dummy-334
817999.154126674,250,230,dummy-334
818006.132408916,250,230,dummy-334
818016.831687285,250,230,dummy-334
818147.539849329,250,230,dummy-334
817991.55418132,250,230,dummy-5
818047.409619016,250,230,dummy-5
818083.881104945,250,230,dummy-5
818116.830113209,250,230,dummy-5
817900.50533552,250,230,dummy-721
818105.939777556,250,230,dummy-721
818115.624676619,250,230,dummy-718
818144.163384303,250,230,dummy-718
817993.552137108,250,230,dummy-752
818002.095894254,250,230,dummy-752
818037.291914858,250,230,dummy-752
818130.137847389,250,230,dummy-752
818195.559803873,250,230,dummy-752
817906.526813515,250,230,dummy-310
818091.66908506,250,230,dummy-310
818111.766089716,250,230,dummy-310
818159.96019089,250,230,dummy-310
818192.163248452,250,230,dummy-310
818196.048675262,250,230,dummy-310
817970.514608651,250,230,dummy-781
817999.653717402,250,230,dummy-781
818023.127416937,250,230,dummy-781
818147.165283277,250,230,dummy-781
818176.384320942,250,230,dummy-781
817996.009584657,250,230,dummy-264
817899.541759425,250,230,dummy-266
818075.443275065,250,230,dummy-266
818123.021520434,250,230,dummy-266
818013.88215295,250,230,dummy-645
818019.120268656,250,230,dummy-645
818041.709264157,250,230,dummy-645
817946.757453571,250,230,dummy-416
818004.832228376,250,230,dummy-416
818021.21005217,250,230,dummy-416
818109.331702847,250,230,dummy-416
818196.700958883,250,230,dummy-416
817945.22414108,250,230,dummy-90
818061.622133063,250,230,dummy-90
818075.665019113,250,230,dummy-90
818076.822096462,250,230,dummy-90
818124.287382524,250,230,dummy-90
818001.370214857,250,230,dummy-539
818065.147749943,250,230,dummy-539
818084.654401647,250,230,dummy-539
818191.931366185,250,230,dummy-539
818197.429520339,250,230,dummy-539
817909.157278801,250,230,dummy-198
817928.795056075,250,230,dummy-198
817937.542903133,250,230,dummy-198
818136.023042859,250,230,dummy-198
817905.054026788,250,230,dummy-113
817937.629209137,250,230,dummy-113
817961.651381482,250,230,dummy-113
818035.211052722,250,230,dummy-113
817979.629768539,250,230,dummy-140
818023.240421871,250,230,dummy-140
818121.741589163,250,230,dummy-140
818165.944886108,250,230,dummy-140
817972.37586321,250,230,dummy-677
818059.356098641,250,230,dummy-677
818160.93101832,250,230,dummy-677
817911.917953801,250,230,dummy-111
818014.890429996,250,230,dummy-111
818107.759847507,250,230,dummy-111
817920.688949105,250,230,dummy-459
817945.282625861,250,230,dummy-459
818038.639742821,250,230,dummy-459
818098.902120158,250,230,dummy-459
818130.658124204,250,230,dummy-459
818171.103016143,250,230,dummy-459
818183.371841191,250,230,dummy-459
818195.893792719,250,230,dummy-459
817902.963205668,250,230,dummy-545
818023.796316622,250,230,dummy-545
818054.627652324,250,230,dummy-545
818109.279254022,250,230,dummy-545
818116.105634721,250,230,dummy-545
817918.110713244,250,230,dummy-246
817996.942371335,250,230,dummy-246
818045.440169555,250,230,dummy-246
818101.71496095,250,230,dummy-246
817967.559532966,250,230,dummy-153
817973.245414758,250,230,dummy-153
818102.730618595,250,230,dummy-153
818125.101633166,250,230,dummy-153
817901.755799179,250,230,dummy-676
817918.172214747,250,230,dummy-676
818022.195281428,250,230,dummy-676
818024.572412194,250,230,dummy-676
818092.547460373,250,230,dummy-676
817990.965895884,250,230,dummy-661
817992.235725512,250,230,dummy-661
817930.37714921,250,230,dummy-777
818161.87039443,250,230,dummy-777
817998.1253647,250,230,dummy-760
818015.398869172,250,230,dummy-760
818019.443200949,250,230,dummy-760
818040.395040386,250,230,dummy-760
818133.409669634,250,230,dummy-760
818162.468801422,250,230,dummy-760
818163.452581649,250,230,dummy-760
817931.477950806,250,230,dummy-285
818029.650091639,250,230,dummy-285
818091.579324984,250,230,dummy-285
818119.16541556,250,230,dummy-285
817948.150937721,250,230,dummy-398
818061.140545342,250,230,dummy-318
818099.12306135,250,230,dummy-318
817900.375465541,250,230,dummy-177
818121.694080377,250,230,dummy-177
818124.887641574,250,230,dummy-177
818150.327743706,250,230,dummy-177
817938.654973228,250,230,dummy-368
818048.929896887,250,230,dummy-368
818101.414097449,250,230,dummy-368
818110.544992164,250,230,dummy-368
818113.646425778,250,230,dummy-368
818176.843488808,250,230,dummy-368
817937.802048005,250,230,dummy-295
817987.079508379,250,230,dummy-295
818064.884163706,250,230,dummy-295
818088.752740796,250,230,dummy-295
818171.870552609,250,230,dummy-295
818048.709464602,250,230,dummy-396
818048.782203752,250,230,dummy-396
818054.573002933,250,230,dummy-396
818081.728834291,250,230,dummy-396
818108.943303074,250,230,dummy-396
818089.53319724,250,230,dummy-19
818100.192860942,250,230,dummy-19
817982.384693145,250,230,dummy-157
818034.939190128,250,230,dummy-157
818038.317381177,250,230,dummy-157
818056.270060941,250,230,dummy-157
818098.069801265,250,230,dummy-157
818162.230469319,250,230,dummy-157
817940.760801683,250,230,dummy-147
817949.210549141,250,230,dummy-147
817958.129683756,250,230,dummy-651
817985.687518636,250,230,dummy-651
818011.233154973,250,230,dummy-651
818014.434574524,250,230,dummy-651
818056.626421385,250,230,dummy-651
818089.761209515,250,230,dummy-651
818139.318603461,250,230,dummy-651
818152.062473513,250,230,dummy-651
817956.971552603,250,230,dummy-47
818046.036531572,250,230,dummy-47
818107.209838161,250,230,dummy-47
818107.837455006,250,230,dummy-47
818111.303180349,250,230,dummy-47
818126.513751444,250,230,dummy-344
818175.554310205,250,230,dummy-344
818194.732974023,250,230,dummy-344
817901.187957561,250,230,dummy-141
818066.625397351,250,230,dummy-141
818086.746962556,250,230,dummy-141
817947.744974669,250,230,dummy-552
817978.40820078,250,230,dummy-552
818000.803038279,250,230,dummy-552
818130.344942245,250,230,dummy-552
818160.270688025,250,230,dummy-552
818045.92764576,250,230,dummy-531
818055.502988508,250,230,dummy-531
818122.727739831,250,230,dummy-531
817992.986547383,250,230,dummy-586
818129.331141915,250,230,dummy-586
818026.354344369,250,230,dummy-811
818168.204064896,250,230,dummy-811
817945.326561275,250,230,dummy-386
818061.936391745,250,230,dummy-386
818123.144167065,250,230,dummy-386
817915.732570331,250,230,dummy-701
818027.680187577,250,230,dummy-701
817972.495220427,250,230,dummy-308
818092.915978308,250,230,dummy-308
818128.311116059,250,230,dummy-308
818005.456361369,250,230,dummy-521
818105.681602224,250,230,dummy-521
818142.499312509,250,230,dummy-521
817904.324421722,250,230,dummy-164
817938.564959457,250,230,dummy-164
817994.35456852,250,230,dummy-164
818115.178603665,250,230,dummy-164
818160.074202317,250,230,dummy-164
818022.21783789,250,230,dummy-404
818067.88605791,250,230,dummy-404
817911.889898811,250,230,dummy-807
818115.686690338,250,230,dummy-807
818155.130699604,250,230,dummy-807
817951.857916572,250,230,dummy-357
818182.740872562,250,230,dummy-357
817902.311403488,250,230,dummy-671
817933.90591364,250,230,dummy-671
818065.745890942,250,230,dummy-671
818092.422722349,250,230,dummy-671
818117.999532257,250,230,dummy-671
818170.040522956,250,230,dummy-671
817941.999552821,250,230,dummy-625
818080.034818751,250,230,dummy-625
818145.287540743,250,230,dummy-625
818175.71198339,250,230,dummy-625
817907.923255533,250,230,dummy-583
817913.630844759,250,230,dummy-583
817921.853991684,250,230,dummy-583
817981.338396562,250,230,dummy-583
818190.745347686,250,230,dummy-583
818196.172622134,250,230,dummy-583
818196.178959252,250,230,dummy-583
817969.643559748,250,230,dummy-529
818006.995630816,250,230,dummy-529
818020.137379238,250,230,dummy-529
818023.427479594,250,230,dummy-257
818043.025671753,250,230,dummy-257
818174.095107499,250,230,dummy-257
817905.207995621,250,230,dummy-122
817920.634341343,250,230,dummy-122
818014.719871303,250,230,dummy-122
818065.242353663,250,230,dummy-480
817974.264622065,250,230,dummy-305
818105.019149077,250,230,dummy-305
818142.330496701,250,230,dummy-305
817946.802935481,250,230,dummy-472
817972.452671722,250,230,dummy-472
818121.788516567,250,230,dummy-472
817948.804282646,250,230,dummy-277
817978.90730054,250,230,dummy-277
818037.100060394,250,230,dummy-277
818157.057288394,250,230,dummy-277
818113.446361474,250,230,dummy-390
818140.541304759,250,230,dummy-390
817907.769968616,250,230,dummy-343
817920.859852523,250,230,dummy-343
817979.690704748,250,230,dummy-343
818083.986928214,250,230,dummy-343
818159.145174473,250,230,dummy-343
818176.813854269,250,230,dummy-343
818099.458955956,250,230,dummy-59
818117.099061858,250,230,dummy-59
818134.705792625,250,230,dummy-59
818193.743625458,250,230,dummy-59
817905.999313289,250,230,dummy-254
817914.113616734,250,230,dummy-254
818012.805911068,250,230,dummy-254
818166.048880668,250,230,dummy-254
818177.632685271,250,230,dummy-254
818195.072459917,250,230,dummy-254
817919.650706532,250,230,dummy-780
817949.410686199,250,230,dummy-780
818143.981929697,250,230,dummy-780
818189.577742839,250,230,dummy-780
817974.906705019,250,230,dummy-658
818090.129912689,250,230,dummy-658
818097.937994269,250,230,dummy-658
818106.812609201,250,230,dummy-658
818002.875712435,250,230,dummy-716
818003.619351933,250,230,dummy-716
818016.436696924,250,230,dummy-716
818083.613878445,250,230,dummy-716
818084.091412196,250,230,dummy-716
818090.427887687,250,230,dummy-716
818152.139232126,250,230,dummy-716
818001.793699341,250,230,dummy-681
818007.457399991,250,230,dummy-681
818018.565196565,250,230,dummy-681
818116.312837832,250,230,dummy-681
817984.261677612,250,230,dummy-611
818009.491245936,250,230,dummy-611
818092.087672907,250,230,dummy-611
818105.63406571,250,230,dummy-611
817989.513343434,250,230,dummy-455
818068.570266552,250,230,dummy-455
818103.429790937,250,230,dummy-455
818062.24428258,250,230,dummy-666
818070.571629004,250,230,dummy-666
818119.040529426,250,230,dummy-666
818143.023634897,250,230,dummy-666
817915.475784364,250,230,dummy-563
817937.819311011,250,230,dummy-563
818185.9905839,250,230,dummy-563
817938.9529739,250,230,dummy-63
818002.629227886,250,230,dummy-63
818007.478533035,250,230,dummy-63
818007.863539489,250,230,dummy-63
818103.682087622,250,230,dummy-63
818114.236372064,250,230,dummy-63
817966.589007791,250,230,dummy-115
817977.500930719,250,230,dummy-115
817981.123632105,250,230,dummy-115
818004.702525381,250,230,dummy-115
818109.335073998,250,230,dummy-115
817902.699147203,250,230,dummy-313
818099.880580463,250,230,dummy-313
817914.760346455,250,230,dummy-309
817984.604306878,250,230,dummy-309
818023.401654595,250,230,dummy-309
817932.314861986,250,230,dummy-694
817998.075457143,250,230,dummy-694
818032.426569839,250,230,dummy-694
818100.999822773,250,230,dummy-694
818194.864403711,250,230,dummy-694
818065.826763506,250,230,dummy-783
818095.909636241,250,230,dummy-783
818122.020236369,250,230,dummy-783
817922.235868028,250,230,dummy-393
818095.278134015,250,230,dummy-393
818190.08840458,250,230,dummy-393
818032.389772274,250,230,dummy-728
817966.790975377,250,230,dummy-798
818001.287874087,250,230,dummy-798
818050.290527475,250,230,dummy-798
818098.097679185,250,230,dummy-798
818108.599705737,250,230,dummy-798
817965.85422223,250,230,dummy-41
818000.153260671,250,230,dummy-41
818135.89610072,250,230,dummy-41
818176.452132767,250,230,dummy-41
818129.994986854,250,230,dummy-731
817959.378781362,250,230,dummy-426
818004.846136652,250,230,dummy-69
818005.344397717,250,230,dummy-69
818088.038167393,250,230,dummy-69
818120.811163238,250,230,dummy-69
818162.8204777,250,230,dummy-69
818036.049295747,250,230,dummy-335
818007.365066587,250,230,dummy-441
818013.655237798,250,230,dummy-441
818130.96993785,250,230,dummy-441
818156.770896534,250,230,dummy-441
818177.205397017,250,230,dummy-441
818011.547941306,250,230,dummy-713
818063.078356739,250,230,dummy-713
818136.709180017,250,230,dummy-713
817924.500731393,250,230,dummy-654
818113.85549918,250,230,dummy-654
818156.605706217,250,230,dummy-654
817901.114758048,250,230,dummy-369
817913.910701327,250,230,dummy-369
817985.802697237,250,230,dummy-369
818160.326416277,250,230,dummy-369
818176.799627291,250,230,dummy-369
817902.885110408,250,230,dummy-130
817971.850282894,250,230,dummy-130
817976.25287073,250,230,dummy-130
818128.665292261,250,230,dummy-130
817954.315564273,250,230,dummy-331
817963.099928228,250,230,dummy-331
818007.842670185,250,230,dummy-331
818110.260802825,250,230,dummy-331
817921.323191868,250,230,dummy-621
817924.831826382,250,230,dummy-621
818187.283354938,250,230,dummy-621
817907.223612175,250,230,dummy-821
818093.992134483,250,230,dummy-821
817921.397475459,250,230,dummy-119
818117.007506517,250,230,dummy-119
818129.951460872,250,230,dummy-119
817928.566845222,250,230,dummy-280
818039.80234375,250,230,dummy-280
818088.263213882,250,230,dummy-280
818133.599086293,250,230,dummy-280
818154.303978203,250,230,dummy-761
817954.95582851,250,230,dummy-401
818031.376042343,250,230,dummy-401
818041.042114123,250,230,dummy-401
818111.421490568,250,230,dummy-401
818147.758233051,250,230,dummy-401
818102.117209633,250,230,dummy-237
818131.692596206,250,230,dummy-237
817934.084336983,250,230,dummy-737
817938.274138882,250,230,dummy-737
818019.697984634,250,230,dummy-737
817946.283641479,250,230,dummy-543
818072.397368375,250,230,dummy-543
818085.859330437,250,230,dummy-543
818091.941027017,250,230,dummy-543
818105.77572481,250,230,dummy-194
818150.532861278,250,230,dummy-194
817913.659198492,250,230,dummy-558
817971.535876827,250,230,dummy-558
818010.176107501,250,230,dummy-558
818025.051775889,250,230,dummy-558
818045.421999706,250,230,dummy-558
818144.593476461,250,230,dummy-558
818169.30938231,250,230,dummy-558
817974.680492266,250,230,dummy-128
817992.285292636,250,230,dummy-128
818067.153186179,250,230,dummy-128
818066.465164729,250,230,dummy-550
817987.108975905,250,230,dummy-803
818101.095773803,250,230,dummy-803
818142.050617566,250,230,dummy-803
818074.352599077,250,230,dummy-617
817943.210703849,250,230,dummy-784
817964.906159874,250,230,dummy-784
818093.607635707,250,230,dummy-784
818105.46231942,250,230,dummy-784
817911.913036618,250,230,dummy-436
818042.80264496,250,230,dummy-436
818180.734364541,250,230,dummy-436
817969.41512628,250,230,dummy-425
817980.701688458,250,230,dummy-425
817935.6995366,250,230,dummy-530
817979.950376999,250,230,dummy-530
817982.631514732,250,230,dummy-530
818027.12552093,250,230,dummy-530
818113.848433579,250,230,dummy-530
817919.707994133,250,230,dummy-399
818045.029560947,250,230,dummy-399
817909.196107596,250,230,dummy-525
817923.370209617,250,230,dummy-525
818045.746135701,250,230,dummy-525
818148.200942924,250,230,dummy-525
817956.808645395,250,230,dummy-104
818047.439471279,250,230,dummy-104
817946.938926881,250,230,dummy-64
818043.749378188,250,230,dummy-64
817998.86199799,250,230,dummy-45
818144.143789053,250,230,dummy-45
817920.515124401,250,230,dummy-341
818147.843832442,250,230,dummy-341
817916.811971778,250,230,dummy-276
817927.894176845,250,230,dummy-276
817958.34312768,250,230,dummy-276
818046.353887648,250,230,dummy-276
818073.356778551,250,230,dummy-276
818081.102794047,250,230,dummy-276
818150.518884054,250,230,dummy-276
817946.199738566,250,230,dummy-186
818197.685595799,250,230,dummy-186
817914.400652384,250,230,dummy-513
817934.731956778,250,230,dummy-513
818157.513231261,250,230,dummy-513
817974.063231525,250,230,dummy-815
818054.970441334,250,230,dummy-181
818162.304883713,250,230,dummy-181
817946.642458314,250,230,dummy-746
817949.634010891,250,230,dummy-746
818132.75930835,250,230,dummy-746
817929.564044515,250,230,dummy-622
818135.155749266,250,230,dummy-622
818149.891719728,250,230,dummy-622
818184.866544057,250,230,dummy-622
817979.117269577,250,230,dummy-145
817991.56228597,250,230,dummy-145
817993.865159823,250,230,dummy-145
818024.187132967,250,230,dummy-145
818074.061682526,250,230,dummy-145
818130.812187417,250,230,dummy-145
818142.511617421,250,230,dummy-145
818173.454439599,250,230,dummy-145
818181.361911932,250,230,dummy-145
817926.634620888,250,230,dummy-241
817967.105497174,250,230,dummy-241
818048.963693897,250,230,dummy-241
818072.142756901,250,230,dummy-241
818077.251234421,250,230,dummy-241
818192.980419004,250,230,dummy-241
817924.390050148,250,230,dummy-72
817983.452745769,250,230,dummy-72
818005.194853084,250,230,dummy-72
818065.953850301,250,230,dummy-72
817904.710254034,250,230,dummy-602
818105.328718417,250,230,dummy-602
817995.100902973,250,230,dummy-592
818021.915255317,250,230,dummy-592
818042.905790823,250,230,dummy-592
818106.415339797,250,230,dummy-592
818108.458330238,250,230,dummy-592
818023.092632129,250,230,dummy-719
818031.702122772,250,230,dummy-719
818144.857393904,250,230,dummy-719
818181.365800491,250,230,dummy-719
817962.170936587,250,230,dummy-628
817992.703325406,250,230,dummy-628
818067.269882464,250,230,dummy-628
818117.323723763,250,230,dummy-628
818122.261240441,250,230,dummy-628
818155.73764504,250,230,dummy-628
818188.45636141,250,230,dummy-628
818068.70237336,250,230,dummy-422
817942.063175142,250,230,dummy-663
818018.377231418,250,230,dummy-663
818115.949572932,250,230,dummy-663
817969.683154116,250,230,dummy-623
818080.142002083,250,230,dummy-623
818156.332405049,250,230,dummy-623
818172.905307997,250,230,dummy-623
817919.875418473,250,230,dummy-190
818020.337151661,250,230,dummy-190
818023.927167236,250,230,dummy-190
818159.713378908,250,230,dummy-190
817935.223457462,250,230,dummy-588
818048.533922441,250,230,dummy-588
818060.785147959,250,230,dummy-588
818103.389889335,250,230,dummy-588
817922.556243185,250,230,dummy-78
817923.933881478,250,230,dummy-78
817938.2348757,250,230,dummy-78
817973.825595485,250,230,dummy-78
818021.916800297,250,230,dummy-78
818053.470791137,250,230,dummy-78
818111.647794451,250,230,dummy-78
818162.662892278,250,230,dummy-78
817971.301767804,250,230,dummy-247
818014.513439686,250,230,dummy-247
818036.336459224,250,230,dummy-247
818059.184843842,250,230,dummy-247
818171.408311055,250,230,dummy-247
818194.443224875,250,230,dummy-247
818071.858132815,250,230,dummy-73
818112.792730093,250,230,dummy-73
818134.149995119,250,230,dummy-73
817992.25137276,250,230,dummy-361
817934.700725429,250,230,dummy-32
817899.433635288,250,230,dummy-13
817941.607999022,250,230,dummy-13
817946.026606299,250,230,dummy-13
818008.734607061,250,230,dummy-13
818044.326215087,250,230,dummy-13
818121.91138233,250,230,dummy-13
818139.760619526,250,230,dummy-13
817922.588936478,250,230,dummy-724
818195.62291539,250,230,dummy-724
818040.914994845,250,230,dummy-569
818122.223540961,250,230,dummy-569
818145.01828074,250,230,dummy-569
817900.291104104,250,230,dummy-735
817912.386976052,250,230,dummy-735
817931.634726533,250,230,dummy-735
818142.095772024,250,230,dummy-735
818150.340592144,250,230,dummy-735
817943.713338984,250,230,dummy-84
818182.228752237,250,230,dummy-84
817988.920400754,250,230,dummy-312
818008.724839389,250,230,dummy-312
818046.400696064,250,230,dummy-312
818072.128240336,250,230,dummy-312
817929.718758961,250,230,dummy-103
817983.004497566,250,230,dummy-103
818122.781151738,250,230,dummy-103
817995.278349928,250,230,dummy-675
817940.000996249,250,230,dummy-85
818082.244701324,250,230,dummy-85
817902.387544374,250,230,dummy-804
817932.836494748,250,230,dummy-804
817934.409685359,250,230,dummy-804
818053.12582379,250,230,dummy-804
817939.9021489,250,230,dummy-700
817978.502806395,250,230,dummy-700
817995.235868491,250,230,dummy-700
818042.285928271,250,230,dummy-700
818095.909136363,250,230,dummy-700
818141.489553574,250,230,dummy-700
818169.340749708,250,230,dummy-700
818102.785301384,250,230,dummy-83
818136.399416639,250,230,dummy-83
818150.837448091,250,230,dummy-83
818016.976134133,250,230,dummy-35
818075.433530847,250,230,dummy-35
817910.703878559,250,230,dummy-394
817916.440518692,250,230,dummy-394
818153.798197585,250,230,dummy-394
817924.590311206,250,230,dummy-515
817988.931325853,250,230,dummy-515
818113.417633969,250,230,dummy-515
818164.999984451,250,230,dummy-515
817933.045208867,250,230,dummy-499
817973.808139911,250,230,dummy-499
818032.524566566,250,230,dummy-499
818038.147362269,250,230,dummy-499
818069.380719016,250,230,dummy-499
818120.281695832,250,230,dummy-499
818195.654738522,250,230,dummy-499
817923.363055336,250,230,dummy-406
817930.332428616,250,230,dummy-271
817969.818045224,250,230,dummy-271
818069.880713608,250,230,dummy-271
818100.150805317,250,230,dummy-271
818149.104785837,250,230,dummy-271
817960.891467474,250,230,dummy-149
818088.882931078,250,230,dummy-149
818107.374402702,250,230,dummy-149
818137.997042366,250,230,dummy-149
818181.159094914,250,230,dummy-149
817930.618208977,250,230,dummy-267
818032.532523863,250,230,dummy-267
818001.591054663,250,230,dummy-824
818078.376333051,250,230,dummy-824
818106.993939453,250,230,dummy-824
818121.893928629,250,230,dummy-824
817976.023904057,250,230,dummy-584
817983.82004425,250,230,dummy-584
818160.96040051,250,230,dummy-584
818178.783247905,250,230,dummy-584
818188.58275036,250,230,dummy-584
817972.050075901,250,230,dummy-793
818028.554720958,250,230,dummy-793
818079.57651511,250,230,dummy-27
818098.275720611,250,230,dummy-27
818153.307160302,250,230,dummy-27
818155.4970165,250,230,dummy-27
818185.87029036,250,230,dummy-27
817908.49176676,250,230,dummy-109
817941.247862177,250,230,dummy-109
817949.482527144,250,230,dummy-109
817951.523802291,250,230,dummy-109
817981.97106184,250,230,dummy-109
818008.958348292,250,230,dummy-109
818085.656982432,250,230,dummy-109
817909.222896574,250,230,dummy-26
817936.71758914,250,230,dummy-26
818001.546061444,250,230,dummy-26
818099.113430901,250,230,dummy-26
818143.783568756,250,230,dummy-26
818185.076568108,250,230,dummy-26
818175.747104884,250,230,dummy-253
818067.032346493,250,230,dummy-599
818084.010523569,250,230,dummy-599
817936.525258623,250,230,dummy-806
817993.934657825,250,230,dummy-806
818067.154521018,250,230,dummy-806
817937.700766033,250,230,dummy-272
818051.270585225,250,230,dummy-272
818103.366476857,250,230,dummy-272
818183.534011665,250,230,dummy-272
817940.791172881,250,230,dummy-758
818102.25327626,250,230,dummy-758
818108.024050819,250,230,dummy-758
817975.635118494,250,230,dummy-94
818048.179087232,250,230,dummy-94
818126.176016799,250,230,dummy-94
818131.237490688,250,230,dummy-94
818168.780782102,250,230,dummy-176
817960.283140667,250,230,dummy-794
817980.347592958,250,230,dummy-794
818038.307994896,250,230,dummy-794
817920.440497182,250,230,dummy-81
817933.633889289,250,230,dummy-81
818068.723855214,250,230,dummy-81
817903.48645369,250,230,dummy-561
817970.605472458,250,230,dummy-561
817979.614775822,250,230,dummy-561
818046.363935957,250,230,dummy-561
818102.071070533,250,230,dummy-561
818153.628974145,250,230,dummy-561
817903.396244182,250,230,dummy-612
817950.987008633,250,230,dummy-612
817962.340938694,250,230,dummy-612
818046.248899861,250,230,dummy-612
818090.458265531,250,230,dummy-612
818108.15142743,250,230,dummy-612
818194.385563562,250,230,dummy-612
817982.615740711,250,230,dummy-613
818013.668966196,250,230,dummy-613
818075.271335578,250,230,dummy-613
818083.053376632,250,230,dummy-613
818128.640544571,250,230,dummy-613
818159.31428485,250,230,dummy-613
817997.095161352,250,230,dummy-16
818031.246075838,250,230,dummy-16
818033.539678234,250,230,dummy-16
818111.765574495,250,230,dummy-16
817913.004403086,250,230,dummy-265
817933.8690389,250,230,dummy-265
817937.234350294,250,230,dummy-265
817947.363145206,250,230,dummy-265
818030.337785092,250,230,dummy-265
818110.292842038,250,230,dummy-265
818167.118107317,250,230,dummy-265
817943.137439143,250,230,dummy-320
818060.086824982,250,230,dummy-320
818128.843073448,250,230,dummy-320
818197.455152979,250,230,dummy-320
817939.755867539,250,230,dummy-695
818088.983855903,250,230,dummy-695
817909.179872512,250,230,dummy-696
818027.843748968,250,230,dummy-801
818028.944353737,250,230,dummy-801
818185.97013043,250,230,dummy-801
817907.463022224,250,230,dummy-1
817915.868794844,250,230,dummy-1
817993.381251263,250,230,dummy-1
818159.636747508,250,230,dummy-1
818171.01178335,250,230,dummy-1
818057.440494017,250,230,dummy-509
818190.422502796,250,230,dummy-509
818193.702452047,250,230,dummy-509
817910.715632641,250,230,dummy-231
818079.789680121,250,230,dummy-231
818128.148770162,250,230,dummy-173
817917.915445108,250,230,dummy-211
817977.607391233,250,230,dummy-211
818118.65295386,250,230,dummy-211
818132.201620216,250,230,dummy-211
818043.501424897,250,230,dummy-191
818054.165539041,250,230,dummy-191
818078.702541911,250,230,dummy-191
818102.720896581,250,230,dummy-191
817935.410965219,250,230,dummy-233
817945.326531207,250,230,dummy-233
818043.803849072,250,230,dummy-233
818087.229571635,250,230,dummy-233
818137.257290314,250,230,dummy-233
817966.85184881,250,230,dummy-616
818168.649837178,250,230,dummy-616
818177.535426108,250,230,dummy-616
817935.936722133,250,230,dummy-830
817962.009119092,250,230,dummy-830
818086.811602011,250,230,dummy-830
818101.380632113,250,230,dummy-830
817900.271445545,250,230,dummy-193
817953.129776027,250,230,dummy-193
818171.998170142,250,230,dummy-193
818056.470772493,250,230,dummy-346
818079.255350797,250,230,dummy-346
818080.123359998,250,230,dummy-346
818110.726970497,250,230,dummy-346
818121.721037116,250,230,dummy-346
818160.240163125,250,230,dummy-346
818019.59138932,250,230,dummy-234
818095.021041794,250,230,dummy-234
818124.209308985,250,230,dummy-234
818000.955701798,250,230,dummy-580
818102.474316566,250,230,dummy-580
817983.36168262,250,230,dummy-596
817990.071490162,250,230,dummy-596
818134.970230789,250,230,dummy-596
818160.98166805,250,230,dummy-596
818197.701702612,250,230,dummy-596
817946.701325622,250,230,dummy-110
817953.702536969,250,230,dummy-110
817964.999291898,250,230,dummy-110
817994.792931372,250,230,dummy-110
818004.302980422,250,230,dummy-110
818080.615481522,250,230,dummy-110
818137.402497602,250,230,dummy-110
818150.943561406,250,230,dummy-110
818159.04476882,250,230,dummy-110
818182.998590621,250,230,dummy-110
817905.419931022,250,230,dummy-593
817915.276196876,250,230,dummy-593
817916.970287223,250,230,dummy-593
817922.613178284,250,230,dummy-593
817998.986605723,250,230,dummy-593
818030.662628508,250,230,dummy-593
818114.694375359,250,230,dummy-593
818132.563249455,250,230,dummy-593
817971.773561839,250,230,dummy-40
818142.446982623,250,230,dummy-40
817933.617090336,250,230,dummy-8
817997.293926107,250,230,dummy-8
818157.618414057,250,230,dummy-8
818186.289683929,250,230,dummy-8
818063.893295257,250,230,dummy-748
818166.978233213,250,230,dummy-748
818193.112101042,250,230,dummy-748
817969.439997069,250,230,dummy-160
818077.313521897,250,230,dummy-160
818139.349730485,250,230,dummy-160
818193.862973456,250,230,dummy-160
818153.420290374,250,230,dummy-726
818183.276250067,250,230,dummy-726
818172.76958195,250,230,dummy-174
818182.651814688,250,230,dummy-174
818190.495030109,250,230,dummy-174
817928.53165397,250,230,dummy-714
817937.318050097,250,230,dummy-714
818059.025763667,250,230,dummy-714
818072.022198595,250,230,dummy-714
818080.741228549,250,230,dummy-714
817939.746618083,250,230,dummy-447
818174.453371009,250,230,dummy-447
817980.967799127,250,230,dummy-175
818130.1553289,250,230,dummy-175
818078.75284615,250,230,dummy-787
817965.427853151,250,230,dummy-589
817993.762471077,250,230,dummy-589
818152.100849367,250,230,dummy-589
817968.547565753,250,230,dummy-590
817971.886522885,250,230,dummy-590
817981.409591213,250,230,dummy-590
817991.234308132,250,230,dummy-590
818022.77958826,250,230,dummy-590
818105.500582915,250,230,dummy-590
818114.483536265,250,230,dummy-590
817938.546455617,250,230,dummy-126
818056.165739625,250,230,dummy-126
818175.450894795,250,230,dummy-126
817898.136695591,250,230,dummy-364
818031.817390683,250,230,dummy-364
818065.016562376,250,230,dummy-364
818153.633694824,250,230,dummy-364
818192.476669196,250,230,dummy-364
817956.334928697,250,230,dummy-771
817985.465379802,250,230,dummy-771
818004.073116335,250,230,dummy-771
818005.28140383,250,230,dummy-771
817948.807827753,250,230,dummy-814
817985.206371139,250,230,dummy-814
818157.763859163,250,230,dummy-814
818182.136250068,250,230,dummy-814
817898.887689888,250,230,dummy-690
817942.20599743,250,230,dummy-690
817951.425422246,250,230,dummy-659
817960.02046252,250,230,dummy-659
818105.136514659,250,230,dummy-659
818137.405574857,250,230,dummy-659
818189.199834299,250,230,dummy-659
818053.583055967,250,230,dummy-767
818173.700707916,250,230,dummy-767
818195.872397073,250,230,dummy-767
817914.834363274,250,230,dummy-489
817923.931231633,250,230,dummy-489
817968.007780117,250,230,dummy-489
818039.516968214,250,230,dummy-489
818107.468855747,250,230,dummy-489
818120.817099474,250,230,dummy-489
818128.253711363,250,230,dummy-489
818145.565048008,250,230,dummy-489
818173.658484881,250,230,dummy-489
818188.285370956,250,230,dummy-489
818142.099158422,250,230,dummy-710
818197.749229487,250,230,dummy-710
817919.636646838,250,230,dummy-465
818058.491505702,250,230,dummy-465
818100.607382029,250,230,dummy-465
818197.328237481,250,230,dummy-465
817914.307426031,250,230,dummy-127
817973.03910626,250,230,dummy-127
818062.465507153,250,230,dummy-127
818063.841504676,250,230,dummy-127
818160.785971183,250,230,dummy-127
817927.23408,250,230,dummy-747
818007.642395337,250,230,dummy-747
818072.195703385,250,230,dummy-747
818119.979174245,250,230,dummy-747
818131.604485495,250,230,dummy-747
818153.618564419,250,230,dummy-747
817906.761217407,250,230,dummy-258
818010.207323418,250,230,dummy-258
818024.105345426,250,230,dummy-258
818027.860395324,250,230,dummy-258
818103.638307877,250,230,dummy-258
817919.113141441,250,230,dummy-352
817920.201885617,250,230,dummy-352
817924.396560371,250,230,dummy-352
817927.26085826,250,230,dummy-352
817948.2296534,250,230,dummy-352
817939.461264221,250,230,dummy-326
817968.566292532,250,230,dummy-296
817992.421626724,250,230,dummy-296
818045.939515962,250,230,dummy-296
817899.412309215,250,230,dummy-48
818005.14045591,250,230,dummy-48
818005.888004857,250,230,dummy-48
818053.917110341,250,230,dummy-67
818092.372621574,250,230,dummy-67
818131.41244707,250,230,dummy-67
818138.017295353,250,230,dummy-67
817908.026725697,250,230,dummy-698
817948.260135475,250,230,dummy-698
818025.694150829,250,230,dummy-698
818097.077407692,250,230,dummy-698
818110.344520232,250,230,dummy-698
818185.303808656,250,230,dummy-698
817922.365394321,250,230,dummy-366
817930.818178239,250,230,dummy-366
818018.22905502,250,230,dummy-366
818086.681272117,250,230,dummy-366
817906.065003538,250,230,dummy-36
818065.363681131,250,230,dummy-36
818126.039465433,250,230,dummy-36
818151.6337577,250,230,dummy-36
817990.317947549,250,230,dummy-554
818018.126124661,250,230,dummy-554
818170.232169611,250,230,dummy-554
817937.81350355,250,230,dummy-492
818006.006635472,250,230,dummy-492
818034.281828144,250,230,dummy-492
817935.830325404,250,230,dummy-564
817976.922556217,250,230,dummy-564
818003.365455538,250,230,dummy-564
818041.822615075,250,230,dummy-564
818043.088256846,250,230,dummy-564
818086.999696328,250,230,dummy-564
817947.429578953,250,230,dummy-314
817981.262150436,250,230,dummy-314
818109.034056001,250,230,dummy-314
817959.163858599,250,230,dummy-453
817997.184135304,250,230,dummy-453
818045.620094361,250,230,dummy-453
818067.991826732,250,230,dummy-453
818144.44102348,250,230,dummy-453
818197.838452437,250,230,dummy-134
818075.797270628,250,230,dummy-542
818151.432930407,250,230,dummy-542
817959.509502033,250,230,dummy-240
817962.97306066,250,230,dummy-240
817976.008233938,250,230,dummy-240
818071.095652754,250,230,dummy-240
818127.778874864,250,230,dummy-240
818153.73443305,250,230,dummy-648
818180.967837158,250,230,dummy-648
817933.073596292,250,230,dummy-468
817962.589812339,250,230,dummy-468
818132.879954582,250,230,dummy-468
818172.174909432,250,230,dummy-468
818194.167642394,250,230,dummy-468
817907.286662297,250,230,dummy-342
817939.693103896,250,230,dummy-342
817970.584794844,250,230,dummy-342
817899.916104238,250,230,dummy-481
818101.483610882,250,230,dummy-481
818140.843035902,250,230,dummy-481
818004.217287717,250,230,dummy-560
818086.933520408,250,230,dummy-560
818147.671417542,250,230,dummy-560
818168.177274006,250,230,dummy-560
817984.949538603,250,230,dummy-93
818014.947812702,250,230,dummy-93
818042.075438711,250,230,dummy-93
818075.889444183,250,230,dummy-93
817986.590638729,250,230,dummy-523
817936.603916792,250,230,dummy-117
817972.790044148,250,230,dummy-117
817972.819601103,250,230,dummy-117
817998.406962338,250,230,dummy-117
818011.018642678,250,230,dummy-117
818035.989226339,250,230,dummy-117
818068.023682221,250,230,dummy-117
818124.553239638,250,230,dummy-117
818192.153258094,250,230,dummy-117
817931.573269788,250,230,dummy-288
818015.453303524,250,230,dummy-288
817926.009760876,250,230,dummy-417
817952.386709599,250,230,dummy-417
817992.803387046,250,230,dummy-417
817912.071706684,250,230,dummy-753
818116.464017142,250,230,dummy-753
818170.800083091,250,230,dummy-753
817994.135917081,250,230,dummy-705
817968.174595853,250,230,dummy-76
817998.749677816,250,230,dummy-76
818019.142010461,250,230,dummy-76
818089.143206571,250,230,dummy-76
818116.208231763,250,230,dummy-76
818129.022985821,250,230,dummy-76
818151.357694696,250,230,dummy-76
817931.367774376,250,230,dummy-217
817968.011295768,250,230,dummy-217
818070.535761857,250,230,dummy-217
818094.758150113,250,230,dummy-217
818103.551733068,250,230,dummy-217
817913.755509875,250,230,dummy-799
817934.525288991,250,230,dummy-799
818001.615486657,250,230,dummy-799
818176.63887733,250,230,dummy-799
818182.538711142,250,230,dummy-799
817898.292886437,250,230,dummy-20
818095.37280348,250,230,dummy-20
818097.156058462,250,230,dummy-20
817972.193861168,250,230,dummy-68
818077.579554587,250,230,dummy-68
818119.726850527,250,230,dummy-68
818191.651071096,250,230,dummy-68
818140.634103525,250,230,dummy-138
817934.717116811,250,230,dummy-114
817944.81825742,250,230,dummy-114
818077.805094325,250,230,dummy-114
817928.896504628,250,230,dummy-2
817930.358802047,250,230,dummy-2
817954.856348669,250,230,dummy-2
818053.627032339,250,230,dummy-2
818064.144193571,250,230,dummy-2
818177.711341696,250,230,dummy-2
818025.242996555,250,230,dummy-61
818125.174166561,250,230,dummy-61
818141.133291817,250,230,dummy-61
818141.291073816,250,230,dummy-61
818175.940208099,250,230,dummy-61
