arrival_time,input_tokens,output_tokens,adapter
816804.40133853,250,230,dummy-772
816827.721491362,250,230,dummy-772
816927.877743548,250,230,dummy-772
816931.690582705,250,230,dummy-772
816691.662127289,250,230,dummy-283
816795.68617392,250,230,dummy-283
816860.046687627,250,230,dummy-283
816896.490104593,250,230,dummy-283
816951.163056648,250,230,dummy-283
816701.649435959,250,230,dummy-448
816702.629771058,250,230,dummy-448
816925.613950993,250,230,dummy-448
816727.676583777,250,230,dummy-683
816756.285470173,250,230,dummy-683
816819.611467661,250,230,dummy-683
816876.014900455,250,230,dummy-683
816891.669739939,250,230,dummy-683
816923.901497787,250,230,dummy-683
816939.03162004,250,230,dummy-683
816863.268947904,250,230,dummy-323
816728.819345379,250,230,dummy-228
816767.420228229,250,230,dummy-228
816784.153460926,250,230,dummy-228
816831.203167065,250,230,dummy-228
816884.826463642,250,230,dummy-228
816930.407191098,250,230,dummy-228
816958.258079693,250,230,dummy-228
816687.900095139,250,230,dummy-414
816703.092294191,250,230,dummy-414
816872.396015504,250,230,dummy-414
816922.751689124,250,230,dummy-414
816948.434758402,250,230,dummy-414
816754.1838553,250,230,dummy-796
816806.658869012,250,230,dummy-796
816808.865369584,250,230,dummy-796
816900.113244909,250,230,dummy-796
816911.696532319,250,230,dummy-796
816698.294573461,250,230,dummy-325
816750.618983019,250,230,dummy-325
816868.868326241,250,230,dummy-325
816925.025539288,250,230,dummy-325
816746.092876122,250,230,dummy-749
816894.200895124,250,230,dummy-749
816935.18020583,250,230,dummy-749
816743.872034998,250,230,dummy-321
816820.291565109,250,230,dummy-321
816829.958850682,250,230,dummy-321
816900.338959085,250,230,dummy-321
816936.675480071,250,230,dummy-321
816728.499152246,250,230,dummy-350
816760.60937298,250,230,dummy-350
816800.56551641,250,230,dummy-350
816816.507110328,250,230,dummy-350
816851.714081406,250,230,dummy-350
816978.069830656,250,230,dummy-350
816746.386010152,250,230,dummy-662
816777.412835112,250,230,dummy-662
816893.837720959,250,230,dummy-662
816735.458530429,250,230,dummy-603
816804.904950635,250,230,dummy-603
816814.674656518,250,230,dummy-603
816844.528682077,250,230,dummy-603
816698.817335215,250,230,dummy-365
816708.275498345,250,230,dummy-365
816731.945868946,250,230,dummy-365
816772.872998592,250,230,dummy-365
816904.117954703,250,230,dummy-365
816934.403108778,250,230,dummy-365
816924.69229638,250,230,dummy-653
816948.880896674,250,230,dummy-653
816969.990082345,250,230,dummy-653
816973.488374705,250,230,dummy-653
816700.829194508,250,230,dummy-618
816831.719055931,250,230,dummy-618
816969.649758414,250,230,dummy-618
816693.201531892,250,230,dummy-243
816826.414160927,250,230,dummy-243
816935.943871743,250,230,dummy-243
816845.313163229,250,230,dummy-212
816848.956637493,250,230,dummy-212
816879.002951477,250,230,dummy-212
816886.648645734,250,230,dummy-212
816983.887493759,250,230,dummy-212
816846.356930134,250,230,dummy-106
816979.339225954,250,230,dummy-106
816982.618934865,250,230,dummy-106
816869.508528475,250,230,dummy-226
816912.454382057,250,230,dummy-226
816938.164436794,250,230,dummy-226
816695.022382181,250,230,dummy-587
816728.54883502,250,230,dummy-587
816732.742587675,250,230,dummy-587
816854.307862556,250,230,dummy-587
816938.151930075,250,230,dummy-587
816958.271503022,250,230,dummy-142
816689.714978923,250,230,dummy-477
816763.061463399,250,230,dummy-477
816891.399498667,250,230,dummy-477
816779.233925059,250,230,dummy-510
816807.042795697,250,230,dummy-510
816959.149025132,250,230,dummy-510
816694.458251663,250,230,dummy-384
816699.143552545,250,230,dummy-384
816730.272807483,250,230,dummy-384
816847.553915526,250,230,dummy-384
816933.143444493,250,230,dummy-384
816964.310976705,250,230,dummy-384
816984.340737856,250,230,dummy-384
816708.955151025,250,230,dummy-4
816709.381229098,250,230,dummy-4
816709.434616823,250,230,dummy-4
816735.529946264,250,230,dummy-4
816966.169023731,250,230,dummy-4
816689.525573864,250,230,dummy-98
816716.122772477,250,230,dummy-98
816718.114602206,250,230,dummy-98
816846.347841901,250,230,dummy-98
816846.791286612,250,230,dummy-98
816965.717704129,250,230,dummy-98
816800.767387104,250,230,dummy-136
816833.829177736,250,230,dummy-136
816900.34845717,250,230,dummy-136
816925.272802998,250,230,dummy-136
816927.817204195,250,230,dummy-136
816944.200709646,250,230,dummy-136
816796.280706136,250,230,dummy-738
816802.570662452,250,230,dummy-738
816919.883636136,250,230,dummy-738
816945.6849078,250,230,dummy-738
816966.11976549,250,230,dummy-738
816696.839650457,250,230,dummy-439
816702.548085289,250,230,dummy-439
816710.771186748,250,230,dummy-439
816770.256933261,250,230,dummy-439
816979.665230053,250,230,dummy-439
816985.092836153,250,230,dummy-439
816985.098736159,250,230,dummy-439
816713.012605726,250,230,dummy-656
816737.40497761,250,230,dummy-656
816814.286746405,250,230,dummy-656
816859.004549055,250,230,dummy-656
816864.989554856,250,230,dummy-656
816695.676539879,250,230,dummy-251
816799.12432713,250,230,dummy-251
816813.022868346,250,230,dummy-251
816816.77795979,250,230,dummy-251
816892.55623271,250,230,dummy-251
816688.38251297,250,230,dummy-229
816725.793405849,250,230,dummy-229
816766.080321128,250,230,dummy-229
816974.404821187,250,230,dummy-229
816775.865673747,250,230,dummy-28
816827.690209134,250,230,dummy-28
816890.302641642,250,230,dummy-28
816924.598352022,250,230,dummy-28
816754.769860067,250,230,dummy-367
816789.069866679,250,230,dummy-367
816924.812347841,250,230,dummy-367
816965.368721725,250,230,dummy-367
816778.428488074,250,230,dummy-262
816857.485956322,250,230,dummy-262
816892.345822878,250,230,dummy-262
816706.245120399,250,230,dummy-421
816807.908175628,250,230,dummy-421
816835.597908009,250,230,dummy-421
816852.482258416,250,230,dummy-421
816981.542271018,250,230,dummy-421
816726.266299406,250,230,dummy-682
816820.93453203,250,230,dummy-682
816902.216688125,250,230,dummy-682
816967.964131704,250,230,dummy-682
816735.910160876,250,230,dummy-222
816738.363383289,250,230,dummy-222
816748.441193579,250,230,dummy-222
816769.116583344,250,230,dummy-222
816798.824894421,250,230,dummy-222
816821.895510707,250,230,dummy-222
816845.658208787,250,230,dummy-222
816880.418073081,250,230,dummy-222
816937.552367467,250,230,dummy-222
816710.860482479,250,230,dummy-614
816721.113284435,250,230,dummy-614
816758.016077276,250,230,dummy-614
816828.707201481,250,230,dummy-614
816898.428594606,250,230,dummy-614
816951.540835806,250,230,dummy-614
816696.819495922,250,230,dummy-706
816728.89171621,250,230,dummy-706
816730.899450325,250,230,dummy-706
816771.265072234,250,230,dummy-706
816786.431947504,250,230,dummy-706
816844.971541486,250,230,dummy-706
816963.456783857,250,230,dummy-706
816692.120585261,250,230,dummy-518
816704.327385403,250,230,dummy-518
816746.758418403,250,230,dummy-518
816758.866188062,250,230,dummy-518
816771.547239356,250,230,dummy-518
816773.536220866,250,230,dummy-518
816870.767999837,250,230,dummy-518
816898.321059195,250,230,dummy-518
816910.015677062,250,230,dummy-518
816958.475345526,250,230,dummy-518
816971.00929638,250,230,dummy-518
816851.699400693,250,230,dummy-553
816908.964468955,250,230,dummy-553
816730.068035856,250,230,dummy-263
816807.715494212,250,230,dummy-263
816841.445130325,250,230,dummy-263
816849.946467721,250,230,dummy-263
816709.485533118,250,230,dummy-187
816725.940017242,250,230,dummy-187
816798.909347129,250,230,dummy-187
816827.776992001,250,230,dummy-187
816885.923381863,250,230,dummy-187
816922.596818226,250,230,dummy-187
816969.33612382,250,230,dummy-680
816691.800793227,250,230,dummy-437
816760.766103872,250,230,dummy-437
816765.168114297,250,230,dummy-437
816917.58003299,250,230,dummy-437
816875.102347884,250,230,dummy-161
816950.931001551,250,230,dummy-161
816970.165922698,250,230,dummy-161
816708.018835486,250,230,dummy-538
816732.719545532,250,230,dummy-538
816827.477000047,250,230,dummy-538
816922.820756854,250,230,dummy-538
816968.396681543,250,230,dummy-538
816843.181974798,250,230,dummy-640
816894.340366206,250,230,dummy-640
816977.977101949,250,230,dummy-640
816708.939172629,250,230,dummy-466
816752.330545992,250,230,dummy-466
816918.975644259,250,230,dummy-466
816861.238821879,250,230,dummy-825
816888.04349674,250,230,dummy-825
816728.671282758,250,230,dummy-118
816877.897508783,250,230,dummy-118
816898.773005257,250,230,dummy-74
816790.507233599,250,230,dummy-601
816867.292678999,250,230,dummy-601
816895.910402562,250,230,dummy-601
816910.810105253,250,230,dummy-601
816694.982572505,250,230,dummy-605
816854.28088668,250,230,dummy-605
816914.957621583,250,230,dummy-605
816940.552083304,250,230,dummy-605
816794.372672209,250,230,dummy-635
816894.598263315,250,230,dummy-635
816931.415749811,250,230,dummy-635
816697.874705158,250,230,dummy-363
816832.954817738,250,230,dummy-363
816720.651308811,250,230,dummy-764
816881.961009941,250,230,dummy-764
816918.818047422,250,230,dummy-764
816935.792469864,250,230,dummy-764
816944.309139536,250,230,dummy-764
816960.4772272,250,230,dummy-764
816721.110696455,250,230,dummy-774
816746.985771002,250,230,dummy-774
816751.758511216,250,230,dummy-774
816942.853118399,250,230,dummy-774
816688.502659227,250,230,dummy-743
816688.916128609,250,230,dummy-743
816704.501052284,250,230,dummy-743
816775.564670554,250,230,dummy-743
816872.052185106,250,230,dummy-743
816940.580954036,250,230,dummy-743
816705.942163443,250,230,dummy-227
816936.322852621,250,230,dummy-227
816965.485628317,250,230,dummy-227
816852.734571616,250,230,dummy-534
816903.777298695,250,230,dummy-534
816977.75401649,250,230,dummy-534
816691.645460201,250,230,dummy-210
816796.911286869,250,230,dummy-210
816712.542956138,250,230,dummy-408
816758.680525975,250,230,dummy-408
816806.894702822,250,230,dummy-408
816901.251898707,250,230,dummy-408
816944.19424942,250,230,dummy-408
816982.478396953,250,230,dummy-408
816757.463634216,250,230,dummy-445
816760.803284024,250,230,dummy-445
816770.326790704,250,230,dummy-445
816780.152079018,250,230,dummy-445
816811.697549209,250,230,dummy-445
816894.417259795,250,230,dummy-445
816903.399593817,250,230,dummy-445
816690.486041848,250,230,dummy-559
816744.651138458,250,230,dummy-559
816769.998414567,250,230,dummy-559
816788.266046614,250,230,dummy-559
816798.314008158,250,230,dummy-559
816900.494458119,250,230,dummy-559
816908.362377226,250,230,dummy-559
816716.150549966,250,230,dummy-810
816796.558454405,250,230,dummy-810
816861.112615312,250,230,dummy-810
816908.896105227,250,230,dummy-810
816920.521671134,250,230,dummy-810
816942.534195137,250,230,dummy-810
816782.688622883,250,230,dummy-449
816931.489277879,250,230,dummy-449
816686.947655727,250,230,dummy-646
816768.118378404,250,230,dummy-646
816952.047314284,250,230,dummy-646
816696.81953522,250,230,dummy-665
816831.330453844,250,230,dummy-665
816755.693357533,250,230,dummy-581
816760.623636441,250,230,dummy-581
816831.895673154,250,230,dummy-581
816923.635038812,250,230,dummy-581
816842.833048697,250,230,dummy-14
816881.287985749,250,230,dummy-14
816920.327628707,250,230,dummy-14
816926.932923832,250,230,dummy-14
816689.422243376,250,230,dummy-423
816894.857510354,250,230,dummy-423
816821.812123638,250,230,dummy-450
816825.941074379,250,230,dummy-450
816851.807638625,250,230,dummy-450
816916.304334449,250,230,dummy-450
816716.744427661,250,230,dummy-832
816965.849917209,250,230,dummy-832
816729.088019307,250,230,dummy-660
816815.51943294,250,230,dummy-660
816859.274617113,250,230,dummy-660
816866.788871421,250,230,dummy-660
816906.305912253,250,230,dummy-660
816935.09468074,250,230,dummy-660
816950.469121387,250,230,dummy-660
816761.602215658,250,230,dummy-143
816928.402899047,250,230,dummy-143
816752.45733715,250,230,dummy-736
816758.593452519,250,230,dummy-736
816766.912947578,250,230,dummy-736
816920.130565258,250,230,dummy-736
816735.115903206,250,230,dummy-594
816986.600974076,250,230,dummy-594
816735.719747519,250,230,dummy-380
816761.369233443,250,230,dummy-380
816910.704675823,250,230,dummy-380
816734.139742843,250,230,dummy-699
816850.537592193,250,230,dummy-699
816864.581110836,250,230,dummy-699
816865.739032045,250,230,dummy-699
816913.204646213,250,230,dummy-699
816763.823199521,250,230,dummy-606
816879.046366508,250,230,dummy-606
816886.854300626,250,230,dummy-606
816895.728650636,250,230,dummy-606
816754.059255982,250,230,dummy-376
816765.980027123,250,230,dummy-376
816803.872098698,250,230,dummy-376
816921.099547264,250,230,dummy-376
816791.615493991,250,230,dummy-225
816808.093008026,250,230,dummy-225
816831.969742281,250,230,dummy-225
816921.010324924,250,230,dummy-225
816785.958909135,250,230,dummy-347
816804.77678218,250,230,dummy-347
816865.57739354,250,230,dummy-347
816984.840914628,250,230,dummy-347
816767.696622435,250,230,dummy-745
816884.394714968,250,230,dummy-745
816746.287659757,250,230,dummy-99
816828.64632639,250,230,dummy-99
816844.161877737,250,230,dummy-99
816735.674283961,250,230,dummy-121
816793.749789903,250,230,dummy-121
816810.126917276,250,230,dummy-121
816898.24938638,250,230,dummy-121
816985.618558302,250,230,dummy-121
816894.021657984,250,230,dummy-180
816722.812837085,250,230,dummy-327
816858.422544147,250,230,dummy-327
816735.559736935,250,230,dummy-526
816748.318151945,250,230,dummy-526
816750.790949044,250,230,dummy-526
816849.837381387,250,230,dummy-526
816851.977335479,250,230,dummy-526
816890.226635498,250,230,dummy-526
816917.651673691,250,230,dummy-526
816984.446517967,250,230,dummy-526
816692.22205753,250,230,dummy-823
816852.983145239,250,230,dummy-823
816874.473507685,250,230,dummy-823
816937.621444866,250,230,dummy-823
816943.928692759,250,230,dummy-823
816737.067799251,250,230,dummy-169
816714.240678614,250,230,dummy-817
816784.251467928,250,230,dummy-817
816800.251777655,250,230,dummy-817
816825.59895802,250,230,dummy-817
816913.99789386,250,230,dummy-817
816935.938689785,250,230,dummy-817
816979.607107868,250,230,dummy-817
816761.411722858,250,230,dummy-188
816881.833056396,250,230,dummy-188
816917.227051924,250,230,dummy-188
816762.592196276,250,230,dummy-370
816805.5011979,250,230,dummy-370
816860.511658236,250,230,dummy-370
816921.624800553,250,230,dummy-370
816860.775428271,250,230,dummy-504
816901.710483444,250,230,dummy-504
816923.067774261,250,230,dummy-504
816688.151623679,250,230,dummy-165
816824.16321575,250,230,dummy-165
816727.337177029,250,230,dummy-156
816730.24938056,250,230,dummy-156
816902.832494875,250,230,dummy-156
816982.291357924,250,230,dummy-156
816950.088224143,250,230,dummy-333
816707.977409744,250,230,dummy-506
816986.413036446,250,230,dummy-506
816712.010235506,250,230,dummy-244
816740.08315491,250,230,dummy-244
816832.61767286,250,230,dummy-244
816902.065267604,250,230,dummy-244
816904.151354384,250,230,dummy-244
816959.725654234,250,230,dummy-244
816968.108361475,250,230,dummy-244
816975.468590876,250,230,dummy-244
816709.02159694,250,230,dummy-319
816766.289977138,250,230,dummy-319
816786.320088434,250,230,dummy-319
816784.925964868,250,230,dummy-116
816710.199015399,250,230,dummy-457
816787.114874315,250,230,dummy-457
816829.752871245,250,230,dummy-457
816857.640351391,250,230,dummy-457
816892.877358232,250,230,dummy-457
816919.629891007,250,230,dummy-457
816941.976971426,250,230,dummy-457
816774.745241186,250,230,dummy-573
816789.224958427,250,230,dummy-573
816887.948806284,250,230,dummy-573
816984.662011222,250,230,dummy-573
816754.023567631,250,230,dummy-10
816850.819881065,250,230,dummy-10
816835.590058447,250,230,dummy-532
816868.487566431,250,230,dummy-532
816898.470707564,250,230,dummy-532
816906.743852853,250,230,dummy-532
816932.611163493,250,230,dummy-532
816954.343766178,250,230,dummy-532
816975.016755628,250,230,dummy-532
816984.828055014,250,230,dummy-547
816802.541153862,250,230,dummy-490
816933.374464046,250,230,dummy-490
816724.615046607,250,230,dummy-657
816768.865794525,250,230,dummy-657
816771.546281488,250,230,dummy-657
816816.040272206,250,230,dummy-657
816902.761736742,250,230,dummy-657
816812.408247006,250,230,dummy-405
816822.175660587,250,230,dummy-405
816947.583495232,250,230,dummy-405
816687.209418091,250,230,dummy-766
816884.291003326,250,230,dummy-766
816886.073095834,250,230,dummy-766
816957.696971453,250,230,dummy-717
816709.254953027,250,230,dummy-144
816978.637731971,250,230,dummy-144
816813.105899437,250,230,dummy-137
816905.262281372,250,230,dummy-137
816712.321299761,250,230,dummy-349
816770.871198101,250,230,dummy-349
816788.32588605,250,230,dummy-349
816800.477065049,250,230,dummy-349
816689.187314735,250,230,dummy-373
816742.04469344,250,230,dummy-373
816960.912857324,250,230,dummy-373
816893.165419166,250,230,dummy-392
816730.927828408,250,230,dummy-795
816827.387363161,250,230,dummy-795
816975.810017523,250,230,dummy-795
816731.061397791,250,230,dummy-159
816869.804120493,250,230,dummy-159
816733.260036041,250,230,dummy-216
816762.172228763,250,230,dummy-216
816778.568772788,250,230,dummy-216
816889.064875593,250,230,dummy-216
816903.490396618,250,230,dummy-216
816908.32504363,250,230,dummy-216
816696.672983111,250,230,dummy-744
816725.000742283,250,230,dummy-744
816738.119350859,250,230,dummy-744
816791.541485796,250,230,dummy-744
816802.661465136,250,230,dummy-744
816740.750212125,250,230,dummy-362
816801.833135464,250,230,dummy-362
816826.790266969,250,230,dummy-362
816833.293965745,250,230,dummy-362
816976.469581414,250,230,dummy-362
816726.616939935,250,230,dummy-454
816840.186680998,250,230,dummy-454
816892.283103199,250,230,dummy-454
816972.450567065,250,230,dummy-454
816823.151498999,250,230,dummy-284
816824.003627528,250,230,dummy-284
816884.439875918,250,230,dummy-284
816725.067852521,250,230,dummy-636
816856.038939725,250,230,dummy-636
816925.629511656,250,230,dummy-636
816928.877521446,250,230,dummy-636
816689.269262564,250,230,dummy-470
816724.847583939,250,230,dummy-470
816730.02795422,250,230,dummy-470
816952.304249926,250,230,dummy-470
816962.143223618,250,230,dummy-470
816709.682120001,250,230,dummy-192
816824.964467368,250,230,dummy-336
816796.2303498,250,230,dummy-826
816746.714655922,250,230,dummy-486
816798.140605416,250,230,dummy-486
816840.956010023,250,230,dummy-486
816876.799080695,250,230,dummy-486
816927.321547526,250,230,dummy-486
816945.140876337,250,230,dummy-486
816972.292538408,250,230,dummy-486
816731.373338195,250,230,dummy-496
816735.022148423,250,230,dummy-496
816842.676173806,250,230,dummy-496
816863.963296938,250,230,dummy-496
816794.565998606,250,230,dummy-458
816864.327329955,250,230,dummy-458
816912.871843062,250,230,dummy-458
816932.172521549,250,230,dummy-458
816946.681289819,250,230,dummy-458
816971.053162728,250,230,dummy-458
816843.886115571,250,230,dummy-668
816951.220528183,250,230,dummy-668
816705.518788546,250,230,dummy-443
816856.412043609,250,230,dummy-443
816866.674795705,250,230,dummy-443
816873.074029949,250,230,dummy-443
816886.838669076,250,230,dummy-443
816919.514200975,250,230,dummy-443
816934.717750628,250,230,dummy-443
816902.361915304,250,230,dummy-619
816929.457459169,250,230,dummy-619
816687.468820318,250,230,dummy-765
816691.517859142,250,230,dummy-765
816726.890737434,250,230,dummy-765
816885.094542136,250,230,dummy-765
816885.500565979,250,230,dummy-765
816736.107889821,250,230,dummy-287
816791.944617004,250,230,dummy-287
816940.025320942,250,230,dummy-287
816947.652179223,250,230,dummy-287
816741.328169336,250,230,dummy-790
816750.35442839,250,230,dummy-790
816754.081123603,250,230,dummy-790
816771.334659253,250,230,dummy-790
816780.629669091,250,230,dummy-790
816946.527904507,250,230,dummy-790
816946.911159382,250,230,dummy-790
816714.698524121,250,230,dummy-800
816796.074907136,250,230,dummy-800
816919.308057034,250,230,dummy-213
816775.506834809,250,230,dummy-374
816693.802822798,250,230,dummy-286
816704.041376056,250,230,dummy-286
816752.850621448,250,230,dummy-286
816806.870430738,250,230,dummy-286
816879.296312017,250,230,dummy-286
816951.37669704,250,230,dummy-286
816768.387933839,250,230,dummy-275
816782.640889419,250,230,dummy-275
816811.370151543,250,230,dummy-275
816853.44882467,250,230,dummy-275
816877.565006696,250,230,dummy-275
816906.82079855,250,230,dummy-275
816930.969400556,250,230,dummy-275
816957.28431009,250,230,dummy-275
816732.126665697,250,230,dummy-498
816753.822056369,250,230,dummy-498
816882.524260416,250,230,dummy-498
816894.379027671,250,230,dummy-498
816763.08597573,250,230,dummy-624
816769.582687877,250,230,dummy-624
816799.021883605,250,230,dummy-624
816867.906650124,250,230,dummy-624
816954.671823037,250,230,dummy-624
816703.222912215,250,230,dummy-451
816761.954652421,250,230,dummy-451
816851.381771694,250,230,dummy-451
816852.758197859,250,230,dummy-451
816949.702548223,250,230,dummy-451
816768.504488842,250,230,dummy-372
816777.789370732,250,230,dummy-372
816814.575353603,250,230,dummy-372
816815.160826544,250,230,dummy-372
816882.529831162,250,230,dummy-372
816966.303623383,250,230,dummy-372
816755.503903895,250,230,dummy-400
816766.41567239,250,230,dummy-400
816770.038166878,250,230,dummy-400
816793.617172641,250,230,dummy-400
816898.249619938,250,230,dummy-400
816701.22986968,250,230,dummy-831
816844.882821538,250,230,dummy-831
816849.296174865,250,230,dummy-831
816872.730292765,250,230,dummy-831
816918.353639374,250,230,dummy-831
816930.542314149,250,230,dummy-831
816965.139000475,250,230,dummy-831
816979.300123899,250,230,dummy-831
816734.243102878,250,230,dummy-776
816832.719305005,250,230,dummy-776
816876.145312012,250,230,dummy-776
816926.173107128,250,230,dummy-776
816703.010494855,250,230,dummy-487
816703.82081828,250,230,dummy-487
816730.94397687,250,230,dummy-487
816728.917057373,250,230,dummy-446
816871.160492681,250,230,dummy-446
816721.99013569,250,230,dummy-378
816751.505884819,250,230,dummy-378
816921.796345731,250,230,dummy-378
816961.092958669,250,230,dummy-378
816983.085849303,250,230,dummy-378
816788.566017198,250,230,dummy-37
816947.393458931,250,230,dummy-37
816709.355934494,250,230,dummy-355
816722.549147757,250,230,dummy-355
816857.638992989,250,230,dummy-355
816902.559944605,250,230,dummy-303
816696.379057624,250,230,dummy-664
816704.784650363,250,230,dummy-664
816782.297320284,250,230,dummy-664
816948.552349832,250,230,dummy-664
816959.926742314,250,230,dummy-664
816737.72176022,250,230,dummy-808
816767.824440716,250,230,dummy-808
816826.016344706,250,230,dummy-808
816945.973998757,250,230,dummy-808
816722.220064558,250,230,dummy-3
816806.894725561,250,230,dummy-3
816943.941119548,250,230,dummy-3
816701.065428794,250,230,dummy-358
816866.677136786,250,230,dummy-358
816960.192575496,250,230,dummy-358
816708.559340908,250,230,dummy-397
816729.758260938,250,230,dummy-397
816775.484735128,250,230,dummy-397
816782.522780987,250,230,dummy-397
816812.638358964,250,230,dummy-397
816828.136308068,250,230,dummy-397
816854.80871225,250,230,dummy-397
816696.836374956,250,230,dummy-679
816717.47267956,250,230,dummy-679
816797.878863139,250,230,dummy-679
816982.415857205,250,230,dummy-679
816731.861246806,250,230,dummy-360
816741.934396217,250,230,dummy-329
816791.38677466,250,230,dummy-329
816816.427747046,250,230,dummy-329
816823.139923224,250,230,dummy-329
816869.489920018,250,230,dummy-329
816933.749395203,250,230,dummy-578
816687.146875582,250,230,dummy-387
816739.367799924,250,230,dummy-387
816749.785687302,250,230,dummy-387
816837.807091007,250,230,dummy-387
816858.352760337,250,230,dummy-387
816954.725673949,250,230,dummy-387
816724.787623022,250,230,dummy-340
816731.964844458,250,230,dummy-340
816819.663574143,250,230,dummy-340
816869.85599985,250,230,dummy-340
816720.393784843,250,230,dummy-65
816818.566152112,250,230,dummy-65
816880.493766265,250,230,dummy-65
816908.079455614,250,230,dummy-65
816979.599587797,250,230,dummy-655
816807.027247136,250,230,dummy-751
816818.563587585,250,230,dummy-751
816898.723425327,250,230,dummy-751
816901.500784012,250,230,dummy-751
816691.87771694,250,230,dummy-381
816812.710523661,250,230,dummy-381
816843.541199796,250,230,dummy-381
816898.192869367,250,230,dummy-381
816905.018584189,250,230,dummy-381
816744.64462455,250,230,dummy-607
816943.200101498,250,230,dummy-607
816953.944073318,250,230,dummy-607
816955.931391719,250,230,dummy-607
816693.463711916,250,230,dummy-456
816712.46949515,250,230,dummy-456
816763.625189447,250,230,dummy-456
816823.741659928,250,230,dummy-456
816843.36993917,250,230,dummy-456
816978.629808112,250,230,dummy-456
816714.550330713,250,230,dummy-388
816732.293449391,250,230,dummy-388
816793.091499818,250,230,dummy-388
816842.001502438,250,230,dummy-388
816870.375598283,250,230,dummy-388
816702.574398666,250,230,dummy-330
816760.45216934,250,230,dummy-330
816799.092621857,250,230,dummy-330
816813.969368419,250,230,dummy-330
816834.33965156,250,230,dummy-330
816933.510613449,250,230,dummy-330
816958.225905642,250,230,dummy-330
816729.706798808,250,230,dummy-562
816891.169509327,250,230,dummy-562
816896.94073155,250,230,dummy-562
816717.517367633,250,230,dummy-667
816731.083739516,250,230,dummy-667
816891.957823638,250,230,dummy-667
816961.063656832,250,230,dummy-667
816721.538682193,250,230,dummy-620
816748.569062346,250,230,dummy-620
816795.931980001,250,230,dummy-620
816810.079053167,250,230,dummy-620
816871.490570376,250,230,dummy-620
816719.533794063,250,230,dummy-440
816821.447393083,250,230,dummy-440
816695.945803678,250,230,dummy-631
816715.50295925,250,230,dummy-631
816807.595126464,250,230,dummy-631
816847.853159195,250,230,dummy-631
816900.926668628,250,230,dummy-631
816784.337217052,250,230,dummy-511
816825.389153022,250,230,dummy-511
816734.103173432,250,230,dummy-432
816771.230423939,250,230,dummy-432
816785.824236652,250,230,dummy-432
816838.252945101,250,230,dummy-432
816807.304840321,250,230,dummy-493
816835.304710104,250,230,dummy-493
816732.226507517,250,230,dummy-338
816756.106241705,250,230,dummy-338
816759.578347039,250,230,dummy-338
816843.774294901,250,230,dummy-338
816860.474870005,250,230,dummy-338
816968.688265409,250,230,dummy-540
816962.111153616,250,230,dummy-572
816962.917251456,250,230,dummy-38
816964.452274066,250,230,dummy-38
816977.656002712,250,230,dummy-38
816710.269107933,250,230,dummy-591
816806.816276576,250,230,dummy-591
816837.376574729,250,230,dummy-591
816698.611804448,250,230,dummy-317
816718.499961214,250,230,dummy-317
816746.937806646,250,230,dummy-317
816846.770340754,250,230,dummy-317
816761.424686792,250,230,dummy-789
816790.824691081,250,230,dummy-789
816846.40934115,250,230,dummy-789
816709.788014553,250,230,dummy-610
816750.378028513,250,230,dummy-610
816768.028633117,250,230,dummy-610
816750.629093823,250,230,dummy-135
816793.259635759,250,230,dummy-135
816868.420248015,250,230,dummy-291
816888.349357252,250,230,dummy-291
816974.072929698,250,230,dummy-291
816838.042250675,250,230,dummy-58
816698.094770829,250,230,dummy-200
816747.328834658,250,230,dummy-514
816756.475887141,250,230,dummy-541
816762.161375402,250,230,dummy-541
816891.646409018,250,230,dummy-541
816914.017646802,250,230,dummy-541
816815.270661776,250,230,dummy-24
816957.120503031,250,230,dummy-24
816793.132870167,250,230,dummy-420
816875.849027528,250,230,dummy-420
816936.587164625,250,230,dummy-420
816957.092452215,250,230,dummy-420
816724.746424904,250,230,dummy-56
816765.838415732,250,230,dummy-56
816792.281228803,250,230,dummy-56
816830.738630199,250,230,dummy-56
816832.003444251,250,230,dummy-56
816875.914822988,250,230,dummy-56
816726.718767258,250,230,dummy-820
816775.995888659,250,230,dummy-820
816853.800845559,250,230,dummy-820
816877.669146834,250,230,dummy-820
816960.787083837,250,230,dummy-820
816700.726959588,250,230,dummy-146
816729.741189043,250,230,dummy-146
816757.62302616,250,230,dummy-146
816875.124302173,250,230,dummy-146
816928.87096315,250,230,dummy-146
816693.626716748,250,230,dummy-419
816894.245242685,250,230,dummy-419
816833.038010509,250,230,dummy-555
816889.057027142,250,230,dummy-555
816917.794489166,250,230,dummy-555
816936.869794434,250,230,dummy-435
816707.155218569,250,230,dummy-290
816752.141337754,250,230,dummy-290
816712.279361377,250,230,dummy-551
816693.240495026,250,230,dummy-268
816727.481879364,250,230,dummy-268
816783.27153631,250,230,dummy-268
816904.095082075,250,230,dummy-268
816948.990720646,250,230,dummy-268
816784.018021913,250,230,dummy-124
816810.832281093,250,230,dummy-124
816831.822342303,250,230,dummy-124
816895.332412844,250,230,dummy-124
816897.375365928,250,230,dummy-124
816842.025452844,250,230,dummy-827
816879.235017992,250,230,dummy-827
816926.970525668,250,230,dummy-827
816963.647929958,250,230,dummy-827
816972.500822488,250,230,dummy-827
816977.285907471,250,230,dummy-827
816797.352406397,250,230,dummy-162
816902.673504716,250,230,dummy-162
816745.887239971,250,230,dummy-203
816834.952391002,250,230,dummy-203
816896.126505964,250,230,dummy-203
816896.754030911,250,230,dummy-203
816900.219401959,250,230,dummy-203
816802.798031132,250,230,dummy-725
816808.03609272,250,230,dummy-725
816830.625460593,250,230,dummy-725
816719.249270804,250,230,dummy-501
816758.734941699,250,230,dummy-501
816858.798081706,250,230,dummy-501
816889.06823423,250,230,dummy-501
816938.021380832,250,230,dummy-501
816706.250755342,250,230,dummy-232
816740.712788468,250,230,dummy-232
816783.039984583,250,230,dummy-382
816878.755933865,250,230,dummy-382
816767.244715097,250,230,dummy-96
816769.911761877,250,230,dummy-96
816783.370485184,250,230,dummy-96
816858.635545721,250,230,dummy-96
816881.379588279,250,230,dummy-96
816900.30957711,250,230,dummy-96
816696.67142664,250,230,dummy-762
816833.865684685,250,230,dummy-762
816841.496135725,250,230,dummy-762
816877.176244901,250,230,dummy-762
816887.113357823,250,230,dummy-762
816748.425283917,250,230,dummy-101
816751.88912093,250,230,dummy-101
816764.924432628,250,230,dummy-101
816860.012659131,250,230,dummy-101
816916.695749352,250,230,dummy-101
816777.443341785,250,230,dummy-108
816802.224412378,250,230,dummy-108
816691.391618379,250,230,dummy-684
816738.766370992,250,230,dummy-684
816800.399469626,250,230,dummy-684
816904.041733277,250,230,dummy-684
816933.49210975,250,230,dummy-684
816964.663518125,250,230,dummy-508
816770.182903464,250,230,dummy-248
816902.225325659,250,230,dummy-248
816909.113925435,250,230,dummy-248
816939.567427804,250,230,dummy-248
816946.83936596,250,230,dummy-248
816974.719739402,250,230,dummy-248
816733.512575728,250,230,dummy-407
816768.704990044,250,230,dummy-407
816953.454141239,250,230,dummy-407
816960.719430732,250,230,dummy-407
816962.114809377,250,230,dummy-407
816705.181557006,250,230,dummy-649
816786.830153031,250,230,dummy-649
816950.109833034,250,230,dummy-649
816686.881274168,250,230,dummy-566
816791.005302787,250,230,dummy-566
816817.862812353,250,230,dummy-566
816689.544610081,250,230,dummy-208
816722.741744716,250,230,dummy-208
816851.928313973,250,230,dummy-208
816960.315166293,250,230,dummy-208
816977.287280867,250,230,dummy-208
816688.458543246,250,230,dummy-260
816864.360134977,250,230,dummy-260
816911.938209951,250,230,dummy-260
816755.463574339,250,230,dummy-224
816798.281827252,250,230,dummy-224
816923.624199158,250,230,dummy-224
816960.299066046,250,230,dummy-224
816964.226297099,250,230,dummy-224
816964.885500325,250,230,dummy-224
816697.409023807,250,230,dummy-759
816730.165034264,250,230,dummy-759
816738.399748525,250,230,dummy-759
816740.441392336,250,230,dummy-759
816770.888702449,250,230,dummy-759
816797.876211884,250,230,dummy-759
816874.574827306,250,230,dummy-759
816729.623825812,250,230,dummy-383
816742.849676924,250,230,dummy-383
816769.674915215,250,230,dummy-383
816797.547379443,250,230,dummy-383
816831.059691783,250,230,dummy-383
816934.14570022,250,230,dummy-383
816961.927508342,250,230,dummy-383
816985.743188661,250,230,dummy-383
816718.634352016,250,230,dummy-298
816771.920725219,250,230,dummy-298
816911.696567135,250,230,dummy-298
816966.039963652,250,230,dummy-298
816723.905251681,250,230,dummy-205
816746.343458961,250,230,dummy-205
816793.140699537,250,230,dummy-205
816798.124004462,250,230,dummy-205
816884.509371982,250,230,dummy-205
816932.819446454,250,230,dummy-205
816854.743182069,250,230,dummy-100
816884.826492338,250,230,dummy-100
816910.937245432,250,230,dummy-100
816714.976941374,250,230,dummy-536
816951.225159824,250,230,dummy-536
816878.449556796,250,230,dummy-577
816889.109211665,250,230,dummy-577
816805.490656853,250,230,dummy-474
816952.514285406,250,230,dummy-474
816757.482975613,250,230,dummy-670
816781.336744669,250,230,dummy-670
816834.855432238,250,230,dummy-670
816748.199796659,250,230,dummy-351
816834.003568084,250,230,dummy-351
816856.576738577,250,230,dummy-351
816948.553895078,250,230,dummy-351
816745.681601688,250,230,dummy-53
816862.925489172,250,230,dummy-53
816857.192537382,250,230,dummy-183
816866.979385442,250,230,dummy-183
816929.284185924,250,230,dummy-183
816965.446231066,250,230,dummy-183
816730.488346965,250,230,dummy-356
816830.038161396,250,230,dummy-356
816693.105795809,250,230,dummy-249
816736.229805381,250,230,dummy-249
816798.361176173,250,230,dummy-249
816850.692445543,250,230,dummy-249
816900.076248313,250,230,dummy-249
816763.99566536,250,230,dummy-292
816830.051026459,250,230,dummy-292
816834.357677492,250,230,dummy-292
816886.484043124,250,230,dummy-292
816918.215182205,250,230,dummy-292
816708.624150089,250,230,dummy-674
816833.946067315,250,230,dummy-674
816791.576858882,250,230,dummy-438
816860.172366693,250,230,dummy-438
816968.973801586,250,230,dummy-438
816772.277744778,250,230,dummy-9
816778.988015361,250,230,dummy-9
816923.886849119,250,230,dummy-9
816949.898535786,250,230,dummy-9
816986.61938502,250,230,dummy-9
816762.755999294,250,230,dummy-644
816891.443229115,250,230,dummy-644
816908.701489044,250,230,dummy-644
816944.436219472,250,230,dummy-644
816704.684280787,250,230,dummy-281
816726.202104213,250,230,dummy-281
816769.441956451,250,230,dummy-281
816812.464207557,250,230,dummy-281
816830.656691142,250,230,dummy-281
816891.817528895,250,230,dummy-281
816894.838013079,250,230,dummy-281
816917.619011571,250,230,dummy-281
816735.854635798,250,230,dummy-322
816832.66548204,250,230,dummy-322
816719.608244873,250,230,dummy-182
816927.252462043,250,230,dummy-182
816957.671443358,250,230,dummy-182
816696.652214606,250,230,dummy-769
816748.290759051,250,230,dummy-769
816932.792420974,250,230,dummy-769
816766.470359801,250,230,dummy-385
816855.803861464,250,230,dummy-385
816860.288206688,250,230,dummy-385
816709.431160242,250,230,dummy-609
816936.760180509,250,230,dummy-609
816692.474856586,250,230,dummy-792
816770.129469329,250,230,dummy-792
816788.629808288,250,230,dummy-792
816876.348418201,250,230,dummy-792
816951.489487143,250,230,dummy-792
816687.803921315,250,230,dummy-17
816731.121984315,250,230,dummy-17
816695.282067708,250,230,dummy-642
816753.556045349,250,230,dummy-642
816860.755530131,250,230,dummy-642
816894.69679286,250,230,dummy-642
816904.601723735,250,230,dummy-642
816944.045857065,250,230,dummy-642
816753.720598804,250,230,dummy-379
816943.300000833,250,230,dummy-379
816918.909721152,250,230,dummy-242
816814.159061502,250,230,dummy-52
816914.09001599,250,230,dummy-52
816930.048651662,250,230,dummy-52
816930.206052811,250,230,dummy-52
816964.856002668,250,230,dummy-52
816697.87107553,250,230,dummy-25
816801.960943995,250,230,dummy-25
816939.727365949,250,230,dummy-25
816809.860572252,250,230,dummy-235
816826.080174828,250,230,dummy-235
816705.435127538,250,230,dummy-575
816825.941120325,250,230,dummy-575
816861.982620639,250,230,dummy-575
816980.725058735,250,230,dummy-575
816984.415326603,250,230,dummy-575
816730.979386588,250,230,dummy-819
816807.29303614,250,230,dummy-819
816904.865072034,250,230,dummy-819
816848.402681354,250,230,dummy-703
816918.692667157,250,230,dummy-703
816926.508316461,250,230,dummy-703
816694.344332056,250,230,dummy-740
816878.44507857,250,230,dummy-740
816908.037077343,250,230,dummy-740
816947.86732773,250,230,dummy-740
816969.497982447,250,230,dummy-740
816982.062241435,250,230,dummy-740
816709.894352215,250,230,dummy-686
816829.050500607,250,230,dummy-686
816966.562994399,250,230,dummy-686
816979.070762285,250,230,dummy-686
816687.754093358,250,230,dummy-704
816715.479832381,250,230,dummy-704
816735.483011712,250,230,dummy-704
816854.772853463,250,230,dummy-704
816871.71491978,250,230,dummy-704
816981.274905836,250,230,dummy-704
816731.635993971,250,230,dummy-829
816760.749111968,250,230,dummy-829
816972.43072283,250,230,dummy-829
816747.057628035,250,230,dummy-528
816750.160905596,250,230,dummy-528
816814.219060225,250,230,dummy-528
816733.880839217,250,230,dummy-220
816740.142671417,250,230,dummy-220
816744.204807829,250,230,dummy-220
816797.053364879,250,230,dummy-220
816825.355963993,250,230,dummy-220
816875.103954803,250,230,dummy-220
816896.284585442,250,230,dummy-220
816962.812733283,250,230,dummy-220
816751.105191084,250,230,dummy-214
816780.470533683,250,230,dummy-311
816836.325044561,250,230,dummy-311
816872.798211792,250,230,dummy-311
816905.748350082,250,230,dummy-311
816695.020019351,250,230,dummy-595
816731.720010961,250,230,dummy-595
816797.034644596,250,230,dummy-595
816899.171399114,250,230,dummy-595
816920.912899493,250,230,dummy-595
816700.834005537,250,230,dummy-813
816803.806309264,250,230,dummy-813
816896.676253461,250,230,dummy-813
816728.377466125,250,230,dummy-641
816779.881973332,250,230,dummy-337
816781.151839146,250,230,dummy-337
816771.553878076,250,230,dummy-637
816810.879850364,250,230,dummy-637
816909.459496135,250,230,dummy-637
816951.851853472,250,230,dummy-637
816698.480133831,250,230,dummy-66
816874.663266801,250,230,dummy-66
816885.727138492,250,230,dummy-66
816910.522172742,250,230,dummy-66
816949.134272632,250,230,dummy-66
816967.295618681,250,230,dummy-66
816836.70976146,250,230,dummy-491
816851.183439371,250,230,dummy-491
816892.439196165,250,230,dummy-491
816712.850343911,250,230,dummy-430
816759.432657221,250,230,dummy-430
816714.053725714,250,230,dummy-294
816731.059910627,250,230,dummy-197
816764.557126669,250,230,dummy-197
816809.360497576,250,230,dummy-197
816825.648910026,250,230,dummy-197
816831.667954053,250,230,dummy-197
816863.306499838,250,230,dummy-197
816749.621346488,250,230,dummy-626
816961.927807119,250,230,dummy-626
816798.068596959,250,230,dummy-95
816800.312323436,250,230,dummy-95
816849.882562318,250,230,dummy-95
816690.829281587,250,230,dummy-732
816751.688183147,250,230,dummy-732
816869.451943237,250,230,dummy-732
816906.904516093,250,230,dummy-732
816972.574398224,250,230,dummy-732
816837.547247307,250,230,dummy-691
816861.568222902,250,230,dummy-691
816874.190323948,250,230,dummy-691
816885.912931973,250,230,dummy-691
816782.216016549,250,230,dummy-339
816891.20357417,250,230,dummy-339
816787.778373146,250,230,dummy-171
816933.059453163,250,230,dummy-171
816719.348605197,250,230,dummy-261
816731.002427301,250,230,dummy-261
816734.029602257,250,230,dummy-261
816740.54874513,250,230,dummy-261
816764.106128275,250,230,dummy-261
816812.844241159,250,230,dummy-261
816948.629920474,250,230,dummy-261
816730.970914918,250,230,dummy-708
816781.557609203,250,230,dummy-485
816782.631366814,250,230,dummy-485
816840.094040005,250,230,dummy-485
816878.412402679,250,230,dummy-485
816759.43004868,250,230,dummy-471
816788.568384996,250,230,dummy-471
816812.043460156,250,230,dummy-471
816936.08119855,250,230,dummy-471
816965.301831246,250,230,dummy-471
816700.156331512,250,230,dummy-741
816692.01582266,250,230,dummy-565
816725.808202461,250,230,dummy-565
816974.729194478,250,230,dummy-565
816758.600105185,250,230,dummy-442
816869.059898999,250,230,dummy-442
816945.251655374,250,230,dummy-442
816961.824572129,250,230,dummy-442
816855.947686501,250,230,dummy-120
816872.925229141,250,230,dummy-120
816780.535796665,250,230,dummy-301
816846.078289975,250,230,dummy-301
816851.143398881,250,230,dummy-301
816876.454596386,250,230,dummy-301
816883.038644462,250,230,dummy-301
816890.867175465,250,230,dummy-301
816707.512269783,250,230,dummy-79
816861.033179696,250,230,dummy-79
816869.178706243,250,230,dummy-79
816886.95405676,250,230,dummy-79
816926.852510762,250,230,dummy-79
816927.353421001,250,230,dummy-79
816715.881154516,250,230,dummy-462
816750.332342352,250,230,dummy-462
816821.400099105,250,230,dummy-462
816897.630374264,250,230,dummy-462
816909.651346771,250,230,dummy-462
816856.911916091,250,230,dummy-411
816728.210308883,250,230,dummy-11
816736.846336428,250,230,dummy-11
816751.575399027,250,230,dummy-11
816859.836621691,250,230,dummy-11
816871.878294972,250,230,dummy-11
816906.716490343,250,230,dummy-11
816929.549736402,250,230,dummy-239
816727.67965326,250,230,dummy-537
816856.755561585,250,230,dummy-537
816915.197316485,250,230,dummy-537
816983.206558604,250,230,dummy-537
816837.625953264,250,230,dummy-775
816837.699265213,250,230,dummy-775
816843.490922286,250,230,dummy-775
816870.646578638,250,230,dummy-775
816897.860634754,250,230,dummy-775
816691.781342587,250,230,dummy-549
816719.172397579,250,230,dummy-549
816814.781876406,250,230,dummy-549
816837.613986197,250,230,dummy-549
816882.229076732,250,230,dummy-549
816962.314010648,250,230,dummy-549
816742.724649259,250,230,dummy-770
816840.225668472,250,230,dummy-770
816908.700195045,250,230,dummy-770
816951.485797834,250,230,dummy-770
816964.916580666,250,230,dummy-770
816948.843615822,250,230,dummy-688
816808.507216962,250,230,dummy-520
816883.93699488,250,230,dummy-520
816913.125608312,250,230,dummy-520
816763.099364185,250,230,dummy-678
816893.854799852,250,230,dummy-678
816939.952417417,250,230,dummy-678
816688.805643261,250,230,dummy-585
816783.582116996,250,230,dummy-585
816802.713026091,250,230,dummy-585
816843.072944794,250,230,dummy-585
816776.157161222,250,230,dummy-461
816791.17828254,250,230,dummy-461
816860.315695556,250,230,dummy-461
816961.816327392,250,230,dummy-461
816695.287986341,250,230,dummy-31
816748.370309467,250,230,dummy-31
816757.895892769,250,230,dummy-31
816859.826269279,250,230,dummy-31
816743.904834323,250,230,dummy-478
816869.715624157,250,230,dummy-478
816917.234807417,250,230,dummy-478
816778.339207528,250,230,dummy-768
816911.612712411,250,230,dummy-768
816916.170321717,250,230,dummy-768
816954.316275395,250,230,dummy-768
816962.768321352,250,230,dummy-768
816980.703322788,250,230,dummy-768
816699.782227366,250,230,dummy-57
816923.744780791,250,230,dummy-57
816706.857192022,250,230,dummy-391
816719.093408016,250,230,dummy-391
816848.905656777,250,230,dummy-791
816887.345734883,250,230,dummy-791
816693.554161019,250,230,dummy-77
816698.452395748,250,230,dummy-77
816852.169540229,250,230,dummy-77
816947.063387258,250,230,dummy-77
816723.001647436,250,230,dummy-720
816727.190217622,250,230,dummy-720
816808.614723181,250,230,dummy-720
816745.358499659,250,230,dummy-170
816877.605508648,250,230,dummy-230
816783.051668316,250,230,dummy-70
816776.005041769,250,230,dummy-722
816836.195032102,250,230,dummy-722
816941.780607841,250,230,dummy-722
816985.192806049,250,230,dummy-722
816757.091323186,250,230,dummy-21
816787.66717025,250,230,dummy-21
816808.059840786,250,230,dummy-21
816878.060905285,250,230,dummy-21
816905.126132034,250,230,dummy-21
816917.940874101,250,230,dummy-21
816940.2738818,250,230,dummy-21
816845.385673016,250,230,dummy-484
816868.170767804,250,230,dummy-484
816869.038293688,250,230,dummy-484
816899.642284873,250,230,dummy-484
816910.635897453,250,230,dummy-484
816949.155692494,250,230,dummy-484
816764.596077975,250,230,dummy-702
816829.405698675,250,230,dummy-702
816958.586592838,250,230,dummy-702
816757.536069428,250,230,dummy-730
816836.713269621,250,230,dummy-730
816915.269591823,250,230,dummy-730
816933.358931453,250,230,dummy-730
816758.364957354,250,230,dummy-687
816896.001772685,250,230,dummy-687
816917.065255617,250,230,dummy-418
816688.093412798,250,230,dummy-818
816697.166062855,250,230,dummy-818
816798.612351922,250,230,dummy-818
816857.858023934,250,230,dummy-818
816917.636844362,250,230,dummy-818
816723.61714708,250,230,dummy-650
816762.979501269,250,230,dummy-273
816773.865223414,250,230,dummy-483
816803.86342153,250,230,dummy-483
816830.990229038,250,230,dummy-483
816864.803921918,250,230,dummy-483
816942.649754737,250,230,dummy-822
816969.883647794,250,230,dummy-822
816787.305845349,250,230,dummy-195
816790.943981051,250,230,dummy-195
816817.950361257,250,230,dummy-195
816819.504240246,250,230,dummy-195
816735.200221106,250,230,dummy-80
816861.312371884,250,230,dummy-80
816874.774064853,250,230,dummy-80
816880.855422004,250,230,dummy-80
816700.905673904,250,230,dummy-755
816766.43491679,250,230,dummy-755
816811.581767687,250,230,dummy-755
816790.710300337,250,230,dummy-132
816796.373410804,250,230,dummy-132
816807.479771842,250,230,dummy-132
816905.226157738,250,230,dummy-132
816711.023069329,250,230,dummy-375
816823.511587955,250,230,dummy-375
816727.176870871,250,230,dummy-279
816902.105018502,250,230,dummy-279
816943.219374892,250,230,dummy-494
816695.790623564,250,230,dummy-238
816698.936818119,250,230,dummy-238
816748.0799584,250,230,dummy-238
816786.101205221,250,230,dummy-238
816834.536713327,250,230,dummy-238
816856.90853122,250,230,dummy-238
816933.358517915,250,230,dummy-238
816805.622046286,250,230,dummy-163
816845.431641866,250,230,dummy-163
816862.57648447,250,230,dummy-163
816955.122541156,250,230,dummy-163
816848.329790693,250,230,dummy-685
816913.930648725,250,230,dummy-685
816758.559272039,250,230,dummy-469
816795.91135344,250,230,dummy-469
816809.053658602,250,230,dummy-469
816805.892769983,250,230,dummy-576
816864.350438052,250,230,dummy-576
816758.331220451,250,230,dummy-307
816769.618269992,250,230,dummy-307
816782.467802904,250,230,dummy-278
816791.011087374,250,230,dummy-278
816826.207635115,250,230,dummy-278
816919.053123921,250,230,dummy-278
816984.474807938,250,230,dummy-278
816734.927448508,250,230,dummy-812
816798.499171903,250,230,dummy-812
816932.001748246,250,230,dummy-812
816984.899600574,250,230,dummy-812
816794.460533222,250,230,dummy-693
816848.937749524,250,230,dummy-693
816718.480625823,250,230,dummy-544
816924.072626072,250,230,dummy-544
816938.808294911,250,230,dummy-544
816973.7824619,250,230,dummy-544
816941.867229557,250,230,dummy-256
816971.006883574,250,230,dummy-256
816849.738083044,250,230,dummy-460
816920.89065885,250,230,dummy-460
816698.205360486,250,230,dummy-166
816732.117790069,250,230,dummy-166
816792.133181758,250,230,dummy-166
816802.138501801,250,230,dummy-166
816869.945489373,250,230,dummy-166
816909.340090622,250,230,dummy-166
816691.517290415,250,230,dummy-348
816736.920950662,250,230,dummy-348
816767.542759462,250,230,dummy-348
816897.497665244,250,230,dummy-348
816915.839536789,250,230,dummy-348
816930.170324322,250,230,dummy-348
816735.558365697,250,230,dummy-302
816738.549769529,250,230,dummy-302
816921.674285181,250,230,dummy-302
816695.0713528,250,230,dummy-647
816808.367354622,250,230,dummy-647
816852.874524218,250,230,dummy-647
816939.69297925,250,230,dummy-647
816829.085134711,250,230,dummy-415
816881.600880237,250,230,dummy-415
816913.522009752,250,230,dummy-415
816778.813556351,250,230,dummy-643
816844.696660351,250,230,dummy-643
816863.028584735,250,230,dummy-643
816912.486170474,250,230,dummy-643
816769.455957386,250,230,dummy-259
816790.497090255,250,230,dummy-259
816710.19049328,250,230,dummy-652
816868.124074,250,230,dummy-652
816873.825965968,250,230,dummy-652
816944.804019993,250,230,dummy-652
816852.809934111,250,230,dummy-289
816955.895859746,250,230,dummy-289
816982.029472435,250,230,dummy-289
816756.442988045,250,230,dummy-673
816789.697541237,250,230,dummy-673
816891.018498047,250,230,dummy-673
816891.700642433,250,230,dummy-250
816925.315195077,250,230,dummy-250
816939.751596284,250,230,dummy-250
816707.026175238,250,230,dummy-754
816785.858001429,250,230,dummy-754
816834.356346704,250,230,dummy-754
816890.630686572,250,230,dummy-754
816714.165316241,250,230,dummy-54
816725.125140325,250,230,dummy-54
816792.511539097,250,230,dummy-54
816965.902565607,250,230,dummy-54
816973.947792494,250,230,dummy-54
816744.117973812,250,230,dummy-505
816888.577110573,250,230,dummy-505
816898.976813616,250,230,dummy-505
816864.713718731,250,230,dummy-522
816940.348253048,250,230,dummy-522
816777.056442361,250,230,dummy-785
816839.864474451,250,230,dummy-785
816865.409866707,250,230,dummy-785
816970.540810749,250,230,dummy-785
816751.086927557,250,230,dummy-733
816781.61850263,250,230,dummy-733
816856.184811195,250,230,dummy-733
816906.238805522,250,230,dummy-733
816911.176780405,250,230,dummy-733
816944.653087525,250,230,dummy-733
816977.372220681,250,230,dummy-733
816888.6777957,250,230,dummy-133
816732.424826457,250,230,dummy-805
816829.598944334,250,230,dummy-805
816888.044814294,250,230,dummy-805
816923.293564681,250,230,dummy-805
816966.407897935,250,230,dummy-805
816720.956465298,250,230,dummy-148
816914.892796103,250,230,dummy-148
816897.410665641,250,230,dummy-633
816951.738439283,250,230,dummy-633
816722.605926404,250,230,dummy-750
816730.91177361,250,230,dummy-750
816745.572174957,250,230,dummy-750
816794.679234212,250,230,dummy-750
816962.208644683,250,230,dummy-750
816824.459099126,250,230,dummy-332
816853.400436422,250,230,dummy-332
816690.069632368,250,230,dummy-22
816713.825888755,250,230,dummy-22
816723.197384897,250,230,dummy-22
816736.047480766,250,230,dummy-22
816783.076247331,250,230,dummy-22
816801.125051035,250,230,dummy-22
816870.049876968,250,230,dummy-22
816964.677705248,250,230,dummy-22
816753.986473352,250,230,dummy-236
816809.189095418,250,230,dummy-236
816844.317311818,250,230,dummy-236
816846.887298278,250,230,dummy-236
816882.448324621,250,230,dummy-236
816940.275302259,250,230,dummy-236
816964.014084599,250,230,dummy-236
816820.99133522,250,230,dummy-107
816859.990221998,250,230,dummy-107
816866.679431139,250,230,dummy-107
816787.6267366,250,230,dummy-97
816860.967136766,250,230,dummy-97
816919.535656487,250,230,dummy-97
816969.191294991,250,230,dummy-97
816822.054908377,250,230,dummy-546
816846.901297992,250,230,dummy-546
816755.43000652,250,230,dummy-255
816905.777508877,250,230,dummy-255
816911.565775128,250,230,dummy-255
816917.960592143,250,230,dummy-255
816960.572828339,250,230,dummy-255
816688.328922773,250,230,dummy-797
816794.058440125,250,230,dummy-797
816794.804962955,250,230,dummy-797
816722.128524414,250,230,dummy-634
816879.596613164,250,230,dummy-634
816953.510590091,250,230,dummy-634
816970.611049955,250,230,dummy-634
816739.675726688,250,230,dummy-692
816744.633558095,250,230,dummy-692
816915.051334424,250,230,dummy-692
816857.733068774,250,230,dummy-75
816970.952477875,250,230,dummy-75
816740.018377858,250,230,dummy-49
816757.196915349,250,230,dummy-49
816789.110824102,250,230,dummy-49
816828.092123678,250,230,dummy-712
816782.520323233,250,230,dummy-548
816835.375119446,250,230,dummy-548
816890.913327033,250,230,dummy-548
816892.270766797,250,230,dummy-689
816932.75461373,250,230,dummy-689
816977.883395456,250,230,dummy-689
816700.705915889,250,230,dummy-33
816728.133573422,250,230,dummy-33
816729.861729936,250,230,dummy-33
816820.397028804,250,230,dummy-33
816829.010857096,250,230,dummy-33
816876.450106533,250,230,dummy-33
816807.491187041,250,230,dummy-482
816843.907783902,250,230,dummy-482
816903.73118825,250,230,dummy-482
816913.477142915,250,230,dummy-482
816745.105479482,250,230,dummy-579
816804.92857104,250,230,dummy-579
816844.950271417,250,230,dummy-579
816915.790305929,250,230,dummy-579
816928.771682547,250,230,dummy-579
816981.874223126,250,230,dummy-579
816706.352033451,250,230,dummy-82
816729.837012878,250,230,dummy-82
816856.795891087,250,230,dummy-82
816872.483680715,250,230,dummy-82
816984.367071395,250,230,dummy-82
816717.149153677,250,230,dummy-221
816857.416604568,250,230,dummy-221
816712.194166107,250,230,dummy-556
816853.084838634,250,230,dummy-556
816933.456544517,250,230,dummy-556
816970.084114211,250,230,dummy-556
816773.178344869,250,230,dummy-608
816798.408477319,250,230,dummy-608
816881.005029988,250,230,dummy-608
816894.551125604,250,230,dummy-608
816692.566592172,250,230,dummy-300
816747.72847767,250,230,dummy-300
816785.25419392,250,230,dummy-300
816796.686289947,250,230,dummy-300
816806.360470873,250,230,dummy-300
816893.894622678,250,230,dummy-300
816931.20595787,250,230,dummy-300
816773.731203972,250,230,dummy-809
816787.150849145,250,230,dummy-809
816846.340698488,250,230,dummy-809
816896.045876861,250,230,dummy-809
816857.612203825,250,230,dummy-427
816691.616075363,250,230,dummy-734
816888.797490245,250,230,dummy-734
816692.311538516,250,230,dummy-345
816739.902368637,250,230,dummy-345
816751.257532537,250,230,dummy-345
816835.165415321,250,230,dummy-345
816879.374733137,250,230,dummy-345
816897.067782202,250,230,dummy-345
816983.301903018,250,230,dummy-345
816717.688077003,250,230,dummy-125
816896.263791854,250,230,dummy-125
816919.989777881,250,230,dummy-125
816941.900832335,250,230,dummy-125
816702.670685299,250,230,dummy-112
816723.439628664,250,230,dummy-112
816790.529401349,250,230,dummy-112
816965.551954442,250,230,dummy-112
816971.452220392,250,230,dummy-112
816800.464411122,250,230,dummy-444
816851.993990178,250,230,dummy-444
816925.6251421,250,230,dummy-444
816768.547691132,250,230,dummy-802
816812.158625659,250,230,dummy-802
816910.659672497,250,230,dummy-802
816954.864159701,250,230,dummy-802
816708.566894672,250,230,dummy-503
816738.326056797,250,230,dummy-503
816932.897570025,250,230,dummy-503
816978.494128837,250,230,dummy-503
816693.970454867,250,230,dummy-629
816726.545400004,250,230,dummy-629
816750.567765286,250,230,dummy-629
816824.127067542,250,230,dummy-629
816915.429337534,250,230,dummy-512
816964.469783322,250,230,dummy-512
816983.649156923,250,230,dummy-512
816706.393025793,250,230,dummy-201
816731.057435536,250,230,dummy-201
816732.206227951,250,230,dummy-201
816757.527096336,250,230,dummy-201
816865.368531635,250,230,dummy-201
816936.935374272,250,230,dummy-201
816969.736323038,250,230,dummy-201
816746.25431669,250,230,dummy-727
816747.565706493,250,230,dummy-727
816808.223064241,250,230,dummy-727
816951.969850659,250,230,dummy-727
816962.188008189,250,230,dummy-727
816710.314266962,250,230,dummy-570
816905.924409849,250,230,dummy-570
816918.867635155,250,230,dummy-570
816781.167326517,250,230,dummy-353
816688.158462724,250,230,dummy-297
816739.425938012,250,230,dummy-297
816763.471818427,250,230,dummy-297
816776.766381481,250,230,dummy-297
816782.928298359,250,230,dummy-297
816827.924005665,250,230,dummy-297
816839.348481422,250,230,dummy-297
816866.93665649,250,230,dummy-297
816895.952385665,250,230,dummy-297
816701.018409035,250,230,dummy-464
816755.257624,250,230,dummy-464
816885.988784642,250,230,dummy-464
816914.24776975,250,230,dummy-464
816918.152161131,250,230,dummy-464
816698.296199994,250,230,dummy-516
816757.379010793,250,230,dummy-516
816758.97039078,250,230,dummy-516
816960.204059663,250,230,dummy-516
816974.468594846,250,230,dummy-516
816986.103772876,250,230,dummy-516
816791.79259393,250,230,dummy-30
816792.536409822,250,230,dummy-30
816805.354403357,250,230,dummy-30
816872.531880351,250,230,dummy-30
816873.010274867,250,230,dummy-30
816879.347002987,250,230,dummy-30
816941.057743504,250,230,dummy-30
816721.115233317,250,230,dummy-475
816759.344786231,250,230,dummy-475
816801.777331452,250,230,dummy-475
816836.265691718,250,230,dummy-475
816844.539422694,250,230,dummy-475
816846.420803249,250,230,dummy-475
816849.280087273,250,230,dummy-475
816692.011222745,250,230,dummy-168
816819.022553837,250,230,dummy-168
816881.185632195,250,230,dummy-168
816907.532700289,250,230,dummy-168
816954.776506759,250,230,dummy-168
816969.842095071,250,230,dummy-168
816701.363795283,250,230,dummy-433
816819.366141635,250,230,dummy-433
816877.481955072,250,230,dummy-102
816885.422817152,250,230,dummy-102
816901.917042143,250,230,dummy-102
816957.964014344,250,230,dummy-102
816689.772326195,250,230,dummy-517
816953.947407668,250,230,dummy-517
816693.600523445,250,230,dummy-43
816860.616330607,250,230,dummy-43
816891.812780645,250,230,dummy-43
816824.360129431,250,230,dummy-34
816894.653573496,250,230,dummy-34
816946.051122472,250,230,dummy-34
816760.217433831,250,230,dummy-88
816803.42871454,250,230,dummy-88
816825.251200111,250,230,dummy-88
816848.100043711,250,230,dummy-88
816960.323649573,250,230,dummy-88
816983.3583859,250,230,dummy-88
816732.795098483,250,230,dummy-328
816747.600006572,250,230,dummy-328
816877.187326855,250,230,dummy-328
816963.446720265,250,230,dummy-328
816972.480399454,250,230,dummy-328
816946.031620723,250,230,dummy-500
816966.493601403,250,230,dummy-500
816728.27113519,250,230,dummy-763
816755.917545984,250,230,dummy-763
816737.41948568,250,230,dummy-571
816752.036220136,250,230,dummy-600
816957.317870562,250,230,dummy-600
816855.380213286,250,230,dummy-86
816702.823529276,250,230,dummy-739
816793.267741348,250,230,dummy-739
816807.241659755,250,230,dummy-739
816914.989405734,250,230,dummy-739
816714.575370833,250,230,dummy-269
816964.685885843,250,230,dummy-269
816972.775297181,250,230,dummy-269
816867.43404715,250,230,dummy-306
816974.686740028,250,230,dummy-306
816947.54773963,250,230,dummy-402
816700.987096329,250,230,dummy-155
816905.378465313,250,230,dummy-155
816959.714036501,250,230,dummy-155
816764.939912111,250,230,dummy-524
816772.737664781,250,230,dummy-524
816949.877944592,250,230,dummy-524
816967.700824027,250,230,dummy-524
816977.500061483,250,230,dummy-524
816700.682327439,250,230,dummy-219
816761.924555019,250,230,dummy-219
816843.294644142,250,230,dummy-219
816976.736963935,250,230,dummy-219
816711.505779286,250,230,dummy-167
816984.539811423,250,230,dummy-167
816917.960567398,250,230,dummy-359
816933.606526063,250,230,dummy-359
816711.151994054,250,230,dummy-60
816884.194651586,250,230,dummy-60
816979.005044614,250,230,dummy-60
816715.550857889,250,230,dummy-582
816756.022103482,250,230,dummy-582
816837.880840763,250,230,dummy-582
816861.058215703,250,230,dummy-582
816866.165549754,250,230,dummy-582
816981.89490309,250,230,dummy-582
816720.725741965,250,230,dummy-786
816856.218674187,250,230,dummy-786
816771.300269036,250,230,dummy-91
816823.854198708,250,230,dummy-91
816827.23282161,250,230,dummy-91
816845.185856636,250,230,dummy-91
816886.984191665,250,230,dummy-91
816951.145773006,250,230,dummy-91
816728.422403533,250,230,dummy-756
816740.465468962,250,230,dummy-756
816768.857077857,250,230,dummy-756
816920.462080417,250,230,dummy-756
816921.930193019,250,230,dummy-756
816695.44325898,250,230,dummy-409
816880.585810476,250,230,dummy-409
816900.683005443,250,230,dummy-409
816948.877531382,250,230,dummy-409
816981.079881526,250,230,dummy-409
816984.964963305,250,230,dummy-409
816754.386879877,250,230,dummy-431
816913.152415357,250,230,dummy-431
816936.006508631,250,230,dummy-431
816961.061259776,250,230,dummy-431
816971.782667698,250,230,dummy-431
816730.915941281,250,230,dummy-502
816868.951321723,250,230,dummy-502
816934.204400695,250,230,dummy-502
816964.627993649,250,230,dummy-502
816789.871634744,250,230,dummy-632
816891.390095665,250,230,dummy-632
816758.355935424,250,230,dummy-218
816866.229586435,250,230,dummy-218
816928.266161542,250,230,dummy-218
816982.77953473,250,230,dummy-218
816699.549446644,250,230,dummy-598
816804.246330592,250,230,dummy-598
816724.956841365,250,230,dummy-206
816696.140586448,250,230,dummy-527
816882.908764943,250,230,dummy-527
816728.108558498,250,230,dummy-410
816818.054932403,250,230,dummy-410
816885.549467145,250,230,dummy-410
816737.72416815,250,230,dummy-154
816774.123339435,250,230,dummy-154
816946.681314976,250,230,dummy-154
816707.114935731,250,230,dummy-46
816709.081473596,250,230,dummy-46
816716.039664687,250,230,dummy-46
816814.086413174,250,230,dummy-46
816880.020067282,250,230,dummy-46
816913.289869214,250,230,dummy-46
816965.177982102,250,230,dummy-46
816891.033658605,250,230,dummy-428
816920.609430053,250,230,dummy-428
816913.766031362,250,230,dummy-567
816927.881242847,250,230,dummy-567
816930.142362319,250,230,dummy-567
816723.486305492,250,230,dummy-215
816703.315680316,250,230,dummy-672
816723.647086703,250,230,dummy-672
816946.428098626,250,230,dummy-672
816707.00954876,250,230,dummy-452
816737.479467076,250,230,dummy-452
816912.109890109,250,230,dummy-452
816692.060006172,250,230,dummy-413
816809.939277113,250,230,dummy-413
816922.389086313,250,230,dummy-413
816923.492136858,250,230,dummy-413
816986.068688203,250,230,dummy-413
816763.922396442,250,230,dummy-92
816927.252487915,250,230,dummy-92
816787.041874622,250,230,dummy-158
816804.316731479,250,230,dummy-158
816808.360902686,250,230,dummy-158
816829.312361341,250,230,dummy-158
816922.327309614,250,230,dummy-158
816951.386129059,250,230,dummy-158
816952.369931285,250,230,dummy-158
816698.138667876,250,230,dummy-87
816725.633342682,250,230,dummy-87
816790.461104064,250,230,dummy-87
816888.027344824,250,230,dummy-87
816932.697802082,250,230,dummy-87
816973.990639551,250,230,dummy-87
816805.828516907,250,230,dummy-123
816905.794462642,250,230,dummy-123
816925.652720086,250,230,dummy-123
816926.768165312,250,230,dummy-123
816689.292240582,250,230,dummy-729
816910.611259758,250,230,dummy-729
816913.804821944,250,230,dummy-729
816939.244868551,250,230,dummy-729
816758.143405565,250,230,dummy-245
816703.75059314,250,230,dummy-274
816712.846709941,250,230,dummy-274
816756.921608574,250,230,dummy-274
816828.431353842,250,230,dummy-274
816896.382074949,250,230,dummy-274
816909.729774391,250,230,dummy-274
816917.165684987,250,230,dummy-274
816934.477516884,250,230,dummy-274
816962.571210602,250,230,dummy-274
816977.198590785,250,230,dummy-274
816843.430717176,250,230,dummy-151
816954.445048381,250,230,dummy-151
816708.875897909,250,230,dummy-252
816774.202050026,250,230,dummy-252
816700.806124606,250,230,dummy-179
816904.603000425,250,230,dummy-179
816740.397131499,250,230,dummy-185
816751.924400618,250,230,dummy-185
816817.291869506,250,230,dummy-185
816920.171616604,250,230,dummy-185
816793.762033916,250,230,dummy-473
816794.260579919,250,230,dummy-473
816876.954538138,250,230,dummy-473
816909.727439972,250,230,dummy-473
816951.736843949,250,230,dummy-473
816702.203272608,250,230,dummy-299
816809.007812575,250,230,dummy-299
816916.758210394,250,230,dummy-299
816821.306627508,250,230,dummy-615
816723.156385936,250,230,dummy-535
816779.001888163,250,230,dummy-535
816805.067372941,250,230,dummy-535
816842.738798289,250,230,dummy-535
816854.979346932,250,230,dummy-535
816891.594590142,250,230,dummy-535
816923.733152134,250,230,dummy-535
816967.348252288,250,230,dummy-535
816709.574983658,250,230,dummy-597
816718.800220639,250,230,dummy-597
816789.768946982,250,230,dummy-597
816791.903308084,250,230,dummy-597
816799.664171042,250,230,dummy-597
816844.189562216,250,230,dummy-597
816986.375982994,250,230,dummy-597
816757.695735845,250,230,dummy-709
816874.895610163,250,230,dummy-709
816897.377781999,250,230,dummy-709
816983.751389013,250,230,dummy-709
816708.79225767,250,230,dummy-62
816809.255658855,250,230,dummy-62
816812.844281844,250,230,dummy-62
816874.887271376,250,230,dummy-62
816888.277806646,250,230,dummy-62
816889.711166364,250,230,dummy-62
816910.464637053,250,230,dummy-62
816687.052387094,250,230,dummy-782
816820.731458312,250,230,dummy-782
816853.931740435,250,230,dummy-782
816942.548826331,250,230,dummy-782
816981.391983606,250,230,dummy-782
816728.662212533,250,230,dummy-270
816963.369781495,250,230,dummy-270
816698.111979074,250,230,dummy-627
816712.285589726,250,230,dummy-627
816834.660822163,250,230,dummy-627
816937.115627718,250,230,dummy-627
816700.441866244,250,230,dummy-574
816718.021084651,250,230,dummy-574
816763.771015626,250,230,dummy-574
816814.610123181,250,230,dummy-574
816817.328929841,250,230,dummy-574
816844.606213914,250,230,dummy-574
816905.196782171,250,230,dummy-574
816912.363760617,250,230,dummy-574
816707.474658965,250,230,dummy-630
816791.948131518,250,230,dummy-630
816717.812494969,250,230,dummy-189
816719.274309368,250,230,dummy-189
816743.77208039,250,230,dummy-189
816842.541677238,250,230,dummy-189
816853.059224628,250,230,dummy-189
816966.625691273,250,230,dummy-189
816719.851604731,250,230,dummy-223
816737.602879835,250,230,dummy-223
816853.481013138,250,230,dummy-223
816883.412611233,250,230,dummy-223
816977.162862338,250,230,dummy-223
816715.546983685,250,230,dummy-89
816724.193879971,250,230,dummy-89
816791.028644336,250,230,dummy-89
816821.265085712,250,230,dummy-89
816904.147997647,250,230,dummy-89
816909.968835981,250,230,dummy-89
816973.952655624,250,230,dummy-89
816713.902956198,250,230,dummy-139
816793.623934756,250,230,dummy-139
816868.76746265,250,230,dummy-139
816953.216031865,250,230,dummy-139
816962.070661241,250,230,dummy-139
816773.404573467,250,230,dummy-315
816850.013720621,250,230,dummy-315
816928.239582855,250,230,dummy-315
816974.971851381,250,230,dummy-315
816868.32392964,250,230,dummy-71
816815.508414112,250,230,dummy-519
816858.351370356,250,230,dummy-519
816859.533665046,250,230,dummy-519
816692.647235375,250,230,dummy-150
816853.913066051,250,230,dummy-150
816959.588329067,250,230,dummy-150
816742.670244554,250,230,dummy-131
816783.139286559,250,230,dummy-131
816877.801105372,250,230,dummy-131
816891.836561215,250,230,dummy-131
816897.97030909,250,230,dummy-131
816931.962491592,250,230,dummy-131
816948.778553898,250,230,dummy-131
816743.231014679,250,230,dummy-557
816752.016147676,250,230,dummy-557
816796.759234544,250,230,dummy-557
816899.177464595,250,230,dummy-557
816687.775999334,250,230,dummy-39
816788.212672651,250,230,dummy-39
816723.111378681,250,230,dummy-742
816802.040769064,250,230,dummy-742
816840.241179186,250,230,dummy-742
816713.306727262,250,230,dummy-669
816772.369570184,250,230,dummy-669
816794.112439255,250,230,dummy-669
816854.87196226,250,230,dummy-669
816942.69498673,250,230,dummy-377
816789.07636344,250,230,dummy-207
816863.829635045,250,230,dummy-207
816895.942655572,250,230,dummy-207
816721.231123282,250,230,dummy-507
816786.992319429,250,230,dummy-507
816821.343573079,250,230,dummy-507
816889.917378869,250,230,dummy-507
816983.781116224,250,230,dummy-507
816698.729466811,250,230,dummy-44
816776.749621587,250,230,dummy-44
816807.692596548,250,230,dummy-44
816828.664418031,250,230,dummy-44
816854.909721263,250,230,dummy-44
816904.448314216,250,230,dummy-44
816980.144014025,250,230,dummy-44
816732.87407415,250,230,dummy-773
816770.355556176,250,230,dummy-773
816789.954364849,250,230,dummy-773
816929.704499227,250,230,dummy-773
816695.56074047,250,230,dummy-18
816835.854133984,250,230,dummy-18
816903.651438914,250,230,dummy-18
816981.677226935,250,230,dummy-18
816797.929834384,250,230,dummy-828
816813.145185203,250,230,dummy-828
816874.984516441,250,230,dummy-828
816946.889611024,250,230,dummy-828
816727.234203175,250,230,dummy-463
816772.204529904,250,230,dummy-463
816908.69052462,250,230,dummy-463
816906.536852995,250,230,dummy-42
816975.533012326,250,230,dummy-42
816975.549879216,250,230,dummy-533
816767.418807785,250,230,dummy-29
816800.550737211,250,230,dummy-29
816803.419746733,250,230,dummy-29
816905.975463133,250,230,dummy-29
816979.512133867,250,230,dummy-29
816888.374921407,250,230,dummy-497
816906.014239004,250,230,dummy-497
816923.620657509,250,230,dummy-497
816982.658327038,250,230,dummy-497
816764.714060688,250,230,dummy-6
816807.871177183,250,230,dummy-6
816961.686042052,250,230,dummy-779
816971.568630571,250,230,dummy-779
816979.413628405,250,230,dummy-779
816745.54540219,250,230,dummy-152
816931.475827168,250,230,dummy-152
816724.139079668,250,230,dummy-178
816837.448754517,250,230,dummy-178
816849.700453936,250,230,dummy-178
816892.305050601,250,230,dummy-178
816774.900128346,250,230,dummy-697
816862.621864906,250,230,dummy-697
816963.332339407,250,230,dummy-697
816967.654267667,250,230,dummy-697
816970.018839834,250,230,dummy-697
816728.604582889,250,230,dummy-51
816760.795072108,250,230,dummy-51
816776.831475504,250,230,dummy-51
816925.705862704,250,230,dummy-51
816719.293379786,250,230,dummy-282
816950.785966142,250,230,dummy-282
816710.056878982,250,230,dummy-23
816983.780754998,250,230,dummy-23
816715.41723705,250,230,dummy-707
816755.266497056,250,230,dummy-707
816738.789012562,250,230,dummy-711
816756.66063526,250,230,dummy-711
816792.113251336,250,230,dummy-711
816795.587880921,250,230,dummy-711
816810.141550307,250,230,dummy-711
816947.531300053,250,230,dummy-711
816841.759215023,250,230,dummy-488
816694.724951043,250,230,dummy-354
816986.754450051,250,230,dummy-495
816717.448183928,250,230,dummy-778
816726.233393677,250,230,dummy-778
816847.941687494,250,230,dummy-778
816860.938429414,250,230,dummy-778
816869.65765597,250,230,dummy-778
816688.197404199,250,230,dummy-199
816859.356692677,250,230,dummy-199
816903.088886484,250,230,dummy-199
816718.600822636,250,230,dummy-129
816757.936980907,250,230,dummy-129
816941.209758789,250,230,dummy-129
816967.356937539,250,230,dummy-129
816812.008510144,250,230,dummy-371
816820.618159752,250,230,dummy-371
816933.772940121,250,230,dummy-371
816970.282165562,250,230,dummy-371
816714.475571714,250,230,dummy-196
816714.641313538,250,230,dummy-196
816746.733023049,250,230,dummy-196
816804.58422008,250,230,dummy-196
816918.032447517,250,230,dummy-196
816804.611958566,250,230,dummy-55
816804.618604222,250,230,dummy-55
816828.088460467,250,230,dummy-55
816869.796568544,250,230,dummy-55
816874.072764145,250,230,dummy-204
816929.439508156,250,230,dummy-204
816968.92683451,250,230,dummy-204
816784.194114271,250,230,dummy-304
816778.077915669,250,230,dummy-15
816790.539497364,250,230,dummy-15
816887.194040255,250,230,dummy-15
816908.561102708,250,230,dummy-15
816950.182133936,250,230,dummy-15
816953.968627803,250,230,dummy-15
816769.814054061,250,230,dummy-12
816770.112718221,250,230,dummy-12
816942.877130311,250,230,dummy-12
816958.968401805,250,230,dummy-12
816981.99484118,250,230,dummy-12
816738.897799894,250,230,dummy-50
816821.574998892,250,230,dummy-50
816950.842072527,250,230,dummy-50
816972.436318471,250,230,dummy-50
816982.879117264,250,230,dummy-50
816815.250974022,250,230,dummy-324
816939.736985393,250,230,dummy-324
816735.617253825,250,230,dummy-638
816742.618864952,250,230,dummy-638
816753.916331773,250,230,dummy-638
816783.710067692,250,230,dummy-638
816793.220058005,250,230,dummy-638
816869.532158822,250,230,dummy-638
816926.319376667,250,230,dummy-638
816939.859754106,250,230,dummy-638
816947.961383724,250,230,dummy-638
816971.915834453,250,230,dummy-638
816755.706530711,250,230,dummy-412
816790.203268637,250,230,dummy-412
816839.206173524,250,230,dummy-412
816887.013102385,250,230,dummy-412
816897.514688441,250,230,dummy-412
816898.769661676,250,230,dummy-639
816986.141534485,250,230,dummy-639
816726.730421835,250,230,dummy-723
816794.922815426,250,230,dummy-723
816823.198040225,250,230,dummy-723
816705.675321954,250,230,dummy-389
816692.091559539,250,230,dummy-202
816798.605037169,250,230,dummy-202
816850.319254816,250,230,dummy-202
816941.808327217,250,230,dummy-202
816943.465381279,250,230,dummy-202
816814.81072758,250,230,dummy-715
816840.862256745,250,230,dummy-715
816865.264141619,250,230,dummy-715
816920.499377823,250,230,dummy-715
816955.282789967,250,230,dummy-715
816985.2737103,250,230,dummy-715
816774.531090385,250,230,dummy-479
816898.80242167,250,230,dummy-479
816931.75004859,250,230,dummy-479
816979.760186269,250,230,dummy-479
816842.499181744,250,230,dummy-424
816962.615703636,250,230,dummy-424
816984.7867899,250,230,dummy-424
816712.150519823,250,230,dummy-334
816736.880808147,250,230,dummy-334
816801.85977064,250,230,dummy-334
816806.971540684,250,230,dummy-334
816860.595987945,250,230,dummy-334
816698.072855091,250,230,dummy-5
816717.710730436,250,230,dummy-5
816726.458628875,250,230,dummy-5
816924.940326094,250,230,dummy-5
816891.27766365,250,230,dummy-721
816916.963628999,250,230,dummy-721
816923.693278558,250,230,dummy-721
816926.588949731,250,230,dummy-721
816699.352371686,250,230,dummy-718
816752.065313068,250,230,dummy-718
816760.948457898,250,230,dummy-718
816794.995994737,250,230,dummy-718
816815.596759417,250,230,dummy-718
816948.313007195,250,230,dummy-752
816949.424445249,250,230,dummy-752
816952.473354463,250,230,dummy-752
816985.190384881,250,230,dummy-752
816715.879807148,250,230,dummy-310
816772.353192349,250,230,dummy-310
816916.298603337,250,230,dummy-310
816712.822086244,250,230,dummy-781
816730.954752691,250,230,dummy-781
816850.197643387,250,230,dummy-781
816711.281763027,250,230,dummy-264
816719.73330174,250,230,dummy-264
816807.144439625,250,230,dummy-264
816875.59707079,250,230,dummy-264
816705.728173553,250,230,dummy-266
816716.811648205,250,230,dummy-266
816747.260484121,250,230,dummy-266
816835.270278144,250,230,dummy-266
816862.273957615,250,230,dummy-266
816870.020355114,250,230,dummy-266
816939.437420973,250,230,dummy-266
816699.620421321,250,230,dummy-645
816705.356407828,250,230,dummy-645
816942.713839715,250,230,dummy-645
816748.294332993,250,230,dummy-416
816699.631702522,250,230,dummy-90
816868.704274643,250,230,dummy-90
816727.491987063,250,230,dummy-539
816850.905048155,250,230,dummy-539
816852.899415453,250,230,dummy-539
816778.11963354,250,230,dummy-198
816864.796733134,250,230,dummy-198
816717.482550054,250,230,dummy-113
816828.718005859,250,230,dummy-113
816877.178808531,250,230,dummy-113
816922.514666158,250,230,dummy-113
816694.915192528,250,230,dummy-140
816703.029631587,250,230,dummy-140
816801.721492501,250,230,dummy-140
816954.964554204,250,230,dummy-140
816966.548381275,250,230,dummy-140
816983.988044823,250,230,dummy-140
816816.758670072,250,230,dummy-677
816817.859324897,250,230,dummy-677
816974.884993432,250,230,dummy-677
816695.003641247,250,230,dummy-111
816761.874789003,250,230,dummy-111
816811.482591208,250,230,dummy-111
816843.790314285,250,230,dummy-111
816889.58472116,250,230,dummy-111
816764.55180748,250,230,dummy-459
816837.096729681,250,230,dummy-459
816915.093152284,250,230,dummy-459
816920.154479022,250,230,dummy-459
816690.103522744,250,230,dummy-545
816855.540793836,250,230,dummy-545
816875.663254545,250,230,dummy-545
816703.029657552,250,230,dummy-246
816706.628126416,250,230,dummy-246
816717.521070109,250,230,dummy-246
816761.932456067,250,230,dummy-246
816770.520114177,250,230,dummy-246
816879.183934817,250,230,dummy-246
816758.104761287,250,230,dummy-153
816829.076037326,250,230,dummy-153
816896.453408234,250,230,dummy-676
816943.484182543,250,230,dummy-676
816980.643159375,250,230,dummy-676
816781.9937683,250,230,dummy-661
816815.309207811,250,230,dummy-661
816963.397305277,250,230,dummy-661
816757.91915705,250,230,dummy-777
816850.056881603,250,230,dummy-760
816888.040108396,250,230,dummy-760
816734.560460706,250,230,dummy-285
816761.640285863,250,230,dummy-285
816765.137240673,250,230,dummy-285
816779.712582146,250,230,dummy-285
816800.228209548,250,230,dummy-285
816802.273744161,250,230,dummy-285
816802.402432895,250,230,dummy-285
816814.977201698,250,230,dummy-285
816919.413152936,250,230,dummy-285
816971.197509288,250,230,dummy-285
816975.726180846,250,230,dummy-285
816812.344063796,250,230,dummy-398
816831.942238293,250,230,dummy-398
816963.011452037,250,230,dummy-398
816696.901526877,250,230,dummy-318
816794.757123296,250,230,dummy-318
816909.191673597,250,230,dummy-318
816735.924459227,250,230,dummy-368
816901.212401612,250,230,dummy-368
816903.233645513,250,230,dummy-368
816917.762931504,250,230,dummy-368
816946.444930629,250,230,dummy-368
816963.051718596,250,230,dummy-368
816709.605961006,250,230,dummy-295
816734.200590678,250,230,dummy-295
816827.556832145,250,230,dummy-295
816887.819153879,250,230,dummy-295
816919.574373873,250,230,dummy-295
816960.018510517,250,230,dummy-295
816972.287756258,250,230,dummy-295
816984.809481322,250,230,dummy-295
816725.122705263,250,230,dummy-396
816795.695605075,250,230,dummy-396
816838.419652524,250,230,dummy-396
816727.869284593,250,230,dummy-19
816791.546025103,250,230,dummy-19
816796.395674565,250,230,dummy-19
816796.780894418,250,230,dummy-19
816892.599978504,250,230,dummy-19
816903.154823749,250,230,dummy-19
816702.193891853,250,230,dummy-403
816758.752245928,250,230,dummy-403
816956.34580187,250,230,dummy-403
816712.848150079,250,230,dummy-157
816748.271765548,250,230,dummy-157
816783.907278384,250,230,dummy-157
816814.928336281,250,230,dummy-157
816845.594450154,250,230,dummy-157
816750.164620673,250,230,dummy-147
816692.71605054,250,230,dummy-651
816771.768368641,250,230,dummy-651
816826.200430568,250,230,dummy-651
816865.426726496,250,230,dummy-651
816696.943550309,250,230,dummy-47
816737.17739476,250,230,dummy-47
816814.610717996,250,230,dummy-47
816885.993702619,250,230,dummy-47
816899.26092522,250,230,dummy-47
816974.220546279,250,230,dummy-47
816698.164536649,250,230,dummy-344
816714.022232514,250,230,dummy-344
816715.852293773,250,230,dummy-141
816741.76154868,250,230,dummy-141
816796.165704862,250,230,dummy-141
816825.269665012,250,230,dummy-141
816851.195307788,250,230,dummy-141
816916.606068926,250,230,dummy-141
816931.088594931,250,230,dummy-552
816741.64663668,250,230,dummy-531
816769.739730839,250,230,dummy-531
816804.685007302,250,230,dummy-531
816915.301972854,250,230,dummy-531
816947.88493308,250,230,dummy-531
816790.28578238,250,230,dummy-429
816854.063512648,250,230,dummy-429
816873.570140045,250,230,dummy-429
816980.846980741,250,230,dummy-429
816986.345250651,250,230,dummy-429
816757.83319907,250,230,dummy-586
816913.184960925,250,230,dummy-586
816952.025222867,250,230,dummy-811
816832.417379184,250,230,dummy-386
816843.081800148,250,230,dummy-386
816867.617865653,250,230,dummy-386
816891.636318098,250,230,dummy-386
816688.382868823,250,230,dummy-701
816746.377468145,250,230,dummy-701
816929.069558656,250,230,dummy-701
816869.102087913,250,230,dummy-308
816912.625665551,250,230,dummy-308
816919.018902923,250,230,dummy-308
816959.891080227,250,230,dummy-308
816809.150579596,250,230,dummy-521
816851.96600714,250,230,dummy-521
816749.599789463,250,230,dummy-164
816804.0892394,250,230,dummy-164
816811.036729582,250,230,dummy-164
816850.943984982,250,230,dummy-164
816928.302929373,250,230,dummy-164
816781.902328615,250,230,dummy-404
816918.24774002,250,230,dummy-404
816724.283510383,250,230,dummy-807
816733.135620929,250,230,dummy-807
816761.202217739,250,230,dummy-807
816937.866198734,250,230,dummy-807
816945.96348274,250,230,dummy-807
816946.186541478,250,230,dummy-807
816948.223458717,250,230,dummy-807
816760.966600057,250,230,dummy-671
816817.470543013,250,230,dummy-671
816807.294369325,250,230,dummy-625
816723.17948478,250,230,dummy-583
816738.0699489,250,230,dummy-583
816756.048684782,250,230,dummy-583
816849.395624032,250,230,dummy-583
816855.962372983,250,230,dummy-583
816930.075576945,250,230,dummy-583
816956.951687979,250,230,dummy-583
816978.935028757,250,230,dummy-583
816771.531744176,250,230,dummy-529
816802.585861613,250,230,dummy-529
816864.188192517,250,230,dummy-529
816871.969985269,250,230,dummy-529
816917.557190563,250,230,dummy-529
816948.23163668,250,230,dummy-529
816782.220722164,250,230,dummy-257
816745.115810934,250,230,dummy-122
816806.882081312,250,230,dummy-122
816860.219921751,250,230,dummy-122
816904.42238494,250,230,dummy-122
816712.047023333,250,230,dummy-480
816923.983140965,250,230,dummy-480
816708.101933875,250,230,dummy-472
816760.996271293,250,230,dummy-472
816840.420586862,250,230,dummy-472
816861.560181065,250,230,dummy-472
816961.962646965,250,230,dummy-472
816937.461670604,250,230,dummy-277
816974.875974952,250,230,dummy-277
816720.489232627,250,230,dummy-209
816804.36916617,250,230,dummy-209
816740.341113065,250,230,dummy-390
816748.935637057,250,230,dummy-390
816894.052144025,250,230,dummy-390
816926.321765678,250,230,dummy-390
816978.115899653,250,230,dummy-390
816746.938319368,250,230,dummy-343
816888.92028595,250,230,dummy-343
816914.086448124,250,230,dummy-343
816948.124482543,250,230,dummy-343
816808.155297073,250,230,dummy-59
816859.458544016,250,230,dummy-59
816901.134169707,250,230,dummy-59
816963.54190835,250,230,dummy-59
816981.18470085,250,230,dummy-59
816763.742720578,250,230,dummy-254
816852.846607974,250,230,dummy-254
816869.859754418,250,230,dummy-254
816721.532285366,250,230,dummy-658
816809.795328809,250,230,dummy-658
816831.455462144,250,230,dummy-658
816875.395255541,250,230,dummy-658
816923.676494454,250,230,dummy-658
816929.245441838,250,230,dummy-658
816937.666526558,250,230,dummy-658
816713.506749856,250,230,dummy-716
816777.848186414,250,230,dummy-716
816902.334828382,250,230,dummy-716
816953.917614506,250,230,dummy-716
816912.48457645,250,230,dummy-681
816782.356031577,250,230,dummy-611
816847.250321912,250,230,dummy-611
816875.359006568,250,230,dummy-611
816927.991646276,250,230,dummy-611
816711.708242217,250,230,dummy-455
816776.024198819,250,230,dummy-455
816826.722717858,250,230,dummy-455
816907.613076187,250,230,dummy-455
816963.812160043,250,230,dummy-455
816968.499852748,250,230,dummy-455
816705.668863641,250,230,dummy-666
816722.068628417,250,230,dummy-666
816897.398925408,250,230,dummy-666
816711.414771867,250,230,dummy-563
816825.247191991,250,230,dummy-563
816836.491741566,250,230,dummy-563
816843.549327279,250,230,dummy-563
816860.034735501,250,230,dummy-563
816874.357015106,250,230,dummy-563
816945.768233631,250,230,dummy-563
816976.791389492,250,230,dummy-563
816725.520133779,250,230,dummy-63
816761.705699614,250,230,dummy-63
816761.73578087,250,230,dummy-63
816787.324586268,250,230,dummy-63
816799.936686457,250,230,dummy-63
816824.906833732,250,230,dummy-63
816856.94105783,250,230,dummy-63
816913.47048585,250,230,dummy-63
816981.070106126,250,230,dummy-63
816857.618806894,250,230,dummy-115
816829.830884044,250,230,dummy-172
816911.139161212,250,230,dummy-172
816933.933282114,250,230,dummy-172
816781.183006175,250,230,dummy-313
816920.286789998,250,230,dummy-313
816692.237902459,250,230,dummy-309
816738.812761241,250,230,dummy-309
816828.397461964,250,230,dummy-309
816860.856535951,250,230,dummy-309
816903.191769135,250,230,dummy-309
816724.044418926,250,230,dummy-694
816773.075413879,250,230,dummy-694
816790.104889144,250,230,dummy-694
816900.00228718,250,230,dummy-694
816904.595641484,250,230,dummy-694
816748.36292942,250,230,dummy-783
816765.580190448,250,230,dummy-783
816883.530317311,250,230,dummy-783
816776.921774918,250,230,dummy-393
816895.05551007,250,230,dummy-393
816906.555341604,250,230,dummy-393
816938.681567007,250,230,dummy-393
816736.660018521,250,230,dummy-728
816767.323489029,250,230,dummy-728
816789.717536311,250,230,dummy-728
816919.260021361,250,230,dummy-728
816949.18611512,250,230,dummy-728
816864.827167939,250,230,dummy-798
816941.655466174,250,230,dummy-798
816740.772935107,250,230,dummy-41
816971.65627161,250,230,dummy-41
816780.735729053,250,230,dummy-731
816878.327119077,250,230,dummy-731
816894.154987288,250,230,dummy-731
816897.54111134,250,230,dummy-731
816964.655010142,250,230,dummy-731
816845.460715251,250,230,dummy-426
816864.845234447,250,230,dummy-426
816700.770867544,250,230,dummy-69
816772.307138648,250,230,dummy-69
816845.858140602,250,230,dummy-69
816861.836987112,250,230,dummy-69
816941.978387193,250,230,dummy-69
816943.851055032,250,230,dummy-69
816977.891477513,250,230,dummy-69
816874.344233542,250,230,dummy-335
816948.063816815,250,230,dummy-335
816970.415470805,250,230,dummy-335
816690.602815577,250,230,dummy-441
816873.983329821,250,230,dummy-441
816703.409380477,250,230,dummy-713
816949.176875467,250,230,dummy-713
816725.441167225,250,230,dummy-654
816782.850570628,250,230,dummy-654
816856.070734894,250,230,dummy-654
816727.462648561,250,230,dummy-369
816845.081756732,250,230,dummy-369
816964.366609584,250,230,dummy-369
816688.349239682,250,230,dummy-130
816730.523281669,250,230,dummy-130
816734.941983016,250,230,dummy-130
816797.650024597,250,230,dummy-130
816833.24151425,250,230,dummy-130
816910.826417494,250,230,dummy-130
816928.675011963,250,230,dummy-130
816745.857943674,250,230,dummy-331
816763.355775506,250,230,dummy-331
816784.888028368,250,230,dummy-331
816861.373695343,250,230,dummy-331
816983.912112777,250,230,dummy-331
816918.385391347,250,230,dummy-621
816932.450414222,250,230,dummy-621
816933.269985942,250,230,dummy-621
816748.079916169,250,230,dummy-821
816783.014685775,250,230,dummy-821
816799.612698596,250,230,dummy-821
816842.782818778,250,230,dummy-821
816878.711627565,250,230,dummy-821
816924.294322484,250,230,dummy-821
816961.875454737,250,230,dummy-821
816811.134107196,250,230,dummy-119
816856.80250683,250,230,dummy-119
816723.53615173,250,230,dummy-280
816709.308606939,250,230,dummy-761
816866.030622266,250,230,dummy-761
816952.523946385,250,230,dummy-761
816700.059365333,250,230,dummy-401
816756.528191447,250,230,dummy-401
816777.324402748,250,230,dummy-401
816783.354621139,250,230,dummy-401
816837.308734287,250,230,dummy-401
816983.034498004,250,230,dummy-401
816691.227791308,250,230,dummy-237
816722.822449383,250,230,dummy-237
816854.662770207,250,230,dummy-237
816881.340022188,250,230,dummy-237
816906.917157015,250,230,dummy-237
816958.958089368,250,230,dummy-237
816925.410019758,250,230,dummy-737
816701.920677739,250,230,dummy-543
816722.785720219,250,230,dummy-543
816726.150258326,250,230,dummy-543
816736.279077227,250,230,dummy-543
816819.25321843,250,230,dummy-543
816899.207190705,250,230,dummy-543
816956.033317939,250,230,dummy-543
816786.011804842,250,230,dummy-194
816820.163254623,250,230,dummy-194
816822.457389637,250,230,dummy-194
816900.682501358,250,230,dummy-194
816834.884176374,250,230,dummy-558
816984.224697493,250,230,dummy-558
816690.03045955,250,230,dummy-128
816702.826179638,250,230,dummy-128
816774.718927849,250,230,dummy-128
816949.242514984,250,230,dummy-128
816965.716059366,250,230,dummy-128
816742.458719086,250,230,dummy-550
816839.305990669,250,230,dummy-550
816859.919139305,250,230,dummy-550
816721.961011893,250,230,dummy-803
816762.725097408,250,230,dummy-803
816821.441286979,250,230,dummy-803
816827.063448067,250,230,dummy-803
816858.297284027,250,230,dummy-803
816909.198337743,250,230,dummy-803
816984.572069517,250,230,dummy-803
816857.828476176,250,230,dummy-617
816912.18828971,250,230,dummy-784
816741.86878482,250,230,dummy-436
816827.48166773,250,230,dummy-436
816863.979907938,250,230,dummy-436
816912.602227546,250,230,dummy-436
816953.405009653,250,230,dummy-436
816967.165691108,250,230,dummy-436
816712.399277535,250,230,dummy-425
816717.868806898,250,230,dummy-425
816789.311194749,250,230,dummy-425
816854.701508669,250,230,dummy-425
816881.668909865,250,230,dummy-425
816892.397202384,250,230,dummy-425
816898.010581454,250,230,dummy-425
816925.807776691,250,230,dummy-425
816819.428940218,250,230,dummy-530
816754.344000425,250,230,dummy-399
816782.678961078,250,230,dummy-399
816941.016838627,250,230,dummy-399
816695.22927304,250,230,dummy-525
816725.446482713,250,230,dummy-525
816733.017815067,250,230,dummy-104
816775.743264404,250,230,dummy-104
816842.644577602,250,230,dummy-104
816852.711635516,250,230,dummy-104
816890.625682277,250,230,dummy-104
816931.014830655,250,230,dummy-64
816986.665071618,250,230,dummy-64
816753.504844989,250,230,dummy-45
816854.648198744,250,230,dummy-45
816910.211350605,250,230,dummy-45
816933.534029217,250,230,dummy-45
816766.153681613,250,230,dummy-341
816842.379836811,250,230,dummy-341
816946.648737626,250,230,dummy-341
816763.794150007,250,230,dummy-276
816785.780579067,250,230,dummy-276
816792.543669124,250,230,dummy-276
816931.521767275,250,230,dummy-276
816945.504614794,250,230,dummy-276
816974.123889101,250,230,dummy-276
816743.519788563,250,230,dummy-186
816934.309351017,250,230,dummy-186
816692.402391678,250,230,dummy-513
816759.521210022,250,230,dummy-513
816768.529770545,250,230,dummy-513
816835.279065664,250,230,dummy-513
816890.987074418,250,230,dummy-513
816942.545486888,250,230,dummy-513
816716.565111457,250,230,dummy-815
816741.601315736,250,230,dummy-815
816783.648373017,250,230,dummy-815
816835.444304457,250,230,dummy-815
816856.828149645,250,230,dummy-815
816889.881066473,250,230,dummy-815
816916.319717562,250,230,dummy-815
816930.54061469,250,230,dummy-815
816768.448267525,250,230,dummy-181
816863.765086212,250,230,dummy-181
816929.213911774,250,230,dummy-181
816929.35395351,250,230,dummy-181
816967.983633237,250,230,dummy-181
816975.100606367,250,230,dummy-181
816818.10413109,250,230,dummy-746
816846.029866485,250,230,dummy-746
816961.458276202,250,230,dummy-746
816724.327714806,250,230,dummy-622
816734.243140412,250,230,dummy-622
816850.853313795,250,230,dummy-622
816912.060765164,250,230,dummy-622
816847.854553816,250,230,dummy-145
816939.812402241,250,230,dummy-145
816964.137172293,250,230,dummy-145
816876.465228984,250,230,dummy-241
816776.025844916,250,230,dummy-72
816890.012929078,250,230,dummy-72
816930.967774234,250,230,dummy-72
816745.24681538,250,230,dummy-602
816967.263519774,250,230,dummy-602
816967.410268293,250,230,dummy-602
816724.660445784,250,230,dummy-592
816811.960593974,250,230,dummy-592
816848.417773899,250,230,dummy-592
816856.075057725,250,230,dummy-592
816971.543010269,250,230,dummy-592
816768.032453445,250,230,dummy-719
816780.477327497,250,230,dummy-719
816782.779394361,250,230,dummy-719
816813.102418203,250,230,dummy-719
816862.976635289,250,230,dummy-719
816919.726426202,250,230,dummy-719
816931.425241787,250,230,dummy-719
816962.368510076,250,230,dummy-719
816970.275564383,250,230,dummy-719
816928.032432042,250,230,dummy-628
816722.473356951,250,230,dummy-422
816756.236962273,250,230,dummy-422
816814.040406216,250,230,dummy-422
816964.614986946,250,230,dummy-422
816723.633315749,250,230,dummy-663
816733.734759353,250,230,dummy-663
816866.720904797,250,230,dummy-663
816688.913434701,250,230,dummy-623
816788.069652918,250,230,dummy-623
816795.048462958,250,230,dummy-623
816805.74660238,250,230,dummy-623
816936.455639186,250,230,dummy-623
816725.523825977,250,230,dummy-190
816849.587008469,250,230,dummy-190
816960.061737237,250,230,dummy-190
816768.292323523,250,230,dummy-588
816778.199193567,250,230,dummy-588
816783.067203705,250,230,dummy-588
816798.485324807,250,230,dummy-588
816854.221905,250,230,dummy-588
816735.601280989,250,230,dummy-78
816848.54357366,250,230,dummy-78
816921.942168512,250,230,dummy-78
816755.15914932,250,230,dummy-247
816906.309605165,250,230,dummy-247
816789.259290032,250,230,dummy-73
816798.829825738,250,230,dummy-73
816873.148380899,250,230,dummy-73
816960.658262677,250,230,dummy-73
816962.058865394,250,230,dummy-73
816778.442837045,250,230,dummy-361
816966.738900997,250,230,dummy-361
816688.465530798,250,230,dummy-32
816795.399562772,250,230,dummy-32
816916.853342513,250,230,dummy-32
816760.690109978,250,230,dummy-13
816931.363645018,250,230,dummy-13
816703.020489093,250,230,dummy-724
816754.69555308,250,230,dummy-724
816825.301334511,250,230,dummy-724
816835.852503651,250,230,dummy-724
816730.943950313,250,230,dummy-569
816902.644738277,250,230,dummy-569
816933.924283945,250,230,dummy-569
816941.943820802,250,230,dummy-569
816785.60158396,250,230,dummy-735
816985.565829092,250,230,dummy-735
816704.391768521,250,230,dummy-84
816726.735006146,250,230,dummy-84
816974.905645255,250,230,dummy-84
816688.832232763,250,230,dummy-312
816890.400547266,250,230,dummy-312
816929.760530051,250,230,dummy-312
816697.076513629,250,230,dummy-103
816726.859346759,250,230,dummy-103
816735.177133562,250,230,dummy-675
816761.235237316,250,230,dummy-675
816692.726553671,250,230,dummy-85
816733.784237232,250,230,dummy-85
816802.727752489,250,230,dummy-85
816876.421616255,250,230,dummy-85
816892.765323166,250,230,dummy-85
816961.422152265,250,230,dummy-85
816729.677178678,250,230,dummy-804
816738.127417997,250,230,dummy-804
816867.669291907,250,230,dummy-700
816825.097589194,250,230,dummy-83
816879.245704546,250,230,dummy-83
816892.304744781,250,230,dummy-83
816917.096835316,250,230,dummy-83
816931.253653234,250,230,dummy-83
816949.993729908,250,230,dummy-83
816763.596137667,250,230,dummy-35
816781.201747664,250,230,dummy-35
816856.068934721,250,230,dummy-35
816985.967756438,250,230,dummy-394
816751.553397053,250,230,dummy-515
816816.497302826,250,230,dummy-515
816879.002909065,250,230,dummy-515
816890.532144741,250,230,dummy-515
816938.022324943,250,230,dummy-515
816962.499349398,250,230,dummy-515
816749.198734262,250,230,dummy-499
816769.26449581,250,230,dummy-499
816827.225390432,250,230,dummy-499
816772.948421176,250,230,dummy-406
816782.029987446,250,230,dummy-406
816795.225662323,250,230,dummy-406
816724.345773384,250,230,dummy-271
816759.75524393,250,230,dummy-271
816900.258373051,250,230,dummy-271
816934.849040901,250,230,dummy-271
816935.508022263,250,230,dummy-271
816937.898667286,250,230,dummy-271
816975.234555928,250,230,dummy-271
816942.335288458,250,230,dummy-267
816972.190771072,250,230,dummy-267
816696.20219628,250,230,dummy-824
816728.608236222,250,230,dummy-824
816759.500313141,250,230,dummy-824
816715.074390332,250,230,dummy-584
816819.3956962,250,230,dummy-584
816889.764233513,250,230,dummy-584
816713.424928727,250,230,dummy-793
816849.009796471,250,230,dummy-793
816893.500682229,250,230,dummy-793
816777.836012054,250,230,dummy-27
816797.64121757,250,230,dummy-27
816835.31718138,250,230,dummy-27
816861.045565356,250,230,dummy-27
816821.258086582,250,230,dummy-109
816881.927576928,250,230,dummy-109
816745.723529764,250,230,dummy-26
816836.354384377,250,230,dummy-26
816838.09361835,250,230,dummy-253
816869.451913001,250,230,dummy-253
816954.96218326,250,230,dummy-253
816967.160505944,250,230,dummy-253
816706.83130287,250,230,dummy-599
816766.523772577,250,230,dummy-599
816907.569585998,250,230,dummy-599
816921.118393752,250,230,dummy-599
816727.57237905,250,230,dummy-806
816837.846940061,250,230,dummy-806
816890.331321439,250,230,dummy-806
816899.461518901,250,230,dummy-806
816902.563332385,250,230,dummy-806
816965.759644248,250,230,dummy-806
816695.266681322,250,230,dummy-272
816780.943829099,250,230,dummy-272
816858.97964694,250,230,dummy-272
816914.540357495,250,230,dummy-272
816766.136745067,250,230,dummy-395
816902.471356731,250,230,dummy-395
816750.501537493,250,230,dummy-758
816792.007368118,250,230,dummy-758
816839.631819863,250,230,dummy-758
816959.44067024,250,230,dummy-758
816731.629711254,250,230,dummy-94
816927.23926075,250,230,dummy-94
816954.999417058,250,230,dummy-94
816834.843728442,250,230,dummy-176
816844.418293691,250,230,dummy-176
816911.642519731,250,230,dummy-176
816851.159966063,250,230,dummy-794
816859.486789559,250,230,dummy-794
816907.955652263,250,230,dummy-794
816931.938236871,250,230,dummy-794
816701.897266393,250,230,dummy-81
816733.08422968,250,230,dummy-81
816825.850780615,250,230,dummy-81
816826.291953132,250,230,dummy-81
816818.570487567,250,230,dummy-561
816828.307125131,250,230,dummy-561
816852.7302336,250,230,dummy-561
816941.481673352,250,230,dummy-561
816692.265724537,250,230,dummy-612
816745.572503096,250,230,dummy-612
816881.632725992,250,230,dummy-612
816891.182318327,250,230,dummy-612
816927.573459752,250,230,dummy-612
816710.239974822,250,230,dummy-613
816713.748574555,250,230,dummy-613
816976.198761308,250,230,dummy-613
816703.676367466,250,230,dummy-16
816773.520315554,250,230,dummy-16
816812.317462925,250,230,dummy-16
816790.186247571,250,230,dummy-265
816847.639660282,250,230,dummy-265
816850.04409376,250,230,dummy-265
816851.419209782,250,230,dummy-265
816916.924747966,250,230,dummy-265
816927.560032664,250,230,dummy-265
816708.029871859,250,230,dummy-320
816709.118669677,250,230,dummy-320
816713.313840645,250,230,dummy-320
816716.177624521,250,230,dummy-320
816737.146810475,250,230,dummy-320
816715.170212737,250,230,dummy-695
816747.167854984,250,230,dummy-695
816745.251569939,250,230,dummy-696
816774.382877541,250,230,dummy-696
816792.990656379,250,230,dummy-696
816794.198739644,250,230,dummy-696
816761.291478001,250,230,dummy-801
816848.271554433,250,230,dummy-801
816949.84589193,250,230,dummy-801
816711.473362905,250,230,dummy-1
816712.850320564,250,230,dummy-1
816727.150600433,250,230,dummy-1
816762.741275733,250,230,dummy-1
816810.832335036,250,230,dummy-1
816842.385503958,250,230,dummy-1
816900.562066355,250,230,dummy-1
816951.57694031,250,230,dummy-1
816696.825955139,250,230,dummy-509
816708.927945022,250,230,dummy-509
816806.577057722,250,230,dummy-509
816820.984653103,250,230,dummy-509
816895.048811315,250,230,dummy-509
816896.911060386,250,230,dummy-509
816925.577791894,250,230,dummy-509
816716.727849436,250,230,dummy-231
816845.58613399,250,230,dummy-231
816871.580610297,250,230,dummy-231
816889.768675701,250,230,dummy-231
816929.998778618,250,230,dummy-173
816976.689565099,250,230,dummy-173
816699.660355772,250,230,dummy-211
816805.847172468,250,230,dummy-211
816847.879003384,250,230,dummy-211
816985.616404712,250,230,dummy-211
816720.283852689,250,230,dummy-191
816756.927011892,250,230,dummy-191
816859.451307985,250,230,dummy-191
816883.672083392,250,230,dummy-191
816892.466129258,250,230,dummy-191
816709.714454664,250,230,dummy-233
816791.328473781,250,230,dummy-233
816883.39083113,250,230,dummy-233
816704.342831064,250,230,dummy-616
816758.126526127,250,230,dummy-616
816760.916640026,250,230,dummy-616
816778.10471287,250,230,dummy-616
816924.720141311,250,230,dummy-616
816945.614214779,250,230,dummy-616
816695.89083368,250,230,dummy-830
816814.555312443,250,230,dummy-830
816984.891685457,250,230,dummy-830
816732.053396096,250,230,dummy-193
816849.003913085,250,230,dummy-193
816917.759390841,250,230,dummy-193
816986.371128006,250,230,dummy-193
816689.206497721,250,230,dummy-346
816701.302343602,250,230,dummy-346
816720.550031106,250,230,dummy-346
816931.011424781,250,230,dummy-346
816939.255900073,250,230,dummy-346
816868.491687787,250,230,dummy-234
816887.189427341,250,230,dummy-234
816942.220684818,250,230,dummy-234
816944.410285069,250,230,dummy-234
816974.783858781,250,230,dummy-234
816708.992006903,250,230,dummy-580
816709.906416793,250,230,dummy-580
816722.062475105,250,230,dummy-580
816950.103198072,250,230,dummy-580
816761.110713318,250,230,dummy-596
816866.494875542,250,230,dummy-596
816908.64160226,250,230,dummy-596
816980.56365892,250,230,dummy-596
816775.680523825,250,230,dummy-110
816923.20082044,250,230,dummy-110
816934.075808979,250,230,dummy-110
816973.566683228,250,230,dummy-110
816973.985793452,250,230,dummy-110
816976.643465731,250,230,dummy-110
816691.302302528,250,230,dummy-593
816721.75000203,250,230,dummy-593
816723.32344325,250,230,dummy-593
816842.039956644,250,230,dummy-593
816703.261310941,250,230,dummy-40
816705.753702397,250,230,dummy-40
816756.76492228,250,230,dummy-40
816802.460242272,250,230,dummy-40
816923.268942458,250,230,dummy-40
816968.559796599,250,230,dummy-40
816899.039575775,250,230,dummy-8
816908.999421112,250,230,dummy-8
816731.16393236,250,230,dummy-748
816736.551793828,250,230,dummy-748
816745.08020766,250,230,dummy-748
816819.908439314,250,230,dummy-748
816704.649659431,250,230,dummy-160
816816.597521628,250,230,dummy-160
816797.311078267,250,230,dummy-434
816896.130096012,250,230,dummy-434
816967.265923349,250,230,dummy-434
816764.745656038,250,230,dummy-726
816805.674810371,250,230,dummy-726
816818.111746634,250,230,dummy-726
816969.365749352,250,230,dummy-726
816707.919760561,250,230,dummy-174
816759.518006839,250,230,dummy-174
816845.083318186,250,230,dummy-174
816847.544366575,250,230,dummy-174
816855.682307813,250,230,dummy-174
816920.195412475,250,230,dummy-174
816927.858638441,250,230,dummy-174
816699.211439285,250,230,dummy-714
816729.654625287,250,230,dummy-714
816696.18883007,250,230,dummy-447
816699.698921536,250,230,dummy-447
816715.234877101,250,230,dummy-447
816840.761013089,250,230,dummy-447
816875.647025903,250,230,dummy-447
816926.694157073,250,230,dummy-447
816927.438305382,250,230,dummy-447
816794.631330058,250,230,dummy-175
816805.439130593,250,230,dummy-175
816893.643762161,250,230,dummy-175
816969.129977827,250,230,dummy-175
816976.64588262,250,230,dummy-175
816900.51901954,250,230,dummy-787
816926.878165379,250,230,dummy-787
816797.984166634,250,230,dummy-590
816964.46746548,250,230,dummy-590
816706.02782022,250,230,dummy-126
816974.049365683,250,230,dummy-126
816975.634528943,250,230,dummy-126
816710.780607055,250,230,dummy-364
816745.765518544,250,230,dummy-364
816776.600175675,250,230,dummy-364
816821.828850521,250,230,dummy-364
816865.532848709,250,230,dummy-364
816870.328778477,250,230,dummy-364
816959.865481885,250,230,dummy-364
816722.532992873,250,230,dummy-771
816786.209943019,250,230,dummy-771
816946.534563069,250,230,dummy-771
816975.205193354,250,230,dummy-771
816724.852673544,250,230,dummy-690
816750.924477991,250,230,dummy-690
816875.727580024,250,230,dummy-690
816890.296457576,250,230,dummy-690
816714.075958935,250,230,dummy-659
816788.046833609,250,230,dummy-659
816796.908598761,250,230,dummy-659
816812.429427387,250,230,dummy-659
816915.439064402,250,230,dummy-659
816919.382027444,250,230,dummy-659
816934.684695136,250,230,dummy-659
816969.329501409,250,230,dummy-659
816772.383142765,250,230,dummy-767
816887.197351209,250,230,dummy-767
816959.06607417,250,230,dummy-767
816755.768166787,250,230,dummy-489
816957.565041504,250,230,dummy-489
816966.450634111,250,230,dummy-489
816735.697287316,250,230,dummy-710
816755.560690141,250,230,dummy-710
816902.489001343,250,230,dummy-710
816929.319140042,250,230,dummy-710
816934.371505174,250,230,dummy-710
816854.15804618,250,230,dummy-465
816694.337844868,250,230,dummy-127
816704.193664748,250,230,dummy-127
816705.888491925,250,230,dummy-127
816711.530949399,250,230,dummy-127
816787.904780872,250,230,dummy-127
816819.579749553,250,230,dummy-127
816903.611692415,250,230,dummy-127
816921.481221843,250,230,dummy-127
816732.001574874,250,230,dummy-747
816772.98521011,250,230,dummy-747
816773.71374535,250,230,dummy-747
816808.555909828,250,230,dummy-747
816871.663958,250,230,dummy-747
816939.191449974,250,230,dummy-747
816904.541872099,250,230,dummy-258
816933.080425221,250,230,dummy-258
816983.630390682,250,230,dummy-352
816727.591795577,250,230,dummy-326
816853.815468105,250,230,dummy-326
816966.936427744,250,230,dummy-326
816747.045288419,250,230,dummy-296
816774.602204178,250,230,dummy-296
816800.147846656,250,230,dummy-296
816803.348171005,250,230,dummy-296
816845.540688187,250,230,dummy-296
816878.67631196,250,230,dummy-296
816928.233666847,250,230,dummy-296
816940.977647483,250,230,dummy-296
816736.346870634,250,230,dummy-48
816770.179405312,250,230,dummy-48
816897.952054381,250,230,dummy-48
816708.553220673,250,230,dummy-67
816847.407431948,250,230,dummy-67
816889.523901603,250,230,dummy-67
816986.244936749,250,230,dummy-67
816844.438668388,250,230,dummy-698
816919.595828815,250,230,dummy-698
816965.027113077,250,230,dummy-698
816732.629824291,250,230,dummy-366
816971.144558144,250,230,dummy-366
816742.496863724,250,230,dummy-554
816796.315619423,250,230,dummy-554
816845.730329806,250,230,dummy-554
816827.962111513,250,230,dummy-492
816946.747375196,250,230,dummy-492
816690.672046622,250,230,dummy-564
816707.088453053,250,230,dummy-564
816811.112696562,250,230,dummy-564
816813.490119308,250,230,dummy-564
816881.465749398,250,230,dummy-564
816749.807516816,250,230,dummy-314
816877.798416417,250,230,dummy-314
816896.290079414,250,230,dummy-314
816926.911879888,250,230,dummy-314
816970.073560343,250,230,dummy-314
816799.937010262,250,230,dummy-453
816811.225404654,250,230,dummy-453
816696.685093375,250,230,dummy-134
816709.775828384,250,230,dummy-134
816768.607556035,250,230,dummy-134
816872.904169134,250,230,dummy-134
816948.063508914,250,230,dummy-134
816965.733004707,250,230,dummy-134
816894.692141277,250,230,dummy-542
816939.44912527,250,230,dummy-542
816771.608637774,250,230,dummy-240
816779.51693375,250,230,dummy-240
816727.930824328,250,230,dummy-648
816779.225312699,250,230,dummy-648
816842.566678092,250,230,dummy-648
816892.529952044,250,230,dummy-648
816782.182051145,250,230,dummy-468
816904.802384404,250,230,dummy-468
816985.237342401,250,230,dummy-468
816724.209009807,250,230,dummy-342
816740.656557106,250,230,dummy-342
816851.732965351,250,230,dummy-342
816895.802468777,250,230,dummy-342
816972.648546851,250,230,dummy-342
816715.373671487,250,230,dummy-481
816724.532079647,250,230,dummy-481
816724.905530773,250,230,dummy-481
816739.746795998,250,230,dummy-481
816758.592020346,250,230,dummy-481
816776.130011225,250,230,dummy-481
816791.831895112,250,230,dummy-481
816724.184625261,250,230,dummy-560
816742.399702765,250,230,dummy-560
816915.262853494,250,230,dummy-560
816982.30685111,250,230,dummy-560
816986.582395622,250,230,dummy-560
816713.416266141,250,230,dummy-93
816902.770445093,250,230,dummy-93
816945.520661366,250,230,dummy-93
816705.57638754,250,230,dummy-523
816759.510312777,250,230,dummy-523
816777.251697303,250,230,dummy-523
816713.562289316,250,230,dummy-117
816866.302956393,250,230,dummy-117
816880.111019154,250,230,dummy-117
816901.895348504,250,230,dummy-117
816783.012300314,250,230,dummy-288
816974.846371785,250,230,dummy-288
816828.543924154,250,230,dummy-417
816695.481440273,250,230,dummy-753
816760.192449969,250,230,dummy-753
816852.479888395,250,230,dummy-753
816856.019917326,250,230,dummy-753
816942.841023209,250,230,dummy-753
816763.310140664,250,230,dummy-705
816768.825268987,250,230,dummy-705
816886.355606198,250,230,dummy-705
816922.391769764,250,230,dummy-76
816941.242088882,250,230,dummy-76
816970.054855735,250,230,dummy-76
816719.773448213,250,230,dummy-217
816763.774422588,250,230,dummy-217
816791.834367989,250,230,dummy-799
816853.461611356,250,230,dummy-799
816866.867880186,250,230,dummy-799
816937.090822081,250,230,dummy-799
816874.29411289,250,230,dummy-20
816967.037844777,250,230,dummy-20
816714.926888472,250,230,dummy-68
816741.302982491,250,230,dummy-68
816781.719024103,250,230,dummy-68
816694.125254865,250,230,dummy-138
816709.551749767,250,230,dummy-138
816803.637412039,250,230,dummy-138
816769.884846494,250,230,dummy-114
816919.071851187,250,230,dummy-114
816786.912176303,250,230,dummy-2
816861.866983012,250,230,dummy-2
816735.269631364,250,230,dummy-61
816821.567999121,250,230,dummy-61
816881.644327681,250,230,dummy-61
816943.923161371,250,230,dummy-61
