gpu_loras,cpu_loras,cpu_gpu_diff,rank,rate,output_throughput,completed_requests,adapter_rates,max_lora_loading_time,avg_batch_size,avg_waiting_queue,max_lora_loads_from_memory,max_lora_loads_from_disk,max_lora_loads_from_memory_corrected,total_scheduling_time,mean_itl_ms,mean_ttft_ms,processed_tokens,duration,mean_loras_by_batch,steps
8,8,0,8,1.0,226.37936468519388,588,0.125,0.06758602580521256,5.874551971326165,0.0,8.0,8.0,0.0,0.9938552706735209,25.84765571631494,48.67371986006374,135828,600.0016838499578,4.065601742061993,23301
8,16,8,8,1.0,225.60905845330294,586,0.0625,2.27323288959451,6.093189964157706,0.08960573476702509,331.0,16.0,315.0,0.9496537036029622,26.471114623196172,133.08977365450863,135366,600.0025040130131,4.764840919355341,22833
8,32,24,8,1.0,225.99410984460536,587,0.03125,3.7862315385136753,6.061151079136691,0.18705035971223022,559.0,32.0,527.0,0.9680091318441555,26.226960533504577,236.51238575734806,135597,600.0023633060046,5.200200850686617,23105
8,48,40,8,1.0,227.14918583417702,590,0.020833333333333332,4.666180748026818,6.218637992831542,0.2222222222222222,648.0,48.0,600.0,0.0,27.266926526729343,261.1649770258089,136290,600.0021505667828,0.0,0
8,64,56,8,1.0,227.91923848533577,592,0.015625,5.089391565765254,6.043010752688172,0.4014336917562724,733.0,64.0,669.0,0.9873423161916435,26.828487223868017,440.8874537754879,136752,600.0020046960562,5.618815308887573,22667
8,128,120,8,1.0,227.53377410376334,591,0.0078125,6.284206247422844,6.197132616487456,0.5304659498207885,869.0,128.0,741.0,0.9920558301964775,27.320559007889734,585.3641134467726,136521,600.00323265302,5.775043501094993,22378
8,192,184,8,1.0,230.2288528766759,598,0.005208333333333333,6.578026925795712,6.258992805755396,0.5035971223021583,925.0,192.0,733.0,0.990436659893021,27.44272487038595,569.553655988255,138138,600.0029895210173,5.912180348416579,22388
16,16,0,8,1.0,225.60928688813198,586,0.0625,0.13148489175364375,6.039426523297491,0.0,16.0,16.0,0.0,0.9510229165898636,26.3350715351856,49.713652253384566,135366,600.0018964960473,4.851978281890505,22941
16,32,16,8,1.0,225.99408407009142,587,0.03125,2.3201786185381934,6.189964157706093,0.0,320.0,32.0,288.0,0.9555128169013187,26.826492805091853,56.24142257965549,135597,600.0024317359785,5.344099861486706,22603
16,48,32,8,1.0,227.1491429450375,590,0.020833333333333332,3.0523437205702066,6.132616487455197,0.0,434.0,48.0,386.0,0.0,26.797630015421706,60.451928043927424,136290,600.0022638561204,0.0,0
16,64,48,8,1.0,227.53426463014557,591,0.015625,3.68145154369995,6.103942652329749,0.0,511.0,64.0,447.0,0.9733387095620856,27.170763265795305,63.801530889446596,136521,600.0019391449168,5.689700289730812,22424
16,128,112,8,1.0,227.53380897999722,591,0.0078125,4.689210718381219,6.096774193548387,0.0,638.0,128.0,510.0,0.9856472809333354,26.85926885511789,74.53563339537871,136521,600.0031406849157,5.70920736606648,22835
16,192,176,8,1.0,230.22838643474748,598,0.005208333333333333,5.488671042956412,6.266187050359712,0.0035971223021582736,743.0,192.0,551.0,0.9922761467751116,27.51404767148956,82.73293521297305,138138,600.0042051250348,5.9232357662438115,22320
32,32,0,8,1.0,225.99437090021752,587,0.03125,0.25846797207486816,6.053763440860215,0.0,32.0,32.0,0.0,0.961875661945669,26.296976685362836,51.70804359686356,135597,600.0016702180146,5.3253405398273985,23006
32,48,16,8,1.0,227.14929954273637,590,0.020833333333333332,1.7218839759007096,6.032258064516129,0.0,234.0,48.0,186.0,0.0,26.294784588578434,56.78263685145116,136290,600.0018502119929,0.0,0
32,64,32,8,1.0,227.91899425273877,592,0.015625,2.5687654018984176,6.010752688172043,0.0,348.0,64.0,284.0,0.9813793998910114,26.627942899757226,61.65280743580543,136752,600.0026476439962,5.615948655172178,22872
32,128,96,8,1.0,227.53412837743056,591,0.0078125,4.189523516135523,6.111510791366906,0.0,568.0,128.0,440.0,0.9865546892397106,26.96007763774411,71.89667835414438,136521,600.0022984399984,5.7175531008858345,22724
32,192,160,8,1.0,230.2288409608726,598,0.005208333333333333,5.262337040388957,6.338129496402877,0.0,696.0,192.0,504.0,1.0138877159915864,27.7681332206825,80.53636230488641,138138,600.003020574979,6.017839144528152,22085
48,48,0,8,1.0,227.14908884897008,590,0.020833333333333332,0.4035547971725464,5.974910394265233,0.0,48.0,48.0,0.0,0.0,26.270530465520483,54.23902426925251,136290,600.0024067480117,0.0,0
48,64,16,8,1.0,227.91928050279287,592,0.015625,1.5341981314122677,6.003584229390681,0.0,201.0,64.0,137.0,0.0,26.621988817869266,58.9454209721471,136752,600.001894084271,0.0,0
48,128,80,8,1.0,227.53356582585437,591,0.0078125,3.695740817580372,6.158273381294964,0.0,489.0,128.0,361.0,0.0,27.072358626591825,72.11690161191243,136521,600.0037818793207,0.0,0
48,192,144,8,1.0,230.22865517174256,598,0.005208333333333333,4.77010350022465,6.205035971223022,0.0,636.0,192.0,444.0,0.0,27.196160545259538,79.73807843099894,138138,600.0035047633573,0.0,0
64,64,0,8,1.0,227.9186813544442,592,0.015625,0.5046944795176387,5.96415770609319,0.0,64.0,64.0,0.0,0.9724583465140313,26.396815215983434,56.40689607625481,136752,600.0034713579807,5.5645283362603895,23064
64,128,64,8,1.0,227.5339521030345,591,0.0078125,3.112060417071916,6.161870503597123,0.0,418.0,128.0,290.0,1.0839432078646496,27.2152622457808,71.43792655955615,136521,600.0027632719139,5.7872799622010636,22528
64,192,128,8,1.0,230.22859621682406,598,0.005208333333333333,4.451355106488336,6.201438848920863,0.0,581.0,192.0,389.0,0.9928151971544139,27.160201302684232,79.95607882041568,138138,600.0036584069894,5.880299106212886,22594
128,128,0,8,1.0,227.53397004472035,591,0.0078125,1.0631662891246378,6.136690647482014,0.0,128.0,128.0,0.0,0.9972780413227156,27.010369130526076,66.92425171921877,136521,600.0027159600286,5.745475754111743,22671
128,192,64,8,1.0,230.2288576473931,598,0.005208333333333333,3.0068271305644885,6.194244604316546,0.0,377.0,192.0,185.0,0.9924562650267035,27.130044880317932,78.06919215373185,138138,600.0029770879773,5.851038737944656,22628
192,192,0,8,1.0,230.22844561613542,598,0.005208333333333333,1.6178366695530713,6.2913669064748206,0.0,192.0,192.0,0.0,0.9979920083424076,27.699949676751295,76.9065873353605,138138,600.0040508909151,6.000917891282885,22156
8,8,0,8,5.0,1106.86271890984,2875,0.625,0.05933532991912216,30.332142857142856,0.0,8.0,8.0,0.0,2.6205225847661495,27.434573834191557,49.14309449356211,664125,600.0066572430078,7.562738612709674,22100
8,16,8,8,5.0,1101.4700429051463,2861,0.3125,3.9239374238532037,30.39568345323741,23.723021582733814,593.0,16.0,577.0,2.6809226436307654,27.228772657806577,4873.360408629215,660891,600.0081475269981,7.67488763956223,22249
8,32,24,8,5.0,1084.5262628043038,2817,0.15625,6.327749092131853,30.01798561151079,56.26978417266187,934.0,32.0,902.0,2.7132227803813294,27.3544723850287,11396.27098358548,650727,600.010366108967,7.677665277788367,22159
8,48,40,8,5.0,1076.4372279453332,2796,0.10416666666666667,8.30159824108705,30.23465703971119,87.09025270758123,1205.0,48.0,1157.0,0.0,27.92373091545779,17621.57036031254,645876,600.0126930139959,0.0,0
8,64,56,8,5.0,1058.7291729266208,2750,0.078125,8.336676752427593,30.129963898916966,117.06137184115524,1195.0,64.0,1131.0,2.9624565776903182,28.22589477923168,23680.628084701064,635250,600.0118030600715,7.693313601913557,21548
8,128,120,8,5.0,1003.2777783445871,2606,0.0390625,10.4777137178462,29.64855072463768,232.05797101449275,1475.0,128.0,1347.0,3.373362641897984,29.18416098333485,47494.25092897286,601986,600.0192698310129,7.680083080008914,20920
8,192,184,8,5.0,965.5391185250753,2508,0.026041666666666668,10.962469259975478,27.268115942028984,311.21014492753625,1576.0,192.0,1384.0,3.612659772275947,28.137210741193723,64340.879537055014,579348,600.0254043409368,7.694704715180308,21777
8,256,248,8,5.0,916.6387256129872,2381,0.01953125,11.800149041227996,26.349090909090908,397.71272727272725,1651.0,256.0,1395.0,3.972945736022666,28.752195463384272,83150.08234252974,550011,600.0302896129433,7.681749467174669,21442
8,320,312,8,5.0,869.2661853742916,2258,0.015625,12.628223623614758,25.715328467153284,496.26277372262774,1724.0,320.0,1404.0,4.416234152158722,29.864779597097563,104842.6836723665,521598,600.0440472390037,7.682092648561016,20808
8,384,376,8,5.0,823.0721838721078,2138,0.013020833333333334,13.356929820263758,24.106227106227106,552.9120879120879,1861.0,384.0,1477.0,4.734317662427202,29.89712814290324,115895.5473620317,493878,600.0421465788968,7.6727188105126745,20873
8,448,440,8,5.0,797.2664207662922,2071,0.011160714285714286,13.681652258732356,23.172794117647058,592.7830882352941,1891.0,448.0,1443.0,4.862008866970427,29.834187384505128,124116.68415218833,478401,600.0516107779695,7.678063418276767,21106
8,512,504,8,5.0,743.3682221199462,1931,0.009765625,14.279289640835486,21.435424354243544,647.1918819188191,1978.0,512.0,1466.0,5.080330110853538,29.870478998462506,134323.188787244,446061,600.0538988980697,7.675047837177312,21220
16,16,0,8,5.0,1106.4781669425581,2874,0.3125,0.13587868213653564,30.46043165467626,0.0,16.0,16.0,0.0,2.6816139756701887,27.421943588059563,50.24521037821659,663894,600.0064166060183,12.876786277835894,22111
16,32,16,8,5.0,1105.7079039757332,2872,0.15625,18.683431255165488,31.644927536231883,9.06159420289855,2809.0,32.0,2777.0,2.6914883371209726,28.63168874987902,1900.7973471387454,663432,600.0065637719817,15.18194532096114,21265
16,48,32,8,5.0,1102.2384317562844,2863,0.10416666666666667,20.25876392936334,31.407272727272726,21.614545454545453,3072.0,48.0,3024.0,0.0,28.569582440658916,4431.7023688688205,661353,600.0090188710019,0.0,0
16,64,48,8,5.0,1096.4639276898183,2848,0.078125,22.865709478617646,31.57090909090909,33.31272727272727,3407.0,64.0,3343.0,2.7870516545372084,28.822299590727532,6787.1642094805275,657888,600.0087949871086,15.304628279699727,21166
16,128,112,8,5.0,1077.9790703591166,2800,0.0390625,26.17413223965559,31.025547445255473,78.57299270072993,3924.0,128.0,3796.0,2.9522658236091956,29.004822703395757,15855.647698179735,646800,600.0116493769456,15.283841646920562,21246
16,192,176,8,5.0,1052.5647331872412,2734,0.026041666666666668,28.832288873614743,31.062271062271062,124.43223443223444,4192.0,192.0,4000.0,3.1162627353332937,29.74924901675559,25329.233125802963,631554,600.0144029979128,15.290390973832098,20794
16,256,240,8,5.0,1040.2391591923454,2702,0.01953125,28.513094771304168,30.746323529411764,162.8308823529412,4176.0,256.0,3920.0,3.2722133833449334,30.035795951306014,33283.98862230876,624162,600.0177886829479,15.283603513860083,20734
16,320,304,8,5.0,1017.1352805346667,2642,0.015625,28.80090541532263,30.238970588235293,206.5110294117647,4184.0,320.0,3864.0,3.4778315844014287,30.379206185805263,42434.67158606572,610302,600.0204807360424,15.303843640772584,20619
16,384,368,8,5.0,990.9485593835346,2574,0.013020833333333334,28.70625487610232,29.996296296296297,256.65185185185186,4173.0,384.0,3789.0,3.682657905155793,31.357974869044103,53155.38566905547,594594,600.0250914839562,15.277569540548198,20106
16,448,432,8,5.0,967.8427607224041,2514,0.011160714285714286,30.86469302792102,30.155555555555555,290.47407407407405,4410.0,448.0,3962.0,3.8051613457500935,32.39515210051651,60140.21010641894,580734,600.0292853009887,15.274698338104763,19648
16,512,496,8,5.0,942.0426248118689,2447,0.009765625,29.398070517578162,29.044444444444444,320.3222222222222,4171.0,512.0,3659.0,3.9441289928508922,32.22647520342659,65797.73819022406,565257,600.0333584829932,15.266524970845342,19745
32,32,0,8,5.0,1107.2448604748286,2876,0.15625,0.2545516157988459,30.64855072463768,0.0,32.0,32.0,0.0,2.643219458987005,27.75767566109846,51.09742579983951,664356,600.0082038900582,18.56302807754753,21976
32,48,16,8,5.0,1109.9417324910842,2883,0.10416666666666667,6.996210116893053,32.014545454545456,0.0036363636363636364,1009.0,48.0,961.0,0.0,29.08836503335647,57.376104351934245,665973,600.0071720029227,0.0,0
32,64,32,8,5.0,1109.1713130275864,2881,0.078125,15.249620126443915,33.589090909090906,0.23636363636363636,2229.0,64.0,2165.0,2.6446604118682444,30.525304919284793,108.47003266887874,665511,600.0074038909515,24.365955991877534,20364
32,128,96,8,5.0,1101.4687913764976,2861,0.0390625,64.4805917898193,39.8860294117647,12.172794117647058,9608.0,128.0,9480.0,2.661518579465337,36.73142973771478,2499.4860366410007,660891,600.0088292779401,28.96742473930496,16978
32,192,160,8,5.0,1092.2265242400904,2837,0.026041666666666668,76.60927751869895,41.404411764705884,31.084558823529413,11320.0,192.0,11128.0,2.7630249911453575,38.66826798096997,6285.620328955604,655347,600.0101494110422,29.78480211476483,16087
32,256,224,8,5.0,1079.9029234996367,2805,0.01953125,77.73853729770053,41.45387453874539,49.4760147601476,11614.0,256.0,11358.0,2.7567129016388208,39.37039538806091,10021.005175045464,647955,600.0122658249456,29.71416649063897,15946
32,320,288,8,5.0,1071.044334868126,2782,0.015625,79.23359149706084,41.92988929889299,70.0,11629.0,320.0,11309.0,2.890405557351187,40.176595204396094,14210.138430125655,642642,600.0143776299665,29.778224682794285,15644
32,384,352,8,5.0,1059.108042884829,2751,0.013020833333333334,80.51124621235067,42.464944649446494,91.30627306273063,11830.0,384.0,11446.0,2.900708491069963,41.1452146755563,18566.750200175946,635481,600.0152715950098,29.706723748229976,15318
32,448,416,8,5.0,1051.4033941130424,2731,0.011160714285714286,78.82051988158491,42.46296296296296,108.9,11492.0,448.0,11044.0,2.9110331300471444,41.90290594684353,22217.34308554692,630861,600.0180363999971,29.795263107648395,15181
32,512,480,8,5.0,1041.391453669238,2705,0.009765625,80.22408664267277,42.56666666666667,129.28518518518518,11824.0,512.0,11312.0,2.979503455600934,42.46862439320981,26276.928461101797,624855,600.0193277930084,29.699148382689604,15002
48,48,0,8,5.0,1109.9417415204662,2883,0.10416666666666667,0.38990051206201315,31.887272727272727,0.0,48.0,48.0,0.0,0.0,29.07719355932946,54.818267349646064,665973,600.0071671218611,0.0,0
48,64,16,8,5.0,1109.1697113912935,2881,0.078125,5.667454375419766,33.058181818181815,0.0,782.0,64.0,718.0,0.0,30.1559195600307,58.54162439999404,665511,600.0082702990621,0.0,0
48,128,80,8,5.0,1108.7863623600072,2880,0.0390625,18.311261969152838,38.00732600732601,0.3553113553113553,2658.0,128.0,2530.0,0.0,34.99754098783788,147.02790851766218,665280,600.007379766088,0.0,0
48,192,144,8,5.0,1098.771550872905,2854,0.026041666666666668,62.63871964532882,48.338235294117645,5.25,9183.0,192.0,8991.0,0.0,44.4739999879736,1137.7450977044198,659274,600.0100744110532,0.0,0
48,256,208,8,5.0,1084.9082809989102,2818,0.01953125,103.47060808213428,56.4485294117647,19.158088235294116,14975.0,256.0,14719.0,0.0,52.657500671428075,3932.1308264684335,650958,600.0120115228929,0.0,0
48,320,272,8,5.0,1077.9756345867877,2800,0.015625,110.35724502336234,58.49264705882353,36.650735294117645,16188.0,320.0,15868.0,0.0,54.75136945877925,7440.009615863507,646800,600.0135617610067,0.0,0
48,384,336,8,5.0,1068.7331304900283,2776,0.013020833333333334,110.69167067948729,58.84870848708487,51.87822878228782,16311.0,384.0,15927.0,0.0,55.94182649968961,10529.080525634445,641256,600.0150848752819,0.0,0
48,448,400,8,5.0,1058.3383906635177,2749,0.011160714285714286,108.77821565652266,59.27407407407407,67.95185185185186,15855.0,448.0,15407.0,0.0,57.171879037441535,13807.879843465415,635019,600.0150855359971,0.0,0
48,512,464,8,5.0,1045.630173854154,2716,0.009765625,112.58892661787104,60.47037037037037,94.43703703703704,16358.0,512.0,15846.0,0.0,58.73031165417145,19059.236200660172,627396,600.017114738992,0.0,0
64,64,0,8,5.0,1109.556535091305,2882,0.078125,0.5067144720524084,32.74181818181818,0.0,64.0,64.0,0.0,2.640812163823284,29.71392360657863,56.15378421820604,665742,600.0072812380095,24.205471971669283,20902
64,128,64,8,5.0,1109.1712587008328,2881,0.0390625,11.078522458556108,38.9010989010989,0.0,1530.0,128.0,1402.0,2.6643806892680004,35.283140045402455,72.31075582907498,665511,600.0074332790682,30.61142138613379,18019
64,192,128,8,5.0,1106.4687350134805,2874,0.026041666666666668,15.114116999320686,41.8014705882353,0.0,2114.0,192.0,1922.0,2.6424644079525024,38.25688615390221,81.35648679227855,663894,600.0115312719718,34.280062305849185,16800
64,256,192,8,5.0,1105.3171898213805,2871,0.01953125,26.536129190819338,47.05882352941177,0.3786764705882353,3838.0,256.0,3582.0,2.8837653470691293,43.413167455531934,168.882249190885,663201,600.0096679100534,37.236725579103606,15102
64,320,256,8,5.0,1074.1262396508587,2790,0.015625,48.02590335696004,52.15129151291513,4.96309963099631,7030.0,320.0,6710.0,2.5373511790530756,49.80043015426953,1065.5013655035716,644490,600.0132723780116,39.46260427513009,13562
64,384,320,8,5.0,1057.9491538403763,2748,0.013020833333333334,116.03427123220172,76.32352941176471,39.955882352941174,17263.0,384.0,16879.0,2.4539948089513928,72.17250481478308,8080.352543736936,634788,600.0174939369317,48.19750515359095,9037
64,448,384,8,5.0,1052.1733713177925,2733,0.011160714285714286,121.76729369431268,79.31481481481481,62.86296296296296,18029.0,448.0,17581.0,2.543306924169883,75.60612762736798,12760.11293570307,631323,600.0180361999664,50.94233432687042,8552
64,512,448,8,5.0,1035.9985465418808,2691,0.009765625,128.2575763692148,81.28518518518518,89.62962962962963,18863.0,512.0,18351.0,2.574200646020472,78.6515554053247,17978.874407413692,621621,600.021112071001,50.70339432236048,8260
128,128,0,8,5.0,1108.7851618322625,2880,0.0390625,1.0830945133930072,41.45787545787546,0.0,128.0,128.0,0.0,2.60011709399987,37.64332472601779,72.74115259860992,665280,600.0080294189975,32.304105992519055,16958
128,192,64,8,5.0,1105.3180256457315,2871,0.026041666666666668,8.83996974537149,46.608856088560884,0.0,1143.0,192.0,951.0,2.5792983804130927,42.74960426323921,86.87583902496027,663201,600.0092141920468,37.35291071330218,15085
128,256,128,8,5.0,1102.620813561596,2864,0.01953125,12.535752267227508,49.86029411764706,0.0,1658.0,256.0,1402.0,2.606297071906738,45.89168150925538,98.14032817309183,661584,600.0104404550511,40.53717746865693,14054
128,320,192,8,5.0,1096.4595453971742,2848,0.015625,15.472140028490685,54.59778597785978,0.0,2055.0,320.0,1735.0,2.524392386083491,50.19733242075566,107.43016570243556,657888,600.0111930820858,44.60614290516532,12960
128,384,256,8,5.0,1094.533484786415,2843,0.013020833333333334,17.403641254641116,60.044117647058826,0.0,2297.0,384.0,1913.0,2.5670439567184076,55.28003583823623,118.99964732874344,656733,600.0117941829376,48.002898290493036,11939
128,448,320,8,5.0,1094.1459252427962,2842,0.011160714285714286,19.33556355908513,65.6,0.0,2518.0,448.0,2070.0,2.556006444618106,59.96987890260597,132.9179840693024,656502,600.0132019449957,51.91703462741319,11127
128,512,384,8,5.0,1097.9967091786655,2852,0.009765625,20.79043826716952,71.5940959409594,0.0,2695.0,512.0,2183.0,2.5605337623273954,64.93375928503247,145.36379122896625,658812,600.0127272629179,54.50572316914307,10354
192,192,0,8,5.0,1104.160185353965,2868,0.026041666666666668,1.6104193766368553,51.12915129151291,0.0,192.0,192.0,0.0,2.511815962032415,46.818115726807996,91.75544601456441,662508,600.0107672670856,39.97639124182909,13763
192,256,64,8,5.0,1099.155427819177,2855,0.01953125,7.398907866678201,56.25735294117647,0.0,963.0,256.0,707.0,2.8090841345256194,51.8309850239003,105.65472946746108,659505,600.010683938046,44.161396535850834,12488
192,320,128,8,5.0,1092.6079759204883,2838,0.015625,11.472751138033345,63.56088560885609,0.0,1463.0,320.0,1143.0,2.476824489305727,58.16743984701566,119.28988919901703,655578,600.0120944089722,50.06264195697449,11183
192,384,192,8,5.0,1089.5205972947042,2830,0.013020833333333334,13.985463938093744,70.72324723247233,0.0,1786.0,384.0,1402.0,2.5299845940899104,64.46112634595535,131.82070089336287,653730,600.016192096984,53.94983611038291,10193
192,448,256,8,5.0,1087.2160878908371,2824,0.011160714285714286,16.02952588372864,76.7,0.0,2079.0,448.0,1631.0,2.4807516229338944,69.9611978467655,148.35982438793243,652344,600.0131963329623,57.41896365626934,9486
192,512,320,8,5.0,1091.4517615787474,2835,0.009765625,17.57736219454091,83.80811808118081,0.0,2283.0,512.0,1771.0,2.4756986699067056,75.669813867054,160.46342573040764,654885,600.0127747769002,60.19333852954803,8799
256,256,0,8,5.0,1092.99466470312,2839,0.01953125,2.1952896052971482,66.0479704797048,0.0,256.0,256.0,0.0,2.750101929588709,60.563843203108064,117.87112029130328,655809,600.0111630719912,50.05124719863568,10696
256,320,64,8,5.0,1088.3730618474249,2827,0.015625,7.000483060604893,73.4779411764706,0.0,880.0,320.0,560.0,2.4488274559844285,66.59626823645063,129.88450033336736,653037,600.0120940989873,55.20427175297727,9730
256,384,128,8,5.0,1084.5216043637256,2817,0.013020833333333334,10.476201326178852,83.14391143911439,0.0,1347.0,384.0,963.0,2.467306968610501,75.353758158777,149.56533286728697,650727,600.0129433860129,59.65803899511696,8656
256,448,192,8,5.0,1084.1368967535918,2816,0.011160714285714286,12.625780824397225,87.33948339483395,0.0,1646.0,448.0,1198.0,2.4372887418721803,79.2549469887242,163.74901983439568,650496,600.0127861600195,62.724240342128965,8275
256,512,256,8,5.0,1089.1394226752357,2829,0.009765625,14.7523092655465,93.43173431734317,0.0,1923.0,512.0,1411.0,2.452490959316492,84.17877677608294,172.65513660634755,653499,600.0140903859865,65.02910826385227,7825
320,320,0,8,5.0,1086.0617162251765,2821,0.015625,2.8027931530959904,86.73529411764706,0.0,320.0,320.0,0.0,2.4069501339108683,78.24322560226953,148.14620846668697,651651,600.012863232987,61.59526907744088,8191
320,384,64,8,5.0,1080.2867417037162,2806,0.013020833333333334,7.061128791974625,92.88970588235294,0.0,859.0,384.0,475.0,2.410143444867572,84.00332945991667,162.22629942296678,648186,600.0129178460047,64.60780240191563,7676
320,448,128,8,5.0,1077.2041465367702,2798,0.011160714285714286,10.318485195515677,98.38235294117646,0.0,1278.0,448.0,830.0,2.7958905662817415,88.73490410558999,175.84941072897377,646338,600.0144003139867,68.5181497752693,7259
320,512,192,8,5.0,1084.1349825481323,2816,0.009765625,13.127970245433971,104.56088560885608,0.0,1578.0,512.0,1066.0,2.458798201638274,94.10989359356323,191.36074423799568,650496,600.0138455739943,71.43061101923703,6864
384,384,0,8,5.0,1076.4318778746115,2796,0.013020833333333334,3.3572914922842756,101.25735294117646,0.0,384.0,384.0,0.0,2.3926572122145444,91.53154481160489,174.56257297009233,645876,600.0156751909526,69.2089415115229,7008
384,448,64,8,5.0,1074.8958540518356,2792,0.011160714285714286,7.003228252171539,106.06273062730628,0.033210332103321034,851.0,448.0,403.0,2.3309778947150335,95.68314254978091,194.5553792937109,644952,600.0134781140368,72.2891290425571,6711
384,512,128,8,5.0,1078.7467636058495,2802,0.009765625,9.873099699383602,111.66051660516605,0.0959409594095941,1196.0,512.0,684.0,2.3892066252883524,100.46339738094301,212.65814908737613,647262,600.0129241050454,74.67357224079552,6403
448,448,0,8,5.0,1073.3534055084335,2788,0.011160714285714286,3.9330548522993922,117.07011070110701,4.819188191881919,448.0,448.0,0.0,2.7183187938062474,106.2668320854299,1016.4298109111937,644028,600.0148662079591,77.29670642343103,6065
448,512,64,8,5.0,1038.3134503438848,2697,0.009765625,7.332494571222924,118.73897058823529,27.294117647058822,848.0,512.0,336.0,2.3468680378282443,116.41572077232843,3825.224365727949,623007,600.0182312900433,78.40042733372965,5744
8,8,0,8,10.0,2300.335885955214,5975,1.25,0.06854534184094518,65.1814946619217,0.0,8.0,8.0,0.0,4.667239210451953,28.287920693094385,51.650684664637694,1380225,600.0102021739585,7.696983513884806,21442
8,16,8,8,10.0,2262.9592377247027,5878,0.625,0.9336227065650746,64.78928571428571,226.24642857142857,137.0,16.0,121.0,5.428358132718131,28.286690148821016,22021.800720835956,1357818,600.0187618780183,7.6973017303158295,21996
8,32,24,8,10.0,2190.84082665349,5693,0.3125,3.436237090965733,63.63799283154122,234.27956989247312,488.0,32.0,456.0,5.440345539129339,28.326728651207333,22753.149399673923,1315083,600.2640556999249,7.695134235559834,21504
8,48,40,8,10.0,2181.3080276085393,5666,0.20833333333333334,5.488886950537562,63.45323741007194,276.4424460431655,798.0,48.0,750.0,0.0,28.23597008509904,26997.57506964913,1308846,600.02804896608,0.0,0
8,64,56,8,10.0,2170.528934438918,5638,0.15625,6.333574165008031,64.35018050541517,354.7184115523466,900.0,64.0,836.0,5.873323642532341,28.75959580877192,34914.06846933463,1302378,600.0279375850223,7.700571931053489,21162
8,128,120,8,10.0,2061.9050423547155,5356,0.078125,8.69861449196469,60.1268115942029,560.0942028985507,1234.0,128.0,1106.0,6.781947331735864,28.79155943940754,55425.649305009676,1237236,600.045091595035,7.695898693227805,21217
8,192,184,8,10.0,1933.6527711259446,5023,0.052083333333333336,10.38139256206341,58.47636363636364,791.9745454545455,1453.0,192.0,1261.0,7.524722937378101,29.770925819627763,79073.4790127266,1160313,600.0627503170399,7.687351254238811,20637
8,256,248,8,10.0,1841.9912276497598,4785,0.0390625,11.059599877866276,54.02930402930403,998.7289377289377,1516.0,256.0,1260.0,7.965700163338624,29.316998309928504,100834.20891904438,1105335,600.0761477080014,7.690424709302411,21124
8,320,312,8,10.0,1722.2505421539363,4474,0.03125,11.407490766949195,52.091575091575095,1180.7985347985348,1568.0,320.0,1248.0,8.864997057287837,30.440492833624994,119248.63986671975,1033494,600.0834226520019,7.678598831441504,20409
8,384,376,8,10.0,1586.6773461219655,4122,0.026041666666666668,13.220725920880795,47.18450184501845,1320.5830258302583,1805.0,384.0,1421.0,9.805585622074432,30.006222988660497,132005.87152076056,952182,600.1106666880005,7.683368026837093,20942
8,448,440,8,10.0,1494.5704698596758,3884,0.022321428571428572,13.045185459814093,44.98148148148148,1454.151851851852,1800.0,448.0,1352.0,10.241914667385572,30.75671419200093,144730.5474342262,897204,600.3089302869994,7.673670412153358,20593
8,512,504,8,10.0,1406.0932985873942,3653,0.01953125,13.435319821233861,41.89259259259259,1538.7185185185185,1855.0,512.0,1343.0,10.234543730854057,30.899812556283386,152755.77116177077,843843,600.1330074240104,7.67844887707234,20600
16,16,0,8,10.0,2298.000796787667,5969,0.625,0.14093138609314337,69.02142857142857,0.0,16.0,16.0,0.0,4.698994765582029,30.093012669213365,54.64919380714274,1378839,600.0167632350058,15.033497476273059,20310
16,32,16,8,10.0,2267.9706267722586,5891,0.3125,9.279394628945738,69.10507246376811,61.40942028985507,1364.0,32.0,1332.0,4.949941241560737,30.167718676323123,5980.135139326468,1360821,600.0170301749895,15.28514605562351,20329
16,48,32,8,10.0,2256.7926557358737,5862,0.20833333333333334,13.695991920307279,68.14181818181818,99.79636363636364,1988.0,48.0,1940.0,0.0,30.171876847185967,9735.234834159337,1354122,600.0205630580895,0.0,0
16,64,48,8,10.0,2243.3275419929846,5827,0.15625,16.638970558327856,69.51636363636364,137.56727272727272,2480.0,64.0,2416.0,5.349743436643621,30.802981100041798,13467.636366167973,1346037,600.0180423069978,15.335265080930462,20025
16,128,112,8,10.0,2178.6016251139363,5659,0.078125,21.083469055127352,69.57509157509158,287.53113553113553,3045.0,128.0,2917.0,5.9118433316471055,31.840045127043428,28199.42075775644,1307229,600.0312241259962,15.303093183724341,19461
16,192,176,8,10.0,2121.618707788227,5511,0.052083333333333336,24.328871596604586,68.72426470588235,405.4852941176471,3471.0,192.0,3279.0,6.112272933591157,32.35377882840651,39933.77032470048,1273041,600.0328877789434,15.293757506217387,19253
16,256,240,8,10.0,2064.5942324522284,5363,0.0390625,25.720192360691726,66.6037037037037,519.5666666666667,3721.0,256.0,3465.0,6.374630687292665,32.52068747208226,51420.119989129824,1238853,600.0467213010415,15.291916078999206,19422
16,320,304,8,10.0,1997.9627290986953,5190,0.03125,26.04994146968238,64.62222222222222,636.0370370370371,3739.0,320.0,3419.0,6.81398949236609,32.851857662924736,63112.80761957467,1198890,600.0562385569792,15.291551443316518,19325
16,384,368,8,10.0,1929.0413850129517,5011,0.026041666666666668,26.79356962617021,62.596296296296295,751.6222222222223,3809.0,384.0,3425.0,7.508740097342525,33.50979981439904,75303.07245478682,1157541,600.0602210990037,15.278514788763777,19079
16,448,432,8,10.0,1873.1747704244128,4866,0.022321428571428572,27.90466018585721,61.837037037037035,850.3296296296296,3953.0,448.0,3505.0,7.708465445553884,34.19701190704247,84693.22620813278,1124046,600.075346810976,15.256171426935174,18818
16,512,496,8,10.0,1806.1725652377204,4692,0.01953125,28.808239013131242,58.61194029850746,944.5298507462686,4135.0,512.0,3623.0,8.079729466495337,34.147250271845245,94962.04175966234,1083852,600.0821963860071,15.264886047584648,18979
32,32,0,8,10.0,2291.845793701038,5953,0.3125,0.25913794289226644,91.65942028985508,0.0,32.0,32.0,0.0,4.839692018867936,39.902565497069084,70.82473560521497,1375143,600.0155000739906,27.80392204068665,15407
32,48,16,8,10.0,2276.4381851807084,5913,0.20833333333333334,25.371412814129144,97.87912087912088,24.992673992673993,3790.0,48.0,3742.0,0.0,42.93671034760274,2487.87287427574,1365903,600.0176103580743,0.0,0
32,64,32,8,10.0,2262.569617492832,5877,0.15625,32.31235183123499,98.81318681318682,56.10989010989011,4749.0,64.0,4685.0,5.143366656964645,43.49460488480198,5501.066011566524,1357587,600.0199903260218,29.819703631849013,14214
32,128,96,8,10.0,2221.3711799339794,5770,0.078125,47.3472606317373,101.56457564575646,165.87822878228783,6915.0,128.0,6787.0,5.57958415732719,45.602576091551896,16196.609662243056,1332870,600.021289571072,29.781828694517486,13696
32,192,160,8,10.0,2179.5555479146547,5662,0.052083333333333336,55.27194515708834,102.41111111111111,267.2074074074074,8222.0,192.0,8030.0,5.5514925048919395,47.197482169657015,26105.51978635313,1307922,600.0865640939446,29.72269241187305,13340
32,256,224,8,10.0,2118.528249108005,5503,0.0390625,58.198663213988766,101.2,360.25925925925924,8661.0,256.0,8405.0,5.761862697196193,48.1204104110179,35394.9818768568,1271193,600.035897815018,29.702790124160067,13187
32,320,288,8,10.0,2073.091631346893,5385,0.03125,59.685515729179315,100.04832713754647,443.2379182156134,8734.0,320.0,8414.0,6.0319306828751,48.83678772875482,43672.49677786553,1243935,600.0385999300051,29.748256269176167,13054
32,384,352,8,10.0,2028.3905745599643,5269,0.026041666666666668,62.109751245101506,98.89219330855019,535.7843866171004,8995.0,384.0,8611.0,6.217761817715655,49.54883101047006,53017.74238464475,1217139,600.051595222998,29.684589960714863,12916
32,448,416,8,10.0,1976.4051680051232,5134,0.022321428571428572,62.239547693068744,96.85820895522389,618.4925373134329,9103.0,448.0,8655.0,6.047105411467783,50.12492624760079,61056.11889351662,1185954,600.0561115699966,29.68124715773565,12851
32,512,480,8,10.0,1932.8787047514186,5021,0.01953125,62.69443857321312,95.84210526315789,697.3157894736842,9095.0,512.0,8583.0,6.2301316656012204,51.26363188740768,68923.21157782828,1159851,600.064037721997,29.64181637467152,12744
48,48,0,8,10.0,2282.2085257287113,5928,0.20833333333333334,0.39848142315167934,109.48161764705883,0.0,48.0,48.0,0.0,0.0,47.94107880904545,83.78159062309342,1369368,600.0187908170046,0.0,0
48,64,16,8,10.0,2271.8135922301863,5901,0.15625,42.79016254370799,123.35925925925926,12.27037037037037,6319.0,64.0,6255.0,0.0,53.95819674664089,1285.0879469327704,1363131,600.0188592330087,0.0,0
48,128,80,8,10.0,2230.6101499262427,5794,0.078125,69.80182171077468,130.42592592592592,105.08888888888889,10245.0,128.0,10117.0,0.0,57.770445369989815,10260.740847100937,1338414,600.0214784480631,0.0,0
48,192,144,8,10.0,2201.7130554272553,5719,0.052083333333333336,78.24411872564815,131.2962962962963,195.86666666666667,11433.0,192.0,11241.0,0.0,59.032063000246815,19095.540455082624,1321089,600.0277814329602,0.0,0
48,256,208,8,10.0,2159.728143390319,5610,0.0390625,85.9584986786358,132.5814814814815,272.54814814814813,12492.0,256.0,12236.0,0.0,60.81684304181892,26697.728181905455,1295910,600.0338533190079,0.0,0
48,320,272,8,10.0,2095.7753250061846,5444,0.03125,98.83738375734538,136.6865671641791,379.8805970149254,12449.0,320.0,12129.0,0.0,64.80306190342814,37170.046043550785,1257564,600.0471448418684,0.0,0
48,384,336,8,10.0,2043.7449650831757,5311,0.026041666666666668,102.41085183108225,136.77153558052436,471.47940074906364,12486.0,384.0,12102.0,0.0,66.63374519138651,46189.21782726092,1226841,600.2906531686895,0.0,0
48,448,400,8,10.0,2025.7018618634165,5262,0.022321428571428572,93.16919318784494,131.1760299625468,513.9213483146067,13407.0,448.0,12959.0,0.0,64.40199877836318,50619.89365141276,1215522,600.0498014460318,0.0,0
48,512,464,8,10.0,1986.0330593028843,5159,0.01953125,95.2267478054855,129.84962406015038,587.5864661654135,13806.0,512.0,13294.0,0.0,65.4305553574045,57836.410465061235,1191729,600.0549660630058,0.0,0
64,64,0,8,10.0,2280.2824325730644,5923,0.15625,0.5165269869030453,120.81617647058823,0.0,64.0,64.0,0.0,4.922859072510619,52.68480348590852,91.58566516169012,1368213,600.0190943260095,47.94767253615478,11759
64,128,64,8,10.0,2236.3932656359502,5809,0.078125,85.90575268270914,153.25185185185185,61.474074074074075,12790.0,128.0,12662.0,5.231522421265254,67.37223065495306,6066.586911945595,1341879,600.0192455500073,55.97846151100989,9237
64,192,128,8,10.0,2193.6199159521007,5698,0.052083333333333336,98.87270760946558,159.07089552238807,143.9589552238806,14636.0,192.0,14444.0,5.058644928532885,71.24345537721796,14033.702146035015,1316238,600.0301102430094,55.86048054521093,8772
64,256,192,8,10.0,2153.952761665749,5595,0.0390625,109.94604028656613,164.82835820895522,226.08582089552237,16366.0,256.0,16110.0,5.489721780031687,75.34016440071113,22021.47370104936,1292445,600.0340504220221,55.64399989496015,8339
64,320,256,8,10.0,2106.961404610697,5473,0.03125,110.34185590280686,166.0823970037453,315.4531835205992,16199.0,320.0,15879.0,5.428998014656827,77.77736947632802,30615.191847992664,1264263,600.0408916999586,55.67190879503407,8105
64,384,320,8,10.0,2057.291829035139,5344,0.026041666666666668,116.35278613690753,166.71535580524343,398.063670411985,16705.0,384.0,16321.0,5.48521453468129,80.09041005268153,38671.03981295992,1234464,600.0432134020375,55.2650422288165,7899
64,448,384,8,10.0,2025.7002064566175,5262,0.022321428571428572,115.63266292214394,167.9812734082397,462.02247191011236,17105.0,448.0,16657.0,5.590933926287107,81.6316650434064,45043.4293406123,1215522,600.0502918080892,55.27361518749904,7758
64,512,448,8,10.0,1964.4577854537931,5103,0.01953125,116.39974318095483,165.48872180451127,542.6992481203008,16974.0,512.0,16462.0,5.814437611144967,83.12386450788979,52610.814170462676,1178793,600.0602348030079,55.0202196455594,7596
128,128,0,8,10.0,2259.4849470019394,5869,0.078125,1.083064601989463,159.62825278810408,0.0,128.0,128.0,0.0,5.008237723086495,69.35435401513982,126.83516446078657,1355739,600.02125785299,74.24895410266762,9086
128,192,64,8,10.0,2193.6378919125714,5698,0.052083333333333336,90.15257257470512,280.8666666666667,66.97777777777777,13008.0,192.0,12816.0,5.258074674580712,128.41165502934166,5690.149196556453,1316238,600.0251932429965,93.49880181528972,5240
128,256,128,8,10.0,2115.4441684197845,5495,0.0390625,93.06746521714376,286.15185185185186,159.26296296296297,13404.0,256.0,13148.0,5.544915332488017,136.24454118147617,13787.995573876937,1269345,600.0371075489966,93.20981981625545,5049
128,320,192,8,10.0,2117.3658022165055,5500,0.03125,94.80476909692516,285.0,247.85555555555555,13685.0,320.0,13365.0,5.399447576608509,137.93200358250155,22562.097870455804,1270500,600.0380277560034,93.91762590657028,4943
128,384,256,8,10.0,2057.674974070714,5345,0.026041666666666668,99.75369848380797,287.2185185185185,329.9111111111111,14209.0,384.0,13825.0,5.47326938866172,142.76087555605756,30267.454700639046,1234695,600.0437462469563,93.09113457474015,4786
128,448,320,8,10.0,1997.2017760511212,5188,0.022321428571428572,100.93111350783147,282.4222222222222,394.337037037037,14420.0,448.0,13972.0,5.465494529111311,143.55976210009885,36116.02995839549,1198428,600.0535420960514,93.32682637162524,4743
128,512,384,8,10.0,2001.0498720606354,5198,0.01953125,106.8077441570349,285.6865671641791,483.4514925373134,15456.0,512.0,14944.0,5.06245328206569,147.43791784194113,45814.82778793425,1200738,600.0540100299986,92.20488917097808,4632
192,192,0,8,10.0,2123.9118546245527,5517,0.052083333333333336,1.6512230208609253,232.57037037037037,40.44444444444444,192.0,192.0,0.0,5.078361702384427,111.70862882335484,2000.9902846641041,1274427,600.0376132489182,99.01693017190081,6136
192,256,64,8,10.0,1910.531169517545,4963,0.0390625,13.08158282074146,253.61851851851853,340.8259259259259,1780.0,256.0,1524.0,5.261303406441584,184.26014207856593,17954.874036753234,1146453,600.0702936919406,117.83845829200258,5073
192,320,128,8,10.0,1911.691931482156,4966,0.03125,18.253717673942447,261.92962962962963,443.3666666666667,2432.0,320.0,2112.0,4.971674542524852,203.78979991392094,26674.81139877696,1147146,600.0684425709769,114.99273785477999,4964
192,384,192,8,10.0,1794.2441922891978,4661,0.026041666666666668,20.504726404789835,255.40740740740742,547.2407407407408,2800.0,384.0,2416.0,4.807289360673167,189.65063841053276,39803.5169212265,1076691,600.0805267349351,116.43850394636289,4849
192,448,256,8,10.0,1836.954347267296,4772,0.022321428571428572,25.976477962802164,269.3259259259259,597.3629629629629,3570.0,448.0,3122.0,4.94295814645011,212.8281061358864,41399.210685494865,1102332,600.0867695159977,116.59857560943267,4708
192,512,320,8,10.0,1729.5511622710612,4493,0.01953125,27.093052683980204,257.9368029739777,687.7583643122676,3709.0,512.0,3197.0,4.462328872526996,207.52049851486655,49385.69037240718,1037883,600.0880590529414,117.01152135813862,4630
256,256,0,8,10.0,1777.3380803899145,4617,0.0390625,2.2389945862814784,218.8450184501845,534.5867158671587,256.0,256.0,0.0,4.179857914918102,158.65989747042502,40569.54598832931,1066527,600.0698526450433,108.28637864931233,5389
256,320,64,8,10.0,1609.8072238180557,4182,0.03125,9.214859414380044,204.96666666666667,734.6703703703704,1192.0,320.0,872.0,3.9518281378550455,155.3067699131865,59752.90703128738,966042,600.0979407390114,112.91149745452381,5215
256,384,128,8,10.0,1518.90788331084,3946,0.026041666666666668,13.328434015624225,197.9777777777778,883.7777777777778,1793.0,384.0,1409.0,4.079219865961932,161.49058007869752,74397.32623218077,911526,600.1193423350342,114.84485222550387,5050
256,448,192,8,10.0,1419.1812727082186,3687,0.022321428571428572,15.533295706081844,192.04074074074074,991.5777777777778,2072.0,448.0,1624.0,4.043584326493146,164.82515636933257,82583.50129440287,851697,600.1326373020056,117.06904365419499,4918
256,512,256,8,10.0,1396.3033293050203,3629,0.01953125,17.743678470993473,188.8148148148148,1044.4592592592592,2391.0,512.0,1879.0,3.5762910169214592,164.3364314183458,90072.73500818461,838299,600.3702651179992,116.94186843754538,4848
320,320,0,8,10.0,1544.3260553568803,4012,0.03125,2.721944309967512,183.38518518518518,860.9296296296296,320.0,320.0,0.0,3.6883537006069673,147.76626384837158,73529.04701253765,926772,600.114203076002,107.28808077905533,5474
320,384,64,8,10.0,1437.6786400808405,3735,0.026041666666666668,8.440917141029786,176.78518518518518,995.0074074074074,1043.0,384.0,659.0,3.5332419641999877,152.05374171773752,85013.7628327745,862785,600.1236826829991,108.00774421078991,5286
320,448,128,8,10.0,1343.3272431560192,3490,0.022321428571428572,11.85809798433911,171.6,1093.2666666666667,1492.0,448.0,1044.0,3.508020506007597,154.80852140639314,92701.70669406606,806190,600.1441600379767,110.08558312949005,5149
320,512,192,8,10.0,1310.209204324245,3404,0.01953125,14.455007752869278,168.7037037037037,1161.4407407407407,1836.0,512.0,1324.0,3.3553025405853987,154.80272571358734,102565.21599026794,786324,600.1514852779219,109.81074935662093,5023
384,384,0,8,10.0,1311.7563279652552,3408,0.026041666666666668,3.4332138875033706,153.24814814814815,1168.3037037037036,384.0,384.0,0.0,3.240356110036373,144.07632889400298,102795.68893991146,787248,600.148048243951,99.74045882308337,5468
384,448,64,8,10.0,1232.430673798421,3202,0.022321428571428572,7.507035231916234,148.88148148148147,1262.462962962963,927.0,448.0,479.0,3.140347364358604,146.83978845809057,110423.285895041,739662,600.1651985180797,100.47399673645913,5306
384,512,128,8,10.0,1159.6743214359935,3013,0.01953125,10.31870683748275,146.09259259259258,1335.5074074074073,1301.0,512.0,789.0,3.112829219084233,151.25764698769768,114941.46521080124,696003,600.1710886709625,100.46914688586392,5191
448,448,0,8,10.0,1074.5956268534371,2792,0.022321428571428572,3.8032755608437583,127.40959409594096,1475.970479704797,448.0,448.0,0.0,2.863771600765176,143.62780706503548,131447.84134684983,644952,600.1811136050383,90.46177425389227,5374
448,512,64,8,10.0,1051.1123799049599,2731,0.01953125,6.976185349165462,125.60740740740741,1520.888888888889,866.0,512.0,354.0,2.810342836426571,146.39167071808947,136779.444281468,630861,600.1841592399869,89.69351525627846,5229
8,8,0,8,15.0,3465.299385435567,9001,1.875,0.06855102581903338,100.99288256227759,0.0,8.0,8.0,0.0,0.0,29.01551252764883,54.502208074729666,2079231,600.0148237519898,0.0,0
8,16,8,8,15.0,2030.1935785509515,5275,0.9375,0.24061141442507505,64.11785714285715,1832.0285714285715,32.0,16.0,16.0,0.0,30.919127977555416,18417.000131050296,1218525,600.2013861504383,0.0,0
8,32,24,8,15.0,3103.9176632188965,8063,0.46875,1.7786219362169504,101.8,859.7714285714286,246.0,32.0,214.0,0.0,32.65346277996488,55113.370903478535,1862553,600.0652085817419,0.0,0
8,48,40,8,15.0,3204.8563635039372,8325,0.3125,3.544681433122605,99.24460431654676,712.4496402877697,506.0,48.0,458.0,0.0,29.909432702990866,46439.978103134614,1923075,600.0502930176444,0.0,0
8,64,56,8,15.0,3150.1671348189534,8183,0.234375,4.58933045854792,99.29241877256318,800.7184115523465,643.0,64.0,579.0,0.0,30.66011562747095,52288.6927324278,1890273,600.0548285539262,0.0,0
8,128,120,8,15.0,3058.0880908273652,7944,0.1171875,8.020972369704396,93.16304347826087,1049.4963768115942,1127.0,128.0,999.0,0.0,29.726054263398485,69465.38770155914,1835064,600.069044938311,0.0,0
8,192,184,8,15.0,2902.0912234057605,7539,0.078125,9.03719130717218,89.64363636363636,1385.0872727272726,1244.0,192.0,1052.0,0.0,30.2876754099779,92850.85851598618,1741509,600.0876147360541,0.0,0
8,256,248,8,15.0,2662.0778294399784,6916,0.05859375,9.934816477354616,83.83941605839416,1704.448905109489,1355.0,256.0,1099.0,0.0,31.217889003103373,113852.64536527744,1597596,600.1312141711824,0.0,0
8,320,312,8,15.0,2514.570732487079,6533,0.046875,11.111497173085809,78.22058823529412,1930.3235294117646,1514.0,320.0,1194.0,0.0,30.928989646092766,128724.90180604902,1509123,600.1513421367854,0.0,0
8,384,376,8,15.0,2387.114315448925,6202,0.0390625,11.541793124284595,73.92279411764706,2191.643382352941,1590.0,384.0,1206.0,0.0,31.035392383798243,147879.97185960913,1432662,600.1648059869185,0.0,0
8,448,440,8,15.0,2246.6990090338354,5841,0.033482142857142856,12.662388012744486,67.58148148148148,2343.937037037037,1734.0,448.0,1286.0,0.0,30.787512731950144,155506.948591244,1349271,600.5570815559477,0.0,0
8,512,504,8,15.0,1950.0483890982678,5067,0.029296875,12.72172455349937,60.54074074074074,2624.1481481481483,1744.0,512.0,1232.0,0.0,31.615594355778903,167049.78906904085,1170477,600.2297207308002,0.0,0
16,16,0,8,15.0,3457.1917768705257,8980,0.9375,0.13261557603254914,128.41785714285714,0.0,16.0,16.0,0.0,0.0,36.89076790366632,66.2345713329603,2074380,600.0187822608277,0.0,0
16,32,16,8,15.0,3330.8409578259,8652,0.46875,2.762486776802689,115.7797833935018,293.54873646209387,388.0,32.0,356.0,0.0,34.06011203903409,18525.464626859757,1998612,600.0322517063469,0.0,0
16,48,32,8,15.0,3323.1245019364937,8632,0.3125,6.833481894806027,114.76811594202898,319.9855072463768,981.0,48.0,933.0,0.0,33.71906786803297,20540.87463730516,1993992,600.0352977560833,0.0,0
16,64,48,8,15.0,3283.843627076414,8530,0.234375,9.917756668291986,111.31272727272727,359.7672727272727,1448.0,64.0,1384.0,0.0,33.44316341492373,23004.879319407253,1970430,600.03770695813,0.0,0
16,128,112,8,15.0,3207.9382653811654,8333,0.1171875,16.57953789504245,112.4087591240876,580.0401459854014,2347.0,128.0,2219.0,0.0,34.63185175063362,37575.42326472976,1924923,600.0498889810406,0.0,0
16,192,176,8,15.0,3108.9251800389584,8076,0.078125,18.938322130590677,111.67279411764706,812.3455882352941,2672.0,192.0,2480.0,0.0,35.286717846915955,53017.07569151954,1865556,600.0646178228781,0.0,0
16,256,240,8,15.0,3028.817792687192,7868,0.05859375,22.201154057402164,107.68634686346863,982.5867158671587,3227.0,256.0,2971.0,0.0,35.46160208287538,64446.034981375975,1817508,600.0717522157356,0.0,0
16,320,304,8,15.0,2891.634807343742,7512,0.046875,23.571340712718666,104.83333333333333,1195.5185185185185,3329.0,320.0,3009.0,0.0,35.9555049564811,78488.39041295605,1735272,600.1006750897504,0.0,0
16,384,368,8,15.0,2809.612819736382,7299,0.0390625,22.615554247167893,101.85873605947955,1394.0223048327136,3211.0,384.0,2827.0,0.0,36.764932289908714,92794.38377910254,1686069,600.1072418790427,0.0,0
16,448,432,8,15.0,2682.105740164671,6968,0.033482142857142856,25.529946085764095,98.77902621722846,1567.1048689138577,3586.0,448.0,3138.0,0.0,37.13290372148284,103719.04306944703,1609608,600.1284646969871,0.0,0
16,512,496,8,15.0,2600.4360003351576,6756,0.029296875,25.881433589267544,93.85606060606061,1696.4924242424242,3706.0,512.0,3194.0,0.0,37.23029755103794,111941.09611281843,1560636,600.1439757790067,0.0,0
32,32,0,8,15.0,3448.7160578473413,8958,0.46875,0.2626159031642601,165.0,0.0,32.0,32.0,0.0,0.0,47.424101530943176,84.37211255251286,2069298,600.0198234039708,0.0,0
32,48,16,8,15.0,3393.63087293751,8815,0.3125,11.058203037828207,164.29151291512915,114.82287822878229,1469.0,48.0,1421.0,0.0,47.45819889847154,7306.9154285569575,2036265,600.0254819220863,0.0,0
32,64,32,8,15.0,3364.7326038237793,8740,0.234375,17.68593586771749,159.76752767527674,181.8228782287823,2578.0,64.0,2514.0,0.0,46.825449213132096,11630.065148227173,2018940,600.0298501300276,0.0,0
32,128,96,8,15.0,3285.7437537193505,8535,0.1171875,36.69347661948996,162.52592592592592,378.27407407407406,5302.0,128.0,5174.0,0.0,48.53787511268156,24409.128175440794,1971585,600.0422272029682,0.0,0
32,192,160,8,15.0,3189.043673020149,8284,0.078125,43.73019913979806,163.01111111111112,553.1074074074074,6388.0,192.0,6196.0,0.0,50.1448445600167,35645.26110115082,1913604,600.055752196,0.0,0
32,256,224,8,15.0,3099.264499494572,8051,0.05859375,48.38421601499431,162.27509293680296,730.6654275092936,7018.0,256.0,6762.0,0.0,51.74873378326708,47565.95049509203,1859781,600.0717267930158,0.0,0
32,320,288,8,15.0,3006.8225164238825,7811,0.046875,51.56257190555334,161.58270676691728,920.906015037594,7196.0,320.0,6876.0,0.0,53.19803223637278,59975.99190264602,1804341,600.0823095291853,0.0,0
32,384,352,8,15.0,2914.7758410959364,7572,0.0390625,53.332585013471544,160.32075471698113,1066.920754716981,7467.0,384.0,7083.0,0.0,54.520819098643564,69695.75922996986,1749132,600.0914291036315,0.0,0
32,448,416,8,15.0,2844.994962278243,7391,0.033482142857142856,57.365523484069854,156.88257575757575,1191.4545454545455,8210.0,448.0,7762.0,0.0,54.930420045894486,78007.566991519,1707321,600.1138921640813,0.0,0
32,512,480,8,15.0,2735.6343366815145,7107,0.029296875,55.74479917716235,152.3041825095057,1354.5133079847908,7863.0,512.0,7351.0,0.0,55.667764028795695,88400.64530086154,1641717,600.1229689167812,0.0,0
48,48,0,8,15.0,3423.6466038940425,8893,0.3125,0.3820652973372489,212.24632352941177,0.0,48.0,48.0,0.0,0.0,60.96005156198022,108.60597409309685,2054283,600.0277591920458,0.0,0
48,64,16,8,15.0,3390.129462627105,8806,0.234375,16.380041205440648,214.17777777777778,76.61481481481482,2384.0,64.0,2320.0,0.0,62.13911607056146,4939.63281814013,2034186,600.0319522970822,0.0,0
48,128,80,8,15.0,3283.4521681850147,8529,0.1171875,41.885387800168246,216.4148148148148,309.8814814814815,5941.0,128.0,5813.0,0.0,64.57353763248166,19839.380916082893,1970199,600.0388917159289,0.0,0
48,192,144,8,15.0,3212.1376607237366,8344,0.078125,57.81289294548333,224.22222222222223,485.4074074074074,8317.0,192.0,8125.0,0.0,68.70281887880692,31372.22019909893,1927464,600.0564744058065,0.0,0
48,256,208,8,15.0,3100.8487984841186,8055,0.05859375,61.5469688703306,221.31598513011153,668.8587360594795,8978.0,256.0,8722.0,0.0,70.08386785341597,43106.938721334256,1860705,600.0631184950471,0.0,0
48,320,272,8,15.0,3035.693200553217,7886,0.046875,70.62346706539392,224.044776119403,805.5895522388059,10171.0,320.0,9851.0,0.0,72.31094233380028,52337.256311295605,1821666,600.082379756961,0.0,0
48,384,336,8,15.0,2950.177561481993,7664,0.0390625,72.83840295812115,218.7406015037594,963.2706766917294,10517.0,384.0,10133.0,0.0,72.93547518349794,62316.3083018656,1770384,600.0940496309195,0.0,0
48,448,400,8,15.0,2849.988333653686,7404,0.033482142857142856,75.01953016081825,217.2301886792453,1101.6377358490565,10893.0,448.0,10445.0,0.0,75.09053820277194,71081.50273156738,1710324,600.1161407588515,0.0,0
48,512,464,8,15.0,2770.3372453456823,7197,0.029296875,76.532517851796,210.45801526717557,1246.4007633587787,11018.0,512.0,10506.0,0.0,75.42709828442219,80109.13567778158,1662507,600.1099695689045,0.0,0
64,64,0,8,15.0,3410.1834024119125,8858,0.234375,0.5246391212567687,248.78148148148148,0.0,64.0,64.0,0.0,0.0,71.46844382767324,127.44628910749533,2046198,600.0257929097861,0.0,0
64,128,64,8,15.0,3283.4313474420164,8529,0.1171875,42.76429883250967,268.7888888888889,235.47037037037038,6290.0,128.0,6162.0,0.0,79.82542804085453,14770.006194803493,1970199,600.0426966547966,0.0,0
64,192,128,8,15.0,3170.940332723971,8237,0.078125,60.47777035459876,277.97397769516726,436.47955390334573,8858.0,192.0,8666.0,0.0,85.10584949509311,27638.228339731606,1902747,600.0576486298814,0.0,0
64,256,192,8,15.0,3059.6002351270904,7948,0.05859375,73.89925227826461,281.86617100371745,628.7286245353159,10831.0,256.0,10575.0,0.0,89.87371585569132,39809.17083037304,1835988,600.0744734299369,0.0,0
64,320,256,8,15.0,2980.599913739988,7743,0.046875,76.41407497646287,278.3707865168539,774.2771535580524,11152.0,320.0,10832.0,0.0,90.86806197205513,48955.98115569825,1788633,600.0916096637957,0.0,0
64,384,320,8,15.0,2894.3675681801847,7519,0.0390625,83.18810887215659,280.70454545454544,922.9015151515151,12230.0,384.0,11846.0,0.0,94.63569204785227,58681.72955617417,1736889,600.0927522457205,0.0,0
64,448,384,8,15.0,2790.288840252285,7249,0.033482142857142856,88.18376088142395,275.17175572519085,1058.820610687023,13104.0,448.0,12656.0,0.0,96.098716640638,66345.60507941121,1674519,600.1238924958743,0.0,0
64,512,448,8,15.0,2710.5389011878997,7042,0.029296875,89.7730733458884,273.09541984732823,1213.7709923664122,13132.0,512.0,12620.0,0.0,98.60105177679799,76335.305212489,1626702,600.1396988942288,0.0,0
128,128,0,8,15.0,2954.4188344832182,7675,0.1171875,1.0580362738110125,387.7095588235294,452.1727941176471,128.0,128.0,0.0,0.0,189.47993248322527,13363.55338956287,1772925,600.0926406597719,0.0,0
128,192,64,8,15.0,2914.7585832988057,7572,0.078125,16.194307227618992,394.8339483394834,632.070110701107,2253.0,192.0,2061.0,0.0,181.70049998059056,25826.238704705218,1749132,600.0949821444228,0.0,0
128,256,128,8,15.0,2799.574649370102,7273,0.05859375,24.470509474165738,384.77777777777777,768.674074074074,3418.0,256.0,3162.0,0.0,159.9438429045677,38597.73667799063,1680063,600.1136638303287,0.0,0
128,320,192,8,15.0,2746.796789370457,7136,0.046875,34.43570184148848,382.3814814814815,906.6592592592592,4918.0,320.0,4598.0,0.0,165.4574709129078,45962.10504760121,1648416,600.1230256198905,0.0,0
128,384,256,8,15.0,2647.8740702279197,6879,0.0390625,42.980755829717964,370.29739776951675,1074.5724907063197,6050.0,384.0,5666.0,0.0,160.01447110564104,57443.23043412686,1589049,600.1225729980506,0.0,0
128,448,320,8,15.0,2630.4948920048623,6834,0.033482142857142856,45.882826406508684,369.2481203007519,1147.921052631579,6432.0,448.0,5984.0,0.0,159.5210058485813,62716.45109166262,1578654,600.1357405399904,0.0,0
128,512,384,8,15.0,2504.5809052608083,6507,0.029296875,57.56118342746049,369.7584905660377,1286.8377358490566,8211.0,512.0,7699.0,0.0,160.79103059173636,69536.14326730052,1503117,600.1471131728031,0.0,0
192,192,0,8,15.0,2161.774121516025,5617,0.078125,1.630921452306211,280.9194139194139,1508.2234432234432,192.0,192.0,0.0,0.0,191.9566289669854,75788.71392417226,1297527,600.2139571779408,0.0,0
192,256,64,8,15.0,2017.4551879098246,5242,0.05859375,11.103448174428195,268.9230769230769,1774.3040293040292,1476.0,256.0,1220.0,0.0,218.14271879319642,89582.41301026811,1210902,600.2125882431865,0.0,0
192,320,128,8,15.0,1927.3477387250894,5008,0.046875,15.971394852269441,269.7888888888889,1843.5222222222221,2185.0,320.0,1865.0,0.0,214.49040128883502,93407.19343579398,1156848,600.2279592603445,0.0,0
192,448,256,8,15.0,1781.0790992725815,4631,0.033482142857142856,19.609957742039114,256.39629629629627,2091.125925925926,2641.0,448.0,2193.0,0.0,212.97649277909636,112590.75844400603,1069761,600.6252054930665,0.0,0
192,512,320,8,15.0,1742.9192341720586,4529,0.029296875,25.52241082303226,259.3271375464684,2132.5204460966543,3528.0,512.0,3016.0,0.0,221.59546320519883,111123.2979431199,1046199,600.2567299092188,0.0,0
256,256,0,8,15.0,1745.7754087531005,4539,0.05859375,2.2039471650496125,220.88278388278388,2070.7326007326005,256.0,256.0,0.0,0.0,162.88509606369965,114389.81921203657,1048509,600.5978745850734,0.0,0
256,320,64,8,15.0,1608.1753582759843,4179,0.046875,8.973318894393742,206.94444444444446,2266.0444444444443,1181.0,320.0,861.0,0.0,164.38865468756734,127253.78569001281,965349,600.2759556239471,0.0,0
256,384,128,8,15.0,1517.2944968094478,3943,0.0390625,13.049364582635462,198.26296296296297,2427.114814814815,1764.0,384.0,1380.0,0.0,166.98229005609315,137978.0081468306,910833,600.3007339150645,0.0,0
256,448,192,8,15.0,1419.5552455347233,3689,0.033482142857142856,15.592281755525619,192.55555555555554,2519.4148148148147,2072.0,448.0,1624.0,0.0,166.31668262138695,142646.43727191634,852159,600.2999902120791,0.0,0
256,512,256,8,15.0,1378.7622612205437,3583,0.029296875,18.235591480042785,188.53159851301115,2611.7137546468402,2414.0,512.0,1902.0,0.0,168.3360595887848,150176.9893800002,827673,600.3014611578546,0.0,0
320,320,0,8,15.0,1532.7228322281364,3983,0.046875,2.7661314951255918,183.36162361623616,2416.0221402214024,320.0,320.0,0.0,0.0,155.31342502722617,140123.54008888567,920073,600.2866145488806,0.0,0
320,384,64,8,15.0,1427.6491152930903,3710,0.0390625,8.171724434476346,177.17777777777778,2533.848148148148,1019.0,384.0,635.0,0.0,154.1180436933687,146611.30059251908,857010,600.2945617516525,0.0,0
320,448,128,8,15.0,1340.1600883345277,3483,0.033482142857142856,11.827323284000158,170.92592592592592,2630.8185185185184,1486.0,448.0,1038.0,0.0,156.20815542905237,150667.9120832432,804573,600.3558880789205,0.0,0
320,512,192,8,15.0,1305.99285558066,3394,0.029296875,14.510375395882875,167.15241635687732,2706.650557620818,1833.0,512.0,1321.0,0.0,157.3333946187014,157846.1357588441,784014,600.3202824960463,0.0,0
384,384,0,8,15.0,1309.4714874569936,3403,0.0390625,3.2873273864388466,153.24074074074073,2712.711111111111,384.0,384.0,0.0,0.0,145.85689109461495,158524.8119974206,786093,600.313185533043,0.0,0
384,448,64,8,15.0,1226.2910979671612,3187,0.033482142857142856,7.531794823240489,148.1962962962963,2817.488888888889,918.0,448.0,470.0,0.0,150.72012024194075,162444.92720026895,736197,600.3444053540006,0.0,0
384,512,128,8,15.0,1164.7347368918747,3027,0.029296875,10.208204047754407,146.64312267657994,2877.3903345724907,1286.0,512.0,774.0,0.0,153.53551990543957,164840.65540053527,699237,600.3401271142066,0.0,0
448,448,0,8,15.0,1078.9401376258436,2804,0.033482142857142856,3.916165296919644,128.43333333333334,3020.3444444444444,448.0,448.0,0.0,0.0,147.07552947247808,176134.08387123345,647724,600.3335842387751,0.0,0
448,512,64,8,15.0,1052.7280294288873,2736,0.029296875,6.756200538948178,126.88888888888889,3061.1185185185186,855.0,512.0,343.0,0.0,148.27521918814872,179813.40784190784,632016,600.3601902220398,0.0,0
8,8,0,8,20.0,4596.3373600039395,11939,2.5,0.07107184454798698,178.23758865248226,0.0,8.0,8.0,0.0,0.0,38.356959003162366,70.17563172205827,2757909,600.0231888978742,0.0,0
8,16,8,8,20.0,2605.4882037538623,6776,1.25,0.22704202076420188,87.39642857142857,2649.6464285714287,29.0,16.0,13.0,0.0,33.62612783724382,17987.479997883125,1565256,600.7534395069815,0.0,0
8,32,24,8,20.0,3304.460636124587,8586,0.625,1.044941243249923,125.20430107526882,2056.3333333333335,144.0,32.0,112.0,0.0,37.473833170374185,83421.05274693374,1983366,600.2086931578815,0.0,0
8,48,40,8,20.0,3609.92088947974,9379,0.4166666666666667,2.3015982722863555,129.28776978417267,1812.1294964028777,313.0,48.0,265.0,0.0,35.3296391226106,83010.47742425367,2166549,600.1652297461405,0.0,0
8,64,56,8,20.0,3882.716903034928,10087,0.3125,2.9972830708138645,130.8086642599278,1658.7761732851986,422.0,64.0,358.0,0.0,33.416377073201645,80990.95437781204,2330097,600.1202400769107,0.0,0
8,128,120,8,20.0,3864.14169158497,10039,0.15625,6.641706491820514,128.39492753623188,1712.8876811594203,935.0,128.0,807.0,0.0,32.49989396444506,84852.52756899758,2319009,600.1356019242667,0.0,0
8,192,184,8,20.0,3672.3774925866487,9541,0.10416666666666667,8.276051715947688,120.87956204379562,2137.4525547445255,1150.0,192.0,958.0,0.0,32.57653509331625,106673.21169424018,2203971,600.1482702824287,0.0,0
8,256,248,8,20.0,3437.7540860085464,8932,0.078125,9.605133533012122,112.94852941176471,2471.9117647058824,1343.0,256.0,1087.0,0.0,32.01923797430879,123430.79229193526,2063292,600.1860366910696,0.0,0
8,320,312,8,20.0,3171.580210124752,8241,0.0625,10.372617316897959,105.09963099630997,2903.3062730627307,1436.0,320.0,1116.0,0.0,32.84180394966058,144960.35828129743,1903671,600.2279223217629,0.0,0
8,384,376,8,20.0,2967.4605553082265,7711,0.052083333333333336,11.090158455539495,95.56133828996282,3129.0446096654273,1523.0,384.0,1139.0,0.0,32.0142015844259,153565.6204325355,1781241,600.2576839020476,0.0,0
8,448,440,8,20.0,2774.851544897847,7211,0.044642857142857144,12.144905774388462,89.94007490636704,3385.3333333333335,1650.0,448.0,1202.0,0.0,32.34035271858423,163548.7157340149,1665741,600.2991414307617,0.0,0
8,512,504,8,20.0,2538.5055932504706,6597,0.0390625,12.411576715297997,82.92075471698114,3669.6452830188678,1690.0,512.0,1178.0,0.0,32.809401125457455,173814.31913727248,1523907,600.3165815556422,0.0,0
16,16,0,8,20.0,4568.914916222152,11868,1.25,0.13152174511924386,240.38709677419354,0.0,16.0,16.0,0.0,0.0,51.811155167512766,91.64798440459398,2741508,600.0348113873042,0.0,0
16,32,16,8,20.0,3968.974889698173,10311,0.625,1.2177387000992894,167.97122302158274,1116.273381294964,168.0,32.0,136.0,0.0,42.532695660726844,45570.40270427927,2381841,600.1149078020826,0.0,0
16,48,32,8,20.0,4084.9787564726153,10612,0.4166666666666667,3.43784159142524,171.09057971014494,1030.3260869565217,470.0,48.0,422.0,0.0,40.83105354935434,47627.32769355336,2451372,600.0941855856217,0.0,0
16,64,48,8,20.0,4170.502104440848,10834,0.3125,5.8752782652154565,162.5182481751825,923.014598540146,831.0,64.0,767.0,0.0,38.57040965176685,44153.29808256547,2502654,600.0845791050233,0.0,0
16,128,112,8,20.0,4110.765025673967,10679,0.15625,12.735022462904453,164.45220588235293,1096.875,1791.0,128.0,1663.0,0.0,38.896103200905785,53564.446715876955,2466849,600.094869104214,0.0,0
16,192,176,8,20.0,3945.8680862728684,10251,0.10416666666666667,16.478438048623502,159.84870848708488,1417.5313653136532,2277.0,192.0,2085.0,0.0,39.6035957570297,69444.20483879678,2367981,600.1166152101941,0.0,0
16,256,240,8,20.0,3818.6991042266777,9921,0.078125,17.821889414917678,154.21481481481482,1639.4851851851852,2535.0,256.0,2279.0,0.0,39.71401412901244,80374.64404421444,2291751,600.1391933350824,0.0,0
16,320,304,8,20.0,3637.999479518234,9452,0.0625,20.253412961261347,151.0817843866171,1918.4832713754647,2884.0,320.0,2564.0,0.0,40.62815202285414,94108.63492751545,2183412,600.1683101640083,0.0,0
16,384,368,8,20.0,3519.731777932756,9145,0.052083333333333336,20.966589834191836,144.62781954887217,2158.5112781954886,2993.0,384.0,2609.0,0.0,40.51280293378408,105631.68594901547,2112495,600.1863588709966,0.0,0
16,448,432,8,20.0,3369.893334508321,8756,0.044642857142857144,22.30336651095422,136.11742424242425,2366.871212121212,3130.0,448.0,2682.0,0.0,39.9519794181935,115679.07290580546,2022636,600.2077214990277,0.0,0
16,512,496,8,20.0,3183.9744992465653,8280,0.0390625,23.038583846238907,128.8697318007663,2599.04214559387,3245.0,512.0,2733.0,0.0,39.90962749588015,125004.50655849122,1912680,600.7208915940137,0.0,0
32,32,0,8,20.0,4523.877756552592,11751,0.625,0.2594369960715994,351.6088560885609,0.0,32.0,32.0,0.0,0.0,75.87612183109034,136.5792938958627,2714481,600.0341180899995,0.0,0
32,48,16,8,20.0,4204.024705693425,10921,0.4166666666666667,2.6154572083614767,255.48529411764707,684.6286764705883,363.0,48.0,315.0,0.0,59.40547551576807,28341.654558622642,2522751,600.0799654158764,0.0,0
32,64,32,8,20.0,4214.0492120855,10947,0.3125,6.969987731659785,241.65073529411765,736.9485294117648,988.0,64.0,924.0,0.0,56.327934732889815,34181.49495672747,2528757,600.0777097590035,0.0,0
32,128,96,8,20.0,4172.4370659643,10839,0.15625,21.760624772519805,239.2952029520295,847.1549815498155,3150.0,128.0,3022.0,0.0,56.12711375037672,40485.5060771732,2503809,600.0831074060407,0.0,0
32,192,160,8,20.0,4049.573369793254,10520,0.10416666666666667,31.070142747368664,244.27777777777777,1107.1888888888889,4472.0,192.0,4280.0,0.0,58.83068104073172,53392.47596055719,2430120,600.0928438849514,0.0,0
32,256,224,8,20.0,3883.0866213776335,10088,0.078125,35.49196572153596,237.07089552238807,1397.0373134328358,5097.0,256.0,4841.0,0.0,60.1826809266057,67057.71229705676,2330328,600.1225898929988,0.0,0
32,320,288,8,20.0,3757.8471513131744,9769,0.0625,38.79912030068226,232.45283018867926,1602.332075471698,5547.0,320.0,5227.0,0.0,60.690639992642424,77011.88587288873,2256639,600.5137806659914,0.0,0
32,384,352,8,20.0,3601.462427975885,9357,0.052083333333333336,42.58682015206432,227.17110266159696,1821.7946768060835,6049.0,384.0,5665.0,0.0,61.52304719949418,87272.90150611136,2161467,600.1636955059948,0.0,0
32,448,416,8,20.0,3519.307089765981,9144,0.044642857142857144,46.616541254741605,223.22222222222223,2014.9731800766283,6610.0,448.0,6162.0,0.0,62.126542346275265,96347.49473616965,2112264,600.1931477200123,0.0,0
32,512,480,8,20.0,3405.311733131417,8848,0.0390625,45.85973614681279,216.43579766536965,2183.3346303501944,6621.0,512.0,6109.0,0.0,62.45924037833101,104136.91249501094,2043888,600.2058431580081,0.0,0
48,48,0,8,20.0,4384.733060892369,11390,0.4166666666666667,0.40695733530446887,454.3851851851852,62.87777777777778,48.0,48.0,0.0,0.0,106.74782843952663,1520.6531037942405,2631090,600.0570532940328,0.0,0
48,64,16,8,20.0,4220.55977675198,10964,0.3125,3.0947959604673088,335.337037037037,606.8,431.0,64.0,367.0,0.0,79.4934886090468,25733.45179256448,2532684,600.082485254854,0.0,0
48,128,80,8,20.0,4122.698942607441,10710,0.15625,22.28716732095927,313.5888888888889,841.8592592592593,3213.0,128.0,3085.0,0.0,74.34565359638866,38918.09901828468,2474010,600.0947521128692,0.0,0
48,192,144,8,20.0,3994.0397299265596,10376,0.10416666666666667,36.85269699897617,323.1740740740741,1083.825925925926,5336.0,192.0,5144.0,0.0,79.15421716500502,50777.27942826697,2396856,600.1082017389126,0.0,0
48,256,208,8,20.0,3826.708963716833,9947,0.078125,45.82948868488893,319.95522388059703,1328.69776119403,6579.0,256.0,6323.0,0.0,81.19611644410237,62020.68007617881,2297757,600.4525093981065,0.0,0
48,320,272,8,20.0,3739.379332564294,9715,0.0625,51.9664615271613,318.3735849056604,1507.422641509434,7548.0,320.0,7228.0,0.0,83.04304698146021,71279.96798530978,2244165,600.1437138128094,0.0,0
48,384,336,8,20.0,3574.84564179277,9288,0.052083333333333336,56.52995369886048,314.5703422053232,1766.1596958174905,7969.0,384.0,7585.0,0.0,85.82688044041822,82445.37223263472,2145528,600.173606076045,0.0,0
48,448,400,8,20.0,3445.404589776544,8952,0.044642857142857144,59.20597251551226,301.26153846153846,1944.5192307692307,8518.0,448.0,8070.0,0.0,85.25675921391785,90232.93252708255,2067912,600.1942431190982,0.0,0
48,512,464,8,20.0,3336.047805367419,8668,0.0390625,63.40810132212937,298.32945736434107,2110.9651162790697,8869.0,512.0,8357.0,0.0,86.65327259227061,97389.59394145207,2002308,600.2036292101257,0.0,0
64,64,0,8,20.0,4229.845555362318,10988,0.3125,0.5098347438615747,546.2463235294117,228.41176470588235,64.0,64.0,0.0,0.0,150.79030451521456,4544.736337995207,2538228,600.0758105179993,0.0,0
64,128,64,8,20.0,3951.250273373626,10265,0.15625,17.158909015299287,374.1666666666667,868.4444444444445,2490.0,128.0,2362.0,0.0,93.71334575783789,35531.71943299986,2371215,600.1176427570172,0.0,0
64,192,128,8,20.0,3850.769506293793,10004,0.10416666666666667,30.405565070686862,377.69776119402985,1116.652985074627,4411.0,192.0,4219.0,0.0,98.51437493995078,49328.32488659355,2310924,600.120052946033,0.0,0
64,256,192,8,20.0,3779.027254577123,9824,0.078125,41.01805415051058,377.2518796992481,1352.1766917293232,5952.0,256.0,5696.0,0.0,101.26746620055451,61362.285230299814,2269344,600.5100908577442,0.0,0
64,320,256,8,20.0,3592.991813408598,9335,0.0625,50.63409787742421,378.42424242424244,1560.0795454545455,7362.0,320.0,7042.0,0.0,106.01107622040753,70722.10780210777,2156385,600.1641840520315,0.0,0
64,384,320,8,20.0,3470.8528090754917,9018,0.052083333333333336,55.35506034921855,366.6958174904943,1742.5399239543726,8143.0,384.0,7759.0,0.0,104.12910276913733,78713.09605184966,2083158,600.186212032102,0.0,0
64,448,384,8,20.0,3438.762405792361,8935,0.044642857142857144,59.68169798376039,364.7876447876448,1957.8416988416989,8625.0,448.0,8177.0,0.0,107.1796587113915,89703.69082698593,2063985,600.2115751071833,0.0,0
64,512,448,8,20.0,3247.751916767584,8439,0.0390625,64.83287605084479,358.6536964980545,2103.9610894941634,9351.0,512.0,8839.0,0.0,108.50571899771028,93619.73092974222,1949409,600.2333460063674,0.0,0
128,128,0,8,20.0,3015.9212128556696,7837,0.15625,1.084049267694354,428.3709090909091,1863.6327272727274,128.0,128.0,0.0,0.0,251.71690331823388,58058.02279490244,1810347,600.2633597599342,0.0,0
128,192,64,8,20.0,3148.7888404128953,8182,0.10416666666666667,7.714587312657386,456.93014705882354,1871.1985294117646,1048.0,192.0,856.0,0.0,228.83447694966628,69269.1918042677,1890042,600.244124262128,0.0,0
128,256,128,8,20.0,3024.043388891449,7858,0.078125,15.250508457422256,438.6703703703704,1986.6222222222223,2126.0,256.0,1870.0,0.0,205.6022603270376,56819.922890838105,1815198,600.2552763191052,0.0,0
128,320,192,8,20.0,2988.5750878902313,7766,0.0625,18.67027820693329,438.81040892193306,2123.260223048327,2619.0,320.0,2299.0,0.0,215.93338731800412,63936.61742267151,1793946,600.2680030590855,0.0,0
128,384,256,8,20.0,2865.8131772396905,7447,0.052083333333333336,26.574021894019097,432.32706766917295,2254.2706766917295,3687.0,384.0,3303.0,0.0,203.07487633889122,66680.8605048321,1720257,600.2683683857322,0.0,0
128,448,320,8,20.0,2761.800090036708,7177,0.044642857142857144,29.88420273317024,411.4734848484849,2431.7348484848485,4134.0,448.0,3686.0,0.0,187.44254004478438,79716.23238859922,1657887,600.2921811686829,0.0,0
128,512,384,8,20.0,2709.053881041523,7040,0.0390625,38.94020525831729,413.52107279693485,2530.735632183908,5459.0,512.0,4947.0,0.0,182.5167426638745,95037.63144179566,1626240,600.2981378040276,0.0,0
192,192,0,8,20.0,2156.9699409146356,5606,0.10416666666666667,1.5790437781251967,281.53113553113553,3045.043956043956,192.0,192.0,0.0,0.0,203.81761310442505,120048.20221136388,1294986,600.3727615466341,0.0,0
192,256,64,8,20.0,1983.4007843232116,5155,0.078125,12.111098843161017,267.2279411764706,3327.080882352941,1643.0,256.0,1387.0,0.0,213.2820277610803,131853.64170317465,1190805,600.3854639022611,0.0,0
192,320,128,8,20.0,1941.7849010128832,5047,0.0625,15.550050367601216,266.5148148148148,3425.4185185185183,2106.0,320.0,1786.0,0.0,212.3249828918351,136749.33967651176,1165857,600.4048128048889,0.0,0
192,384,192,8,20.0,1909.8747858486297,4964,0.052083333333333336,19.41847385885194,275.64814814814815,3494.6555555555556,2643.0,384.0,2259.0,0.0,229.37195594782463,140522.46171578794,1146684,600.3974755289964,0.0,0
192,448,256,8,20.0,1796.268920111988,4669,0.044642857142857144,20.712129856925458,262.8452830188679,3651.6075471698114,2824.0,448.0,2376.0,0.0,214.61876492291222,149231.96826512515,1078539,600.432924003806,0.0,0
192,512,320,8,20.0,1800.9462398450164,4681,0.0390625,24.72542609926313,272.6566037735849,3680.467924528302,3312.0,512.0,2800.0,0.0,228.98692872557825,147141.78526442463,1081311,600.4127030982636,0.0,0
256,256,0,8,20.0,1762.454194915959,4581,0.078125,2.1724016997031868,221.26470588235293,3618.5625,256.0,256.0,0.0,0.0,167.44174242824957,151912.75120893246,1058211,600.419008364901,0.0,0
256,320,64,8,20.0,1603.927399185187,4169,0.0625,8.736740043386817,208.13333333333333,3845.2296296296295,1166.0,320.0,846.0,0.0,166.29713914819658,161876.98916905522,963039,600.4255557260476,0.0,0
256,384,128,8,20.0,1516.9268130841028,3943,0.052083333333333336,13.764307892881334,198.80297397769516,4001.2416356877325,1819.0,384.0,1435.0,0.0,166.45974441853937,172548.13247690455,910833,600.4462391617708,0.0,0
256,448,192,8,20.0,1418.754453528925,3688,0.044642857142857144,15.528953334316611,192.8984962406015,4122.582706766917,2078.0,448.0,1630.0,0.0,167.48924193935724,174347.5644180522,851928,600.4760005376302,0.0,0
256,512,256,8,20.0,1377.882572764561,3585,0.0390625,17.410880227107555,188.7056603773585,4198.607547169811,2374.0,512.0,1862.0,0.0,168.08778677883797,179689.12456341472,828135,601.0200116969645,0.0,0
320,320,0,8,20.0,1545.657904680051,4021,0.0625,2.770577039103955,184.47407407407408,3974.0037037037036,320.0,320.0,0.0,0.0,154.13470216891278,174278.55790288482,928851,600.9421600908972,0.0,0
320,384,64,8,20.0,1427.267372492739,3710,0.052083333333333336,8.331664795055985,178.00743494423793,4101.412639405205,1027.0,384.0,643.0,0.0,155.80570852205395,178531.85922617777,857010,600.4551190035418,0.0,0
320,448,128,8,20.0,1337.9557766827768,3478,0.044642857142857144,12.046930175740272,171.52059925093633,4247.243445692884,1505.0,448.0,1057.0,0.0,156.5320232756632,180794.04126531578,803418,600.4817304140888,0.0,0
320,512,192,8,20.0,1305.2565851061006,3393,0.0390625,14.647402683738619,169.4280303030303,4307.613636363636,1874.0,512.0,1362.0,0.0,158.2045074740671,187481.09130284318,783783,600.4819350796752,0.0,0
384,384,0,8,20.0,1308.7066888307838,3402,0.052083333333333336,3.258347965311259,153.38661710037175,4297.724907063197,384.0,384.0,0.0,0.0,147.64703744877067,187814.56152352228,785862,600.48749403283,0.0,0
384,448,64,8,20.0,1224.4193001159156,3183,0.044642857142857144,7.742123147472739,149.6943396226415,4414.966037735849,918.0,448.0,470.0,0.0,151.25363316538125,192214.9915033893,735273,600.50752216205,0.0,0
384,512,128,8,20.0,1156.003523161301,3005,0.0390625,10.469293818809092,146.6590909090909,4502.416666666667,1294.0,512.0,782.0,0.0,154.954176433958,190811.54375824667,694155,600.4782737181522,0.0,0
448,448,0,8,20.0,1077.8710396239806,2802,0.044642857142857144,3.7725220527499914,129.2921348314607,4590.704119850187,448.0,448.0,0.0,0.0,147.55549070339728,199524.36522531358,647262,600.5004088669084,0.0,0
448,512,64,8,20.0,1052.0950260943855,2735,0.0390625,7.3077238337136805,126.79245283018868,4668.060377358491,875.0,512.0,363.0,0.0,148.3761035106465,203200.29228202527,631785,600.5018409271725,0.0,0
8,8,0,8,25.0,5721.886580065146,14863,3.125,0.06681546289473772,335.68794326241135,0.0,8.0,8.0,0.0,0.0,57.47848276585459,103.84247668879135,3433353,600.0386327058077,0.0,0
8,16,8,8,25.0,2863.9933088537264,7444,1.5625,0.2165199937298894,86.22142857142858,3842.3785714285714,24.0,16.0,8.0,0.0,30.072279024258737,59.95030252620516,1719564,600.4078273102641,0.0,0
8,32,24,8,25.0,2330.3796916588076,6058,0.78125,0.6297429124824703,85.58781362007169,4414.451612903225,80.0,32.0,48.0,0.0,36.73314086881355,45842.38489959838,1399398,600.5021434957162,0.0,0
8,48,40,8,25.0,2919.2811603847736,7588,0.5208333333333334,1.1876475289463997,117.35971223021583,4326.679856115108,161.0,48.0,113.0,0.0,40.932606496003984,116853.97419172864,1752828,600.4313746090047,0.0,0
8,64,56,8,25.0,3988.838639435124,10366,0.390625,2.224863347131759,165.64981949458485,3331.3718411552345,303.0,64.0,239.0,0.0,41.86127082101024,122496.36152630251,2394546,600.3115734807216,0.0,0
8,128,120,8,25.0,4337.24942640684,11270,0.1953125,4.890885867527686,162.65328467153284,2833.1788321167883,675.0,128.0,547.0,0.0,36.28316420422998,110056.28176754863,2603370,600.23525143601,0.0,0
8,192,184,8,25.0,4146.096170301264,10774,0.13020833333333334,6.775233892025426,150.76752767527674,3161.247232472325,923.0,192.0,731.0,0.0,35.905044932931894,123195.70607184507,2488794,600.2740645109443,0.0,0
8,256,248,8,25.0,3848.415339254638,10001,0.09765625,8.671337586594746,141.04074074074074,3527.32962962963,1176.0,256.0,920.0,0.0,35.266525219879014,134575.39215416112,2310231,600.3070865130285,0.0,0
8,320,312,8,25.0,3634.993754825364,9447,0.078125,9.596667772508226,129.6067415730337,3877.61797752809,1310.0,320.0,990.0,0.0,34.97929455233647,148090.13379016507,2182257,600.3468361130217,0.0,0
8,384,376,8,25.0,3338.0469979861255,8676,0.06510416666666667,10.700249109067954,118.187265917603,4330.6741573033705,1421.0,384.0,1037.0,0.0,34.405241015680915,163102.08612663826,2004156,600.3977778650587,0.0,0
8,448,440,8,25.0,3144.8597763810053,8174,0.05580357142857143,11.522667006356642,109.64772727272727,4590.727272727273,1543.0,448.0,1095.0,0.0,34.114029020149566,169101.04949862108,1888194,600.406420083018,0.0,0
8,512,504,8,25.0,3013.9265564852208,7834,0.048828125,11.842209521331824,104.87786259541984,4816.37786259542,1621.0,512.0,1109.0,0.0,34.03742473586362,175998.69655782267,1809654,600.4306893630419,0.0,0
16,16,0,8,25.0,5495.992834901453,14277,1.5625,0.1351125412620604,528.589928057554,95.60791366906474,16.0,16.0,0.0,0.0,100.47867324640056,1720.6748637045077,3297987,600.0711971559795,0.0,0
16,32,16,8,25.0,3838.7800785025056,9976,0.78125,0.6664331303909421,170.79496402877697,2556.44964028777,85.0,32.0,53.0,0.0,44.311079973697424,37051.18984238352,2304456,600.3094610460103,0.0,0
16,48,32,8,25.0,4166.236951410757,10826,0.5208333333333334,1.8084103548899293,197.24,2592.327272727273,254.0,48.0,206.0,0.0,46.68898370047496,78372.69577803322,2500806,600.2553453310393,0.0,0
16,64,48,8,25.0,4507.856542233199,11713,0.390625,3.875238662585616,203.28363636363636,2109.6581818181817,538.0,64.0,474.0,0.0,43.803244467519356,73800.6286431551,2705703,600.2194112990983,0.0,0
16,128,112,8,25.0,4744.921896084642,12328,0.1953125,9.002573788166046,213.8566176470588,1943.577205882353,1261.0,128.0,1133.0,0.0,44.4364504030503,73575.58784471561,2847768,600.1717335642315,0.0,0
16,192,176,8,25.0,4526.76529286229,11762,0.13020833333333334,12.365543737076223,203.83703703703705,2314.125925925926,1770.0,192.0,1578.0,0.0,43.49640010172356,87881.63173241373,2717022,600.2126958700828,0.0,0
16,256,240,8,25.0,4388.126814711182,11402,0.09765625,15.101289266720414,202.98513011152417,2604.3977695167287,2123.0,256.0,1867.0,0.0,44.962569940639376,99571.6564498475,2633862,600.2246770011261,0.0,0
16,320,304,8,25.0,4264.04571401305,11080,0.078125,18.333535538520664,197.15413533834587,2881.3533834586465,2593.0,320.0,2273.0,0.0,45.193749495501535,110611.20268764463,2559480,600.2468481021933,0.0,0
16,384,368,8,25.0,3994.723940702931,10381,0.06510416666666667,18.77764118462801,182.87121212121212,3166.0416666666665,2650.0,384.0,2266.0,0.0,44.23820718721047,119181.23307914083,2398011,600.2945474069566,0.0,0
16,448,432,8,25.0,3801.3401679004573,9879,0.05580357142857143,20.11552778724581,170.51737451737452,3464.3976833976835,2835.0,448.0,2387.0,0.0,43.77063391686456,130084.74625493283,2282049,600.3274895707145,0.0,0
16,512,496,8,25.0,3641.1453175640772,9463,0.048828125,20.318422583397478,164.16535433070865,3732.4606299212596,2846.0,512.0,2334.0,0.0,43.893313500971715,137910.03671063745,2185953,600.3476404678077,0.0,0
32,32,0,8,25.0,5020.722867573944,13044,0.78125,0.2625260683707893,768.0581818181818,500.34181818181816,32.0,32.0,0.0,0.0,192.38439145284445,6759.441357451968,3013164,600.145453050267,0.0,0
32,64,32,8,25.0,4332.197725969482,11257,0.390625,3.0242848796769977,269.45185185185187,2041.2518518518518,423.0,64.0,359.0,0.0,61.32305410421835,48123.35761879812,2600367,600.2419936680235,0.0,0
32,128,96,8,25.0,4681.719354301944,12164,0.1953125,13.089281187858433,300.0925925925926,1813.7555555555555,1840.0,128.0,1712.0,0.0,63.46310659506274,66129.4543108082,2809884,600.1820671753958,0.0,0
32,192,160,8,25.0,4614.539630863554,11990,0.13020833333333334,22.184091033414006,304.0074626865672,2015.7014925373135,3176.0,192.0,2984.0,0.0,64.47281801615615,74554.44373636611,2769690,600.2093863221817,0.0,0
32,256,224,8,25.0,4442.834923919134,11544,0.09765625,27.736129241995513,307.4548872180451,2281.3345864661655,3927.0,256.0,3671.0,0.0,67.45840745733331,84565.97624217827,2666664,600.2167637702078,0.0,0
32,320,288,8,25.0,4302.894740425985,11181,0.078125,32.98777536349371,300.64772727272725,2533.5189393939395,4717.0,320.0,4397.0,0.0,67.64078779887134,94392.73199012852,2582811,600.2496356079355,0.0,0
32,384,352,8,25.0,4072.229109451186,10582,0.06510416666666667,36.418849928770214,286.65250965250965,2819.3088803088804,5089.0,384.0,4705.0,0.0,68.49250231722917,102951.44521782083,2444442,600.2712358022109,0.0,0
32,448,416,8,25.0,3925.670963082574,10202,0.05580357142857143,38.38202404463664,278.0627450980392,3090.749019607843,5437.0,448.0,4989.0,0.0,68.02398877647086,112200.87063800383,2356662,600.3208170430735,0.0,0
32,512,480,8,25.0,3780.674977110046,9825,0.048828125,43.831260710954666,272.8809523809524,3259.4166666666665,6188.0,512.0,5676.0,0.0,69.39004902339632,116381.66168723858,2269575,600.3094721818343,0.0,0
48,64,16,8,25.0,4396.958205786682,11425,0.390625,1.5594549304805696,420.2761194029851,1662.0708955223881,176.0,64.0,112.0,0.0,95.62929736443299,7151.8215559011105,2639175,600.2274473581929,0.0,0
48,128,80,8,25.0,4245.029081418123,11031,0.1953125,13.69728295924142,365.68913857677904,2102.104868913858,1674.0,128.0,1546.0,0.0,83.68835854101819,61096.70310835903,2548161,600.2693859399296,0.0,0
48,192,144,8,25.0,4205.640080703264,10929,0.13020833333333334,24.636612091213465,371.94716981132075,2318.3320754716983,2905.0,192.0,2713.0,0.0,85.40763735389011,76062.79583365412,2524599,600.2888862467371,0.0,0
48,256,208,8,25.0,4158.42429012918,10806,0.09765625,32.38333485322073,371.59090909090907,2391.310606060606,4519.0,256.0,4263.0,0.0,88.47649496837279,80962.5361333091,2496186,600.2720804428682,0.0,0
48,320,272,8,25.0,4178.920170071698,10859,0.078125,36.74374778335914,374.7328244274809,2613.7786259541986,5155.0,320.0,4835.0,0.0,92.15326278345935,93149.22553755887,2508429,600.257697661873,0.0,0
48,384,336,8,25.0,3975.596225289009,10340,0.06510416666666667,42.88490959908813,367.81081081081084,2803.679536679537,6002.0,384.0,5618.0,0.0,91.71400346201811,96111.04897140084,2388540,600.800449705217,0.0,0
48,448,400,8,25.0,3782.158308020134,9829,0.05580357142857143,48.82718307338655,369.9137254901961,3051.5450980392156,6884.0,448.0,6436.0,0.0,93.54395097748697,105314.17658629821,2270499,600.3183407699689,0.0,0
48,512,464,8,25.0,3707.839597233342,9636,0.048828125,50.87109583010897,358.2261904761905,3243.718253968254,7295.0,512.0,6783.0,0.0,94.11188929315854,112885.70937684776,2225916,600.3269401569851,0.0,0
64,64,0,8,25.0,4338.707305432631,11274,0.390625,0.5162246404215693,695.5236363636363,1487.5781818181817,64.0,64.0,0.0,0.0,243.50759775184886,32479.09383943032,2604294,600.2465289002284,0.0,0
64,128,64,8,25.0,4152.253560427989,10790,0.1953125,8.665711708832532,412.34082397003743,2166.7378277153557,1234.0,128.0,1106.0,0.0,104.64681263829542,46643.00588891014,2492490,600.274035226088,0.0,0
64,192,128,8,25.0,4109.538665698675,10679,0.13020833333333334,19.280687228310853,415.4157303370786,2311.734082397004,2770.0,192.0,2578.0,0.0,102.39222497151984,67009.30175852116,2466849,600.2739481660537,0.0,0
64,256,192,8,25.0,4001.6902289358427,10399,0.09765625,28.488116445951164,427.25,2515.0,4138.0,256.0,3882.0,0.0,110.92854687925065,78533.39510835032,2402169,600.2885937122628,0.0,0
64,320,256,8,25.0,3879.9782957739944,10083,0.078125,33.28998108021915,433.48473282442745,2684.5687022900765,4821.0,320.0,4501.0,0.0,114.2125302052079,86528.24319225927,2329173,600.3056776211597,0.0,0
64,384,320,8,25.0,3734.384928175675,9705,0.06510416666666667,41.00176140014082,410.70384615384614,2915.4461538461537,5935.0,384.0,5551.0,0.0,112.98872181132421,93805.80682603245,2241855,600.3277763589285,0.0,0
64,448,384,8,25.0,3679.336937037501,9562,0.05580357142857143,41.723029976245016,417.77734375,3096.140625,5900.0,448.0,5452.0,0.0,116.47946784804063,105706.47838974593,2208822,600.3315373933874,0.0,0
64,512,448,8,25.0,3554.1875439523783,9237,0.048828125,49.25536370649934,413.5612648221344,3273.810276679842,6863.0,512.0,6351.0,0.0,116.71298051900675,106895.83933880362,2133747,600.3473293441348,0.0,0
128,128,0,8,25.0,3046.253020841431,7918,0.1953125,1.0456774537451565,435.52363636363634,3374.970909090909,128.0,128.0,0.0,0.0,260.39890056967124,94390.0821060795,1829058,600.4287849650718,0.0,0
128,192,64,8,25.0,3113.9802414333744,8094,0.13020833333333334,6.297759568318725,466.3003663003663,3362.842490842491,864.0,192.0,672.0,0.0,242.31370304017315,101099.6973735288,1869714,600.4257750650868,0.0,0
128,256,128,8,25.0,3017.7755694147595,7844,0.09765625,11.01416135020554,444.3085501858736,3540.9739776951674,1504.0,256.0,1248.0,0.0,235.0061585401857,54283.662908253726,1811964,600.4303362928331,0.0,0
128,320,192,8,25.0,2925.7986458798296,7612,0.078125,12.819401589222252,427.10526315789474,3618.8684210526317,1729.0,320.0,1409.0,0.0,213.79405156335042,112620.53073123973,1758372,600.9887257539667,0.0,0
128,384,256,8,25.0,2865.7232718045348,7449,0.06510416666666667,19.379710310604423,429.63396226415097,3743.833962264151,2711.0,384.0,2327.0,0.0,210.31344737031603,116699.59413819396,1720719,600.4484162619337,0.0,0
128,448,320,8,25.0,2826.9205454125786,7348,0.05580357142857143,22.462727868929505,432.2413793103448,3883.1724137931033,3092.0,448.0,2644.0,0.0,219.13528030878498,95163.52099742019,1697388,600.4371091201901,0.0,0
128,512,384,8,25.0,2739.499305338831,7121,0.048828125,31.45805034507066,441.0703125,4020.52734375,4304.0,512.0,3792.0,0.0,201.05491318572484,103458.47898165963,1644951,600.4568049330264,0.0,0
192,192,0,8,25.0,2168.0103885522394,5642,0.13020833333333334,1.6696339561603963,281.99632352941177,4618.838235294118,192.0,192.0,0.0,0.0,201.78769743521897,150490.49755506968,1303302,601.1511784638278,0.0,0
192,256,64,8,25.0,2001.3044723403316,5203,0.09765625,11.640304872300476,268.7888888888889,4906.611111111111,1555.0,256.0,1299.0,0.0,222.48818227554258,158630.86287856573,1201893,600.5547964395955,0.0,0
192,320,128,8,25.0,1895.8243658525903,4929,0.078125,16.157599777448922,259.7211895910781,5041.159851301115,2201.0,320.0,1881.0,0.0,202.3122198284554,165307.91140832548,1138599,600.5825331229717,0.0,0
192,384,192,8,25.0,1911.9459994485558,4971,0.06510416666666667,15.09100038325414,279.1947565543071,5011.91011235955,2017.0,384.0,1633.0,0.0,237.47494061218342,155567.42710655901,1148301,600.5927993422374,0.0,0
192,448,256,8,25.0,1806.6072819107155,4697,0.05580357142857143,22.031330414582044,269.16730038022814,5209.832699619772,2935.0,448.0,2487.0,0.0,220.82132607230054,167330.5046718672,1085007,600.5771209183149,0.0,0
192,512,320,8,25.0,1839.9779184999884,4789,0.048828125,23.093532234430313,273.90421455938696,5214.3524904214555,3093.0,512.0,2581.0,0.0,223.95638373587516,168388.7823368132,1106259,601.2349327006377,0.0,0
256,256,0,8,25.0,1753.519792500542,4559,0.09765625,2.189774347934872,220.7888888888889,5202.962962962963,256.0,256.0,0.0,0.0,167.58199506081323,174659.6289154857,1053129,600.5800473447889,0.0,0
256,320,64,8,25.0,1600.7603022821377,4162,0.078125,8.940709421876818,205.8320895522388,5408.0932835820895,1197.0,320.0,877.0,0.0,164.72871843947254,183457.68911030827,961422,600.6033499389887,0.0,0
256,384,128,8,25.0,1516.491312861677,3943,0.06510416666666667,14.264099728316069,199.4624060150376,5569.687969924812,1831.0,384.0,1447.0,0.0,167.69437224956505,191937.56816870524,910833,600.6186730349436,0.0,0
256,448,192,8,25.0,1416.8789118639909,3684,0.05580357142857143,16.154780830722302,193.79467680608366,5731.855513307984,2105.0,448.0,1657.0,0.0,168.29166855178653,193190.4849440851,851004,600.6187211018987,0.0,0
256,512,256,8,25.0,1378.2817020579632,3588,0.048828125,18.531896212603897,188.5423076923077,5854.961538461538,2402.0,512.0,1890.0,0.0,168.52822965232488,199246.80180252576,828828,601.3487654682249,0.0,0
320,320,0,8,25.0,1501.115877245074,3903,0.078125,2.83351087057963,183.97761194029852,5584.705223880597,320.0,320.0,0.0,0.0,156.19146010984244,189810.7385050622,901593,600.6151914498769,0.0,0
320,384,64,8,25.0,1424.1581769710294,3707,0.06510416666666667,8.566656197421253,177.93939393939394,5732.962121212121,1045.0,384.0,661.0,0.0,155.85350001275438,197576.74277822318,856317,601.2794181481004,0.0,0
320,448,128,8,25.0,1338.3938086390344,3480,0.05580357142857143,11.759445791132748,171.7490494296578,5837.920152091255,1474.0,448.0,1026.0,0.0,156.5043611450751,198083.90007909635,803880,600.630393544212,0.0,0
320,512,192,8,25.0,1301.5395184256868,3388,0.048828125,15.214712818153203,167.97307692307692,5973.923076923077,1891.0,512.0,1379.0,0.0,158.5373609741264,205939.9282489606,782628,601.3094407971948,0.0,0
384,384,0,8,25.0,1305.3268497795887,3394,0.06510416666666667,3.3362730303779244,153.51127819548873,5919.774436090225,384.0,384.0,0.0,0.0,148.59825789288132,206580.0237576532,784014,600.6265788008459,0.0,0
384,448,64,8,25.0,1227.9413747949213,3193,0.05580357142857143,7.7186540379188955,149.05703422053233,6040.551330798479,919.0,448.0,471.0,0.0,150.42294809804724,206441.67177639046,737583,600.6662981961854,0.0,0
384,512,128,8,25.0,1158.333008048282,3012,0.048828125,10.36238311091438,146.91570881226053,6145.892720306513,1297.0,512.0,785.0,0.0,154.76515117751595,206275.5904022351,695772,600.6666435003281,0.0,0
448,448,0,8,25.0,1076.820844950147,2800,0.05580357142857143,3.993449870031327,128.0532319391635,6237.42205323194,448.0,448.0,0.0,0.0,147.80796880693015,214348.42998243935,646800,600.6570201842114,0.0,0
448,512,64,8,25.0,1051.049140589404,2733,0.048828125,7.4168580416589975,126.30651340996168,6318.379310344828,883.0,512.0,371.0,0.0,149.59883962433315,217761.3154502902,631323,600.6598318000324,0.0,0
8,8,0,8,30.0,6574.929305542685,17080,3.75,0.06002134503796697,632.0673758865248,192.25177304964538,8.0,8.0,0.0,0.0,106.5244046056972,2973.9332062594126,3945480,600.0794558618218,0.0,0
8,16,8,8,30.0,3443.957664725961,8953,1.875,0.185299142729491,108.08214285714286,4541.632142857143,25.0,16.0,9.0,0.0,31.385573860124477,64.81050225789257,2068143,600.5134793561883,0.0,0
8,32,24,8,30.0,1975.4076603515039,5137,0.9375,0.3806732790544629,66.06115107913669,6477.895683453237,47.0,32.0,15.0,0.0,32.723582976491656,17235.46560350512,1186647,600.7099313307554,0.0,0
8,64,56,8,30.0,3454.9758875557786,8982,0.46875,1.5738541749306023,142.014440433213,5248.379061371841,209.0,64.0,145.0,0.0,41.370078044934694,129327.82211701041,2074842,600.5373315261677,0.0,0
8,128,120,8,30.0,4597.621183976964,11961,0.234375,4.138088030274957,183.86545454545455,4046.461818181818,575.0,128.0,447.0,0.0,39.394427771194934,124856.51970173667,2762991,600.9609947050922,0.0,0
8,192,184,8,30.0,4450.688471434412,11568,0.15625,6.256026491057128,178.18450184501845,4450.110701107011,814.0,192.0,622.0,0.0,39.14683884654012,140266.10579178407,2672208,600.4032897721045,0.0,0
8,256,248,8,30.0,4060.976144042006,10556,0.1171875,7.2136712512001395,161.64444444444445,5042.474074074074,946.0,256.0,690.0,0.0,38.38796918694513,157728.2984100612,2438436,600.4556327122264,0.0,0
8,320,312,8,30.0,3970.1578765786203,10320,0.09375,8.970411324407905,153.10486891385767,5150.558052434457,1208.0,320.0,888.0,0.0,37.48586482734434,159652.54100339802,2383920,600.4597484809346,0.0,0
8,384,376,8,30.0,3662.902430078136,9522,0.078125,9.526515175122768,137.72727272727272,5512.598484848485,1290.0,384.0,906.0,0.0,36.36583852610922,165978.82498112586,2199582,600.5024818400852,0.0,0
8,448,440,8,30.0,3422.2836923063287,8897,0.06696428571428571,10.784716435009614,128.8582375478927,5910.896551724138,1413.0,448.0,965.0,0.0,36.50141011717793,173346.07131029127,2055207,600.5367131370003,0.0,0
8,512,504,8,30.0,3198.317135433217,8315,0.05859375,11.674437079345807,120.32046332046332,6187.378378378378,1520.0,512.0,1008.0,0.0,36.24929139006655,176632.8946308908,1920765,600.554891420994,0.0,0
16,16,0,8,30.0,5806.605843396035,15087,1.875,0.13206687686033547,871.4480286738351,988.7491039426524,16.0,16.0,0.0,0.0,214.30852827054707,13291.12097614912,3485097,600.1952076639864,0.0,0
16,32,16,8,30.0,3654.06460795532,9499,0.9375,0.46829725068528205,151.36462093862815,4292.404332129964,62.0,32.0,30.0,0.0,41.58780836180074,7976.335854815131,2194269,600.5008765370003,0.0,0
16,64,48,8,30.0,4344.318016395882,11303,0.46875,2.3626913434127346,218.2509090909091,3995.0472727272727,316.0,64.0,252.0,0.0,50.015936914583556,98588.89638442527,2610993,601.0133213420049,0.0,0
16,128,112,8,30.0,5055.173050211613,13137,0.234375,7.076248935249168,251.82222222222222,3107.525925925926,964.0,128.0,836.0,0.0,48.49329087859049,93111.8974965418,3034647,600.3052654889761,0.0,0
16,192,176,8,30.0,4980.4325760292695,12943,0.15625,10.168481947039254,244.45185185185184,3369.1111111111113,1435.0,192.0,1243.0,0.0,47.7811310256154,103730.53975313422,2989833,600.3159272529883,0.0,0
16,256,240,8,30.0,4744.83535267496,12332,0.1171875,12.977716564259026,235.18352059925093,3774.8913857677903,1836.0,256.0,1580.0,0.0,48.06794422704001,116301.65288919567,2848692,600.3774184480426,0.0,0
16,320,304,8,30.0,4534.219107632931,11785,0.09375,15.08599641174078,233.6818181818182,4083.871212121212,2038.0,320.0,1718.0,0.0,49.37633926823382,124208.50138788045,2722335,600.3977609765716,0.0,0
16,384,368,8,30.0,4307.85724020667,11197,0.078125,16.341981334146112,216.5632183908046,4440.436781609195,2164.0,384.0,1780.0,0.0,48.621251131359216,133608.21231537178,2586507,600.41613632394,0.0,0
16,448,432,8,30.0,4154.843610957344,10800,0.06696428571428571,18.11374225234613,204.24902723735408,4600.190661478599,2484.0,448.0,2036.0,0.0,47.141832597197606,137824.73807194745,2494800,600.455813407898,0.0,0
16,512,496,8,30.0,4032.1347129052256,10481,0.05859375,19.066531444899738,197.9448818897638,4883.05905511811,2640.0,512.0,2128.0,0.0,47.33977880327825,146033.33080355034,2421111,600.453896604944,0.0,0
32,32,0,8,30.0,5063.58194788444,13159,0.9375,0.266320766415447,836.2490974729242,1884.8808664259927,32.0,32.0,0.0,0.0,233.35244071978482,37221.898645836285,3039729,600.3119987561367,0.0,0
32,48,16,8,30.0,4570.823318202351,11880,0.625,0.5969081283546984,371.33210332103323,2951.040590405904,79.0,48.0,31.0,0.0,79.14601211728124,154.89675232004657,2744280,600.3907412197441,0.0,0
32,64,32,8,30.0,4097.2118177677385,10650,0.46875,1.5193169307895005,258.64444444444445,3881.82962962963,200.0,64.0,136.0,0.0,63.29878777408088,32051.362280819405,2460150,600.4449145956896,0.0,0
32,128,96,8,30.0,4842.819131503005,12586,0.234375,9.234817060176283,327.02230483271376,3145.0631970260224,1301.0,128.0,1173.0,0.0,67.23020949795914,82735.30525489539,2907366,600.3457740321755,0.0,0
32,192,160,8,30.0,4837.933895193409,12573,0.15625,16.97095852997154,341.936329588015,3208.913857677903,2431.0,192.0,2239.0,0.0,69.52623613670514,90456.55229919303,2904363,600.3312701079994,0.0,0
32,256,224,8,30.0,4728.038575457614,12288,0.1171875,22.453254892025143,351.1515151515151,3552.651515151515,3176.0,256.0,2920.0,0.0,74.35798166067194,103533.54383999472,2838528,600.3605839288794,0.0,0
32,320,288,8,30.0,4652.959253311037,12093,0.09375,25.7570116603747,345.1647509578544,3734.417624521073,3608.0,320.0,3288.0,0.0,72.87684135090335,110376.00997675721,2793483,600.3669595886022,0.0,0
32,384,352,8,30.0,4413.65879910274,11483,0.078125,30.23233011411503,354.6085271317829,3953.232558139535,4216.0,384.0,3832.0,0.0,77.2520313612557,114865.6784109966,2652573,600.9918574900366,0.0,0
32,448,416,8,30.0,4289.745304904272,11150,0.06696428571428571,32.891123371664435,328.68650793650795,4244.496031746032,4628.0,448.0,4180.0,0.0,74.22946065755544,124316.28662688182,2575650,600.4202620270662,0.0,0
32,512,480,8,30.0,4132.959213415569,10743,0.05859375,36.29734756797552,317.3888888888889,4478.059523809524,5096.0,512.0,4584.0,0.0,73.45612772495205,127763.15563792949,2481633,600.4494290542789,0.0,0
48,48,0,8,30.0,4760.569322538831,12372,0.625,0.36515957303345203,801.7148014440434,2442.357400722022,48.0,48.0,0.0,0.0,286.2266058272481,44163.00144149275,2857932,600.3340790499933,0.0,0
48,64,16,8,30.0,4631.134499208399,12037,0.46875,0.8068216340616345,695.7158671586716,2694.151291512915,96.0,64.0,32.0,0.0,196.30896562559607,7315.526599842789,2780547,600.4029899099842,0.0,0
48,128,80,8,30.0,4428.083484354577,11509,0.234375,7.653397116810083,379.5842696629214,3452.9775280898875,1064.0,128.0,936.0,0.0,87.82249288421356,64034.798491307796,2658579,600.3904419131577,0.0,0
48,192,144,8,30.0,4509.661062998674,11721,0.15625,18.649851561058313,391.2537878787879,3457.155303030303,2607.0,192.0,2415.0,0.0,87.77941452257757,83297.08133148323,2707551,600.3890230720863,0.0,0
48,256,208,8,30.0,4411.031376487251,11465,0.1171875,24.42944322898984,401.45247148288973,3633.513307984791,3468.0,256.0,3212.0,0.0,92.56715255636537,92791.58906634159,2648415,600.4072004831396,0.0,0
48,320,272,8,30.0,4317.082662356508,11221,0.09375,28.986394026782364,418.98091603053433,3768.007633587786,4087.0,320.0,3767.0,0.0,97.65632104984948,99192.75498835163,2592051,600.4172731279396,0.0,0
48,384,336,8,30.0,4209.196554678584,10941,0.078125,34.196068768855184,420.3058823529412,4069.576470588235,4647.0,384.0,4263.0,0.0,100.37857766359583,108341.85657375045,2527371,600.4402424949221,0.0,0
48,448,400,8,30.0,4055.8660398380835,10543,0.06696428571428571,38.16950881294906,398.9209486166008,4390.98814229249,5211.0,448.0,4763.0,0.0,98.27902084174717,116562.88322408915,2435433,600.4717552498914,0.0,0
48,512,464,8,30.0,3974.723669892507,10332,0.05859375,40.88268890045583,392.0,4496.753968253968,5826.0,512.0,5314.0,0.0,98.09318075957435,121815.51387414814,2386692,600.4674030747265,0.0,0
64,64,0,8,30.0,4396.873620533259,11428,0.46875,0.5373299033381045,720.963768115942,2941.228260869565,64.0,64.0,0.0,0.0,279.4392777361111,59391.51296592756,2639868,600.3966062776744,0.0,0
64,128,64,8,30.0,4045.1978732159214,10515,0.234375,4.222454472910613,474.07142857142856,3581.7406015037595,584.0,128.0,456.0,0.0,115.36643355556433,54645.73687728184,2428965,600.4564118068665,0.0,0
64,192,128,8,30.0,4157.8004296581485,10808,0.15625,13.244549935217947,467.75757575757575,3720.719696969697,1879.0,192.0,1687.0,0.0,114.6099618493988,87518.48673056714,2496648,600.4732651887462,0.0,0
64,384,320,8,30.0,4021.0079767477228,10452,0.078125,30.036284463014454,476.27734375,4176.953125,4406.0,384.0,4022.0,0.0,129.2030316095481,100235.35555862135,2414412,600.4494430157356,0.0,0
64,448,384,8,30.0,3825.7564957868935,9945,0.06696428571428571,37.86953832115978,454.3715415019763,4469.656126482213,5356.0,448.0,4908.0,0.0,125.26285620437147,108120.65292946824,2297295,600.4812388163991,0.0,0
64,512,448,8,30.0,3689.429147745647,9591,0.05859375,41.27219870546833,438.32936507936506,4675.083333333333,5775.0,512.0,5263.0,0.0,123.5680272753365,111149.83199552745,2215521,600.5050947661512,0.0,0
128,128,0,8,30.0,3029.276790163731,7876,0.234375,1.0595168960280716,425.36727272727273,4937.090909090909,128.0,128.0,0.0,0.0,259.5111420567021,119721.61418899367,1819356,600.5908756530844,0.0,0
128,192,64,8,30.0,3190.6085900878206,8295,0.15625,5.586581250652671,476.73333333333335,4910.688888888889,725.0,192.0,533.0,0.0,258.77851148766086,127288.94794078032,1916145,600.5578390131705,0.0,0
128,256,128,8,30.0,3135.080639357092,8151,0.1171875,6.367344348225743,461.5858208955224,5041.817164179104,818.0,256.0,562.0,0.0,256.33808393277724,96428.19400338049,1882881,600.5845515942201,0.0,0
128,320,192,8,30.0,2955.435576404884,7684,0.09375,9.89386689197272,441.61654135338347,5165.921052631579,1331.0,320.0,1011.0,0.0,238.16845736375694,55164.79978091109,1775004,600.5896437638439,0.0,0
128,384,256,8,30.0,2999.196420489902,7798,0.078125,16.5654659261927,461.5665399239544,5195.307984790875,2253.0,384.0,1869.0,0.0,240.99641596431007,121393.05115899623,1801338,600.6068784603849,0.0,0
128,448,320,8,30.0,2936.172714700891,7634,0.06696428571428571,17.073127770796418,448.4092664092664,5382.393822393822,2340.0,448.0,1892.0,0.0,223.03679817805633,112821.98961767578,1763454,600.5961404009722,0.0,0
128,512,384,8,30.0,2828.7187644081937,7355,0.05859375,21.530714493710548,440.37401574803147,5556.4842519685035,2948.0,512.0,2436.0,0.0,206.9370293310505,93389.26834299657,1699005,600.6270476151258,0.0,0
192,192,0,8,30.0,2162.705187619271,5624,0.15625,1.6279247379861772,280.77859778597787,6178.837638376383,192.0,192.0,0.0,0.0,195.6805495128745,169122.86462974557,1299144,600.7032338189892,0.0,0
192,256,64,8,30.0,1990.6720973837043,5177,0.1171875,11.110907401889563,274.2037037037037,6480.188888888889,1467.0,256.0,1211.0,0.0,224.1792491911002,174003.25193751664,1195887,600.7453470472246,0.0,0
192,320,128,8,30.0,1921.8976139986319,4998,0.09375,17.542507640551776,267.9548872180451,6602.390977443609,2365.0,320.0,2045.0,0.0,212.24777245618455,182867.6159801215,1154538,600.7281509642489,0.0,0
192,384,192,8,30.0,1884.1534910060395,4900,0.078125,19.504612874239683,273.7169811320755,6668.735849056604,2611.0,384.0,2227.0,0.0,228.33125915617256,175711.4819858322,1131900,600.7472349801101,0.0,0
192,448,256,8,30.0,1793.4233644376852,4664,0.06696428571428571,23.76516108913347,267.4230769230769,6892.861538461539,3162.0,448.0,2714.0,0.0,220.38271068338207,189888.13550768726,1077384,600.7415880509652,0.0,0
192,512,320,8,30.0,1903.7665102386295,4951,0.05859375,24.63490945007652,290.36293436293437,6809.019305019305,3337.0,512.0,2825.0,0.0,238.94156282291155,181592.52636014266,1143681,600.746464363765,0.0,0
256,256,0,8,30.0,1751.0275660908285,4554,0.1171875,2.1546263485215604,222.19330855018586,6738.423791821561,256.0,256.0,0.0,0.0,166.35927985821345,190766.641426673,1051974,600.775236422196,0.0,0
256,320,64,8,30.0,1593.3106169936245,4144,0.09375,9.191647903062403,206.3932584269663,7009.528089887641,1201.0,320.0,881.0,0.0,165.90461559637725,197339.29345600386,957264,600.8018711418845,0.0,0
256,384,128,8,30.0,1514.0317888186075,3943,0.078125,13.741810826119035,199.0188679245283,7219.773584905661,1794.0,384.0,1410.0,0.0,167.20023120779646,206232.12786099096,910833,601.5943698980846,0.0,0
256,448,192,8,30.0,1417.2868154092303,3686,0.06696428571428571,15.477171509992331,192.96138996138995,7353.382239382239,2089.0,448.0,1641.0,0.0,168.05912961686408,205972.55283187935,851466,600.7718344251625,0.0,0
256,512,256,8,30.0,1379.5677946827118,3588,0.05859375,18.432127870153636,188.75486381322958,7449.128404669261,2429.0,512.0,1917.0,0.0,168.07639933724087,210859.71241445115,828828,600.788162201643,0.0,0
320,320,0,8,30.0,1520.6220585394458,3955,0.09375,2.7788363124709576,185.9248120300752,7147.0300751879695,320.0,320.0,0.0,0.0,154.7911411791463,205425.7906259685,913605,600.8100401210249,0.0,0
320,384,64,8,30.0,1424.1365720400886,3704,0.078125,8.551003669854254,176.48669201520912,7339.391634980989,1050.0,384.0,666.0,0.0,156.06590193142438,211200.50259506865,855624,600.8019292519893,0.0,0
320,448,128,8,30.0,1337.6522922342126,3479,0.06696428571428571,12.138161162380129,171.82758620689654,7470.471264367816,1520.0,448.0,1072.0,0.0,156.79402231669428,210981.87077277811,803649,600.790657382051,0.0,0
320,512,192,8,30.0,1304.51082857384,3393,0.05859375,14.531690742936917,167.6046511627907,7542.511627906977,1872.0,512.0,1360.0,0.0,159.5905623874444,216410.976559683,783783,600.8252157300012,0.0,0
384,384,0,8,30.0,1306.4534068276223,3398,0.078125,3.121474817453418,153.60687022900763,7534.759541984733,384.0,384.0,0.0,0.0,148.80321781626833,218589.93498124558,784938,600.815915743995,0.0,0
384,448,64,8,30.0,1223.4169766726309,3182,0.06696428571428571,7.921193982008845,149.1145038167939,7645.721374045802,937.0,448.0,489.0,0.0,152.83615982516375,218416.24039895352,735042,600.8106917063706,0.0,0
384,512,128,8,30.0,1155.2609028154818,3005,0.05859375,10.586881624069065,147.38076923076923,7777.434615384615,1303.0,512.0,791.0,0.0,154.9496300842994,216941.46772871743,694155,600.8642708398402,0.0,0
448,448,0,8,30.0,1077.2764874733136,2802,0.06696428571428571,3.851739717181772,128.4083969465649,7854.541984732825,448.0,448.0,0.0,0.0,147.60954878515622,223863.65839905108,647262,600.8318268582225,0.0,0
448,512,64,8,30.0,1049.6622126960758,2730,0.05859375,7.411085242405534,126.34749034749035,7930.555984555985,880.0,512.0,368.0,0.0,149.80375212937847,226977.38892204664,630630,600.7932765153237,0.0,0
8,8,0,8,40.0,6807.985434724667,17711,5.0,0.05999442201573402,937.7651245551601,2569.274021352313,8.0,8.0,0.0,0.0,210.08276987715956,41331.030578435675,4091241,600.9473785199807,0.0,0
8,16,8,8,40.0,4522.456878041876,11760,2.5,0.22297161724418402,190.89605734767025,6081.154121863799,26.0,16.0,10.0,0.0,41.77110646437931,88.76932372895804,2716560,600.6823444110341,0.0,0
8,32,24,8,40.0,2690.3738910706916,6999,1.25,0.5070147262886167,99.83453237410072,8519.323741007194,61.0,32.0,29.0,0.0,36.75757067484383,19630.540930193583,1616769,600.9458407866769,0.0,0
8,48,40,8,40.0,2330.735558472867,6075,0.8333333333333334,0.7949061221443117,89.07246376811594,9202.880434782608,101.0,48.0,53.0,0.0,37.868045379726915,58665.64744282675,1403325,602.0953320502304,0.0,0
8,64,56,8,40.0,2628.1398442678483,6837,0.625,1.1549618472345173,111.73188405797102,9015.880434782608,144.0,64.0,80.0,0.0,41.53598964208147,96049.87294995665,1579347,600.9372002957389,0.0,0
8,128,120,8,40.0,4162.666723007456,10826,0.3125,3.1385473548434675,177.6985294117647,7666.974264705882,413.0,128.0,285.0,0.0,41.77823716896909,152241.76988582558,2500806,600.7701712409034,0.0,0
8,192,184,8,40.0,4591.892952341222,11959,0.20833333333333334,4.816206026356667,209.6925925925926,7311.7962962962965,660.0,192.0,468.0,0.0,44.40861898991388,156590.6264890273,2762529,601.6100611821748,0.0,0
8,256,248,8,40.0,4387.3282948509195,11410,0.15625,6.444476987700909,187.9589552238806,7540.160447761194,834.0,256.0,578.0,0.0,41.240963645123074,160095.14982085297,2635710,600.7551345298998,0.0,0
8,320,312,8,40.0,4125.688463091063,10730,0.125,7.772390090860426,176.9848484848485,7945.356060606061,1025.0,320.0,705.0,0.0,41.396129327522836,165398.41111927127,2478630,600.7797297770157,0.0,0
8,384,376,8,40.0,4102.181698036149,10669,0.10416666666666667,8.817859900183976,166.09615384615384,8055.569230769231,1164.0,384.0,780.0,0.0,39.36790339785053,168465.80631075703,2464539,600.7873813048936,0.0,0
8,448,440,8,40.0,3814.286932079242,9937,0.08928571428571429,9.516649566125125,157.08880308880308,8581.362934362935,1254.0,448.0,806.0,0.0,39.13889819668793,173321.3225838154,2295447,601.8023921311833,0.0,0
8,512,504,8,40.0,3608.860976716926,9387,0.078125,10.510400041239336,150.0235294117647,8848.772549019608,1413.0,512.0,901.0,0.0,39.071220850285776,175448.3078869782,2168397,600.8535695860046,0.0,0
16,16,0,8,40.0,5780.318874667229,15027,2.5,0.13510943297296762,942.6057347670251,3863.0179211469535,16.0,16.0,0.0,0.0,245.55564243292253,65937.67181823189,3471237,600.526904356957,0.0,0
16,32,16,8,40.0,4529.648708186873,11779,1.25,0.4922408650163561,250.17028985507247,6056.938405797101,59.0,32.0,27.0,0.0,54.346168530643595,116.92210836976157,2720949,600.6975761899957,0.0,0
16,48,32,8,40.0,3435.9939476401355,8937,0.8333333333333334,0.7473355350084603,147.76363636363635,7802.807272727273,94.0,48.0,46.0,0.0,44.136662546429505,25401.411906667618,2064447,600.8296380783431,0.0,0
16,64,48,8,40.0,3800.3866583451913,9885,0.625,1.4714216943248175,196.3956043956044,7622.388278388278,193.0,64.0,129.0,0.0,50.85505752864614,71345.4000170035,2283435,600.8428102929611,0.0,0
16,128,112,8,40.0,5031.492430346601,13083,0.3125,4.411349741101731,269.5148148148148,6333.266666666666,598.0,128.0,470.0,0.0,54.78065221461413,123346.79147612084,3022173,600.6514054900035,0.0,0
16,192,176,8,40.0,5142.050320711623,13370,0.20833333333333334,7.486488551541697,277.5820895522388,6054.567164179104,1041.0,192.0,849.0,0.0,52.366849644956886,124399.25429872052,3088470,600.6300614289939,0.0,0
16,256,240,8,40.0,5032.584762371761,13086,0.15625,10.657587820489425,277.75,6450.780303030303,1456.0,256.0,1200.0,0.0,53.75207279919015,135843.2370958631,3022866,600.6587355670054,0.0,0
16,320,304,8,40.0,5000.78965690299,13003,0.125,12.344243475003168,279.148288973384,6626.1178707224335,1680.0,320.0,1360.0,0.0,53.47770824635342,141179.64142766243,3003693,600.6437395049725,0.0,0
16,384,368,8,40.0,4725.673376544145,12289,0.10416666666666667,13.8820579421008,257.2829457364341,7005.112403100775,1894.0,384.0,1510.0,0.0,52.809848244164385,148341.40339495576,2838759,600.7099462460028,0.0,0
16,448,432,8,40.0,4562.993296894224,11866,0.08928571428571429,15.185482426837552,250.36614173228347,7212.885826771653,2047.0,448.0,1599.0,0.0,52.04986366010715,150545.6456289744,2741046,600.7122565500322,0.0,0
16,512,496,8,40.0,4420.427306161429,11496,0.078125,16.384744838345796,249.65737051792829,7571.187250996016,2250.0,512.0,1738.0,0.0,53.43912010914122,156954.96294988127,2655576,600.7509718118235,0.0,0
32,32,0,8,40.0,5136.823782073873,13357,1.25,0.25415145326405764,900.5956678700361,4806.393501805054,32.0,32.0,0.0,0.0,308.8789581790934,74787.51829771193,3085467,600.6565790260211,0.0,0
32,48,16,8,40.0,5095.62794123237,13249,0.8333333333333334,0.5135311991907656,826.07326007326,4955.820512820513,64.0,48.0,16.0,0.0,241.23996482829529,11165.222821218993,3060519,600.6166531969793,0.0,0
32,64,32,8,40.0,4486.00579045536,11666,0.625,1.115183036774397,369.27407407407406,5981.896296296296,142.0,64.0,78.0,0.0,80.13649469263086,479.84797399922644,2694846,600.7228090818971,0.0,0
32,128,96,8,40.0,4563.253429740906,11867,0.3125,5.666535551194102,305.84586466165416,6526.477443609023,777.0,128.0,649.0,0.0,68.15464658985907,87362.15545398019,2741277,600.7286341218278,0.0,0
32,192,160,8,40.0,4821.673774107737,12538,0.20833333333333334,11.214086732827127,347.49242424242425,6217.340909090909,1506.0,192.0,1314.0,0.0,72.87347515345016,105845.81216694618,2896278,600.6789624700323,0.0,0
32,256,224,8,40.0,4886.757974899307,12707,0.15625,15.56926517141983,385.57307692307694,6278.265384615384,2141.0,256.0,1885.0,0.0,79.51267456581948,117363.22227816664,2935317,600.6675622318871,0.0,0
32,320,288,8,40.0,4870.890438917434,12685,0.125,19.40275520691648,388.3035019455253,6437.817120622568,2708.0,320.0,2388.0,0.0,79.73956791877119,126185.01637241876,2930235,601.5809710249305,0.0,0
32,384,352,8,40.0,4729.526852095299,12299,0.10416666666666667,23.268661573063582,384.49603174603175,6661.797619047619,3202.0,384.0,2818.0,0.0,78.72031316640219,131134.14767237124,2841069,600.7089268858545,0.0,0
32,448,416,8,40.0,4512.585473915322,11735,0.08928571428571429,26.43093137908727,370.53784860557766,6926.677290836654,3698.0,448.0,3250.0,0.0,80.34604346347716,134506.98979817543,2710785,600.7165993130766,0.0,0
32,512,480,8,40.0,4426.301153177073,11511,0.078125,29.18505677767098,381.616935483871,7150.737903225807,4012.0,512.0,3500.0,0.0,82.8923066508188,139752.16501045774,2659041,600.7365762023255,0.0,0
48,48,0,8,40.0,4713.067196821074,12272,0.8333333333333334,0.37650775723159313,804.6317689530686,5421.317689530686,48.0,48.0,0.0,0.0,274.03538467384845,94868.0874629352,2834832,601.4834674778394,0.0,0
48,64,16,8,40.0,4688.6536327667,12193,0.625,1.365805777721107,790.8717948717949,5574.974358974359,110.0,64.0,46.0,0.0,269.75292018670086,52678.955322268965,2816583,600.723197021056,0.0,0
48,128,80,8,40.0,4295.348538963933,11171,0.3125,3.213218041229993,381.4188679245283,6560.335849056603,416.0,128.0,288.0,0.0,88.37872977036015,47902.8770337294,2580501,600.7663817247376,0.0,0
48,192,144,8,40.0,4367.6794085489755,11359,0.20833333333333334,9.808282926212996,408.2260536398467,6539.413793103448,1335.0,192.0,1143.0,0.0,97.88277907269483,79059.17298544012,2623929,600.7604392538778,0.0,0
48,256,208,8,40.0,4495.977867772436,11709,0.15625,16.638665668666363,420.46153846153845,6541.0615384615385,2265.0,256.0,2009.0,0.0,97.00180100018322,97143.2213729129,2704779,601.5997141329572,0.0,0
48,320,272,8,40.0,4467.740272968762,11619,0.125,21.897451779339463,436.8984375,6690.84765625,2972.0,320.0,2652.0,0.0,97.71479406176458,114341.57804098734,2683989,600.7486639809795,0.0,0
48,384,336,8,40.0,4296.131553605503,11191,0.10416666666666667,25.73785631125793,440.44268774703556,7009.197628458498,3452.0,384.0,3068.0,0.0,103.47677506460207,118074.62996824425,2585121,601.7322718692012,0.0,0
48,448,400,8,40.0,4170.0408676204825,10845,0.08928571428571429,29.361019026022404,442.2730923694779,7158.6024096385545,3846.0,448.0,3398.0,0.0,102.15656123146294,128222.92072572756,2505195,600.7602993659675,0.0,0
48,512,464,8,40.0,4044.331076997615,10520,0.078125,36.36973831243813,431.16597510373447,7582.045643153527,4251.0,512.0,3739.0,0.0,107.7666055886135,128857.3021589796,2430120,600.8706888072193,0.0,0
64,64,0,8,40.0,4360.093877907133,11339,0.625,0.5259224185720086,740.6509090909091,5932.567272727273,64.0,64.0,0.0,0.0,287.5984296649833,103389.91085404438,2619309,600.7460099132732,0.0,0
64,128,64,8,40.0,4265.170233962851,11092,0.3125,1.7742193453013897,611.816479400749,6247.831460674157,232.0,128.0,104.0,0.0,181.2421680867205,7781.174507793323,2562252,600.7385073630139,0.0,0
64,192,128,8,40.0,4135.769017222784,10756,0.20833333333333334,6.794997758697718,453.18390804597703,6732.593869731801,910.0,192.0,718.0,0.0,118.06463150049102,61632.14646040955,2484636,600.7675935607404,0.0,0
64,256,192,8,40.0,4150.987890303112,10796,0.15625,11.210137679707259,544.3798449612403,6769.7868217054265,1526.0,256.0,1270.0,0.0,170.72150989570912,86855.66420648887,2493876,600.790960105136,0.0,0
64,320,256,8,40.0,4114.0760503452,10700,0.125,16.92027334589511,473.1171875,6994.98046875,2427.0,320.0,2107.0,0.0,126.4378398268764,100112.79845964786,2471700,600.7910329690203,0.0,0
64,384,320,8,40.0,3954.1263428404654,10284,0.10416666666666667,25.008997740689665,468.07142857142856,7225.396825396825,3535.0,384.0,3151.0,0.0,124.99589374294264,109187.05532495836,2375604,600.7911214828491,0.0,0
64,448,384,8,40.0,3951.7493837903667,10278,0.08928571428571429,26.9094232567586,482.32142857142856,7370.837301587301,3775.0,448.0,3327.0,0.0,134.30843333411903,109058.5216584413,2374218,600.8017638311721,0.0,0
64,512,448,8,40.0,3836.219412927364,9978,0.078125,31.36755516193807,476.2682926829268,7534.19918699187,4373.0,512.0,3861.0,0.0,130.26113989194997,113580.25863281627,2304918,600.8305969759822,0.0,0
128,128,0,8,40.0,2994.830559435921,7791,0.3125,1.070445606019348,436.7875457875458,7994.589743589743,128.0,128.0,0.0,0.0,294.37866716566316,145076.9109896044,1799721,600.9425121997483,0.0,0
128,192,64,8,40.0,3191.365769941938,8302,0.20833333333333334,4.168474807403982,472.65682656826567,7993.19557195572,535.0,192.0,343.0,0.0,267.9970250819665,159651.20334119062,1917762,600.92203095695,0.0,0
128,256,128,8,40.0,3099.21708651399,8063,0.15625,8.950007834006101,469.5074626865672,8051.022388059701,1164.0,256.0,908.0,0.0,249.62933649705255,159079.1283414166,1862553,600.9753263508901,0.0,0
128,320,192,8,40.0,2962.1314814241723,7718,0.125,10.90063433907926,441.70566037735847,8358.007547169811,1456.0,320.0,1136.0,0.0,254.1472536874992,144735.64211473716,1782858,601.8834785628133,0.0,0
128,384,256,8,40.0,2933.8649013503004,7632,0.10416666666666667,12.252344817388803,445.2337164750958,8381.946360153257,1645.0,384.0,1261.0,0.0,248.76907794666693,99813.55228358772,1762992,600.9111050711945,0.0,0
128,448,320,8,40.0,2860.299456801047,7454,0.08928571428571429,14.055125805083662,430.1857707509881,8545.272727272728,1898.0,448.0,1450.0,0.0,228.44146981550745,43321.195934056224,1721874,601.9908146001399,0.0,0
128,512,384,8,40.0,2835.7261386081764,7377,0.078125,18.781485012266785,430.6732283464567,8748.685039370079,2514.0,512.0,2002.0,0.0,230.16299200017204,70146.52865829474,1704087,600.9349692831747,0.0,0
192,192,0,8,40.0,2157.3682967264785,5613,0.20833333333333334,1.656783463433385,282.97407407407405,9228.966666666667,192.0,192.0,0.0,0.0,202.20657332516444,192062.23539973897,1296603,601.0114276581444,0.0,0
192,256,64,8,40.0,1994.9906834885835,5191,0.15625,11.570983307436109,271.812030075188,9508.71052631579,1552.0,256.0,1296.0,0.0,218.2497516874092,197041.3231473441,1199121,601.0659648310393,0.0,0
192,320,128,8,40.0,1916.9923915507459,4988,0.125,16.887772736139596,274.05283018867925,9698.91320754717,2278.0,320.0,1958.0,0.0,215.44642619646413,199402.9152874536,1152228,601.0602885428816,0.0,0
192,384,192,8,40.0,1906.0556381192919,4960,0.10416666666666667,17.11154878232628,273.0496183206107,9855.06106870229,2185.0,384.0,1801.0,0.0,222.03381982054714,203605.18768632424,1145760,601.1157161868177,0.0,0
192,448,256,8,40.0,1803.2693230843536,4692,0.08928571428571429,21.070566904731095,271.1937984496124,10058.383720930233,2824.0,448.0,2376.0,0.0,230.82676193893306,205110.81908190058,1083852,601.0483215819113,0.0,0
192,512,320,8,40.0,1884.810499357278,4904,0.078125,22.142268251627684,285.70428015564204,10024.696498054474,3009.0,512.0,2497.0,0.0,243.41586796450886,200330.35212943508,1132824,601.0280611161143,0.0,0
256,256,0,8,40.0,1746.6905492945027,4545,0.15625,2.195175854023546,221.39700374531836,9857.423220973782,256.0,256.0,0.0,0.0,165.80132054563816,210443.0419554868,1049895,601.0767049859278,0.0,0
256,320,64,8,40.0,1586.7788812997837,4129,0.125,9.176050464739092,207.08045977011494,10150.210727969348,1199.0,320.0,879.0,0.0,164.47799434442683,215363.982054176,953799,601.0913122430211,0.0,0
256,384,128,8,40.0,1514.1353634063214,3940,0.10416666666666667,14.078197555732913,199.3046875,10348.60546875,1857.0,384.0,1473.0,0.0,167.05607330944352,224153.30738290792,910140,601.0955308199627,0.0,0
256,448,192,8,40.0,1414.2291607006946,3680,0.08928571428571429,16.13494534313213,191.83984375,10513.578125,2126.0,448.0,1678.0,0.0,169.04502130899215,221938.54352617692,850080,601.0907027110225,0.0,0
256,512,256,8,40.0,1376.1168993944973,3581,0.078125,18.252181087387726,189.11023622047244,10694.759842519685,2431.0,512.0,1919.0,0.0,169.83214832531306,227670.2901485504,827211,601.1197161839809,0.0,0
320,320,0,8,40.0,1497.9214653555084,3898,0.125,2.8500331268878654,183.85551330798478,10299.376425855513,320.0,320.0,0.0,0.0,156.18666836665497,220238.54512836682,900438,601.1249727209797,0.0,0
320,384,64,8,40.0,1425.2830316263412,3709,0.10416666666666667,8.698298212490045,176.8653846153846,10506.138461538461,1059.0,384.0,675.0,0.0,155.86938150813467,226851.36550652696,856779,601.1290255959611,0.0,0
320,448,128,8,40.0,1337.6519195600335,3481,0.08928571428571429,12.113023091689683,170.90234375,10654.45703125,1510.0,448.0,1062.0,0.0,156.9761524670885,226278.53608515405,804111,601.1362060949905,0.0,0
320,512,192,8,40.0,1301.8705161029134,3388,0.078125,14.881492522195913,168.72222222222223,10838.031746031746,1884.0,512.0,1372.0,0.0,159.39727821685867,231547.66234813505,782628,601.1565592120169,0.0,0
384,384,0,8,40.0,1279.879809109061,3331,0.10416666666666667,3.4046815702458844,152.35384615384615,10643.753846153846,384.0,384.0,0.0,0.0,149.73858171982974,228797.18514035424,769461,601.1978582079755,0.0,0
384,448,64,8,40.0,1222.774615018872,3182,0.08928571428571429,7.767228418029845,149.62403100775194,10779.860465116279,944.0,448.0,496.0,0.0,152.01286183180395,231534.77883134523,735042,601.1263163069962,0.0,0
384,512,128,8,40.0,1154.347689024625,3004,0.078125,10.486515222815797,146.9607843137255,10965.06274509804,1305.0,512.0,793.0,0.0,154.9221006814879,229978.80715136026,693924,601.1395064049866,0.0,0
448,448,0,8,40.0,1074.4050013656208,2796,0.08928571428571429,3.8600817159749568,128.1891891891892,10994.378378378378,448.0,448.0,0.0,0.0,148.51039745685765,235611.51945808035,645876,601.1476111699594,0.0,0
448,512,64,8,40.0,1049.4498995064346,2731,0.078125,7.202323357341811,126.80078125,11151.8125,881.0,512.0,369.0,0.0,150.30553513374377,238565.70797777272,630861,601.1349377389997,0.0,0
8,8,0,8,50.0,6810.078024531282,17709,6.25,0.0632553668692708,1025.3285198555957,5336.624548736462,8.0,8.0,0.0,23.621359439799562,246.9405037737479,75361.19829071242,4090779,600.6948797450168,6.786636466535547,5020
8,16,8,8,50.0,5567.571985910466,14483,3.125,0.21420933271292597,353.4568345323741,7525.63309352518,27.0,16.0,11.0,33.247404137975536,62.04151210670613,143.48283519243742,3345573,600.9034114810638,7.373303720978346,10141
8,32,24,8,50.0,2833.6693688327327,7376,1.5625,0.4358984238933772,95.06137184115524,11393.375451263539,51.0,32.0,19.0,49.377225172007456,33.87405276806454,82.97602679891564,1703856,601.2896277669352,7.6593719107108145,18381
8,48,40,8,50.0,2254.678651706757,5869,1.0416666666666667,0.6616762084886432,75.18250950570342,11715.783269961978,77.0,48.0,29.0,0.0,41.215679973601894,46094.4267971756,1355739,601.3003223203123,0.0,0
8,64,56,8,50.0,2553.136175887975,6660,0.78125,0.992173203965649,114.68613138686132,12341.138686131388,117.0,64.0,53.0,50.00784980156459,45.003048933838045,92293.63050037566,1538460,602.576554485946,7.650097093266116,17990
8,128,120,8,50.0,3740.5327637773526,9735,0.390625,2.6918784944573417,165.11439114391143,10918.929889298894,345.0,128.0,217.0,46.27125119313132,43.806854030392714,136746.44996152355,2248785,601.1937715869863,7.627479261115318,16827
8,192,184,8,50.0,4124.467668737946,10734,0.2604166666666667,4.06956106366124,184.85393258426967,10757.082397003745,526.0,192.0,334.0,46.35309724067338,44.68962498660385,157443.8959230112,2479554,601.1815824849764,7.619696030952176,16279
8,256,248,8,50.0,4170.679455839284,10854,0.1953125,5.405479644192383,187.26136363636363,10681.651515151516,706.0,256.0,450.0,46.158845941885374,42.65641317757915,158001.54239124272,2507274,601.1667946549132,7.60701939344553,15909
8,320,312,8,50.0,4298.524738995735,11186,0.15625,6.7062949819955975,191.76335877862596,10864.30534351145,868.0,320.0,548.0,48.52895761386026,44.364175260711754,167745.7252717826,2583966,601.1285631459905,7.61201255715439,16174
8,384,376,8,50.0,4307.41018623446,11209,0.13020833333333334,7.930494381347671,190.81782945736435,10935.182170542636,1031.0,384.0,647.0,49.935677305446006,42.750563675495975,169724.2524649741,2589279,601.1219939709408,7.614928598998369,16270
8,448,440,8,50.0,3737.122626765495,9726,0.11160714285714286,9.004356117220595,164.98431372549018,11607.650980392156,1157.0,448.0,709.0,55.00599220034201,41.809502220629795,168252.79503372128,2246706,601.1860525819939,7.614691909198534,16284
8,512,504,8,50.0,3758.097559115065,9780,0.09765625,9.617061314638704,160.984126984127,11835.95634920635,1237.0,512.0,725.0,53.52401659893803,41.259594204840816,174785.08201768517,2259180,601.1499074898893,7.623542003433651,16496
16,16,0,8,50.0,5789.367164820997,15059,3.125,0.1331044618273154,972.1454545454545,6756.5709090909095,16.0,16.0,0.0,20.432980998186395,280.7953702231502,95679.73361339801,3478629,600.8651552000083,13.131487253591882,4522
16,32,16,8,50.0,5467.544005195833,14223,1.5625,0.49576475808862597,574.437037037037,7512.992592592593,64.0,32.0,32.0,23.900846689008176,111.9969452878829,2273.4536687075797,3285513,600.9120359850349,14.003323003645987,6525
16,48,32,8,50.0,3771.3547126025737,9814,1.0416666666666667,0.6348727885633707,175.6153846153846,10079.534798534798,81.0,48.0,33.0,0.0,46.208812715501836,397.75921150729584,2267034,601.1192721873522,0.0,0
16,64,48,8,50.0,3279.4068843723026,8536,0.78125,0.9597629952477291,141.97426470588235,10942.41911764706,116.0,64.0,52.0,45.08783972857054,44.089919043536504,26710.27155999875,1971816,601.2721414340194,15.186130949337999,15677
16,128,112,8,50.0,4594.15239068729,11954,0.390625,3.8238595738075674,243.8,9709.12962962963,494.0,128.0,366.0,41.37359393155202,54.25160363882048,117872.83463384253,2761374,601.0627783261007,15.0587602834024,13873
16,192,176,8,50.0,4903.466321042549,12758,0.2604166666666667,6.271909009083174,276.9847908745247,9303.513307984791,832.0,192.0,640.0,39.84676144993864,55.25199207374532,129407.05139961062,2947098,601.0233999880729,15.022029096592002,13293
16,256,240,8,50.0,4983.612041278072,12967,0.1953125,8.994778672000393,271.7164750957854,9383.724137931034,1220.0,256.0,964.0,39.88205099245533,54.03930273366449,140546.24739610477,2995377,601.0453813800123,15.010759600952507,13124
16,320,304,8,50.0,4798.335055112994,12492,0.15625,10.84312006586697,280.828125,9686.89453125,1419.0,320.0,1099.0,43.023305722977966,55.592483068615444,143897.19722098345,2885652,601.3860988980159,14.988005371603387,12921
16,384,368,8,50.0,4907.5285730876785,12794,0.13020833333333334,12.439651578082703,287.43529411764706,9893.607843137255,1651.0,384.0,1267.0,43.05709271656815,57.24535371856582,152659.59610886563,2955414,602.2204366179649,14.987934649878888,12723
16,448,432,8,50.0,4762.548159785473,12393,0.11160714285714286,13.463877333095297,282.4246031746032,10231.785714285714,1831.0,448.0,1383.0,44.172172896331176,56.30615623161556,157401.33033014482,2862783,601.103212808026,14.974356281604043,12764
16,512,496,8,50.0,4517.823516153739,11756,0.09765625,15.756382057094015,257.17004048583,10453.275303643724,2113.0,512.0,1601.0,45.69294662773609,54.27010094200337,157486.31162867678,2715636,601.093865284929,15.00094611014297,12944
32,32,0,8,50.0,5098.391639882772,13264,1.5625,0.25441987928934395,881.0872727272728,7778.898181818182,32.0,32.0,0.0,18.6536670421483,284.5369702257968,112444.4169956044,3063984,600.9707014329033,25.750675420563958,4398
32,48,16,8,50.0,5113.274138999706,13327,1.0416666666666667,0.7580825896002352,871.9671532846716,7859.251824817518,93.0,48.0,45.0,0.0,280.2570150810416,49813.84418787274,3078537,602.0676608202048,0.0,0
32,64,32,8,50.0,4971.346215498348,12958,0.78125,0.8280397409107536,788.5298507462686,7991.507462686567,104.0,64.0,40.0,19.051587235415354,198.26727737305433,7832.382066607726,2993298,602.1101468789857,26.394029440771615,4922
32,128,96,8,50.0,4072.107966141987,10597,0.390625,3.458261133520864,272.6127819548872,9860.109022556391,450.0,128.0,322.0,32.565849756705575,66.77144761215635,48707.158798592056,2447907,601.1400042320602,29.303528288734398,10407
32,192,160,8,50.0,4663.350526478883,12134,0.2604166666666667,8.182272160658613,333.19305019305017,9372.057915057914,1111.0,192.0,919.0,32.67063710629009,71.7792905020227,99370.07521627887,2802954,601.0601141999941,29.103887811040142,9858
32,256,224,8,50.0,4697.00295684929,12222,0.1953125,13.389297723886557,358.3424124513619,9316.315175097276,1806.0,256.0,1550.0,33.115921756252646,75.49865642835859,109257.73575698861,2823282,601.08158882102,29.08788299211653,9463
32,320,288,8,50.0,4851.831044367106,12648,0.15625,17.180278597632423,380.27667984189725,9404.501976284584,2322.0,320.0,2002.0,34.850385274156,77.95982115683857,125791.42600138874,2921688,602.182551965001,28.932793052767607,9207
32,384,352,8,50.0,4805.430011870713,12528,0.13020833333333334,19.009790883748792,390.42063492063494,9609.900793650793,2636.0,384.0,2252.0,33.626465006615035,80.72538364642341,132194.9512178715,2893968,602.2287272629328,28.889728207165245,9107
32,448,416,8,50.0,4566.397921154648,11883,0.11160714285714286,22.196760239894502,372.3694779116466,9942.518072289156,3058.0,448.0,2610.0,36.06774873356335,78.88531618747238,134713.1229142865,2744973,601.1243538990384,28.890916091939385,9033
32,512,480,8,50.0,4576.822485798008,11909,0.09765625,25.531397813232616,387.9467213114754,10209.758196721312,3451.0,512.0,2939.0,36.64745550183579,82.82976624358766,142289.91497086422,2750979,601.0674454900436,28.794401226105045,8812
48,48,0,8,50.0,4712.909433286102,12262,1.0416666666666667,0.4091265248134732,809.3040293040293,8390.992673992674,48.0,48.0,0.0,0.0,290.99007947296514,122132.0253931767,2832522,601.0134589038789,0.0,0
48,64,16,8,50.0,4731.209520096721,12310,0.78125,0.7721458836458623,815.1875,8422.088235294117,95.0,64.0,31.0,0.0,287.09017078709,85205.17350048119,2843610,601.0323550291359,0.0,0
48,128,80,8,50.0,4308.526726561069,11211,0.390625,1.9786874786950648,446.20454545454544,9227.257575757576,248.0,128.0,120.0,0.0,101.92421136520126,2808.28902830164,2589741,601.0734444409609,0.0,0
48,192,144,8,50.0,4250.870430598127,11061,0.2604166666666667,7.9195011323317885,379.8416988416988,9588.640926640926,1069.0,192.0,877.0,0.0,91.41489477436915,62413.69585317642,2555091,601.0747779109515,0.0,0
48,256,208,8,50.0,4438.307283388559,11549,0.1953125,12.76002361276187,426.94071146245057,9591.355731225296,1700.0,256.0,1444.0,0.0,98.68815221993833,96039.92123403447,2667819,601.0892959090415,0.0,0
48,320,272,8,50.0,4336.399347832552,11284,0.15625,17.01878312113695,426.32936507936506,9864.769841269841,2309.0,320.0,1989.0,0.0,96.96308757515577,106100.43429681809,2606604,601.0986975410488,0.0,0
48,384,336,8,50.0,4256.5436105072795,11076,0.13020833333333334,21.420148372650146,454.73015873015873,10006.222222222223,2894.0,384.0,2510.0,0.0,103.78694028182414,121489.10765627727,2558556,601.0876979350578,0.0,0
48,448,400,8,50.0,4184.826264946594,10890,0.11160714285714286,24.986746957991272,447.51612903225805,10203.209677419354,3372.0,448.0,2924.0,0.0,106.07031635673461,117913.82178463267,2515590,601.1217290121131,0.0,0
48,512,464,8,50.0,4209.988458329786,10955,0.09765625,25.910778187215328,444.2336065573771,10256.622950819672,3570.0,512.0,3058.0,0.0,103.75526271446255,122606.50772759129,2530605,601.0954721248709,0.0,0
64,64,0,8,50.0,4357.221194332406,11338,0.78125,0.5232685522641987,748.5992647058823,8901.496323529413,64.0,64.0,0.0,14.143000054871663,289.28642427504326,131598.0944401287,2619078,601.0890618559206,50.40054404537105,4468
64,128,64,8,50.0,4297.784134997477,11184,0.390625,1.8738790196366608,709.4185185185186,9124.377777777778,238.0,128.0,110.0,15.881623176275752,265.44762125540643,32586.234594349982,2583504,601.1246537400875,50.76678350428178,4617
64,192,128,8,50.0,4087.0491153857306,10636,0.2604166666666667,4.4343033926561475,480.74708171206225,9650.891050583657,588.0,192.0,396.0,21.042979968478903,130.36594623011914,27687.191680169457,2456916,601.1466783579672,53.33510828871439,5880
64,256,192,8,50.0,3953.7609710238485,10290,0.1953125,9.691598823061213,426.84189723320156,10069.90513833992,1292.0,256.0,1036.0,24.407659758697264,110.57523826393593,63187.15310572729,2376990,601.1971936139744,54.07937440976602,6338
64,320,256,8,50.0,3944.6184278143087,10266,0.15625,16.18771988514345,466.572,10110.76,2189.0,320.0,1869.0,23.283330584177747,119.44269704023323,84298.11249680113,2371446,601.1851446209475,53.68950303580806,6242
64,384,320,8,50.0,4070.4018195533326,10593,0.13020833333333334,17.064634339301847,479.7469879518072,10105.29718875502,2326.0,384.0,1942.0,23.555047765839845,129.32472593072237,95369.52534867292,2446983,601.1649730120553,52.635136646980726,6063
64,448,384,8,50.0,3968.0101452098093,10327,0.11160714285714286,20.00404501729645,488.1516393442623,10357.848360655738,2747.0,448.0,2299.0,23.735427720472217,134.9961106115771,101683.76666768102,2385537,601.1922633009963,52.60196092051883,6071
64,512,448,8,50.0,3843.290164821005,10002,0.09765625,26.725974260130897,498.8388429752066,10608.49173553719,3679.0,512.0,3167.0,23.47330043115653,140.53629409467965,104513.36133124579,2310462,601.1677237249678,52.53108572035382,5849
128,128,0,8,50.0,3027.7726672385174,7881,0.390625,1.0851242266362533,426.4037037037037,10991.407407407407,128.0,128.0,0.0,10.506599493906833,273.1923542796843,171254.84022677457,1820511,601.2707029489102,93.33068580244019,5008
128,192,64,8,50.0,3008.6055165884204,7832,0.2604166666666667,3.872144582448527,440.3037037037037,11096.0,493.0,192.0,301.0,10.179106443654746,280.4966193130425,145832.70653402523,1809192,601.3390555939404,93.3694953440739,4968
128,256,128,8,50.0,3025.979296909126,7876,0.1953125,5.318015393684618,446.6691729323308,11282.699248120301,679.0,256.0,423.0,10.85320352204144,283.5598969284247,136604.75364424477,1819356,601.2453561259899,92.23364212196904,4928
128,320,192,8,50.0,2907.6866035029057,7569,0.15625,8.697353884461336,441.2699619771863,11475.209125475285,1106.0,320.0,786.0,11.23505554557778,277.43684269332624,103331.89364045938,1748439,601.3161796369823,92.45543803970017,4860
128,384,256,8,50.0,2880.1070759040094,7497,0.13020833333333334,10.047525299247354,444.8269230769231,11631.253846153846,1308.0,384.0,924.0,11.23070340079721,287.36930931992686,82254.58973128985,1731807,601.2995192050003,91.81821103188739,4772
128,448,320,8,50.0,2827.036505686144,7359,0.11160714285714286,14.072493738494813,430.55859375,11771.16796875,1860.0,448.0,1412.0,10.630346254794858,254.15975889869807,98541.40921679081,1699929,601.3113012799295,92.45798378328682,4757
128,512,384,8,50.0,2760.5231951146916,7186,0.09765625,13.536552501493134,427.83730158730157,11903.297619047618,1760.0,512.0,1248.0,11.086645484436303,257.6896798967961,33729.80744513859,1659966,601.3229676670162,92.43463596049577,4722
192,192,0,8,50.0,2123.7386251597877,5529,0.2604166666666667,1.6646798402071,280.69029850746267,12313.712686567163,192.0,192.0,0.0,7.171452524722554,195.54555125142744,206170.93401600714,1277199,601.3918025830062,111.47215917913766,5183
192,256,64,8,50.0,1975.776869099324,5144,0.1953125,11.742326343315654,269.5265151515151,12697.132575757576,1524.0,256.0,1268.0,6.299079022486694,218.53512731623698,212668.19762029388,1188264,601.416090341052,116.92308088091036,5007
192,320,128,8,50.0,1903.2289355298008,4955,0.15625,14.78629878826905,271.28076923076924,12885.615384615385,1957.0,320.0,1637.0,6.75503411248792,224.2058365893783,214177.27951518045,1144605,601.4016383590642,117.17657147417493,4901
192,384,192,8,50.0,1850.909565537986,4819,0.13020833333333334,24.838037377223372,273.3035019455253,12951.474708171207,3323.0,384.0,2939.0,6.684235091903247,236.30479126108855,212305.63775805727,1113189,601.4280874260003,116.72430862422877,4715
192,448,256,8,50.0,1846.6278055673265,4808,0.11160714285714286,21.37266627617646,279.6941176470588,13155.133333333333,2799.0,448.0,2351.0,6.29072801140137,239.00116094911778,217071.7491445848,1110648,601.446591809974,116.67203806512481,4683
192,512,320,8,50.0,1782.532715402855,4641,0.09765625,20.84605813829694,273.7826086956522,13268.584980237154,2700.0,512.0,2188.0,5.087117158458568,231.85017935957075,216293.3394031032,1072071,601.4313177739969,116.28668042319893,4597
256,256,0,8,50.0,1744.507266378866,4542,0.1953125,2.1534534983802587,222.4679245283019,12931.656603773585,256.0,256.0,0.0,5.9873712859116495,170.6529797870803,223240.01148237393,1049202,601.4317166920519,113.24644831898607,5256
256,320,64,8,50.0,1581.652520377003,4118,0.15625,9.456568135763519,206.11787072243345,13254.946768060836,1183.0,320.0,863.0,5.232486883644015,164.72258873768357,226201.0388416487,951258,601.4329871729715,117.95156373528349,5116
256,384,128,8,50.0,1471.6593186901614,3832,0.13020833333333334,14.314626339240931,198.33463035019454,13564.428015564203,1789.0,384.0,1405.0,4.782332097413018,169.1544092531077,229974.15065262793,885192,601.4924709530314,118.91873906298473,4967
256,448,192,8,50.0,1404.4793058608223,3657,0.11160714285714286,16.298536645947024,192.50196078431372,13752.788235294118,2092.0,448.0,1644.0,4.090284228906967,171.9714718085197,233531.45964878902,844767,601.4805604289286,120.4612926530541,4846
256,512,256,8,50.0,1374.1148866336137,3578,0.09765625,18.93582957261242,188.07142857142858,13872.734126984127,2495.0,512.0,1983.0,4.4243926929775625,169.80416672330952,238260.68207496707,826518,601.4911911949748,121.28090604230272,4743
320,320,0,8,50.0,1493.2055972406977,3888,0.15625,2.8281296534696594,184.1647509578544,13366.76245210728,320.0,320.0,0.0,5.1553184207296,157.13994177982264,229370.97627641572,898128,601.476448829053,110.66231770297578,5394
320,384,64,8,50.0,1397.9077700720889,3640,0.13020833333333334,8.956423659692518,177.03501945525292,13598.439688715953,1067.0,384.0,683.0,4.8560840538702905,158.44829430279663,234098.85240235826,840840,601.4989100150997,111.92114472139951,5192
320,448,128,8,50.0,1332.6908436002127,3470,0.11160714285714286,12.170749839046039,170.98828125,13831.64453125,1508.0,448.0,1060.0,4.255783328553662,157.29602970797865,235372.6226121761,801570,601.4673274370143,112.16658016050961,5086
320,512,192,8,50.0,1301.9236368502268,3390,0.09765625,14.976533012348227,167.54365079365078,13998.36507936508,1897.0,512.0,1385.0,4.125461723189801,159.81309889973167,240786.794125315,783090,601.4868905019248,113.11438650170065,4979
384,384,0,8,50.0,1292.3572585874936,3372,0.13020833333333334,3.3721040381351486,153.5653846153846,13785.096153846154,384.0,384.0,0.0,4.023845833260566,149.3610022633864,240543.24005492218,778932,602.7218826869503,102.6019100464626,5407
384,448,64,8,50.0,1217.814013474645,3178,0.11160714285714286,7.90540734375827,149.48627450980393,13928.70588235294,952.0,448.0,504.0,4.459777538664639,153.18499033951275,241220.68289741778,734118,602.8161869359901,103.27972684094962,5219
384,512,128,8,50.0,1148.5741658645554,2991,0.09765625,10.62473426759243,147.22222222222223,14075.04365079365,1295.0,512.0,783.0,4.044731708592735,156.47329654722128,239325.66558943913,690921,601.5467007129919,103.16541414963315,5082
448,448,0,8,50.0,1072.2303012807738,2792,0.11160714285714286,3.90534563572146,128.36363636363637,13950.05138339921,448.0,448.0,0.0,3.7173264449229464,148.9908432197607,243602.76164720574,644952,601.5051050409675,92.68388489460375,5343
448,512,64,8,50.0,1047.6395677324826,2728,0.09765625,7.564062183722854,125.676,14154.596,886.0,512.0,374.0,3.6504082018509507,151.20729820069576,247177.94692614325,630168,601.5122179510072,92.17665438083455,5195
