arrival_time,input_tokens,output_tokens,adapter
816574.827266026,250,230,dummy-772
816639.637704754,250,230,dummy-772
816768.81792773,250,230,dummy-772
816654.118684202,250,230,dummy-283
816761.452986472,250,230,dummy-283
816519.188492158,250,230,dummy-448
816519.61495556,250,230,dummy-448
816519.668653202,250,230,dummy-448
816545.763973027,250,230,dummy-448
816776.403267949,250,230,dummy-448
816592.920408936,250,230,dummy-683
816741.720880885,250,230,dummy-683
816652.731115827,250,230,dummy-323
816772.847990127,250,230,dummy-323
816795.01932807,250,230,dummy-323
816588.30968757,250,230,dummy-228
816600.771387643,250,230,dummy-228
816697.425233985,250,230,dummy-228
816718.792180588,250,230,dummy-228
816760.413496018,250,230,dummy-228
816764.200691815,250,230,dummy-228
816729.539666522,250,230,dummy-414
816542.23422723,250,230,dummy-796
816583.217898374,250,230,dummy-796
816583.946871962,250,230,dummy-796
816618.789648766,250,230,dummy-796
816681.897487195,250,230,dummy-796
816749.424887811,250,230,dummy-796
816556.089589774,250,230,dummy-325
816573.587447225,250,230,dummy-325
816595.120521808,250,230,dummy-325
816671.605991701,250,230,dummy-325
816794.144743315,250,230,dummy-325
816539.908657588,250,230,dummy-749
816548.359273979,250,230,dummy-749
816757.778668144,250,230,dummy-321
816712.791839728,250,230,dummy-350
816545.848944876,250,230,dummy-662
816552.850521456,250,230,dummy-662
816564.147518231,250,230,dummy-662
816593.942730777,250,230,dummy-662
816603.452984066,250,230,dummy-662
816679.76541195,250,230,dummy-662
816736.552439487,250,230,dummy-662
816750.09297309,250,230,dummy-662
816758.194194631,250,230,dummy-662
816782.148622363,250,230,dummy-662
816506.917714926,250,230,dummy-603
816520.007918122,250,230,dummy-603
816578.840207529,250,230,dummy-603
816683.137779962,250,230,dummy-603
816758.297117973,250,230,dummy-603
816780.648730678,250,230,dummy-603
816716.768734456,250,230,dummy-365
816785.763159859,250,230,dummy-365
816501.894497931,250,230,dummy-653
816605.918461711,250,230,dummy-653
816670.278517362,250,230,dummy-653
816706.722630219,250,230,dummy-653
816761.393939757,250,230,dummy-653
816568.831275299,250,230,dummy-618
816679.290097605,250,230,dummy-618
816755.480265974,250,230,dummy-618
816772.053037028,250,230,dummy-618
816549.021396962,250,230,dummy-243
816566.8923161,250,230,dummy-243
816602.344544523,250,230,dummy-243
816605.818505802,250,230,dummy-243
816620.373245006,250,230,dummy-243
816757.763602319,250,230,dummy-243
816511.060928814,250,230,dummy-212
816641.950142322,250,230,dummy-212
816779.882827605,250,230,dummy-212
816541.202520463,250,230,dummy-106
816505.519847312,250,230,dummy-226
816558.602479176,250,230,dummy-226
816568.12966207,250,230,dummy-226
816670.05889961,250,230,dummy-226
816521.012301405,250,230,dummy-604
816555.997168866,250,230,dummy-604
816586.83178387,250,230,dummy-604
816632.061105674,250,230,dummy-604
816675.765424448,250,230,dummy-604
816680.561361289,250,230,dummy-604
816770.0976275,250,230,dummy-604
816519.540296811,250,230,dummy-587
816676.262085692,250,230,dummy-587
816762.75523857,250,230,dummy-587
816525.782090561,250,230,dummy-142
816566.252859691,250,230,dummy-142
816648.111126736,250,230,dummy-142
816671.28898687,250,230,dummy-142
816676.397610555,250,230,dummy-142
816792.128624306,250,230,dummy-142
816647.858459294,250,230,dummy-477
816647.931611401,250,230,dummy-477
816653.721893888,250,230,dummy-477
816680.877697103,250,230,dummy-477
816708.091931225,250,230,dummy-477
816521.091611105,250,230,dummy-510
816531.344052033,250,230,dummy-510
816568.2473621,250,230,dummy-510
816638.937438123,250,230,dummy-510
816708.659232797,250,230,dummy-510
816761.771546931,250,230,dummy-510
816499.756609017,250,230,dummy-384
816526.35300094,250,230,dummy-384
816528.344158018,250,230,dummy-384
816656.577349141,250,230,dummy-384
816657.020279623,250,230,dummy-384
816775.946766162,250,230,dummy-384
816563.735403218,250,230,dummy-4
816664.879582533,250,230,dummy-4
816720.443346942,250,230,dummy-4
816743.766209177,250,230,dummy-4
816604.797941506,250,230,dummy-98
816674.558901152,250,230,dummy-98
816723.103920589,250,230,dummy-98
816742.404976641,250,230,dummy-98
816756.913446045,250,230,dummy-98
816781.28569308,250,230,dummy-98
816648.273073844,250,230,dummy-136
816506.177579858,250,230,dummy-738
816525.735368878,250,230,dummy-738
816617.828256785,250,230,dummy-738
816658.086354217,250,230,dummy-738
816711.159514784,250,230,dummy-738
816497.284624399,250,230,dummy-439
816630.964682255,250,230,dummy-439
816664.163818284,250,230,dummy-439
816752.780883872,250,230,dummy-439
816791.624200993,250,230,dummy-439
816572.987405996,250,230,dummy-568
816701.675530251,250,230,dummy-568
816718.933823399,250,230,dummy-568
816754.668280124,250,230,dummy-568
816530.883103425,250,230,dummy-656
816692.192721381,250,230,dummy-656
816729.049507571,250,230,dummy-656
816746.023896944,250,230,dummy-656
816754.539874539,250,230,dummy-656
816770.708158211,250,230,dummy-656
816589.044871652,250,230,dummy-251
816654.929268371,250,230,dummy-251
816673.261221746,250,230,dummy-251
816722.719379607,250,230,dummy-251
816519.716773387,250,230,dummy-229
816536.171012303,250,230,dummy-229
816609.138985877,250,230,dummy-229
816638.006767266,250,230,dummy-229
816696.153175039,250,230,dummy-229
816732.826891879,250,230,dummy-229
816551.560081606,250,230,dummy-28
816560.585377982,250,230,dummy-28
816564.312596927,250,230,dummy-28
816581.565553013,250,230,dummy-28
816590.8615274,250,230,dummy-28
816756.759874348,250,230,dummy-28
816757.142635337,250,230,dummy-28
816510.915800463,250,230,dummy-367
816572.157919485,250,230,dummy-367
816653.527627971,250,230,dummy-367
816786.969344042,250,230,dummy-367
816667.142826442,250,230,dummy-262
816546.143307291,250,230,dummy-421
816548.597848397,250,230,dummy-421
816558.676229584,250,230,dummy-421
816579.35185031,250,230,dummy-421
816609.060195792,250,230,dummy-421
816632.131282686,250,230,dummy-421
816655.894001315,250,230,dummy-421
816690.653728214,250,230,dummy-421
816747.788084522,250,230,dummy-421
816754.095321775,250,230,dummy-421
816520.127074504,250,230,dummy-682
816639.283558589,250,230,dummy-682
816776.795154813,250,230,dummy-682
816789.302676755,250,230,dummy-682
816574.94568167,250,230,dummy-222
816618.102947588,250,230,dummy-222
816536.961033176,250,230,dummy-614
816605.154324792,250,230,dummy-614
816633.429098813,250,230,dummy-614
816526.382246092,250,230,dummy-706
816606.789754903,250,230,dummy-706
816671.343530856,250,230,dummy-706
816719.12701144,250,230,dummy-706
816730.751733863,250,230,dummy-706
816752.765017889,250,230,dummy-706
816687.836868108,250,230,dummy-518
816671.006141144,250,230,dummy-553
816711.940449535,250,230,dummy-553
816733.298111684,250,230,dummy-553
816576.702684658,250,230,dummy-263
816666.035609805,250,230,dummy-263
816670.519376048,250,230,dummy-263
816608.299586335,250,230,dummy-187
816610.543560602,250,230,dummy-187
816660.113914229,250,230,dummy-187
816591.41467116,250,230,dummy-680
816730.518491484,250,230,dummy-680
816558.432021932,250,230,dummy-437
816644.236025551,250,230,dummy-437
816666.809725263,250,230,dummy-437
816758.787172591,250,230,dummy-437
816499.037238809,250,230,dummy-161
816593.81438012,250,230,dummy-161
816612.94467908,250,230,dummy-161
816653.30439052,250,230,dummy-161
816498.39065667,250,230,dummy-538
816549.657825798,250,230,dummy-538
816573.70415179,250,230,dummy-538
816586.998518148,250,230,dummy-538
816593.161163725,250,230,dummy-538
816638.1565578,250,230,dummy-538
816649.581391141,250,230,dummy-538
816677.169295953,250,230,dummy-538
816706.185826351,250,230,dummy-538
816653.41448052,250,230,dummy-640
816704.573307324,250,230,dummy-640
816788.21086883,250,230,dummy-640
816510.959019459,250,230,dummy-466
816539.972233731,250,230,dummy-466
816567.854154452,250,230,dummy-466
816685.355308529,250,230,dummy-466
816739.101924306,250,230,dummy-466
816561.319240785,250,230,dummy-825
816591.851524472,250,230,dummy-825
816666.417873723,250,230,dummy-825
816716.471774738,250,230,dummy-825
816721.409749751,250,230,dummy-825
816754.887091167,250,230,dummy-825
816787.60629753,250,230,dummy-825
816502.707013633,250,230,dummy-118
816580.362077956,250,230,dummy-118
816598.862443238,250,230,dummy-118
816686.580124484,250,230,dummy-118
816761.720496507,250,230,dummy-118
816497.17974132,250,230,dummy-74
816578.350642386,250,230,dummy-74
816762.280115883,250,230,dummy-74
816541.861350564,250,230,dummy-601
816737.470494815,250,230,dummy-601
816765.230050889,250,230,dummy-601
816618.386514958,250,230,dummy-605
816669.689979478,250,230,dummy-605
816711.365740063,250,230,dummy-605
816773.773156341,250,230,dummy-605
816791.415827005,250,230,dummy-605
816538.441567963,250,230,dummy-635
816547.077372181,250,230,dummy-635
816561.805974164,250,230,dummy-635
816670.06759242,250,230,dummy-635
816682.108658445,250,230,dummy-635
816716.946314106,250,230,dummy-635
816604.692383759,250,230,dummy-363
816659.169453255,250,230,dummy-363
816567.76819258,250,230,dummy-764
816646.944991535,250,230,dummy-764
816725.501418946,250,230,dummy-764
816743.590660019,250,230,dummy-764
816598.010329675,250,230,dummy-467
816743.291529217,250,230,dummy-467
816631.222849796,250,230,dummy-774
816670.221652792,250,230,dummy-774
816676.910516214,250,230,dummy-774
816612.773122257,250,230,dummy-227
816743.606320448,250,230,dummy-227
816520.545564306,250,230,dummy-534
816716.155420217,250,230,dummy-534
816729.098527892,250,230,dummy-534
816577.476045973,250,230,dummy-210
816580.142590369,250,230,dummy-210
816593.601122761,250,230,dummy-210
816668.866300032,250,230,dummy-210
816691.611132871,250,230,dummy-210
816710.54154593,250,230,dummy-210
816518.785292808,250,230,dummy-408
816657.639294735,250,230,dummy-408
816699.755017333,250,230,dummy-408
816796.476025018,250,230,dummy-408
816508.327177402,250,230,dummy-445
816498.689036317,250,230,dummy-559
816674.591181568,250,230,dummy-559
816722.169870929,250,230,dummy-559
816522.552370636,250,230,dummy-810
816581.102664987,250,230,dummy-810
816598.555645311,250,230,dummy-810
816610.70666588,250,230,dummy-810
816610.999133623,250,230,dummy-449
816644.060958528,250,230,dummy-449
816710.580397565,250,230,dummy-449
816735.504893107,250,230,dummy-449
816738.049961399,250,230,dummy-449
816754.433339253,250,230,dummy-449
816523.244708703,250,230,dummy-646
816547.637389151,250,230,dummy-646
816624.519222831,250,230,dummy-646
816669.236646522,250,230,dummy-646
816675.222180778,250,230,dummy-646
816550.98203574,250,230,dummy-665
816612.064860466,250,230,dummy-665
816637.02212533,250,230,dummy-665
816643.525638922,250,230,dummy-665
816786.701330918,250,230,dummy-665
816624.391953311,250,230,dummy-581
816724.322536522,250,230,dummy-581
816740.281416985,250,230,dummy-581
816740.439100607,250,230,dummy-581
816775.08812087,250,230,dummy-581
816578.680650307,250,230,dummy-14
816673.99707744,250,230,dummy-14
816739.445918164,250,230,dummy-14
816739.585607343,250,230,dummy-14
816778.215626231,250,230,dummy-14
816785.331711154,250,230,dummy-14
816741.319375075,250,230,dummy-423
816714.772230504,250,230,dummy-832
816743.310459684,250,230,dummy-832
816578.524075759,250,230,dummy-660
816588.430520845,250,230,dummy-660
816593.298272546,250,230,dummy-660
816608.716578464,250,230,dummy-660
816664.453421604,250,230,dummy-660
816505.498858412,250,230,dummy-143
816591.177375224,250,230,dummy-143
816669.212168872,250,230,dummy-143
816724.774486755,250,230,dummy-143
816502.352814132,250,230,dummy-736
816514.560067661,250,230,dummy-736
816556.990951064,250,230,dummy-736
816569.09836167,250,230,dummy-736
816581.779370032,250,230,dummy-736
816583.76829972,250,230,dummy-736
816681.000142233,250,230,dummy-736
816708.55473051,250,230,dummy-736
816720.248895653,250,230,dummy-736
816768.708599849,250,230,dummy-736
816781.242580252,250,230,dummy-736
816518.790925137,250,230,dummy-594
816539.989037194,250,230,dummy-594
816585.714787307,250,230,dummy-594
816592.752794952,250,230,dummy-594
816622.867759404,250,230,dummy-594
816638.364917253,250,230,dummy-594
816665.037381896,250,230,dummy-594
816532.192793404,250,230,dummy-380
816572.957270968,250,230,dummy-380
816631.672514889,250,230,dummy-380
816637.294713813,250,230,dummy-380
816668.527540407,250,230,dummy-380
816719.429487307,250,230,dummy-380
816794.802104638,250,230,dummy-380
816613.029923309,250,230,dummy-699
816618.268327606,250,230,dummy-699
816640.858690688,250,230,dummy-699
816759.075595048,250,230,dummy-606
816533.864509857,250,230,dummy-225
816543.966155716,250,230,dummy-225
816676.952697266,250,230,dummy-225
816614.841619372,250,230,dummy-347
816614.848138714,250,230,dummy-347
816638.316933537,250,230,dummy-347
816680.02477679,250,230,dummy-347
816545.833136711,250,230,dummy-745
816658.776058419,250,230,dummy-745
816732.174187041,250,230,dummy-745
816542.358140706,250,230,dummy-99
816564.053006152,250,230,dummy-99
816692.755120987,250,230,dummy-99
816704.610188869,250,230,dummy-99
816684.304374534,250,230,dummy-121
816739.670862069,250,230,dummy-121
816779.158626509,250,230,dummy-121
816758.545084013,250,230,dummy-180
816759.656141993,250,230,dummy-180
816762.704560556,250,230,dummy-180
816795.420780135,250,230,dummy-180
816684.575592543,250,230,dummy-327
816758.297092893,250,230,dummy-327
816775.966346173,250,230,dummy-327
816534.514485782,250,230,dummy-526
816543.36665886,250,230,dummy-526
816571.433421952,250,230,dummy-526
816748.096888285,250,230,dummy-526
816756.194151559,250,230,dummy-526
816756.417299904,250,230,dummy-526
816758.452459096,250,230,dummy-526
816502.468710944,250,230,dummy-823
816549.044381068,250,230,dummy-823
816638.628368858,250,230,dummy-823
816671.087137663,250,230,dummy-823
816713.422671346,250,230,dummy-823
816500.004074422,250,230,dummy-169
816764.179411326,250,230,dummy-169
816652.257754449,250,230,dummy-817
816689.466874545,250,230,dummy-817
816737.203230583,250,230,dummy-817
816773.881160778,250,230,dummy-817
816782.734432453,250,230,dummy-817
816787.519779447,250,230,dummy-817
816725.661198305,250,230,dummy-370
816774.702461419,250,230,dummy-370
816793.880910649,250,230,dummy-370
816528.832831816,250,230,dummy-504
816568.167895712,250,230,dummy-504
816751.441293034,250,230,dummy-504
816777.587557566,250,230,dummy-504
816505.792309805,250,230,dummy-165
816646.086180007,250,230,dummy-165
816713.884229062,250,230,dummy-165
816791.910256238,250,230,dummy-165
816498.006844497,250,230,dummy-156
816598.44375125,250,230,dummy-156
816508.527937554,250,230,dummy-333
816567.60926415,250,230,dummy-333
816569.201369649,250,230,dummy-333
816770.435910847,250,230,dummy-333
816784.700051039,250,230,dummy-333
816796.335200246,250,230,dummy-333
816542.092218411,250,230,dummy-506
816538.502740958,250,230,dummy-244
816566.149842398,250,230,dummy-244
816520.019097863,250,230,dummy-319
816560.608497797,250,230,dummy-319
816578.259422603,250,230,dummy-319
816592.453121769,250,230,dummy-116
816556.324451352,250,230,dummy-457
816704.432718086,250,230,dummy-457
816745.411651732,250,230,dummy-457
816560.733789286,250,230,dummy-573
816602.239809965,250,230,dummy-573
816649.864438225,250,230,dummy-573
816769.673219552,250,230,dummy-573
816614.633128032,250,230,dummy-10
816637.953099115,250,230,dummy-10
816738.110050514,250,230,dummy-10
816741.924203522,250,230,dummy-10
816539.051044569,250,230,dummy-532
816577.651924114,250,230,dummy-532
816594.38519159,250,230,dummy-532
816641.435028141,250,230,dummy-532
816695.05816095,250,230,dummy-532
816721.170101419,250,230,dummy-532
816511.5949152,250,230,dummy-547
816629.597299892,250,230,dummy-547
816523.079151281,250,230,dummy-490
816558.502635977,250,230,dummy-490
816594.137711281,250,230,dummy-490
816625.158971489,250,230,dummy-490
816655.824467402,250,230,dummy-490
816538.339771955,250,230,dummy-657
816628.285986504,250,230,dummy-657
816695.780333261,250,230,dummy-657
816505.909204205,250,230,dummy-405
816609.35548705,250,230,dummy-405
816623.255371971,250,230,dummy-405
816627.010526716,250,230,dummy-405
816702.788127704,250,230,dummy-405
816686.696376029,250,230,dummy-766
816527.71399816,250,230,dummy-717
816638.94911906,250,230,dummy-717
816687.409234882,250,230,dummy-717
816732.74498814,250,230,dummy-717
816559.853293243,250,230,dummy-144
816772.160596494,250,230,dummy-144
816519.837125543,250,230,dummy-137
816544.430905726,250,230,dummy-137
816637.787350018,250,230,dummy-137
816698.050456352,250,230,dummy-137
816729.806523896,250,230,dummy-137
816770.25039999,250,230,dummy-137
816782.519595498,250,230,dummy-137
816795.040963655,250,230,dummy-137
816506.884164925,250,230,dummy-349
816558.522974666,250,230,dummy-349
816743.026094427,250,230,dummy-349
816663.041321216,250,230,dummy-373
816766.126062354,250,230,dummy-373
816792.259886606,250,230,dummy-373
816703.396587747,250,230,dummy-392
816560.860561472,250,230,dummy-795
816603.49119918,250,230,dummy-795
816500.834953313,250,230,dummy-159
816684.215917226,250,230,dummy-159
816580.116580933,250,230,dummy-216
816729.303510951,250,230,dummy-216
816599.490982456,250,230,dummy-744
816609.061719402,250,230,dummy-744
816683.380755516,250,230,dummy-744
816770.890425288,250,230,dummy-744
816772.290748052,250,230,dummy-744
816701.932234104,250,230,dummy-454
816735.546574226,250,230,dummy-454
816749.983378512,250,230,dummy-454
816622.639730457,250,230,dummy-293
816632.407750739,250,230,dummy-293
816757.815501113,250,230,dummy-293
816587.153182936,250,230,dummy-284
816705.286850981,250,230,dummy-284
816716.787511327,250,230,dummy-284
816748.913345693,250,230,dummy-284
816502.496812935,250,230,dummy-636
816555.804305209,250,230,dummy-636
816691.865640682,250,230,dummy-636
816701.416259557,250,230,dummy-636
816737.806672429,250,230,dummy-636
816588.570021081,250,230,dummy-470
816721.844149081,250,230,dummy-470
816726.400728215,250,230,dummy-470
816764.545361614,250,230,dummy-470
816772.997881519,250,230,dummy-470
816790.932624219,250,230,dummy-470
816544.371957153,250,230,dummy-192
816660.770105201,250,230,dummy-192
816674.813111218,250,230,dummy-192
816675.969971915,250,230,dummy-192
816723.43567412,250,230,dummy-192
816552.165046772,250,230,dummy-336
816601.616079838,250,230,dummy-336
816626.656754149,250,230,dummy-336
816633.369452211,250,230,dummy-336
816679.719374425,250,230,dummy-336
816516.174257583,250,230,dummy-826
816746.553961911,250,230,dummy-826
816775.716667349,250,230,dummy-826
816550.573288104,250,230,dummy-486
816559.167608728,250,230,dummy-486
816704.283766976,250,230,dummy-486
816736.552804809,250,230,dummy-486
816788.346531795,250,230,dummy-486
816556.946980762,250,230,dummy-496
816608.372382269,250,230,dummy-496
816651.187781416,250,230,dummy-496
816687.031195961,250,230,dummy-496
816737.554098818,250,230,dummy-496
816755.374290854,250,230,dummy-496
816782.526594205,250,230,dummy-496
816592.448506574,250,230,dummy-458
816701.436335051,250,230,dummy-458
816534.275337313,250,230,dummy-668
816583.306841462,250,230,dummy-668
816600.336810863,250,230,dummy-668
816710.234039018,250,230,dummy-668
816714.827028542,250,230,dummy-668
816516.476313927,250,230,dummy-443
816618.139783581,250,230,dummy-443
816645.829920652,250,230,dummy-443
816662.71454812,250,230,dummy-443
816791.774947472,250,230,dummy-443
816536.848510452,250,230,dummy-619
816650.419171167,250,230,dummy-619
816702.514661212,250,230,dummy-619
816782.682832594,250,230,dummy-619
816533.767657257,250,230,dummy-765
816524.286660588,250,230,dummy-287
816667.964832291,250,230,dummy-790
816781.183693279,250,230,dummy-790
816779.567975445,250,230,dummy-800
816570.450445189,250,230,dummy-213
816613.663585176,250,230,dummy-213
816635.486810521,250,230,dummy-213
816658.334894929,250,230,dummy-213
816770.559047965,250,230,dummy-213
816793.593284957,250,230,dummy-213
816563.95221264,250,230,dummy-374
816753.531124719,250,230,dummy-374
816538.608792883,250,230,dummy-286
816631.537791207,250,230,dummy-275
816504.5756625,250,230,dummy-498
816688.677342219,250,230,dummy-498
816718.269378436,250,230,dummy-498
816758.100193435,250,230,dummy-498
816779.731495803,250,230,dummy-498
816792.295840706,250,230,dummy-498
816522.511044657,250,230,dummy-624
816511.065768931,250,230,dummy-451
816614.037364533,250,230,dummy-451
816706.907226529,250,230,dummy-451
816596.242851241,250,230,dummy-7
816630.394109147,250,230,dummy-7
816632.688642256,250,230,dummy-7
816710.914074301,250,230,dummy-7
816679.3335404,250,230,dummy-372
816722.857751762,250,230,dummy-372
816729.251331073,250,230,dummy-372
816770.124633061,250,230,dummy-372
816557.171279947,250,230,dummy-400
816699.153639016,250,230,dummy-400
816724.318885885,250,230,dummy-400
816758.357383293,250,230,dummy-400
816513.454760091,250,230,dummy-831
816572.186102902,250,230,dummy-831
816661.613344378,250,230,dummy-831
816662.988981225,250,230,dummy-831
816759.934171989,250,230,dummy-831
816752.881352829,250,230,dummy-776
816780.116355875,250,230,dummy-776
816511.002034937,250,230,dummy-487
816582.538228595,250,230,dummy-487
816656.088677891,250,230,dummy-487
816672.067248733,250,230,dummy-487
816752.208597047,250,230,dummy-487
816754.081685079,250,230,dummy-487
816788.121845775,250,230,dummy-487
816524.706793364,250,230,dummy-446
816524.873194383,250,230,dummy-446
816556.964821293,250,230,dummy-446
816614.815827473,250,230,dummy-446
816728.264156264,250,230,dummy-446
816558.526335323,250,230,dummy-378
816507.05713711,250,230,dummy-37
816519.159002291,250,230,dummy-37
816616.807464148,250,230,dummy-37
816631.215794018,250,230,dummy-37
816705.279710888,250,230,dummy-37
816707.142747768,250,230,dummy-37
816735.811001396,250,230,dummy-37
816534.13747049,250,230,dummy-355
816556.575901181,250,230,dummy-355
816603.373963868,250,230,dummy-355
816608.357551654,250,230,dummy-355
816694.742452319,250,230,dummy-355
816743.051837416,250,230,dummy-355
816569.662048456,250,230,dummy-303
816598.801136638,250,230,dummy-303
816622.27514647,250,230,dummy-303
816746.312392537,250,230,dummy-303
816775.531258047,250,230,dummy-303
816513.242557441,250,230,dummy-664
816514.052346029,250,230,dummy-664
816541.176352004,250,230,dummy-664
816712.876437044,250,230,dummy-664
816744.156449561,250,230,dummy-664
816752.176736569,250,230,dummy-664
816534.977668266,250,230,dummy-808
816576.071187868,250,230,dummy-808
816602.513503539,250,230,dummy-808
816640.970711573,250,230,dummy-808
816642.235144754,250,230,dummy-808
816686.146517489,250,230,dummy-808
816665.611642249,250,230,dummy-3
816530.514732592,250,230,dummy-358
816567.157820372,250,230,dummy-358
816669.68309235,250,230,dummy-358
816693.904495229,250,230,dummy-358
816702.699500784,250,230,dummy-358
816555.590453033,250,230,dummy-397
816528.866451564,250,230,dummy-679
816582.152071129,250,230,dummy-679
816721.927998643,250,230,dummy-679
816776.27128087,250,230,dummy-679
816599.307780408,250,230,dummy-360
816674.060905146,250,230,dummy-360
816706.17381497,250,230,dummy-360
816509.852013049,250,230,dummy-476
816515.588550691,250,230,dummy-476
816752.945299883,250,230,dummy-476
816523.648696558,250,230,dummy-329
816713.003584321,250,230,dummy-329
816755.753977724,250,230,dummy-329
816541.159293096,250,230,dummy-578
816637.618742815,250,230,dummy-578
816786.041727689,250,230,dummy-578
816541.210719162,250,230,dummy-387
816617.524196825,250,230,dummy-387
816715.096369764,250,230,dummy-387
816509.780494962,250,230,dummy-340
816614.477078526,250,230,dummy-340
816573.315687891,250,230,dummy-65
816579.812637195,250,230,dummy-65
816609.252559722,250,230,dummy-65
816678.138193141,250,230,dummy-65
816764.903656513,250,230,dummy-65
816541.176373267,250,230,dummy-655
816658.086394378,250,230,dummy-751
816750.043394722,250,230,dummy-751
816774.368705196,250,230,dummy-751
816524.472193939,250,230,dummy-381
816594.483249811,250,230,dummy-381
816610.48321173,250,230,dummy-381
816635.831256937,250,230,dummy-381
816724.230679916,250,230,dummy-381
816746.172608278,250,230,dummy-381
816789.840983439,250,230,dummy-381
816583.179041656,250,230,dummy-607
816592.260581563,250,230,dummy-607
816605.455960821,250,230,dummy-607
816785.780955685,250,230,dummy-456
816547.95246237,250,230,dummy-388
816578.055529445,250,230,dummy-388
816636.247256793,250,230,dummy-388
816756.204865648,250,230,dummy-388
816546.086195791,250,230,dummy-330
816642.89720315,250,230,dummy-330
816556.118669188,250,230,dummy-562
816645.183979099,250,230,dummy-562
816706.357382436,250,230,dummy-562
816706.986482917,250,230,dummy-562
816710.452621646,250,230,dummy-562
816564.415183597,250,230,dummy-667
816616.890162168,250,230,dummy-667
816619.09672093,250,230,dummy-667
816710.344418685,250,230,dummy-667
816721.927936032,250,230,dummy-667
816645.116006272,250,230,dummy-620
816794.456395276,250,230,dummy-620
816554.104405272,250,230,dummy-440
816630.523229878,250,230,dummy-440
816640.189330241,250,230,dummy-440
816710.569262231,250,230,dummy-440
816746.906492087,250,230,dummy-440
816743.980935153,250,230,dummy-631
816545.950575231,250,230,dummy-511
816571.60059976,250,230,dummy-511
816720.936233065,250,230,dummy-511
816539.938795306,250,230,dummy-432
816701.400842406,250,230,dummy-432
816707.171448567,250,230,dummy-432
816524.307969228,250,230,dummy-493
816598.279643998,250,230,dummy-493
816607.140138988,250,230,dummy-493
816622.661092157,250,230,dummy-493
816725.671447375,250,230,dummy-493
816729.613503994,250,230,dummy-493
816744.915409448,250,230,dummy-493
816779.559540148,250,230,dummy-493
816506.122038106,250,230,dummy-338
816624.786242159,250,230,dummy-338
816795.122534163,250,230,dummy-338
816518.261430995,250,230,dummy-540
816519.350430468,250,230,dummy-540
816523.545579744,250,230,dummy-540
816526.409266112,250,230,dummy-540
816547.379834492,250,230,dummy-540
816502.246886996,250,230,dummy-572
816536.040209822,250,230,dummy-572
816784.961218085,250,230,dummy-572
816508.710126814,250,230,dummy-38
816684.892190287,250,230,dummy-38
816695.957763674,250,230,dummy-38
816720.754505116,250,230,dummy-38
816759.367410177,250,230,dummy-38
816777.52837522,250,230,dummy-38
816537.568677691,250,230,dummy-591
816540.480992496,250,230,dummy-591
816713.063575706,250,230,dummy-591
816792.522630516,250,230,dummy-591
816594.568190085,250,230,dummy-317
816635.620607485,250,230,dummy-317
816503.472162963,250,230,dummy-789
816537.71313685,250,230,dummy-789
816593.503080641,250,230,dummy-789
816714.326971084,250,230,dummy-789
816759.223528228,250,230,dummy-789
816531.770867835,250,230,dummy-610
816558.801997426,250,230,dummy-610
816606.165011926,250,230,dummy-610
816620.312020162,250,230,dummy-610
816681.722396565,250,230,dummy-610
816547.956321065,250,230,dummy-291
816584.355635104,250,230,dummy-291
816756.913472926,250,230,dummy-291
816561.337956996,250,230,dummy-58
816653.064609088,250,230,dummy-200
816691.519776087,250,230,dummy-200
816730.559504906,250,230,dummy-200
816737.165383127,250,230,dummy-200
816574.227688906,250,230,dummy-514
816640.283276192,250,230,dummy-514
816644.591798933,250,230,dummy-514
816696.718009098,250,230,dummy-514
816728.448549352,250,230,dummy-514
816507.175309509,250,230,dummy-541
816547.409461309,250,230,dummy-541
816624.843638655,250,230,dummy-541
816696.22652977,250,230,dummy-541
816709.493698305,250,230,dummy-541
816784.452987501,250,230,dummy-541
816499.524777866,250,230,dummy-24
816720.843813957,250,230,dummy-24
816724.037501337,250,230,dummy-24
816749.478036164,250,230,dummy-24
816615.853658678,250,230,dummy-420
816655.663232976,250,230,dummy-420
816672.806325601,250,230,dummy-420
816765.352716208,250,230,dummy-420
816525.158435072,250,230,dummy-56
816551.53571468,250,230,dummy-56
816591.952040122,250,230,dummy-56
816679.739089123,250,230,dummy-146
816722.685736032,250,230,dummy-146
816748.395589637,250,230,dummy-146
816514.879487004,250,230,dummy-419
816626.826978131,250,230,dummy-419
816544.334495893,250,230,dummy-555
816581.462599456,250,230,dummy-555
816596.05656149,250,230,dummy-555
816648.485094934,250,230,dummy-555
816740.230503432,250,230,dummy-435
816786.921118324,250,230,dummy-435
816520.472770917,250,230,dummy-290
816523.982216005,250,230,dummy-290
816786.432368244,250,230,dummy-290
816498.734075613,250,230,dummy-551
816499.147570972,250,230,dummy-551
816514.733085548,250,230,dummy-551
816585.79624154,250,230,dummy-551
816682.28419057,250,230,dummy-551
816750.813211826,250,230,dummy-551
816528.044358332,250,230,dummy-268
816529.505979088,250,230,dummy-268
816554.003762898,250,230,dummy-268
816652.772855981,250,230,dummy-268
816663.290130662,250,230,dummy-268
816776.857021309,250,230,dummy-268
816504.689995169,250,230,dummy-124
816509.375408824,250,230,dummy-124
816540.503642041,250,230,dummy-124
816657.785467456,250,230,dummy-124
816743.373640758,250,230,dummy-124
816774.541188173,250,230,dummy-124
816794.571129718,250,230,dummy-124
816551.005060486,250,230,dummy-827
816781.888104949,250,230,dummy-827
816506.433611481,250,230,dummy-162
816538.840192367,250,230,dummy-162
816569.732749369,250,230,dummy-162
816499.946230985,250,230,dummy-203
816573.292430187,250,230,dummy-203
816701.629945288,250,230,dummy-203
816513.054811614,250,230,dummy-725
816603.498904923,250,230,dummy-725
816617.472927253,250,230,dummy-725
816725.220057686,250,230,dummy-725
816576.38555565,250,230,dummy-501
816652.611544694,250,230,dummy-501
816756.880443972,250,230,dummy-501
816678.723915111,250,230,dummy-232
816697.422815341,250,230,dummy-232
816752.454307041,250,230,dummy-232
816754.644210412,250,230,dummy-232
816785.017793091,250,230,dummy-232
816529.765196132,250,230,dummy-382
816631.679328133,250,230,dummy-382
816590.96584406,250,230,dummy-96
816688.556831292,250,230,dummy-96
816704.384441848,250,230,dummy-96
816707.770807984,250,230,dummy-96
816774.884227941,250,230,dummy-96
816506.902667081,250,230,dummy-762
816644.097439651,250,230,dummy-762
816651.728080203,250,230,dummy-762
816687.407833579,250,230,dummy-762
816697.345372634,250,230,dummy-762
816505.253859133,250,230,dummy-101
816538.780389234,250,230,dummy-101
816542.972940193,250,230,dummy-101
816664.538473278,250,230,dummy-101
816748.381998308,250,230,dummy-101
816586.236499407,250,230,dummy-108
816646.425360937,250,230,dummy-108
816752.011026998,250,230,dummy-108
816795.423262461,250,230,dummy-108
816557.289179547,250,230,dummy-684
816560.392686646,250,230,dummy-684
816624.450522367,250,230,dummy-684
816519.170569394,250,230,dummy-508
816562.563244864,250,230,dummy-508
816729.208313311,250,230,dummy-508
816592.13552483,250,230,dummy-248
816728.480379339,250,230,dummy-248
816519.023029581,250,230,dummy-407
816619.485298057,250,230,dummy-407
816623.073851229,250,230,dummy-407
816758.859902529,250,230,dummy-407
816544.112465127,250,230,dummy-649
816550.375159447,250,230,dummy-649
816554.437029373,250,230,dummy-649
816607.285929098,250,230,dummy-649
816635.588699574,250,230,dummy-649
816685.336338639,250,230,dummy-649
816706.516867733,250,230,dummy-649
816773.045169878,250,230,dummy-649
816617.537232577,250,230,dummy-566
816645.537101459,250,230,dummy-566
816666.18041581,250,230,dummy-208
816683.157993809,250,230,dummy-208
816501.847139618,250,230,dummy-260
816699.028347474,250,230,dummy-260
816507.05167692,250,230,dummy-224
816641.561263532,250,230,dummy-224
816597.273138811,250,230,dummy-759
816614.546903879,250,230,dummy-759
816618.590868296,250,230,dummy-759
816639.542638158,250,230,dummy-759
816732.557652685,250,230,dummy-759
816761.616654161,250,230,dummy-759
816762.600019343,250,230,dummy-759
816520.501083808,250,230,dummy-383
816617.048401759,250,230,dummy-383
816647.608564241,250,230,dummy-383
816537.724004099,250,230,dummy-298
816661.13847067,250,230,dummy-298
816663.132836798,250,230,dummy-298
816684.623927264,250,230,dummy-298
816747.771906752,250,230,dummy-298
816500.334540887,250,230,dummy-205
816665.772504604,250,230,dummy-205
816685.893665571,250,230,dummy-205
816561.784592842,250,230,dummy-100
816626.7281965,250,230,dummy-100
816689.234061302,250,230,dummy-100
816700.765137786,250,230,dummy-100
816748.255177666,250,230,dummy-100
816772.731841974,250,230,dummy-100
816545.501153389,250,230,dummy-536
816631.799346133,250,230,dummy-536
816691.875834311,250,230,dummy-536
816754.154779443,250,230,dummy-536
816752.098931429,250,230,dummy-577
816781.238944044,250,230,dummy-577
816522.383124134,250,230,dummy-474
816547.113506086,250,230,dummy-474
816612.092407232,250,230,dummy-474
816617.203909005,250,230,dummy-474
816670.828342803,250,230,dummy-474
816504.202753585,250,230,dummy-670
816536.777649033,250,230,dummy-670
816560.799919627,250,230,dummy-670
816634.360058492,250,230,dummy-670
816567.695281166,250,230,dummy-351
816571.034630144,250,230,dummy-351
816580.557918417,250,230,dummy-351
816590.382689422,250,230,dummy-351
816621.928744701,250,230,dummy-351
816704.648887841,250,230,dummy-351
816713.632004636,250,230,dummy-351
816521.737679158,250,230,dummy-53
816794.77290932,250,230,dummy-53
816502.368209703,250,230,dummy-183
816663.129502962,250,230,dummy-183
816503.3372608,250,230,dummy-356
816546.461054538,250,230,dummy-356
816608.591991971,250,230,dummy-356
816660.92321229,250,230,dummy-356
816710.307667485,250,230,dummy-356
816524.134129517,250,230,dummy-249
816603.8545204,250,230,dummy-249
816679.000049228,250,230,dummy-249
816763.447748795,250,230,dummy-249
816772.30239674,250,230,dummy-249
816553.46379636,250,230,dummy-292
816562.249924458,250,230,dummy-292
816606.993247889,250,230,dummy-292
816709.41142571,250,230,dummy-292
816607.583209971,250,230,dummy-674
816712.904940017,250,230,dummy-674
816735.641406417,250,230,dummy-757
816534.577065192,250,230,dummy-438
816569.986250045,250,230,dummy-438
816710.48932591,250,230,dummy-438
816745.080213296,250,230,dummy-438
816745.738429682,250,230,dummy-438
816748.129516369,250,230,dummy-438
816785.465139792,250,230,dummy-438
816604.603581416,250,230,dummy-9
816704.829416434,250,230,dummy-9
816741.647400334,250,230,dummy-9
816503.785188301,250,230,dummy-644
816508.683737547,250,230,dummy-644
816662.400412165,250,230,dummy-644
816757.296126202,250,230,dummy-644
816550.628773264,250,230,dummy-281
816562.154686054,250,230,dummy-281
816627.52367076,250,230,dummy-281
816730.403336519,250,230,dummy-281
816519.255172327,250,230,dummy-322
816576.523874748,250,230,dummy-322
816596.554545033,250,230,dummy-322
816796.199695845,250,230,dummy-182
816544.791657215,250,230,dummy-769
816571.871595728,250,230,dummy-769
816575.368984648,250,230,dummy-769
816589.943469395,250,230,dummy-769
816610.460231097,250,230,dummy-769
816612.505568607,250,230,dummy-769
816612.6333931,250,230,dummy-769
816625.20871775,250,230,dummy-769
816729.64756823,250,230,dummy-769
816781.431685504,250,230,dummy-769
816785.959096111,250,230,dummy-769
816617.258922415,250,230,dummy-385
816628.794215589,250,230,dummy-385
816708.95369199,250,230,dummy-385
816711.730879781,250,230,dummy-385
816620.092605307,250,230,dummy-609
816636.312252537,250,230,dummy-609
816710.75072952,250,230,dummy-792
816737.110213525,250,230,dummy-792
816588.068035898,250,230,dummy-17
816607.87158576,250,230,dummy-17
816645.54791248,250,230,dummy-17
816671.276266378,250,230,dummy-17
816519.946878235,250,230,dummy-642
816601.56086282,250,230,dummy-642
816693.621756063,250,230,dummy-642
816502.543982226,250,230,dummy-379
816550.13457502,250,230,dummy-379
816561.488078011,250,230,dummy-379
816645.395799672,250,230,dummy-379
816689.605476018,250,230,dummy-379
816707.29805179,250,230,dummy-379
816793.532140247,250,230,dummy-379
816510.013970966,250,230,dummy-242
816733.976233563,250,230,dummy-242
816558.594382778,250,230,dummy-52
816575.811047891,250,230,dummy-52
816693.761043048,250,230,dummy-52
816529.525243922,250,230,dummy-25
816761.017008458,250,230,dummy-25
816517.062212169,250,230,dummy-235
816576.754287488,250,230,dummy-235
816717.799753974,250,230,dummy-235
816731.349078758,250,230,dummy-235
816687.713071234,250,230,dummy-575
816695.65359784,250,230,dummy-575
816712.147760978,250,230,dummy-575
816768.193626304,250,230,dummy-575
816531.342466691,250,230,dummy-819
816557.217778101,250,230,dummy-819
816561.990372862,250,230,dummy-819
816753.084919632,250,230,dummy-819
816501.748067994,250,230,dummy-703
816547.151180543,250,230,dummy-703
816577.773770946,250,230,dummy-703
816707.728351609,250,230,dummy-703
816726.070174724,250,230,dummy-703
816740.401247955,250,230,dummy-703
816581.840407574,250,230,dummy-740
816589.749880895,250,230,dummy-740
816526.975782598,250,230,dummy-686
816776.080879431,250,230,dummy-686
816519.107486611,250,230,dummy-704
816584.433673337,250,230,dummy-704
816632.285225367,250,230,dummy-829
816657.131655464,250,230,dummy-829
816789.831092614,250,230,dummy-528
816629.66075097,250,230,dummy-220
816519.587654372,250,230,dummy-214
816532.780920439,250,230,dummy-214
816667.871306597,250,230,dummy-214
816555.913022229,250,230,dummy-311
816673.157378164,250,230,dummy-311
816550.250146911,250,230,dummy-595
816567.428425272,250,230,dummy-595
816599.342805519,250,230,dummy-595
816558.311488191,250,230,dummy-813
816596.331789458,250,230,dummy-813
816644.767924143,250,230,dummy-813
816667.139008794,250,230,dummy-813
816743.588293771,250,230,dummy-813
816576.368860673,250,230,dummy-641
816712.704762274,250,230,dummy-641
816572.823639111,250,230,dummy-337
816615.732909244,250,230,dummy-337
816670.743432211,250,230,dummy-337
816731.8568565,250,230,dummy-337
816512.15166667,250,230,dummy-637
816533.017448518,250,230,dummy-637
816536.381775843,250,230,dummy-637
816546.510505554,250,230,dummy-637
816629.484974514,250,230,dummy-637
816709.438169461,250,230,dummy-637
816766.263920068,250,230,dummy-637
816545.689744929,250,230,dummy-66
816615.13631624,250,230,dummy-66
816624.90586261,250,230,dummy-66
816654.759939495,250,230,dummy-66
816505.460655057,250,230,dummy-491
816535.679823476,250,230,dummy-491
816519.806181983,250,230,dummy-430
816529.033398458,250,230,dummy-430
816600.001680234,250,230,dummy-430
816602.135879224,250,230,dummy-430
816609.897128321,250,230,dummy-430
816654.421986456,250,230,dummy-430
816796.607853829,250,230,dummy-430
816537.802573645,250,230,dummy-294
816648.076504567,250,230,dummy-294
816700.561190094,250,230,dummy-294
816709.691219076,250,230,dummy-294
816712.792252933,250,230,dummy-294
816775.989905743,250,230,dummy-294
816722.421512927,250,230,dummy-197
816767.928501289,250,230,dummy-626
816688.680730574,250,230,dummy-95
816699.340187613,250,230,dummy-95
816546.577562807,250,230,dummy-732
816580.410130166,250,230,dummy-732
816708.182144085,250,230,dummy-732
816504.569353346,250,230,dummy-691
816514.424732321,250,230,dummy-691
816516.119233327,250,230,dummy-691
816521.76143357,250,230,dummy-691
816598.135374935,250,230,dummy-691
816629.809584419,250,230,dummy-691
816713.8420752,250,230,dummy-691
816731.71166153,250,230,dummy-691
816793.861128242,250,230,dummy-339
816519.661866648,250,230,dummy-171
816746.991399595,250,230,dummy-171
816517.25845223,250,230,dummy-261
816596.090482445,250,230,dummy-261
816644.588759898,250,230,dummy-261
816700.863059559,250,230,dummy-261
816538.65418198,250,230,dummy-708
816550.697469531,250,230,dummy-708
816579.089813744,250,230,dummy-708
816730.695171768,250,230,dummy-708
816732.163020987,250,230,dummy-708
816515.750609125,250,230,dummy-485
816666.64356621,250,230,dummy-485
816676.906210961,250,230,dummy-485
816683.306035144,250,230,dummy-485
816697.070722726,250,230,dummy-485
816729.746157029,250,230,dummy-485
816744.950749406,250,230,dummy-485
816511.296293577,250,230,dummy-471
816676.908646283,250,230,dummy-471
816770.423966691,250,230,dummy-471
816503.858542065,250,230,dummy-741
816704.476595524,250,230,dummy-741
816537.907684824,250,230,dummy-565
816566.517086353,250,230,dummy-565
816629.843396078,250,230,dummy-565
816686.246265601,250,230,dummy-565
816701.900707721,250,230,dummy-565
816734.130633683,250,230,dummy-565
816749.260697113,250,230,dummy-565
816580.414721619,250,230,dummy-442
816712.456765297,250,230,dummy-442
816719.345499348,250,230,dummy-442
816749.798040889,250,230,dummy-442
816757.070195859,250,230,dummy-442
816784.950262522,250,230,dummy-442
816502.634611569,250,230,dummy-120
816569.752611004,250,230,dummy-120
816578.761519725,250,230,dummy-120
816645.51041327,250,230,dummy-120
816701.218168888,250,230,dummy-120
816752.776439315,250,230,dummy-120
816509.583707271,250,230,dummy-301
816562.296570877,250,230,dummy-301
816571.180472162,250,230,dummy-301
816605.227917768,250,230,dummy-301
816625.829949493,250,230,dummy-301
816537.909745239,250,230,dummy-79
816666.986016779,250,230,dummy-79
816725.427757404,250,230,dummy-79
816793.437892961,250,230,dummy-79
816551.878642832,250,230,dummy-462
816579.972038316,250,230,dummy-462
816614.917446916,250,230,dummy-462
816725.534281942,250,230,dummy-462
816758.117371788,250,230,dummy-462
816566.675961533,250,230,dummy-411
816599.929877791,250,230,dummy-411
816701.25090191,250,230,dummy-411
816509.864150986,250,230,dummy-11
816678.937636941,250,230,dummy-11
816586.389375935,250,230,dummy-239
816601.409629439,250,230,dummy-239
816670.546140378,250,230,dummy-239
816772.046595154,250,230,dummy-239
816512.424754376,250,230,dummy-537
816568.983747413,250,230,dummy-537
816766.57773492,250,230,dummy-537
816752.567671455,250,230,dummy-775
816782.424690232,250,230,dummy-775
816508.344093104,250,230,dummy-549
816522.517467127,250,230,dummy-549
816644.893692106,250,230,dummy-549
816747.348209683,250,230,dummy-549
816547.650839995,250,230,dummy-770
816508.106174502,250,230,dummy-688
816643.185059577,250,230,dummy-688
816537.822698399,250,230,dummy-520
816664.046417459,250,230,dummy-520
816777.167762395,250,230,dummy-520
816634.591493087,250,230,dummy-678
816704.886001298,250,230,dummy-678
816756.283458439,250,230,dummy-678
816567.92651755,250,230,dummy-585
816685.126585691,250,230,dummy-585
816707.609422462,250,230,dummy-585
816793.983378589,250,230,dummy-585
816512.128555672,250,230,dummy-461
816543.315413407,250,230,dummy-461
816636.082188864,250,230,dummy-461
816636.523299935,250,230,dummy-461
816503.695368619,250,230,dummy-31
816522.701834487,250,230,dummy-31
816573.858011694,250,230,dummy-31
816633.974387631,250,230,dummy-31
816653.601025063,250,230,dummy-31
816788.860792435,250,230,dummy-31
816522.774099069,250,230,dummy-478
816568.911723285,250,230,dummy-478
816617.126456536,250,230,dummy-478
816711.483286344,250,230,dummy-478
816754.426309773,250,230,dummy-478
816792.710474963,250,230,dummy-478
816702.501890758,250,230,dummy-768
816742.984913032,250,230,dummy-768
816788.113959989,250,230,dummy-768
816667.424634761,250,230,dummy-57
816677.21071694,250,230,dummy-57
816739.515489498,250,230,dummy-57
816775.678687965,250,230,dummy-57
816513.982838343,250,230,dummy-391
816523.078863114,250,230,dummy-391
816567.154101578,250,230,dummy-391
816638.663739617,250,230,dummy-391
816706.614199988,250,230,dummy-391
816719.9626459,250,230,dummy-391
816727.398964834,250,230,dummy-391
816744.710719402,250,230,dummy-391
816772.804399845,250,230,dummy-391
816787.431670575,250,230,dummy-391
816664.974385148,250,230,dummy-791
816695.058131595,250,230,dummy-791
816740.638261536,250,230,dummy-791
816768.490549651,250,230,dummy-791
816583.410256568,250,230,dummy-77
816608.639748621,250,230,dummy-77
816691.235739879,250,230,dummy-77
816704.782295751,250,230,dummy-77
816583.635749772,250,230,dummy-720
816660.243479167,250,230,dummy-720
816738.468814069,250,230,dummy-720
816785.200790823,250,230,dummy-720
816503.832443449,250,230,dummy-170
816670.84926001,250,230,dummy-170
816702.045387252,250,230,dummy-170
816574.154164953,250,230,dummy-230
816737.484232074,250,230,dummy-230
816767.902785823,250,230,dummy-230
816545.905829454,250,230,dummy-722
816603.980767539,250,230,dummy-722
816620.358446944,250,230,dummy-722
816708.480087306,250,230,dummy-722
816795.848791646,250,230,dummy-722
816528.711124136,250,230,dummy-21
816734.30448128,250,230,dummy-21
816749.040599221,250,230,dummy-21
816784.015288272,250,230,dummy-21
816497.379202848,250,230,dummy-484
816549.600182233,250,230,dummy-484
816560.017384765,250,230,dummy-484
816648.040006024,250,230,dummy-484
816668.586335585,250,230,dummy-484
816764.959918742,250,230,dummy-484
816565.735895819,250,230,dummy-702
816576.6478646,250,230,dummy-702
816580.269480214,250,230,dummy-702
816603.848567002,250,230,dummy-702
816708.480389504,250,230,dummy-702
816514.57481638,250,230,dummy-730
816568.35771889,250,230,dummy-730
816571.149028403,250,230,dummy-730
816588.337286137,250,230,dummy-730
816734.952703455,250,230,dummy-730
816755.846526624,250,230,dummy-730
816566.707503603,250,230,dummy-687
816572.393635675,250,230,dummy-687
816701.879276324,250,230,dummy-687
816724.25041293,250,230,dummy-687
816543.106045631,250,230,dummy-418
816580.586710041,250,230,dummy-418
816600.186089995,250,230,dummy-418
816739.936042535,250,230,dummy-418
816526.958970393,250,230,dummy-818
816655.818080146,250,230,dummy-818
816681.812847021,250,230,dummy-818
816700.001586464,250,230,dummy-818
816517.744818491,250,230,dummy-650
816671.265380385,250,230,dummy-650
816679.412708779,250,230,dummy-650
816697.187344531,250,230,dummy-650
816737.085458974,250,230,dummy-650
816737.586863421,250,230,dummy-650
816600.517767739,250,230,dummy-273
816664.296059089,250,230,dummy-273
816683.803222051,250,230,dummy-273
816791.079719826,250,230,dummy-273
816796.577414856,250,230,dummy-273
816588.659769513,250,230,dummy-483
816667.716863989,250,230,dummy-483
816702.576652879,250,230,dummy-483
816508.843781904,250,230,dummy-822
816528.732159201,250,230,dummy-822
816557.17124253,250,230,dummy-822
816657.003890395,250,230,dummy-822
816499.063692474,250,230,dummy-195
816700.631818402,250,230,dummy-195
816739.991791972,250,230,dummy-195
816559.430817762,250,230,dummy-80
816579.495781027,250,230,dummy-80
816637.456253996,250,230,dummy-80
816574.783103639,250,230,dummy-755
816647.327844806,250,230,dummy-755
816725.325700402,250,230,dummy-755
816730.386988153,250,230,dummy-755
816581.785080186,250,230,dummy-132
816621.110709137,250,230,dummy-132
816719.690732564,250,230,dummy-132
816762.084040668,250,230,dummy-132
816573.331642559,250,230,dummy-375
816704.086072553,250,230,dummy-375
816750.183687819,250,230,dummy-375
816498.428406524,250,230,dummy-279
816669.587717904,250,230,dummy-279
816713.320218339,250,230,dummy-279
816515.666840912,250,230,dummy-494
816636.173666842,250,230,dummy-494
816672.214156445,250,230,dummy-494
816790.956280185,250,230,dummy-494
816794.646223301,250,230,dummy-494
816603.993558511,250,230,dummy-238
816604.49301184,250,230,dummy-238
816687.18669589,250,230,dummy-238
816719.960068938,250,230,dummy-238
816761.969765965,250,230,dummy-238
816552.901894469,250,230,dummy-163
816593.371674072,250,230,dummy-163
816688.033865573,250,230,dummy-163
816702.069709066,250,230,dummy-163
816708.202827757,250,230,dummy-163
816742.195245185,250,230,dummy-163
816759.012246069,250,230,dummy-163
816518.332108758,250,230,dummy-685
816571.226752994,250,230,dummy-685
816650.652884385,250,230,dummy-685
816671.79317612,250,230,dummy-685
816772.196340468,250,230,dummy-685
816573.541853282,250,230,dummy-469
816579.055748246,250,230,dummy-469
816696.585485279,250,230,dummy-469
816660.28917921,250,230,dummy-576
816698.271797261,250,230,dummy-576
816571.34219369,250,230,dummy-307
816676.726678471,250,230,dummy-307
816718.873452845,250,230,dummy-307
816790.797329088,250,230,dummy-307
816565.391214297,250,230,dummy-278
816716.541189777,250,230,dummy-278
816508.39663535,250,230,dummy-693
816524.252991452,250,230,dummy-693
816539.318860132,250,230,dummy-544
816625.750129456,250,230,dummy-544
816669.504889112,250,230,dummy-544
816677.018596227,250,230,dummy-544
816716.534547244,250,230,dummy-544
816745.322015746,250,230,dummy-544
816760.6968546,250,230,dummy-544
816664.389626998,250,230,dummy-256
816517.344985674,250,230,dummy-460
816519.311328815,250,230,dummy-460
816526.268963834,250,230,dummy-460
816624.315780419,250,230,dummy-460
816690.250759093,250,230,dummy-460
816723.520451668,250,230,dummy-460
816775.409406286,250,230,dummy-460
816530.626184635,250,230,dummy-166
816628.798247228,250,230,dummy-166
816690.725908376,250,230,dummy-166
816718.312107835,250,230,dummy-166
816615.7215216,250,230,dummy-348
816762.746320574,250,230,dummy-348
816513.252060161,250,230,dummy-302
816564.927449173,250,230,dummy-302
816635.533896593,250,230,dummy-302
816646.084534083,250,230,dummy-302
816560.039266688,250,230,dummy-647
816688.030857123,250,230,dummy-647
816706.522419934,250,230,dummy-647
816737.144914495,250,230,dummy-647
816780.306264414,250,230,dummy-647
816674.946735583,250,230,dummy-415
816750.582435341,250,230,dummy-415
816628.801807641,250,230,dummy-643
816638.539221288,250,230,dummy-643
816662.962148682,250,230,dummy-643
816751.713907949,250,230,dummy-643
816521.383540461,250,230,dummy-259
816694.425041974,250,230,dummy-259
816789.235793236,250,230,dummy-259
816595.15694178,250,230,dummy-652
816525.648868487,250,230,dummy-289
816565.49789065,250,230,dummy-289
816568.595977969,250,230,dummy-673
816706.233318373,250,230,dummy-673
816739.781984459,250,230,dummy-250
816588.351107673,250,230,dummy-754
816675.028983144,250,230,dummy-754
816524.396131528,250,230,dummy-54
816535.3556545,250,230,dummy-54
816602.741870565,250,230,dummy-54
816776.132286402,250,230,dummy-54
816784.177428497,250,230,dummy-54
816525.781605075,250,230,dummy-505
816534.428661513,250,230,dummy-505
816601.264311131,250,230,dummy-505
816631.50021418,250,230,dummy-505
816714.382711686,250,230,dummy-505
816720.203990765,250,230,dummy-505
816784.188121195,250,230,dummy-505
816532.706607658,250,230,dummy-522
816566.47050808,250,230,dummy-522
816624.274481277,250,230,dummy-522
816774.847938602,250,230,dummy-522
816625.483339241,250,230,dummy-785
816749.969529706,250,230,dummy-785
816508.52637757,250,230,dummy-133
816560.850610427,250,230,dummy-133
816679.099592329,250,230,dummy-133
816735.257141653,250,230,dummy-133
816565.925021274,250,230,dummy-805
816570.854649001,250,230,dummy-805
816642.126831097,250,230,dummy-805
816733.865989865,250,230,dummy-805
816499.654790767,250,230,dummy-148
816705.089171713,250,230,dummy-148
816635.195818233,250,230,dummy-633
816588.674436893,250,230,dummy-750
816776.970868377,250,230,dummy-750
816762.256369683,250,230,dummy-332
816535.018959655,250,230,dummy-22
816542.195405474,250,230,dummy-22
816629.89399276,250,230,dummy-22
816680.086847057,250,230,dummy-22
816509.442855054,250,230,dummy-236
816539.887355487,250,230,dummy-236
816596.190065196,250,230,dummy-107
816615.009697934,250,230,dummy-107
816675.811577355,250,230,dummy-107
816795.074674689,250,230,dummy-107
816535.756114855,250,230,dummy-97
816659.819667946,250,230,dummy-97
816770.29506576,250,230,dummy-97
816577.650448504,250,230,dummy-546
816610.783892682,250,230,dummy-546
816613.652460697,250,230,dummy-546
816716.208065481,250,230,dummy-546
816789.74420905,250,230,dummy-546
816673.499725024,250,230,dummy-255
816592.586404667,250,230,dummy-797
816657.481029389,250,230,dummy-797
816685.589412551,250,230,dummy-797
816738.222283178,250,230,dummy-797
816508.30423174,250,230,dummy-634
816527.943193641,250,230,dummy-634
816536.69132365,250,230,dummy-634
816735.171521521,250,230,dummy-634
816497.113037153,250,230,dummy-692
816601.236828194,250,230,dummy-692
816628.094815271,250,230,dummy-692
816511.250278806,250,230,dummy-75
816565.489466878,250,230,dummy-75
816696.220698707,250,230,dummy-75
816724.47994401,250,230,dummy-75
816728.383495362,250,230,dummy-75
816575.171821977,250,230,dummy-49
816582.968608255,250,230,dummy-49
816760.108966485,250,230,dummy-49
816777.931681076,250,230,dummy-49
816787.731856372,250,230,dummy-49
816628.336371465,250,230,dummy-712
816656.261896596,250,230,dummy-712
816771.690471626,250,230,dummy-712
816535.752636685,250,230,dummy-548
816571.938682029,250,230,dummy-548
816571.968442397,250,230,dummy-548
816597.556444289,250,230,dummy-548
816610.167800251,250,230,dummy-548
816635.139025464,250,230,dummy-548
816667.174355133,250,230,dummy-548
816723.704588238,250,230,dummy-548
816791.304079874,250,230,dummy-548
816590.76673586,250,230,dummy-689
816656.309500314,250,230,dummy-689
816661.375083294,250,230,dummy-689
816686.685557664,250,230,dummy-689
816693.269348894,250,230,dummy-689
816701.097446638,250,230,dummy-689
816510.936156728,250,230,dummy-33
816538.363877726,250,230,dummy-33
816540.09218647,250,230,dummy-33
816630.627395546,250,230,dummy-33
816639.241149734,250,230,dummy-33
816686.679776891,250,230,dummy-33
816671.469358002,250,230,dummy-482
816698.273126654,250,230,dummy-482
816521.94072049,250,230,dummy-579
816586.257163929,250,230,dummy-579
816700.243894429,250,230,dummy-579
816741.199386328,250,230,dummy-579
816517.386862119,250,230,dummy-82
816562.374181425,250,230,dummy-82
816593.243390519,250,230,dummy-221
816785.077711612,250,230,dummy-221
816585.911340336,250,230,dummy-556
816733.431514699,250,230,dummy-556
816744.305672464,250,230,dummy-556
816783.796584023,250,230,dummy-556
816784.214838991,250,230,dummy-556
816786.87370043,250,230,dummy-556
816722.715894641,250,230,dummy-608
816534.416765901,250,230,dummy-300
816552.632747512,250,230,dummy-300
816725.496116508,250,230,dummy-300
816792.539328925,250,230,dummy-300
816796.814718842,250,230,dummy-300
816542.458380341,250,230,dummy-809
816566.3380246,250,230,dummy-809
816569.808996215,250,230,dummy-809
816654.004545786,250,230,dummy-809
816670.70540546,250,230,dummy-809
816565.998845211,250,230,dummy-427
816767.79618549,250,230,dummy-427
816776.681815244,250,230,dummy-427
816534.440543252,250,230,dummy-734
816550.886508844,250,230,dummy-734
816661.962637291,250,230,dummy-734
816706.03276977,250,230,dummy-734
816782.87942687,250,230,dummy-734
816517.706392125,250,230,dummy-125
816602.179797579,250,230,dummy-125
816659.137462099,250,230,dummy-112
816697.578117384,250,230,dummy-112
816502.032844499,250,230,dummy-444
816570.998772802,250,230,dummy-444
816575.401483815,250,230,dummy-444
816727.813046202,250,230,dummy-444
816565.001874995,250,230,dummy-802
816599.301506583,250,230,dummy-802
816735.043570314,250,230,dummy-802
816775.600010459,250,230,dummy-802
816537.465569288,250,230,dummy-503
816582.435814256,250,230,dummy-503
816718.921788736,250,230,dummy-503
816510.387853033,250,230,dummy-629
816592.413311493,250,230,dummy-512
816715.034310591,250,230,dummy-512
816795.469662987,250,230,dummy-512
816558.65723141,250,230,dummy-201
816562.121290562,250,230,dummy-201
816575.157353449,250,230,dummy-201
816670.245155257,250,230,dummy-201
816726.929183446,250,230,dummy-201
816509.891748676,250,230,dummy-727
816616.078523422,250,230,dummy-727
816658.110205303,250,230,dummy-727
816795.847377128,250,230,dummy-727
816542.65693348,250,230,dummy-570
816639.830221352,250,230,dummy-570
816698.276353029,250,230,dummy-570
816733.525463852,250,230,dummy-570
816776.639745023,250,230,dummy-570
816535.354236572,250,230,dummy-353
816605.927150785,250,230,dummy-353
816648.651312057,250,230,dummy-353
816506.904063065,250,230,dummy-297
816535.232207037,250,230,dummy-297
816548.350162467,250,230,dummy-297
816601.771907884,250,230,dummy-297
816612.892182783,250,230,dummy-297
816562.267519428,250,230,dummy-464
816767.550959708,250,230,dummy-464
816573.974285056,250,230,dummy-516
816663.07867757,250,230,dummy-516
816680.09261662,250,230,dummy-516
816500.903859058,250,230,dummy-30
816517.320577252,250,230,dummy-30
816621.343641396,250,230,dummy-30
816623.721524828,250,230,dummy-30
816691.696837845,250,230,dummy-30
816501.53491878,250,230,dummy-475
816531.983207782,250,230,dummy-475
816533.556524247,250,230,dummy-475
816652.272464284,250,230,dummy-475
816549.907274024,250,230,dummy-168
816554.865874821,250,230,dummy-168
816725.283862807,250,230,dummy-168
816502.109734338,250,230,dummy-433
816622.942491433,250,230,dummy-433
816653.773668503,250,230,dummy-433
816708.425162365,250,230,dummy-433
816715.251474587,250,230,dummy-433
816656.588359944,250,230,dummy-102
816789.569917196,250,230,dummy-102
816792.849117752,250,230,dummy-102
816510.291009109,250,230,dummy-517
816566.76023335,250,230,dummy-517
816587.556271804,250,230,dummy-517
816593.586731036,250,230,dummy-517
816647.540918496,250,230,dummy-517
816793.266571273,250,230,dummy-517
816545.928950689,250,230,dummy-43
816565.791906498,250,230,dummy-43
816712.720087185,250,230,dummy-43
816739.5506972,250,230,dummy-43
816744.603531921,250,230,dummy-43
816625.73969912,250,230,dummy-34
816668.582869928,250,230,dummy-34
816669.765903942,250,230,dummy-34
816531.188544667,250,230,dummy-88
816725.126117462,250,230,dummy-88
816512.902227161,250,230,dummy-328
816533.671962194,250,230,dummy-328
816600.762686645,250,230,dummy-328
816775.78579495,250,230,dummy-328
816781.685904743,250,230,dummy-328
816556.486873657,250,230,dummy-500
816557.798570816,250,230,dummy-500
816618.455695419,250,230,dummy-500
816762.202212064,250,230,dummy-500
816772.420541187,250,230,dummy-500
816533.23217974,250,230,dummy-763
816537.420721198,250,230,dummy-763
816618.844758536,250,230,dummy-763
816516.258673194,250,230,dummy-571
816784.281030005,250,230,dummy-571
816785.86564314,250,230,dummy-571
816539.149812437,250,230,dummy-600
816681.393462044,250,230,dummy-600
816562.688944321,250,230,dummy-86
816568.825242029,250,230,dummy-86
816577.14501956,250,230,dummy-86
816730.362312589,250,230,dummy-86
816568.336395847,250,230,dummy-739
816639.305843465,250,230,dummy-739
816518.207146907,250,230,dummy-269
816796.642053941,250,230,dummy-269
816590.114688194,250,230,dummy-306
816591.384932072,250,230,dummy-306
816606.461678094,250,230,dummy-402
816498.615035522,250,230,dummy-155
816556.60952998,250,230,dummy-155
816739.302185041,250,230,dummy-155
816625.501590749,250,230,dummy-524
816767.351775167,250,230,dummy-524
816584.977245262,250,230,dummy-219
816599.456438962,250,230,dummy-219
816698.179399021,250,230,dummy-219
816794.892652365,250,230,dummy-219
816544.475288193,250,230,dummy-167
816661.085805937,250,230,dummy-167
816722.293966269,250,230,dummy-167
816607.542519385,250,230,dummy-359
816706.365996965,250,230,dummy-359
816777.501853566,250,230,dummy-359
816507.640686235,250,230,dummy-60
816540.396827796,250,230,dummy-60
816548.631961247,250,230,dummy-60
816550.673729263,250,230,dummy-60
816581.121525908,250,230,dummy-60
816608.108947333,250,230,dummy-60
816684.807141184,250,230,dummy-60
816593.271745005,250,230,dummy-786
816688.986443746,250,230,dummy-786
816533.387930394,250,230,dummy-91
816589.233461891,250,230,dummy-91
816615.298092956,250,230,dummy-91
816652.96925229,250,230,dummy-91
816665.210135579,250,230,dummy-91
816701.825474164,250,230,dummy-91
816733.964523161,250,230,dummy-91
816777.578881607,250,230,dummy-91
816651.991081342,250,230,dummy-756
816778.920418493,250,230,dummy-409
816568.562890755,250,230,dummy-431
816579.849028237,250,230,dummy-431
816522.241551162,250,230,dummy-502
816550.314931075,250,230,dummy-502
816642.848947377,250,230,dummy-502
816712.297044327,250,230,dummy-502
816714.384080937,250,230,dummy-502
816769.958411341,250,230,dummy-502
816778.340305369,250,230,dummy-502
816785.700282359,250,230,dummy-502
816526.111557301,250,230,dummy-632
816582.585315827,250,230,dummy-632
816726.530046401,250,230,dummy-632
816684.525354501,250,230,dummy-218
816777.269483176,250,230,dummy-218
816738.263706416,250,230,dummy-598
816638.775602079,250,230,dummy-206
816677.900611192,250,230,dummy-527
816645.821273608,250,230,dummy-410
816678.718464189,250,230,dummy-410
816708.703358395,250,230,dummy-410
816716.976784818,250,230,dummy-410
816742.844451519,250,230,dummy-410
816764.577103167,250,230,dummy-410
816785.250090046,250,230,dummy-410
816537.407904564,250,230,dummy-154
816712.335721413,250,230,dummy-154
816667.850713146,250,230,dummy-46
816523.794079535,250,230,dummy-428
816676.536174944,250,230,dummy-428
816690.344140431,250,230,dummy-428
816712.128111846,250,230,dummy-428
816600.102979723,250,230,dummy-567
816701.621595052,250,230,dummy-567
816601.847846852,250,230,dummy-215
816618.325261192,250,230,dummy-215
816642.202252869,250,230,dummy-215
816731.242743613,250,230,dummy-215
816678.652005232,250,230,dummy-672
816698.581653563,250,230,dummy-672
816784.305328876,250,230,dummy-672
816516.583316321,250,230,dummy-816
816540.067939215,250,230,dummy-816
816667.026686078,250,230,dummy-816
816682.715308018,250,230,dummy-816
816794.599125414,250,230,dummy-816
816500.301085481,250,230,dummy-452
816524.057433379,250,230,dummy-452
816533.42724448,250,230,dummy-452
816546.278549731,250,230,dummy-452
816593.306945517,250,230,dummy-452
816611.356438551,250,230,dummy-452
816680.281947704,250,230,dummy-452
816774.909590451,250,230,dummy-452
816606.512532473,250,230,dummy-413
816612.802929304,250,230,dummy-413
816730.115750674,250,230,dummy-413
816755.918061061,250,230,dummy-413
816776.353114186,250,230,dummy-413
816538.161814209,250,230,dummy-92
816589.456589739,250,230,dummy-92
816652.797607246,250,230,dummy-92
816702.761253975,250,230,dummy-92
816677.665850703,250,230,dummy-158
816784.918305566,250,230,dummy-158
816675.058542443,250,230,dummy-87
816751.887085087,250,230,dummy-87
816524.781539382,250,230,dummy-123
816542.524664095,250,230,dummy-123
816603.32316181,250,230,dummy-123
816652.233124669,250,230,dummy-123
816680.607032568,250,230,dummy-123
816521.646225831,250,230,dummy-729
816635.479004306,250,230,dummy-729
816646.723163584,250,230,dummy-729
816653.780818814,250,230,dummy-729
816670.265778449,250,230,dummy-729
816684.587637994,250,230,dummy-729
816755.998865768,250,230,dummy-729
816787.021717495,250,230,dummy-729
816506.372204853,250,230,dummy-245
816693.140524354,250,230,dummy-245
816533.848489596,250,230,dummy-274
816515.900365903,250,230,dummy-151
816532.300570817,250,230,dummy-151
816707.631337821,250,230,dummy-151
816513.90856994,250,230,dummy-788
816583.752778904,250,230,dummy-788
816622.5493584,250,230,dummy-788
816552.955548862,250,230,dummy-252
816650.456782948,250,230,dummy-252
816718.93146418,250,230,dummy-252
816761.717051538,250,230,dummy-252
816775.147765636,250,230,dummy-252
816568.149942908,250,230,dummy-179
816541.866942928,250,230,dummy-185
816570.980914286,250,230,dummy-185
816782.661941542,250,230,dummy-185
816536.949705388,250,230,dummy-473
816586.22686861,250,230,dummy-473
816664.03213564,250,230,dummy-473
816687.90093616,250,230,dummy-473
816771.019195081,250,230,dummy-473
816542.861718582,250,230,dummy-299
816781.377336784,250,230,dummy-299
816533.41106647,250,230,dummy-615
816548.300755978,250,230,dummy-615
816566.279419221,250,230,dummy-615
816659.626665516,250,230,dummy-615
816666.193634729,250,230,dummy-615
816740.306478807,250,230,dummy-615
816767.182123309,250,230,dummy-615
816789.164865552,250,230,dummy-615
816661.392217644,250,230,dummy-535
816669.718893617,250,230,dummy-535
816718.187576454,250,230,dummy-535
816742.170460861,250,230,dummy-535
816747.692050459,250,230,dummy-597
816785.106581834,250,230,dummy-597
816701.265451656,250,230,dummy-709
816730.841139027,250,230,dummy-709
816571.657717289,250,230,dummy-62
816601.059326995,250,230,dummy-62
816656.644695597,250,230,dummy-62
816577.927125022,250,230,dummy-782
816694.624792941,250,230,dummy-782
816555.955254062,250,230,dummy-270
816646.586516439,250,230,dummy-270
816507.051633568,250,230,dummy-627
816539.122226304,250,230,dummy-627
816541.129854508,250,230,dummy-627
816581.494409443,250,230,dummy-627
816596.661568728,250,230,dummy-627
816655.201425409,250,230,dummy-627
816773.687097821,250,230,dummy-627
816600.417124249,250,230,dummy-574
816657.869907779,250,230,dummy-574
816660.274439287,250,230,dummy-574
816661.649247591,250,230,dummy-574
816727.155313107,250,230,dummy-574
816737.789251122,250,230,dummy-574
816532.451515937,250,230,dummy-630
816617.126476225,250,230,dummy-630
816754.174580503,250,230,dummy-630
816547.29912801,250,230,dummy-189
816608.215730538,250,230,dummy-184
816774.699406558,250,230,dummy-184
816591.790095871,250,230,dummy-223
816592.863753677,250,230,dummy-223
816650.326204585,250,230,dummy-223
816688.645319774,250,230,dummy-223
816537.693898446,250,230,dummy-89
816655.313295818,250,230,dummy-89
816774.598475944,250,230,dummy-89
816522.632023034,250,230,dummy-139
816528.100952851,250,230,dummy-139
816599.544093546,250,230,dummy-139
816664.934639134,250,230,dummy-139
816691.901838026,250,230,dummy-139
816702.630127602,250,230,dummy-139
816708.24251162,250,230,dummy-139
816736.0389062,250,230,dummy-139
816546.891762896,250,230,dummy-315
816577.555146446,250,230,dummy-315
816599.949294463,250,230,dummy-315
816729.491508366,250,230,dummy-315
816759.417247537,250,230,dummy-315
816565.939387851,250,230,dummy-71
816600.436079133,250,230,dummy-71
816649.439294094,250,230,dummy-71
816697.246617936,250,230,dummy-71
816707.748457922,250,230,dummy-71
816517.239720477,250,230,dummy-519
816547.71038353,250,230,dummy-519
816722.341467863,250,230,dummy-519
816534.371354899,250,230,dummy-150
816647.681873352,250,230,dummy-150
816659.933222923,250,230,dummy-150
816702.538031566,250,230,dummy-150
816625.042117087,250,230,dummy-131
816651.093903091,250,230,dummy-131
816675.495797771,250,230,dummy-131
816730.731067899,250,230,dummy-131
816765.514121525,250,230,dummy-131
816795.503999149,250,230,dummy-131
816581.762995868,250,230,dummy-557
816612.817553384,250,230,dummy-557
816674.420764366,250,230,dummy-557
816682.203945555,250,230,dummy-557
816727.791293187,250,230,dummy-557
816758.465021181,250,230,dummy-557
816658.633714203,250,230,dummy-39
816728.923599504,250,230,dummy-39
816736.739550884,250,230,dummy-39
816505.712730851,250,230,dummy-742
816570.425788824,250,230,dummy-742
816662.714521316,250,230,dummy-742
816666.253489767,250,230,dummy-742
816753.074577773,250,230,dummy-742
816545.431869441,250,230,dummy-669
816671.544333732,250,230,dummy-669
816685.005769481,250,230,dummy-669
816691.087775152,250,230,dummy-669
816500.717138213,250,230,dummy-377
816554.882647815,250,230,dummy-377
816580.229830953,250,230,dummy-377
816598.497868262,250,230,dummy-377
816608.545158594,250,230,dummy-377
816710.725694358,250,230,dummy-377
816718.593891593,250,230,dummy-377
816529.84019397,250,230,dummy-207
816737.484252938,250,230,dummy-207
816524.805419294,250,230,dummy-507
816774.915816896,250,230,dummy-507
816783.005609658,250,230,dummy-507
816578.779542872,250,230,dummy-44
816622.390254495,250,230,dummy-44
816720.892291122,250,230,dummy-44
816765.096853579,250,230,dummy-44
816538.837687624,250,230,dummy-773
816571.028084111,250,230,dummy-773
816587.063131165,250,230,dummy-773
816735.937328039,250,230,dummy-773
816623.338140666,250,230,dummy-18
816715.494678507,250,230,dummy-18
816568.791610629,250,230,dummy-828
816606.144318854,250,230,dummy-828
816619.28678512,250,230,dummy-828
816574.054346805,250,230,dummy-463
816689.277783,250,230,dummy-463
816697.085150086,250,230,dummy-463
816705.959809516,250,230,dummy-463
816502.243220357,250,230,dummy-42
816629.254336224,250,230,dummy-42
816691.417019132,250,230,dummy-42
816717.763595866,250,230,dummy-42
816765.007894743,250,230,dummy-42
816780.073086549,250,230,dummy-42
816617.723080382,250,230,dummy-533
816654.139250158,250,230,dummy-533
816713.96370821,250,230,dummy-533
816723.710230341,250,230,dummy-533
816512.806796924,250,230,dummy-316
816570.684164299,250,230,dummy-316
816609.324590599,250,230,dummy-316
816624.202412655,250,230,dummy-316
816644.571526755,250,230,dummy-316
816743.742723332,250,230,dummy-316
816768.458642292,250,230,dummy-316
816530.721188146,250,230,dummy-29
816614.600745281,250,230,dummy-29
816668.059553186,250,230,dummy-497
816567.714172032,250,230,dummy-6
816591.568179754,250,230,dummy-6
816645.086544186,250,230,dummy-6
816520.422397339,250,230,dummy-779
816678.356232248,250,230,dummy-779
816684.057725069,250,230,dummy-779
816755.036058132,250,230,dummy-779
816505.675244567,250,230,dummy-152
816690.818241934,250,230,dummy-152
816710.915659142,250,230,dummy-152
816759.109572446,250,230,dummy-152
816791.311895454,250,230,dummy-152
816795.197802151,250,230,dummy-152
816533.044504435,250,230,dummy-178
816668.653512291,250,230,dummy-178
816564.617893414,250,230,dummy-697
816723.383701095,250,230,dummy-697
816746.23800459,250,230,dummy-697
816771.292473844,250,230,dummy-697
816782.014872908,250,230,dummy-697
816501.623210276,250,230,dummy-51
816548.997938447,250,230,dummy-51
816610.630773914,250,230,dummy-51
816714.272581911,250,230,dummy-51
816743.724017807,250,230,dummy-51
816568.586945019,250,230,dummy-282
816676.460547052,250,230,dummy-282
816738.497186911,250,230,dummy-282
816793.010403141,250,230,dummy-282
816502.801545771,250,230,dummy-23
816557.963637945,250,230,dummy-23
816595.490029477,250,230,dummy-23
816606.923070795,250,230,dummy-23
816616.597246314,250,230,dummy-23
816704.131646408,250,230,dummy-23
816741.443742879,250,230,dummy-23
816509.048752493,250,230,dummy-707
816518.506437463,250,230,dummy-707
816542.176748061,250,230,dummy-707
816583.104454872,250,230,dummy-707
816714.348286316,250,230,dummy-707
816744.634430445,250,230,dummy-707
816582.614803939,250,230,dummy-711
816697.429841736,250,230,dummy-711
816769.299841939,250,230,dummy-711
816685.332953533,250,230,dummy-488
816761.161757048,250,230,dummy-488
816780.396274009,250,230,dummy-488
816521.705090168,250,230,dummy-354
816523.082746559,250,230,dummy-354
816537.383632083,250,230,dummy-354
816572.974768604,250,230,dummy-354
816621.065865911,250,230,dummy-354
816652.619622836,250,230,dummy-354
816710.795696095,250,230,dummy-354
816761.810298134,250,230,dummy-354
816602.023526432,250,230,dummy-495
816602.767775448,250,230,dummy-495
816615.585452868,250,230,dummy-495
816682.76266238,250,230,dummy-495
816683.239900814,250,230,dummy-495
816689.576865986,250,230,dummy-495
816751.287295526,250,230,dummy-495
816521.512958146,250,230,dummy-778
816529.964745122,250,230,dummy-778
816617.375669361,250,230,dummy-778
816685.828090098,250,230,dummy-778
816555.777747192,250,230,dummy-199
816741.709251785,250,230,dummy-199
816662.965721261,250,230,dummy-129
816714.00819735,250,230,dummy-129
816787.984253154,250,230,dummy-129
816508.10251669,250,230,dummy-371
816612.192005088,250,230,dummy-371
816749.958846978,250,230,dummy-371
816540.718582181,250,230,dummy-196
816640.267294015,250,230,dummy-196
816602.065998603,250,230,dummy-55
816663.692647849,250,230,dummy-55
816677.098991476,250,230,dummy-55
816747.322433838,250,230,dummy-55
816501.45826228,250,230,dummy-204
816533.052655044,250,230,dummy-204
816664.892018611,250,230,dummy-204
816691.568975649,250,230,dummy-204
816717.145653527,250,230,dummy-204
816769.187804267,250,230,dummy-204
816579.689088787,250,230,dummy-304
816600.729228785,250,230,dummy-304
816539.854395919,250,230,dummy-15
816553.079868271,250,230,dummy-15
816579.905761597,250,230,dummy-15
816607.778416795,250,230,dummy-15
816641.290676046,250,230,dummy-15
816744.376276679,250,230,dummy-15
816772.159235718,250,230,dummy-15
816795.974331509,250,230,dummy-15
816608.161811546,250,230,dummy-12
816623.377295691,250,230,dummy-12
816685.217717689,250,230,dummy-12
816757.123012638,250,230,dummy-12
816753.450073669,250,230,dummy-50
816541.292438876,250,230,dummy-324
816574.789511794,250,230,dummy-324
816619.592822737,250,230,dummy-324
816635.880571805,250,230,dummy-324
816641.899816723,250,230,dummy-324
816673.537516168,250,230,dummy-324
816581.533881055,250,230,dummy-638
816634.088431401,250,230,dummy-638
816637.466767341,250,230,dummy-638
816655.419184245,250,230,dummy-638
816697.218675889,250,230,dummy-638
816761.379458635,250,230,dummy-638
816648.324905519,250,230,dummy-412
816679.682906809,250,230,dummy-412
816765.194376827,250,230,dummy-412
816777.392764778,250,230,dummy-412
816498.131191395,250,230,dummy-639
816513.323332689,250,230,dummy-639
816682.62699616,250,230,dummy-639
816732.982432473,250,230,dummy-639
816758.664849403,250,230,dummy-639
816707.642438835,250,230,dummy-723
816761.972826295,250,230,dummy-723
816595.834432537,250,230,dummy-105
816795.798127607,250,230,dummy-105
816619.381635708,250,230,dummy-389
816662.197371435,250,230,dummy-389
816524.92903204,250,230,dummy-202
816606.304365937,250,230,dummy-202
816519.486649741,250,230,dummy-715
816788.869949698,250,230,dummy-715
816533.718707758,250,230,dummy-479
816519.223394284,250,230,dummy-424
816520.137191204,250,230,dummy-424
816532.29325497,250,230,dummy-424
816760.334873458,250,230,dummy-424
816632.043867384,250,230,dummy-334
816636.172283369,250,230,dummy-334
816662.037206544,250,230,dummy-334
816726.533752397,250,230,dummy-334
816532.837873247,250,230,dummy-5
816541.143668388,250,230,dummy-5
816555.804279801,250,230,dummy-5
816604.910451315,250,230,dummy-5
816772.44053742,250,230,dummy-5
816536.499109566,250,230,dummy-721
816631.166949402,250,230,dummy-721
816712.449972894,250,230,dummy-721
816778.196861275,250,230,dummy-721
816513.261900398,250,230,dummy-718
816611.954483697,250,230,dummy-718
816765.197747902,250,230,dummy-718
816776.782206444,250,230,dummy-718
816794.22198653,250,230,dummy-718
816667.842719981,250,230,dummy-752
816510.673800643,250,230,dummy-310
816528.252710889,250,230,dummy-310
816574.002675207,250,230,dummy-310
816624.842180433,250,230,dummy-310
816627.561051369,250,230,dummy-310
816654.884076946,250,230,dummy-310
816715.474869034,250,230,dummy-310
816571.198145222,250,230,dummy-781
816627.703386027,250,230,dummy-781
816634.691163809,250,230,dummy-264
816663.632312226,250,230,dummy-264
816502.948148825,250,230,dummy-266
816582.00072231,250,230,dummy-266
816636.431853702,250,230,dummy-266
816675.65824444,250,230,dummy-266
816639.316294567,250,230,dummy-645
816691.832304717,250,230,dummy-645
816723.754107106,250,230,dummy-645
816555.347396849,250,230,dummy-416
816617.11391958,250,230,dummy-416
816670.451333659,250,230,dummy-416
816714.653570093,250,230,dummy-416
816535.299238286,250,230,dummy-90
816666.270508974,250,230,dummy-90
816735.86101533,250,230,dummy-90
816739.109027396,250,230,dummy-90
816598.79871281,250,230,dummy-539
816757.62759379,250,230,dummy-539
816578.735326449,250,230,dummy-198
816588.020714764,250,230,dummy-198
816624.807385124,250,230,dummy-198
816625.392268072,250,230,dummy-198
816692.760642219,250,230,dummy-198
816776.535071147,250,230,dummy-198
816538.90318623,250,230,dummy-113
816688.12995833,250,230,dummy-113
816626.990598036,250,230,dummy-677
816628.091139627,250,230,dummy-677
816785.116239359,250,230,dummy-677
816535.674324688,250,230,dummy-111
816593.08313539,250,230,dummy-111
816666.303019094,250,230,dummy-111
816499.501400453,250,230,dummy-459
816535.079583164,250,230,dummy-459
816540.25955726,250,230,dummy-459
816762.53473727,250,230,dummy-459
816772.373495002,250,230,dummy-459
816701.508650386,250,230,dummy-545
816727.194261223,250,230,dummy-545
816733.923830382,250,230,dummy-545
816736.818947571,250,230,dummy-545
816514.916027869,250,230,dummy-246
816536.434162118,250,230,dummy-246
816579.674442671,250,230,dummy-246
816622.696734318,250,230,dummy-246
816640.889284394,250,230,dummy-246
816702.049366929,250,230,dummy-246
816705.069142485,250,230,dummy-246
816727.849920993,250,230,dummy-246
816531.462509858,250,230,dummy-153
816597.223822097,250,230,dummy-153
816631.574667153,250,230,dummy-153
816700.14755326,250,230,dummy-153
816794.011708219,250,230,dummy-153
816505.251468058,250,230,dummy-676
816541.950603407,250,230,dummy-676
816607.264211003,250,230,dummy-676
816709.400601696,250,230,dummy-676
816731.141649449,250,230,dummy-676
816760.31980024,250,230,dummy-661
816655.546272839,250,230,dummy-777
816659.190186219,250,230,dummy-777
816689.235748099,250,230,dummy-777
816696.88140862,250,230,dummy-777
816794.120055099,250,230,dummy-777
816532.764585366,250,230,dummy-760
816596.441582068,250,230,dummy-760
816756.766480383,250,230,dummy-760
816785.436672198,250,230,dummy-760
816538.894172489,250,230,dummy-285
816773.602415015,250,230,dummy-285
816586.257125984,250,230,dummy-398
816636.954757417,250,230,dummy-398
816717.845442985,250,230,dummy-398
816774.045138963,250,230,dummy-398
816778.732993572,250,230,dummy-398
816498.697471605,250,230,dummy-318
816605.631150158,250,230,dummy-318
816727.084928407,250,230,dummy-318
816582.509439017,250,230,dummy-177
816589.21940735,250,230,dummy-177
816734.118885283,250,230,dummy-177
816760.130203728,250,230,dummy-177
816796.850580648,250,230,dummy-177
816506.610303606,250,230,dummy-368
816515.016004261,250,230,dummy-368
816592.528395068,250,230,dummy-368
816758.783422447,250,230,dummy-368
816770.158403035,250,230,dummy-368
816732.623540043,250,230,dummy-295
816751.474099329,250,230,dummy-295
816780.2874174,250,230,dummy-295
816643.269231747,250,230,dummy-396
816699.287893361,250,230,dummy-396
816728.024545389,250,230,dummy-396
816585.738463027,250,230,dummy-19
816756.262405022,250,230,dummy-403
816776.724522197,250,230,dummy-403
816526.11298741,250,230,dummy-157
816560.564963411,250,230,dummy-157
816631.632591191,250,230,dummy-157
816707.862730868,250,230,dummy-157
816719.883272514,250,230,dummy-157
816573.210744111,250,230,dummy-147
816497.700732654,250,230,dummy-651
816501.749671695,250,230,dummy-651
816537.122954217,250,230,dummy-651
816695.326794872,250,230,dummy-651
816695.732350432,250,230,dummy-651
816534.558864582,250,230,dummy-47
816544.475249205,250,230,dummy-47
816642.951495907,250,230,dummy-47
816686.378688466,250,230,dummy-47
816736.407106287,250,230,dummy-47
816633.383485449,250,230,dummy-344
816634.23530111,250,230,dummy-344
816694.672002269,250,230,dummy-344
816519.91473062,250,230,dummy-552
816556.519305569,250,230,dummy-531
816638.877639169,250,230,dummy-531
816654.392654948,250,230,dummy-531
816501.060661086,250,230,dummy-429
816561.919121824,250,230,dummy-429
816679.682934649,250,230,dummy-429
816717.135729248,250,230,dummy-429
816782.805200137,250,230,dummy-429
816530.957681206,250,230,dummy-586
816666.44951124,250,230,dummy-586
816704.923683837,250,230,dummy-811
816749.68156955,250,230,dummy-811
816515.412575651,250,230,dummy-386
816597.062329609,250,230,dummy-386
816760.341919554,250,230,dummy-386
816600.738982925,250,230,dummy-701
816677.525470563,250,230,dummy-701
816706.143084879,250,230,dummy-701
816721.043541704,250,230,dummy-701
816527.680159397,250,230,dummy-308
816536.465818344,250,230,dummy-308
816658.173714997,250,230,dummy-308
816671.171621778,250,230,dummy-308
816679.890610043,250,230,dummy-308
816531.764189178,250,230,dummy-521
816620.02741919,250,230,dummy-521
816641.687715067,250,230,dummy-521
816685.627745614,250,230,dummy-521
816733.909160903,250,230,dummy-521
816739.477357838,250,230,dummy-521
816747.898332116,250,230,dummy-521
816752.926427228,250,230,dummy-164
816555.336643963,250,230,dummy-404
816615.160362041,250,230,dummy-404
816655.182200046,250,230,dummy-404
816726.022440826,250,230,dummy-404
816739.003377229,250,230,dummy-404
816792.106168884,250,230,dummy-404
816523.53913311,250,230,dummy-807
816582.60200968,250,230,dummy-807
816604.345848873,250,230,dummy-807
816665.105419748,250,230,dummy-807
816583.962495781,250,230,dummy-357
816597.382723821,250,230,dummy-357
816656.573670638,250,230,dummy-357
816706.27938007,250,230,dummy-357
816545.408552637,250,230,dummy-671
816571.466720683,250,230,dummy-671
816502.877879064,250,230,dummy-625
816664.144448847,250,230,dummy-625
816769.818581144,250,230,dummy-625
816527.748979788,250,230,dummy-583
816541.315494905,250,230,dummy-583
816702.189422523,250,230,dummy-583
816771.29586287,250,230,dummy-583
816600.941081803,250,230,dummy-529
816606.605809253,250,230,dummy-529
816617.712725537,250,230,dummy-529
816715.459199295,250,230,dummy-529
816722.626976425,250,230,dummy-529
816540.299772579,250,230,dummy-257
816617.947890207,250,230,dummy-257
816651.677656898,250,230,dummy-257
816660.178879978,250,230,dummy-257
816505.235955764,250,230,dummy-122
816572.106733831,250,230,dummy-122
816621.714522176,250,230,dummy-122
816654.021875169,250,230,dummy-122
816699.815864286,250,230,dummy-122
816586.097598215,250,230,dummy-480
816637.921679745,250,230,dummy-480
816700.534533395,250,230,dummy-480
816734.83012981,250,230,dummy-480
816531.346626772,250,230,dummy-305
816569.576837405,250,230,dummy-305
816612.008678568,250,230,dummy-305
816646.497005351,250,230,dummy-305
816654.884037175,250,230,dummy-305
816656.765552409,250,230,dummy-305
816659.624947138,250,230,dummy-305
816683.059062247,250,230,dummy-305
816716.008326567,250,230,dummy-305
816592.225133327,250,230,dummy-277
816625.540171688,250,230,dummy-277
816773.628183055,250,230,dummy-277
816729.141240143,250,230,dummy-209
816507.070927078,250,230,dummy-390
816512.778440499,250,230,dummy-390
816521.001466475,250,230,dummy-390
816580.48712603,250,230,dummy-390
816789.89371965,250,230,dummy-390
816795.321116597,250,230,dummy-390
816795.327358641,250,230,dummy-390
816543.490792103,250,230,dummy-343
816572.402491536,250,230,dummy-343
816588.799777486,250,230,dummy-343
816699.296599253,250,230,dummy-343
816713.72248565,250,230,dummy-343
816718.556084625,250,230,dummy-343
816578.2646083,250,230,dummy-59
816590.709042423,250,230,dummy-59
816593.012040384,250,230,dummy-59
816623.334596815,250,230,dummy-59
816673.210379717,250,230,dummy-59
816729.960286039,250,230,dummy-59
816741.659186354,250,230,dummy-59
816772.6021395,250,230,dummy-59
816780.509642597,250,230,dummy-59
816617.52657623,250,230,dummy-254
816535.187958522,250,230,dummy-780
816498.035252725,250,230,dummy-658
816541.353504308,250,230,dummy-658
816709.002339783,250,230,dummy-716
816796.374264507,250,230,dummy-716
816571.834060302,250,230,dummy-681
816738.634229404,250,230,dummy-681
816518.855680159,250,230,dummy-455
816644.177167825,250,230,dummy-455
816506.021781045,250,230,dummy-666
816509.16795886,250,230,dummy-666
816558.311455275,250,230,dummy-666
816593.245959226,250,230,dummy-666
816609.845118757,250,230,dummy-666
816653.015148795,250,230,dummy-666
816688.945390847,250,230,dummy-666
816734.528814327,250,230,dummy-666
816772.109580595,250,230,dummy-666
816520.43067299,250,230,dummy-563
816597.346690258,250,230,dummy-563
816639.983712184,250,230,dummy-563
816667.871331494,250,230,dummy-563
816703.107858072,250,230,dummy-563
816729.86067484,250,230,dummy-563
816752.208555627,250,230,dummy-563
816709.004555617,250,230,dummy-63
816597.858604589,250,230,dummy-115
816671.199735192,250,230,dummy-115
816729.76795494,250,230,dummy-115
816779.42341881,250,230,dummy-115
816709.26953029,250,230,dummy-172
816719.229840999,250,230,dummy-172
816741.246388214,250,230,dummy-313
816796.897280687,250,230,dummy-313
816541.605203308,250,230,dummy-309
816545.253436685,250,230,dummy-309
816652.90671917,250,230,dummy-309
816674.193777326,250,230,dummy-309
816538.100395444,250,230,dummy-694
816601.776784786,250,230,dummy-694
816606.625627632,250,230,dummy-694
816607.010142767,250,230,dummy-694
816702.827903638,250,230,dummy-694
816713.382385049,250,230,dummy-694
816546.33981762,250,230,dummy-783
816602.176392435,250,230,dummy-783
816750.258107129,250,230,dummy-783
816757.885023402,250,230,dummy-783
816568.065175208,250,230,dummy-393
816723.416792954,250,230,dummy-393
816678.554718177,250,230,dummy-728
816565.695441179,250,230,dummy-798
816608.513096712,250,230,dummy-798
816733.855539324,250,230,dummy-798
816770.530700945,250,230,dummy-798
816774.458370878,250,230,dummy-798
816775.117833839,250,230,dummy-798
816591.399529997,250,230,dummy-41
816594.249013166,250,230,dummy-731
816621.063192727,250,230,dummy-731
816642.053245233,250,230,dummy-731
816705.563050183,250,230,dummy-731
816707.606690866,250,230,dummy-731
816555.478131604,250,230,dummy-426
816777.495179019,250,230,dummy-426
816777.641388524,250,230,dummy-426
816511.038308803,250,230,dummy-69
816714.83548506,250,230,dummy-69
816734.925061939,250,230,dummy-335
816759.114120038,250,230,dummy-335
816780.223483935,250,230,dummy-335
816783.723055922,250,230,dummy-335
816654.669887069,250,230,dummy-441
816729.827140513,250,230,dummy-441
816775.25733803,250,230,dummy-441
816560.396258621,250,230,dummy-713
816532.358610139,250,230,dummy-654
816689.826622973,250,230,dummy-654
816763.740288437,250,230,dummy-654
816780.840325389,250,230,dummy-654
816543.249696309,250,230,dummy-369
816585.975738243,250,230,dummy-369
816652.876609655,250,230,dummy-369
816662.943338358,250,230,dummy-369
816700.855417516,250,230,dummy-369
816505.147258928,250,230,dummy-130
816513.26193249,250,230,dummy-130
816516.860059595,250,230,dummy-130
816527.752744068,250,230,dummy-130
816572.1639111,250,230,dummy-130
816580.751884022,250,230,dummy-130
816689.415337054,250,230,dummy-130
816542.284984708,250,230,dummy-621
816659.234575786,250,230,dummy-621
816727.989093799,250,230,dummy-621
816796.601137745,250,230,dummy-621
816796.98685278,250,230,dummy-821
816505.214299301,250,230,dummy-119
816664.512544088,250,230,dummy-119
816725.190340981,250,230,dummy-119
816750.784804562,250,230,dummy-119
816771.917698219,250,230,dummy-280
816781.801042534,250,230,dummy-280
816789.644538516,250,230,dummy-280
816601.808163513,250,230,dummy-761
816670.406193494,250,230,dummy-761
816779.207166924,250,230,dummy-761
816518.151068587,250,230,dummy-401
816569.749339941,250,230,dummy-401
816655.313804765,250,230,dummy-401
816657.775089084,250,230,dummy-401
816665.91265368,250,230,dummy-401
816730.426230447,250,230,dummy-401
816738.08938635,250,230,dummy-401
816545.790625111,250,230,dummy-237
816558.549062831,250,230,dummy-237
816561.022812577,250,230,dummy-237
816660.06951942,250,230,dummy-237
816662.210093206,250,230,dummy-237
816700.458447608,250,230,dummy-237
816727.884418576,250,230,dummy-237
816794.678064514,250,230,dummy-237
816584.097152141,250,230,dummy-737
816614.095539787,250,230,dummy-737
816641.222298616,250,230,dummy-737
816675.035746341,250,230,dummy-737
816698.607105694,250,230,dummy-543
816716.246951342,250,230,dummy-543
816733.853148742,250,230,dummy-543
816792.891650648,250,230,dummy-543
816545.347182439,250,230,dummy-194
816796.831406208,250,230,dummy-194
816698.908952303,250,230,dummy-558
816570.921082872,250,230,dummy-128
816741.594858954,250,230,dummy-128
816546.154276814,250,230,dummy-550
816711.442141163,250,230,dummy-550
816713.463455583,250,230,dummy-550
816727.992785426,250,230,dummy-550
816756.676219866,250,230,dummy-550
816773.283021331,250,230,dummy-550
816499.439206525,250,230,dummy-803
816511.534977661,250,230,dummy-803
816530.783282521,250,230,dummy-803
816741.244992485,250,230,dummy-803
816749.489829677,250,230,dummy-803
816593.283463644,250,230,dummy-617
816584.762351942,250,230,dummy-784
816709.033685505,250,230,dummy-784
816741.982053084,250,230,dummy-784
816789.99150917,250,230,dummy-784
816512.435201154,250,230,dummy-436
816619.239507805,250,230,dummy-436
816726.990010568,250,230,dummy-436
816645.076079272,250,230,dummy-425
816654.650189284,250,230,dummy-425
816721.875208314,250,230,dummy-425
816503.4340255,250,230,dummy-530
816636.647302423,250,230,dummy-530
816746.176221741,250,230,dummy-530
816516.624362706,250,230,dummy-399
816541.288950481,250,230,dummy-399
816542.438379359,250,230,dummy-399
816567.75910397,250,230,dummy-399
816675.601100509,250,230,dummy-399
816747.167964126,250,230,dummy-399
816779.969088971,250,230,dummy-399
816592.699387798,250,230,dummy-525
816601.245228205,250,230,dummy-525
816636.441637753,250,230,dummy-525
816729.286786131,250,230,dummy-525
816794.708965233,250,230,dummy-525
816587.674988748,250,230,dummy-104
816612.455965361,250,230,dummy-104
816747.102064656,250,230,dummy-64
816499.420687496,250,230,dummy-45
816552.278269086,250,230,dummy-45
816771.145873227,250,230,dummy-45
816597.143926497,250,230,dummy-341
816672.098717209,250,230,dummy-341
816658.562024943,250,230,dummy-276
816724.163508519,250,230,dummy-276
816499.777210979,250,230,dummy-186
816532.974728683,250,230,dummy-186
816662.161501398,250,230,dummy-186
816770.549418101,250,230,dummy-186
816787.5212198,250,230,dummy-186
816504.356391544,250,230,dummy-513
816519.782972067,250,230,dummy-513
816613.868505316,250,230,dummy-513
816585.132178255,250,230,dummy-815
816672.852519003,250,230,dummy-815
816773.562072001,250,230,dummy-815
816777.882861991,250,230,dummy-815
816780.24670883,250,230,dummy-815
816564.218310793,250,230,dummy-181
816619.420410511,250,230,dummy-181
816654.549049038,250,230,dummy-181
816657.119244789,250,230,dummy-181
816692.681404552,250,230,dummy-181
816750.509231874,250,230,dummy-181
816774.246838231,250,230,dummy-181
816604.86335516,250,230,dummy-746
816615.671501398,250,230,dummy-746
816703.876496639,250,230,dummy-746
816779.362704817,250,230,dummy-746
816786.878000706,250,230,dummy-746
816525.402082462,250,230,dummy-622
816557.398913727,250,230,dummy-622
816622.239908992,250,230,dummy-145
816630.84911383,250,230,dummy-145
816744.004511315,250,230,dummy-145
816780.513300979,250,230,dummy-145
816723.998122293,250,230,dummy-241
816738.115153056,250,230,dummy-241
816740.3770166,250,230,dummy-241
816564.255279395,250,230,dummy-72
816661.051373127,250,230,dummy-72
816631.490111953,250,230,dummy-602
816692.160371668,250,230,dummy-602
816523.05495322,250,230,dummy-592
816541.187120209,250,230,dummy-592
816660.430568598,250,230,dummy-592
816545.160374081,250,230,dummy-719
816608.732471608,250,230,dummy-719
816742.233459399,250,230,dummy-719
816795.130731597,250,230,dummy-719
816506.420834222,250,230,dummy-628
816509.931141398,250,230,dummy-628
816525.466580378,250,230,dummy-628
816650.992822706,250,230,dummy-628
816685.878881565,250,230,dummy-628
816736.925421436,250,230,dummy-628
816737.669071931,250,230,dummy-628
816511.137375573,250,230,dummy-422
816576.666973833,250,230,dummy-422
816621.814175589,250,230,dummy-422
816525.305655942,250,230,dummy-663
816629.626661015,250,230,dummy-663
816699.995606044,250,230,dummy-663
816521.255265718,250,230,dummy-623
816633.743829908,250,230,dummy-623
816501.876619628,250,230,dummy-190
816607.142483987,250,230,dummy-190
816526.084343366,250,230,dummy-588
816551.993948073,250,230,dummy-588
816606.398696489,250,230,dummy-588
816635.50230431,250,230,dummy-588
816661.428638416,250,230,dummy-588
816726.839460496,250,230,dummy-588
816507.067440192,250,230,dummy-78
816527.704212844,250,230,dummy-78
816608.110507219,250,230,dummy-78
816792.646304314,250,230,dummy-78
816554.350564192,250,230,dummy-247
816698.810253255,250,230,dummy-247
816709.209933432,250,230,dummy-247
816511.461489912,250,230,dummy-73
816655.114981823,250,230,dummy-73
816659.52849728,250,230,dummy-73
816622.575918391,250,230,dummy-361
816642.175573517,250,230,dummy-361
816773.245895385,250,230,dummy-361
816498.580753961,250,230,dummy-32
816540.754708213,250,230,dummy-32
816545.173420957,250,230,dummy-32
816607.881786505,250,230,dummy-32
816643.473877862,250,230,dummy-32
816721.059320935,250,230,dummy-32
816738.907757409,250,230,dummy-32
816507.308459951,250,230,dummy-13
816537.092250931,250,230,dummy-13
816655.692303224,250,230,dummy-724
816675.077697503,250,230,dummy-724
816533.341963138,250,230,dummy-569
816612.271019672,250,230,dummy-569
816650.471943286,250,230,dummy-569
816508.43574463,250,230,dummy-735
816542.34792203,250,230,dummy-735
816602.363636222,250,230,dummy-735
816612.368002897,250,230,dummy-735
816680.175486883,250,230,dummy-735
816719.568858186,250,230,dummy-735
816557.561750958,250,230,dummy-84
816530.083515566,250,230,dummy-312
816547.834590419,250,230,dummy-312
816663.713086576,250,230,dummy-312
816693.645376863,250,230,dummy-312
816787.395531922,250,230,dummy-312
816518.797915411,250,230,dummy-103
816548.556424143,250,230,dummy-103
816743.12764529,250,230,dummy-103
816788.723578479,250,230,dummy-103
816513.492629558,250,230,dummy-675
816515.986072359,250,230,dummy-675
816566.997378951,250,230,dummy-675
816612.692642619,250,230,dummy-675
816733.501092203,250,230,dummy-675
816778.791610153,250,230,dummy-675
816504.033833816,250,230,dummy-85
816514.271875908,250,230,dummy-85
816563.081312913,250,230,dummy-85
816617.101215964,250,230,dummy-85
816689.526814808,250,230,dummy-85
816761.605693412,250,230,dummy-85
816502.958303338,250,230,dummy-804
816544.015876042,250,230,dummy-804
816612.959857192,250,230,dummy-804
816686.653302809,250,230,dummy-804
816702.998176443,250,230,dummy-804
816771.655677018,250,230,dummy-804
816712.594308768,250,230,dummy-700
816739.690678463,250,230,dummy-700
816526.79641994,250,230,dummy-83
816551.832959149,250,230,dummy-83
816593.877709611,250,230,dummy-83
816645.673200143,250,230,dummy-83
816667.056651362,250,230,dummy-83
816700.110152899,250,230,dummy-83
816726.54865434,250,230,dummy-83
816740.769855566,250,230,dummy-83
816523.657184773,250,230,dummy-35
816659.242115944,250,230,dummy-35
816703.732191436,250,230,dummy-35
816574.026541071,250,230,dummy-394
816596.013232527,250,230,dummy-394
816602.77643818,250,230,dummy-394
816741.754491761,250,230,dummy-394
816755.737264058,250,230,dummy-394
816784.355968305,250,230,dummy-394
816659.969519379,250,230,dummy-515
816731.122964702,250,230,dummy-515
816580.045320167,250,230,dummy-499
816580.342914776,250,230,dummy-499
816753.107268987,250,230,dummy-499
816769.198565024,250,230,dummy-499
816792.225661999,250,230,dummy-499
816502.29098411,250,230,dummy-406
816620.170300156,250,230,dummy-406
816732.620100012,250,230,dummy-406
816733.724732658,250,230,dummy-406
816796.301643844,250,230,dummy-406
816565.66211299,250,230,dummy-271
816716.008684719,250,230,dummy-271
816721.797382108,250,230,dummy-271
816728.192500992,250,230,dummy-271
816770.804747134,250,230,dummy-271
816616.124378298,250,230,dummy-149
816674.581687338,250,230,dummy-149
816635.328896167,250,230,dummy-267
816689.477392934,250,230,dummy-267
816702.538011706,250,230,dummy-267
816727.328594896,250,230,dummy-267
816741.485030604,250,230,dummy-267
816760.22429299,250,230,dummy-267
816500.262437652,250,230,dummy-824
816513.057529118,250,230,dummy-824
816584.950084935,250,230,dummy-824
816759.472995737,250,230,dummy-824
816775.946734249,250,230,dummy-824
816530.004426223,250,230,dummy-584
816574.006042547,250,230,dummy-584
816592.752751626,250,230,dummy-793
816645.608920843,250,230,dummy-793
816701.147429486,250,230,dummy-793
816499.144962217,250,230,dummy-27
816598.301004636,250,230,dummy-27
816605.279374933,250,230,dummy-27
816615.977799104,250,230,dummy-27
816746.686208662,250,230,dummy-27
816621.366151929,250,230,dummy-109
816667.034591321,250,230,dummy-109
816523.738589578,250,230,dummy-26
816588.079819367,250,230,dummy-26
816712.566111629,250,230,dummy-26
816764.148141227,250,230,dummy-26
816497.440399222,250,230,dummy-253
816694.520561367,250,230,dummy-253
816696.302334709,250,230,dummy-253
816498.384190595,250,230,dummy-599
816634.394278045,250,230,dummy-599
816502.321927986,250,230,dummy-806
816608.835254027,250,230,dummy-806
816660.550297359,250,230,dummy-806
816752.039176558,250,230,dummy-806
816753.696124263,250,230,dummy-806
816552.728565287,250,230,dummy-272
816606.547392116,250,230,dummy-272
816655.961595749,250,230,dummy-272
816545.790597622,250,230,dummy-395
816548.782204975,250,230,dummy-395
816731.907530683,250,230,dummy-395
816564.290014663,250,230,dummy-758
816576.211177528,250,230,dummy-758
816614.103430588,250,230,dummy-758
816731.330346702,250,230,dummy-758
816535.084636379,250,230,dummy-94
816561.157043452,250,230,dummy-94
816685.959654182,250,230,dummy-94
816700.528721479,250,230,dummy-94
816552.691681681,250,230,dummy-176
816649.539011262,250,230,dummy-176
816670.152464989,250,230,dummy-176
816498.324846484,250,230,dummy-794
816507.397630247,250,230,dummy-794
816608.843628899,250,230,dummy-794
816668.090697884,250,230,dummy-794
816727.869647908,250,230,dummy-794
816554.136661655,250,230,dummy-81
816679.946671831,250,230,dummy-81
816727.46664872,250,230,dummy-81
816706.68513118,250,230,dummy-561
816753.715961989,250,230,dummy-561
816790.876576351,250,230,dummy-561
816538.729946207,250,230,dummy-612
816570.839759163,250,230,dummy-612
816610.794996922,250,230,dummy-612
816626.736485684,250,230,dummy-612
816661.942947921,250,230,dummy-612
816788.298749599,250,230,dummy-612
816603.36435288,250,230,dummy-613
816686.079795356,250,230,dummy-613
816746.817720614,250,230,dummy-613
816767.322909567,250,230,dummy-613
816525.20829997,250,230,dummy-16
816761.456448923,250,230,dummy-16
816638.323550114,250,230,dummy-265
816610.168106322,250,230,dummy-320
816621.456274069,250,230,dummy-320
816564.576109445,250,230,dummy-695
816592.910602681,250,230,dummy-695
816751.248440149,250,230,dummy-695
816505.303047702,250,230,dummy-696
816618.599009043,250,230,dummy-696
816663.105703201,250,230,dummy-696
816749.924515718,250,230,dummy-696
816571.523644676,250,230,dummy-801
816658.504287278,250,230,dummy-801
816760.079496066,250,230,dummy-801
816529.47987108,250,230,dummy-1
816568.965047226,250,230,dummy-1
816669.027542516,250,230,dummy-1
816699.297929353,250,230,dummy-1
816748.251609348,250,230,dummy-1
816508.961306107,250,230,dummy-509
816586.981339795,250,230,dummy-509
816617.922880176,250,230,dummy-509
816638.894432225,250,230,dummy-509
816665.139798054,250,230,dummy-509
816714.678159601,250,230,dummy-509
816790.374320928,250,230,dummy-509
816616.059735734,250,230,dummy-231
816716.025178475,250,230,dummy-231
816735.882426722,250,230,dummy-231
816736.997849421,250,230,dummy-231
816543.026344845,250,230,dummy-211
816557.830324806,250,230,dummy-211
816687.417829398,250,230,dummy-211
816773.677393669,250,230,dummy-211
816782.711184843,250,230,dummy-211
816772.343843553,250,230,dummy-191
816520.288183772,250,230,dummy-233
816794.011756458,250,230,dummy-233
816597.539463497,250,230,dummy-616
816601.177322651,250,230,dummy-616
816628.182641777,250,230,dummy-616
816629.737562592,250,230,dummy-616
816553.751577125,250,230,dummy-830
816744.540911759,250,230,dummy-830
816589.466136455,250,230,dummy-193
816617.274617412,250,230,dummy-193
816769.38093902,250,230,dummy-193
816555.483045667,250,230,dummy-346
816584.612651291,250,230,dummy-346
816603.22083666,250,230,dummy-346
816604.42827844,250,230,dummy-346
816653.662140973,250,230,dummy-234
816764.675795742,250,230,dummy-234
816567.322859485,250,230,dummy-580
816597.898304065,250,230,dummy-580
816618.290608419,250,230,dummy-580
816688.291227182,250,230,dummy-580
816715.356127652,250,230,dummy-580
816728.170320006,250,230,dummy-580
816750.505452022,250,230,dummy-580
816507.133166862,250,230,dummy-596
816604.988912369,250,230,dummy-596
816719.423807899,250,230,dummy-596
816541.147045628,250,230,dummy-110
816679.182110003,250,230,dummy-110
816744.435064215,250,230,dummy-110
816774.85864984,250,230,dummy-110
816574.977988788,250,230,dummy-593
816615.90763484,250,230,dummy-593
816628.345254055,250,230,dummy-593
816779.599465697,250,230,dummy-593
816661.930936215,250,230,dummy-40
816719.195794487,250,230,dummy-40
816541.396422394,250,230,dummy-8
816546.784063241,250,230,dummy-8
816555.311722645,250,230,dummy-8
816630.138949892,250,230,dummy-8
816497.985844619,250,230,dummy-748
816525.711549123,250,230,dummy-748
816545.714200859,250,230,dummy-748
816665.005336388,250,230,dummy-748
816681.947383463,250,230,dummy-748
816791.508020257,250,230,dummy-748
816514.623648714,250,230,dummy-160
816536.966820807,250,230,dummy-160
816785.137705227,250,230,dummy-160
816522.425796642,250,230,dummy-434
816663.315297714,250,230,dummy-434
816743.688417016,250,230,dummy-434
816780.316073903,250,230,dummy-434
816728.191178375,250,230,dummy-726
816743.837548844,250,230,dummy-726
816516.482230061,250,230,dummy-174
816550.94484635,250,230,dummy-174
816727.297269081,250,230,dummy-714
816571.643643745,250,230,dummy-175
816692.064797946,250,230,dummy-175
816727.459002422,250,230,dummy-175
816525.605055747,250,230,dummy-787
816534.763770699,250,230,dummy-787
816535.137291187,250,230,dummy-787
816549.977872979,250,230,dummy-787
816568.821812017,250,230,dummy-787
816586.359880956,250,230,dummy-787
816602.061016384,250,230,dummy-787
816504.956428721,250,230,dummy-589
816774.895351676,250,230,dummy-590
816773.148055971,250,230,dummy-126
816774.682701298,250,230,dummy-126
816787.888341341,250,230,dummy-126
816513.640357103,250,230,dummy-364
816759.408012702,250,230,dummy-364
816529.580994632,250,230,dummy-771
816541.234082101,250,230,dummy-771
816544.26136063,250,230,dummy-771
816550.780215491,250,230,dummy-771
816574.337621197,250,230,dummy-771
816623.075331653,250,230,dummy-771
816685.117896444,250,230,dummy-771
816698.509119131,250,230,dummy-771
816699.942580486,250,230,dummy-771
816720.695028351,250,230,dummy-771
816610.695282768,250,230,dummy-814
816662.224624594,250,230,dummy-814
816735.856171776,250,230,dummy-814
816534.847364969,250,230,dummy-690
816579.098754202,250,230,dummy-690
816581.779347924,250,230,dummy-690
816626.273499952,250,230,dummy-690
816712.995277168,250,230,dummy-690
816498.613536632,250,230,dummy-659
816536.024045271,250,230,dummy-659
816576.310548952,250,230,dummy-659
816784.635204035,250,230,dummy-659
816511.881493394,250,230,dummy-767
816512.861522194,250,230,dummy-767
816735.845376575,250,230,dummy-767
816552.100761628,250,230,dummy-489
816637.713797233,250,230,dummy-489
816674.211986189,250,230,dummy-489
816722.834538274,250,230,dummy-489
816763.637083151,250,230,dummy-489
816777.397436903,250,230,dummy-489
816515.808215052,250,230,dummy-710
816569.742481005,250,230,dummy-710
816587.484477258,250,230,dummy-710
816513.547581886,250,230,dummy-465
816533.879328777,250,230,dummy-465
816756.66076943,250,230,dummy-465
816638.193648066,250,230,dummy-127
816756.979099875,250,230,dummy-127
816559.832239027,250,230,dummy-747
816614.321491136,250,230,dummy-747
816621.268751344,250,230,dummy-747
816661.175437927,250,230,dummy-747
816738.535116999,250,230,dummy-747
816517.08875155,250,230,dummy-352
816529.324128443,250,230,dummy-352
816640.062549715,250,230,dummy-326
816721.371019867,250,230,dummy-326
816744.165773236,250,230,dummy-326
816508.37063475,250,230,dummy-296
816535.865448236,250,230,dummy-296
816600.693201733,250,230,dummy-296
816698.259238768,250,230,dummy-296
816742.929012867,250,230,dummy-296
816784.221660668,250,230,dummy-296
816557.279988023,250,230,dummy-48
816584.835998421,250,230,dummy-48
816610.381200946,250,230,dummy-48
816613.581786873,250,230,dummy-48
816655.773788434,250,230,dummy-48
816688.909342192,250,230,dummy-48
816738.4653886,250,230,dummy-48
816751.209740448,250,230,dummy-48
816728.617200565,250,230,dummy-67
816740.805955611,250,230,dummy-67
816775.402754496,250,230,dummy-67
816789.564870134,250,230,dummy-67
816498.560576911,250,230,dummy-698
816604.288300082,250,230,dummy-698
816605.035008034,250,230,dummy-698
816594.427480315,250,230,dummy-366
816556.61713891,250,230,dummy-36
816587.644769282,250,230,dummy-36
816704.069383165,250,230,dummy-36
816590.701692551,250,230,dummy-554
816646.556788303,250,230,dummy-554
816683.029541972,250,230,dummy-554
816728.653489933,250,230,dummy-554
816742.718943649,250,230,dummy-554
816743.538443771,250,230,dummy-554
816511.21881055,250,230,dummy-492
816715.610009416,250,230,dummy-492
816769.945600522,250,230,dummy-492
816554.875960079,250,230,dummy-564
816753.431750028,250,230,dummy-564
816764.176030849,250,230,dummy-564
816766.163475966,250,230,dummy-564
816505.513306412,250,230,dummy-314
816563.786637526,250,230,dummy-314
816670.986948681,250,230,dummy-314
816704.928560219,250,230,dummy-314
816714.834144755,250,230,dummy-314
816754.278935483,250,230,dummy-314
816768.502833631,250,230,dummy-453
816527.38039726,250,230,dummy-134
816667.648055371,250,230,dummy-134
816568.375619518,250,230,dummy-542
816534.892559824,250,230,dummy-240
816622.192384339,250,230,dummy-240
816658.649207108,250,230,dummy-240
816666.306395447,250,230,dummy-240
816781.77450722,250,230,dummy-240
816515.906415073,250,230,dummy-648
816541.292463662,250,230,dummy-468
816680.034604239,250,230,dummy-468
816647.779266965,250,230,dummy-342
816671.80064298,250,230,dummy-342
816684.422745092,250,230,dummy-342
816696.14527184,250,230,dummy-342
816655.617033764,250,230,dummy-481
816678.40172584,250,230,dummy-481
816679.268774345,250,230,dummy-481
816709.872817844,250,230,dummy-481
816720.867741968,250,230,dummy-481
816759.386864697,250,230,dummy-481
816527.919900006,250,230,dummy-560
816706.49562243,250,230,dummy-560
816730.221760755,250,230,dummy-560
816752.132748114,250,230,dummy-560
816515.960213509,250,230,dummy-93
816527.042401492,250,230,dummy-93
816557.49138638,250,230,dummy-93
816645.50212906,250,230,dummy-93
816672.504292651,250,230,dummy-93
816680.250249177,250,230,dummy-93
816749.66684675,250,230,dummy-93
816646.941316189,250,230,dummy-523
816661.413963726,250,230,dummy-523
816702.669857912,250,230,dummy-523
816518.249159872,250,230,dummy-117
816542.949643482,250,230,dummy-117
816637.706991628,250,230,dummy-117
816733.052551231,250,230,dummy-117
816778.62890271,250,230,dummy-117
816523.082769696,250,230,dummy-288
816569.665478618,250,230,dummy-288
816795.058908114,250,230,dummy-417
816502.012806161,250,230,dummy-753
816529.402527372,250,230,dummy-753
816625.012738611,250,230,dummy-753
816647.84468489,250,230,dummy-753
816692.459665751,250,230,dummy-753
816772.544487176,250,230,dummy-753
816532.221557817,250,230,dummy-705
816561.737090778,250,230,dummy-705
816732.027271874,250,230,dummy-705
816771.323095116,250,230,dummy-705
816793.316044758,250,230,dummy-705
816587.288225594,250,230,dummy-76
816650.096259145,250,230,dummy-76
816675.643027851,250,230,dummy-76
816780.77518935,250,230,dummy-76
816704.253598085,250,230,dummy-217
816549.12878161,250,230,dummy-799
816631.805666662,250,230,dummy-799
816761.072452599,250,230,dummy-799
816782.667011103,250,230,dummy-799
816793.109902147,250,230,dummy-799
816573.828567979,250,230,dummy-20
816591.433347054,250,230,dummy-20
816666.300591637,250,230,dummy-20
816618.738867998,250,230,dummy-68
816694.169295228,250,230,dummy-68
816723.35729398,250,230,dummy-68
816642.649905037,250,230,dummy-138
816653.314749811,250,230,dummy-138
816677.851038847,250,230,dummy-138
816701.868537886,250,230,dummy-138
816578.620451234,250,230,dummy-114
816592.872726995,250,230,dummy-114
816621.602717073,250,230,dummy-114
816663.681009569,250,230,dummy-114
816687.797234738,250,230,dummy-114
816717.051187073,250,230,dummy-114
816741.199438041,250,230,dummy-114
816767.51512334,250,230,dummy-114
816522.27913972,250,230,dummy-2
816734.258960841,250,230,dummy-2
816543.745952734,250,230,dummy-61
816578.937285742,250,230,dummy-61
816763.687404319,250,230,dummy-61
816770.952810352,250,230,dummy-61
816772.348762133,250,230,dummy-61
