arrival_time,input_tokens,output_tokens,adapter
816339.624844877,250,230,dummy-772
816490.517209022,250,230,dummy-772
816500.779913167,250,230,dummy-772
816507.181072266,250,230,dummy-772
816520.945811016,250,230,dummy-772
816553.620205225,250,230,dummy-772
816568.823716735,250,230,dummy-772
816361.695730202,250,230,dummy-283
816487.918732989,250,230,dummy-283
816601.039660421,250,230,dummy-283
816365.032539186,250,230,dummy-448
816461.49215054,250,230,dummy-448
816609.915299766,250,230,dummy-448
816330.925131328,250,230,dummy-683
816465.435969074,250,230,dummy-683
816323.396436483,250,230,dummy-323
816544.715747971,250,230,dummy-323
816547.909517872,250,230,dummy-323
816573.350477441,250,230,dummy-323
816361.974045275,250,230,dummy-228
816425.650038549,250,230,dummy-228
816430.499366395,250,230,dummy-228
816430.884478602,250,230,dummy-228
816526.702450249,250,230,dummy-228
816537.256956679,250,230,dummy-228
816343.359358611,250,230,dummy-414
816612.741861387,250,230,dummy-414
816446.449329977,250,230,dummy-796
816466.048476382,250,230,dummy-796
816597.118291585,250,230,dummy-796
816483.843141855,250,230,dummy-325
816554.996231234,250,230,dummy-325
816567.855621259,250,230,dummy-749
816332.270412598,250,230,dummy-321
816348.127614763,250,230,dummy-321
816334.833391174,250,230,dummy-350
816363.84773562,250,230,dummy-350
816391.729798209,250,230,dummy-350
816509.231376806,250,230,dummy-350
816562.978420792,250,230,dummy-350
816424.390873697,250,230,dummy-662
816488.169205578,250,230,dummy-662
816507.677705432,250,230,dummy-662
816614.953839569,250,230,dummy-662
816620.451838027,250,230,dummy-662
816375.97470518,250,230,dummy-603
816461.587063436,250,230,dummy-603
816498.084612993,250,230,dummy-603
816546.707109958,250,230,dummy-603
816587.510278987,250,230,dummy-603
816601.271342985,250,230,dummy-603
816352.585523265,250,230,dummy-365
816558.177343851,250,230,dummy-365
816572.913435838,250,230,dummy-365
816607.888170429,250,230,dummy-365
816395.708008647,250,230,dummy-653
816562.508723406,250,230,dummy-653
816502.596803471,250,230,dummy-618
816521.295010364,250,230,dummy-618
816576.326994507,250,230,dummy-618
816578.517118003,250,230,dummy-618
816608.890308203,250,230,dummy-618
816346.647625162,250,230,dummy-243
816392.785454424,250,230,dummy-243
816441.000197336,250,230,dummy-243
816578.04703225,250,230,dummy-243
816360.722570485,250,230,dummy-212
816474.293178897,250,230,dummy-212
816526.38899806,250,230,dummy-212
816606.556346252,250,230,dummy-212
816326.225801932,250,230,dummy-106
816338.433014132,250,230,dummy-106
816380.863590087,250,230,dummy-106
816392.971172522,250,230,dummy-106
816405.652788046,250,230,dummy-106
816450.147118695,250,230,dummy-106
816536.868745103,250,230,dummy-106
816361.781647465,250,230,dummy-226
816390.39109658,250,230,dummy-226
816453.717603088,250,230,dummy-226
816510.121299535,250,230,dummy-226
816525.77512797,250,230,dummy-226
816558.005802337,250,230,dummy-226
816573.136245496,250,230,dummy-226
816355.636849041,250,230,dummy-604
816443.899843079,250,230,dummy-604
816465.559829031,250,230,dummy-604
816509.499549996,250,230,dummy-604
816557.781673873,250,230,dummy-604
816563.350381712,250,230,dummy-604
816571.771922118,250,230,dummy-604
816556.496850677,250,230,dummy-587
816575.347118284,250,230,dummy-587
816604.159889642,250,230,dummy-587
816391.799806266,250,230,dummy-142
816508.999511324,250,230,dummy-142
816531.482032521,250,230,dummy-142
816617.855589736,250,230,dummy-142
816329.89595684,250,230,dummy-477
816333.042430969,250,230,dummy-477
816382.186392576,250,230,dummy-477
816420.206958433,250,230,dummy-477
816468.644177431,250,230,dummy-477
816491.015834751,250,230,dummy-477
816567.465383824,250,230,dummy-477
816428.477539912,250,230,dummy-510
816528.703597449,250,230,dummy-510
816565.521333636,250,230,dummy-510
816357.215659483,250,230,dummy-384
816436.144502459,250,230,dummy-384
816474.345386153,250,230,dummy-384
816441.596706893,250,230,dummy-4
816478.013371374,250,230,dummy-4
816537.836673794,250,230,dummy-4
816547.582664572,250,230,dummy-4
816333.737257216,250,230,dummy-98
816502.809986998,250,230,dummy-98
816330.791227503,250,230,dummy-136
816343.881208373,250,230,dummy-136
816402.71234298,250,230,dummy-136
816507.008523998,250,230,dummy-136
816582.167089129,250,230,dummy-136
816599.834974699,250,230,dummy-136
816324.590691187,250,230,dummy-738
816378.756682728,250,230,dummy-738
816404.104119363,250,230,dummy-738
816422.37179896,250,230,dummy-738
816432.419771565,250,230,dummy-738
816534.600334979,250,230,dummy-738
816542.467814554,250,230,dummy-738
816343.679778208,250,230,dummy-439
816352.905294909,250,230,dummy-439
816423.874356918,250,230,dummy-439
816426.008935688,250,230,dummy-439
816433.76952368,250,230,dummy-439
816478.294614413,250,230,dummy-439
816620.480879535,250,230,dummy-439
816340.355832698,250,230,dummy-568
816374.819009822,250,230,dummy-568
816374.855254331,250,230,dummy-656
816435.937532037,250,230,dummy-656
816460.895163171,250,230,dummy-656
816467.398757386,250,230,dummy-656
816610.574867346,250,230,dummy-656
816358.721382959,250,230,dummy-251
816402.972211395,250,230,dummy-251
816405.652810165,250,230,dummy-251
816407.641731751,250,230,dummy-251
816504.874243286,250,230,dummy-251
816532.427721554,250,230,dummy-251
816544.122008789,250,230,dummy-251
816592.582563878,250,230,dummy-251
816605.118203893,250,230,dummy-251
816376.038289796,250,230,dummy-229
816425.489691377,250,230,dummy-229
816450.53103784,250,230,dummy-229
816457.243133688,250,230,dummy-229
816503.592718764,250,230,dummy-229
816358.244121231,250,230,dummy-28
816471.554551782,250,230,dummy-28
816483.806343761,250,230,dummy-28
816526.410850908,250,230,dummy-28
816331.008576363,250,230,dummy-367
816428.865756914,250,230,dummy-367
816543.300795091,250,230,dummy-367
816363.813018308,250,230,dummy-262
816525.275659466,250,230,dummy-262
816531.046554696,250,230,dummy-262
816341.617074761,250,230,dummy-421
816495.137491391,250,230,dummy-421
816503.284732618,250,230,dummy-421
816521.059396259,250,230,dummy-421
816560.958145978,250,230,dummy-421
816561.459269403,250,230,dummy-421
816329.334143368,250,230,dummy-682
816359.551513435,250,230,dummy-682
816343.062190378,250,230,dummy-222
816343.488526032,250,230,dummy-222
816343.542494659,250,230,dummy-222
816369.637152326,250,230,dummy-222
816600.27652785,250,230,dummy-222
816362.0355952,250,230,dummy-614
816413.329703858,250,230,dummy-614
816476.672040349,250,230,dummy-614
816526.635193331,250,230,dummy-614
816343.590746899,250,230,dummy-706
816360.04526011,250,230,dummy-706
816433.012880938,250,230,dummy-706
816461.880688626,250,230,dummy-706
816520.026466929,250,230,dummy-706
816556.700536478,250,230,dummy-706
816385.210020993,250,230,dummy-518
816424.290620906,250,230,dummy-553
816481.743217721,250,230,dummy-553
816484.147904936,250,230,dummy-553
816485.522519787,250,230,dummy-553
816551.028815653,250,230,dummy-553
816561.662997004,250,230,dummy-553
816349.477897027,250,230,dummy-263
816358.636445902,250,230,dummy-263
816359.010136541,250,230,dummy-263
816373.85102897,250,230,dummy-263
816392.695753679,250,230,dummy-263
816410.233521921,250,230,dummy-263
816425.934690256,250,230,dummy-263
816410.109554021,250,230,dummy-187
816470.298664257,250,230,dummy-187
816575.884021531,250,230,dummy-187
816619.296101755,250,230,dummy-187
816331.979674566,250,230,dummy-437
816467.058554866,250,230,dummy-437
816342.898158504,250,230,dummy-161
816443.360629893,250,230,dummy-161
816446.949465659,250,230,dummy-161
816508.991719591,250,230,dummy-161
816522.381808256,250,230,dummy-161
816523.815152254,250,230,dummy-161
816544.56768231,250,230,dummy-161
816547.870124518,250,230,dummy-538
816561.984860173,250,230,dummy-538
816564.24577269,250,230,dummy-538
816477.288060729,250,230,dummy-640
816528.446184759,250,230,dummy-640
816612.083678656,250,230,dummy-640
816347.666669439,250,230,dummy-466
816500.406918102,250,230,dummy-466
816514.215717986,250,230,dummy-466
816536.000261573,250,230,dummy-466
816421.732496829,250,230,dummy-825
816495.073462422,250,230,dummy-825
816553.641225602,250,230,dummy-825
816603.296996889,250,230,dummy-825
816371.82619278,250,230,dummy-118
816401.929472305,250,230,dummy-118
816460.122465203,250,230,dummy-118
816580.080290212,250,230,dummy-118
816321.57389348,250,230,dummy-74
816325.622780767,250,230,dummy-74
816360.994966891,250,230,dummy-74
816519.199086561,250,230,dummy-74
816519.605158789,250,230,dummy-74
816379.963461958,250,230,dummy-601
816397.461736786,250,230,dummy-601
816418.995163115,250,230,dummy-601
816495.481097265,250,230,dummy-601
816618.019407617,250,230,dummy-601
816580.136207204,250,230,dummy-605
816600.597869353,250,230,dummy-605
816334.911548293,250,230,dummy-635
816538.707799685,250,230,dummy-635
816348.180957086,250,230,dummy-363
816422.151886807,250,230,dummy-363
816431.012343952,250,230,dummy-363
816446.532452928,250,230,dummy-363
816549.542803668,250,230,dummy-363
816553.484859679,250,230,dummy-363
816568.785867087,250,230,dummy-363
816603.429654569,250,230,dummy-363
816421.017907931,250,230,dummy-764
816495.973304172,250,230,dummy-764
816356.094948644,250,230,dummy-467
816385.610310553,250,230,dummy-467
816555.899961738,250,230,dummy-467
816595.195771413,250,230,dummy-467
816617.188776339,250,230,dummy-467
816565.193689756,250,230,dummy-774
816455.918032319,250,230,dummy-743
816460.046255243,250,230,dummy-743
816485.912342962,250,230,dummy-743
816550.408899583,250,230,dummy-743
816344.295604987,250,230,dummy-227
816502.230574228,250,230,dummy-227
816507.932409911,250,230,dummy-227
816578.911205561,250,230,dummy-227
816347.41259233,250,230,dummy-534
816406.475610912,250,230,dummy-534
816428.217863502,250,230,dummy-534
816488.977362055,250,230,dummy-534
816326.671890788,250,230,dummy-210
816381.833691874,250,230,dummy-210
816419.359843535,250,230,dummy-210
816430.791497902,250,230,dummy-210
816440.466545965,250,230,dummy-210
816528.001898899,250,230,dummy-210
816574.100113548,250,230,dummy-210
816362.528227261,250,230,dummy-408
816374.570996124,250,230,dummy-408
816402.96320244,250,230,dummy-408
816554.568634426,250,230,dummy-408
816556.036577489,250,230,dummy-408
816354.594421059,250,230,dummy-445
816438.474659598,250,230,dummy-445
816355.061898742,250,230,dummy-559
816548.997971565,250,230,dummy-559
816322.91037952,250,230,dummy-810
816417.686713265,250,230,dummy-810
816436.817023361,250,230,dummy-810
816477.176551164,250,230,dummy-810
816558.797801117,250,230,dummy-449
816582.987103042,250,230,dummy-449
816604.095664379,250,230,dummy-449
816607.594788851,250,230,dummy-449
816326.120397578,250,230,dummy-646
816359.913603093,250,230,dummy-646
816608.833851768,250,230,dummy-646
816438.715858039,250,230,dummy-665
816438.722608962,250,230,dummy-665
816462.191109192,250,230,dummy-665
816503.899396201,250,230,dummy-665
816412.183072873,250,230,dummy-581
816424.644873287,250,230,dummy-581
816521.298939413,250,230,dummy-581
816542.665592967,250,230,dummy-581
816584.286905376,250,230,dummy-581
816588.073336968,250,230,dummy-581
816395.215688741,250,230,dummy-14
816500.600898212,250,230,dummy-14
816542.748108395,250,230,dummy-14
816614.671728092,250,230,dummy-14
816327.659013122,250,230,dummy-423
816332.557654407,250,230,dummy-423
816486.27439841,250,230,dummy-423
816581.168767788,250,230,dummy-423
816388.491716868,250,230,dummy-450
816547.256842455,250,230,dummy-450
816570.110635507,250,230,dummy-450
816595.164968318,250,230,dummy-450
816605.886566165,250,230,dummy-450
816334.875495942,250,230,dummy-832
816406.411926265,250,230,dummy-832
816479.962459833,250,230,dummy-832
816495.940610465,250,230,dummy-832
816576.081450746,250,230,dummy-832
816340.456529979,250,230,dummy-660
816363.941129751,250,230,dummy-660
816490.899534659,250,230,dummy-660
816506.587402608,250,230,dummy-660
816618.471031491,250,230,dummy-660
816327.210719273,250,230,dummy-143
816370.335694561,250,230,dummy-143
816432.466617315,250,230,dummy-143
816484.797814058,250,230,dummy-143
816534.182256945,250,230,dummy-143
816323.876839716,250,230,dummy-736
816588.052357439,250,230,dummy-736
816412.443400943,250,230,dummy-594
816545.717120474,250,230,dummy-594
816550.274947835,250,230,dummy-594
816588.420286395,250,230,dummy-594
816596.872996785,250,230,dummy-594
816614.807378716,250,230,dummy-594
816358.148851784,250,230,dummy-380
816407.180083285,250,230,dummy-380
816424.209172421,250,230,dummy-380
816534.106593617,250,230,dummy-380
816538.700106807,250,230,dummy-380
816343.461455111,250,230,dummy-699
816356.654550388,250,230,dummy-699
816491.744947238,250,230,dummy-699
816358.765784513,250,230,dummy-606
816446.06533856,250,230,dummy-606
816482.52363451,250,230,dummy-606
816490.181165919,250,230,dummy-606
816605.649885302,250,230,dummy-606
816325.40785515,250,230,dummy-376
816355.856594587,250,230,dummy-376
816357.429386753,250,230,dummy-376
816476.147080314,250,230,dummy-376
816381.162571273,250,230,dummy-225
816384.2661412,250,230,dummy-225
816448.323997471,250,230,dummy-225
816409.786236722,250,230,dummy-347
816557.306388169,250,230,dummy-347
816568.180764962,250,230,dummy-347
816607.670205426,250,230,dummy-347
816608.088346675,250,230,dummy-347
816610.746873338,250,230,dummy-347
816405.636693808,250,230,dummy-745
816436.690674604,250,230,dummy-745
816498.293346551,250,230,dummy-745
816506.075939041,250,230,dummy-745
816551.663649963,250,230,dummy-745
816582.337462482,250,230,dummy-745
816330.77716054,250,230,dummy-99
816359.105256706,250,230,dummy-99
816372.223375298,250,230,dummy-99
816425.645155921,250,230,dummy-99
816436.765309173,250,230,dummy-99
816342.205080262,250,230,dummy-121
816395.098832121,250,230,dummy-121
816474.523115795,250,230,dummy-121
816495.662870426,250,230,dummy-121
816596.065679729,250,230,dummy-121
816377.336697578,250,230,dummy-180
816386.121453971,250,230,dummy-180
816430.864235972,250,230,dummy-180
816533.282401573,250,230,dummy-180
816395.517678394,250,230,dummy-327
816515.939748224,250,230,dummy-327
816551.334558426,250,230,dummy-327
816424.814571513,250,230,dummy-526
816430.477954263,250,230,dummy-526
816441.585241271,250,230,dummy-526
816539.331940854,250,230,dummy-526
816458.56442676,250,230,dummy-823
816487.505811175,250,230,dummy-823
816423.364698659,250,230,dummy-169
816432.935513729,250,230,dummy-169
816507.254294518,250,230,dummy-169
816594.764560888,250,230,dummy-169
816596.164562965,250,230,dummy-169
816340.132626791,250,230,dummy-817
816608.155318527,250,230,dummy-817
816609.740383361,250,230,dummy-817
816326.751358721,250,230,dummy-370
816488.017723844,250,230,dummy-370
816593.691557577,250,230,dummy-370
816348.00732995,250,230,dummy-504
816427.728353583,250,230,dummy-504
816502.871935936,250,230,dummy-504
816587.320230222,250,230,dummy-504
816596.175316724,250,230,dummy-504
816412.532778056,250,230,dummy-165
816491.589913629,250,230,dummy-165
816526.449988011,250,230,dummy-165
816403.919337119,250,230,dummy-156
816404.21720107,250,230,dummy-156
816576.980803667,250,230,dummy-156
816593.072614741,250,230,dummy-156
816616.099050234,250,230,dummy-156
816400.259162305,250,230,dummy-333
816476.485571516,250,230,dummy-333
816580.754321867,250,230,dummy-333
816359.228885057,250,230,dummy-506
816429.801870799,250,230,dummy-506
816472.527179102,250,230,dummy-506
816327.568511738,250,230,dummy-244
816346.57427441,250,230,dummy-244
816397.730883966,250,230,dummy-244
816457.848197303,250,230,dummy-244
816477.475087647,250,230,dummy-244
816612.734983056,250,230,dummy-244
816525.382074187,250,230,dummy-319
816551.067625893,250,230,dummy-319
816557.797704615,250,230,dummy-319
816560.694692293,250,230,dummy-319
816462.196642493,250,230,dummy-116
816455.363425447,250,230,dummy-573
816516.033301257,250,230,dummy-573
816374.447247524,250,230,dummy-10
816383.041370365,250,230,dummy-10
816528.158798833,250,230,dummy-10
816560.427810581,250,230,dummy-10
816612.221609149,250,230,dummy-10
816377.625416396,250,230,dummy-532
816568.41476378,250,230,dummy-532
816343.128563901,250,230,dummy-547
816400.397737042,250,230,dummy-547
816420.428202266,250,230,dummy-547
816336.297855895,250,230,dummy-490
816392.855438384,250,230,dummy-490
816590.449337977,250,230,dummy-490
816441.410259218,250,230,dummy-657
816469.410768685,250,230,dummy-657
816344.966131744,250,230,dummy-405
816355.218603472,250,230,dummy-405
816392.121928548,250,230,dummy-405
816462.81211377,250,230,dummy-405
816532.533389722,250,230,dummy-405
816585.645833239,250,230,dummy-405
816323.018828137,250,230,dummy-766
816422.176317343,250,230,dummy-766
816429.154866158,250,230,dummy-766
816439.852525824,250,230,dummy-766
816570.561078328,250,230,dummy-766
816365.269728186,250,230,dummy-717
816370.657001921,250,230,dummy-717
816379.185379568,250,230,dummy-717
816454.012738414,250,230,dummy-717
816397.899980369,250,230,dummy-144
816419.886719626,250,230,dummy-144
816426.649238105,250,230,dummy-144
816565.627694471,250,230,dummy-144
816579.610947496,250,230,dummy-144
816608.229632479,250,230,dummy-144
816375.432961279,250,230,dummy-137
816384.458187779,250,230,dummy-137
816388.185007084,250,230,dummy-137
816405.43970696,250,230,dummy-137
816414.734836366,250,230,dummy-137
816580.632760583,250,230,dummy-137
816581.015704669,250,230,dummy-137
816434.042066577,250,230,dummy-349
816459.012767911,250,230,dummy-349
816491.048425658,250,230,dummy-349
816547.578286922,250,230,dummy-349
816615.178380448,250,230,dummy-349
816329.586223401,250,230,dummy-373
816394.297328116,250,230,dummy-373
816486.586387871,250,230,dummy-373
816490.126045833,250,230,dummy-373
816576.946806853,250,230,dummy-373
816598.76881368,250,230,dummy-392
816369.563521094,250,230,dummy-795
816439.010467422,250,230,dummy-795
816448.780643579,250,230,dummy-795
816478.63436168,250,230,dummy-795
816409.971109033,250,230,dummy-159
816461.795549406,250,230,dummy-159
816524.407833642,250,230,dummy-159
816558.703350914,250,230,dummy-159
816339.285543822,250,230,dummy-216
816420.934655112,250,230,dummy-216
816584.214352605,250,230,dummy-216
816455.412943091,250,230,dummy-744
816357.262058926,250,230,dummy-362
816413.108933332,250,230,dummy-362
816439.17336156,250,230,dummy-362
816476.845041119,250,230,dummy-362
816489.0849882,250,230,dummy-362
816525.699734457,250,230,dummy-362
816557.838122259,250,230,dummy-362
816601.452907061,250,230,dummy-362
816370.017376161,250,230,dummy-454
816372.470647231,250,230,dummy-454
816382.548344281,250,230,dummy-454
816403.224107154,250,230,dummy-454
816432.932910842,250,230,dummy-454
816456.003728464,250,230,dummy-454
816479.766633395,250,230,dummy-454
816514.52719281,250,230,dummy-454
816571.661735552,250,230,dummy-454
816501.774214923,250,230,dummy-293
816491.016392675,250,230,dummy-284
816358.387772979,250,230,dummy-636
816367.239389266,250,230,dummy-636
816395.305604572,250,230,dummy-636
816571.969883285,250,230,dummy-636
816580.067267465,250,230,dummy-636
816580.289478061,250,230,dummy-636
816582.324685291,250,230,dummy-636
816364.592377275,250,230,dummy-470
816464.141124485,250,230,dummy-470
816325.49708434,250,230,dummy-192
816372.872120908,250,230,dummy-192
816434.504811872,250,230,dummy-192
816538.147867205,250,230,dummy-192
816567.598115673,250,230,dummy-192
816325.331849643,250,230,dummy-336
816356.926790478,250,230,dummy-336
816488.766586959,250,230,dummy-336
816515.443383646,250,230,dummy-336
816541.0203151,250,230,dummy-336
816593.060749853,250,230,dummy-336
816340.35027534,250,230,dummy-826
816442.013421612,250,230,dummy-826
816469.703841336,250,230,dummy-826
816486.588842228,250,230,dummy-826
816615.649755918,250,230,dummy-826
816380.81960345,250,230,dummy-486
816432.245597591,250,230,dummy-486
816475.06139767,250,230,dummy-486
816510.904500286,250,230,dummy-486
816561.42748024,250,230,dummy-486
816579.246678513,250,230,dummy-486
816606.399088703,250,230,dummy-486
816457.257047536,250,230,dummy-496
816458.10875188,250,230,dummy-496
816518.54554308,250,230,dummy-496
816549.534224686,250,230,dummy-458
816598.575054381,250,230,dummy-458
816617.753442298,250,230,dummy-458
816405.406483668,250,230,dummy-668
816457.96125665,250,230,dummy-668
816461.340291565,250,230,dummy-668
816479.293348033,250,230,dummy-668
816521.091743459,250,230,dummy-668
816585.252995705,250,230,dummy-668
816337.115563335,250,230,dummy-443
816337.925514,250,230,dummy-443
816365.050256048,250,230,dummy-443
816536.750425434,250,230,dummy-443
816568.030401123,250,230,dummy-443
816576.050037306,250,230,dummy-443
816422.670793475,250,230,dummy-619
816581.498943574,250,230,dummy-619
816369.802623072,250,230,dummy-765
816389.667171513,250,230,dummy-765
816536.595850531,250,230,dummy-765
816563.426013559,250,230,dummy-765
816568.478881633,250,230,dummy-765
816385.658864568,250,230,dummy-287
816450.602623757,250,230,dummy-287
816513.106444693,250,230,dummy-287
816524.635698215,250,230,dummy-287
816572.12602669,250,230,dummy-287
816596.602452351,250,230,dummy-287
816536.467692854,250,230,dummy-790
816563.56285587,250,230,dummy-790
816618.932878501,250,230,dummy-800
816479.491338341,250,230,dummy-213
816502.276730748,250,230,dummy-213
816503.144208855,250,230,dummy-213
816533.747896539,250,230,dummy-213
816544.741623933,250,230,dummy-213
816583.261008937,250,230,dummy-213
816349.98541379,250,230,dummy-374
816406.458777778,250,230,dummy-374
816550.405309566,250,230,dummy-374
816413.339545985,250,230,dummy-286
816441.148275009,250,230,dummy-286
816593.254041221,250,230,dummy-286
816357.106511581,250,230,dummy-275
816361.296612257,250,230,dummy-275
816442.722072228,250,230,dummy-275
816349.987030339,250,230,dummy-498
816384.437805649,250,230,dummy-498
816455.50559645,250,230,dummy-498
816531.735774507,250,230,dummy-498
816543.756462812,250,230,dummy-498
816329.782002968,250,230,dummy-624
816433.227926136,250,230,dummy-624
816447.126230975,250,230,dummy-624
816450.882754711,250,230,dummy-624
816526.660774791,250,230,dummy-624
816369.374464751,250,230,dummy-451
816455.673340279,250,230,dummy-451
816515.749461074,250,230,dummy-451
816578.028265926,250,230,dummy-451
816340.047419343,250,230,dummy-7
816570.428002524,250,230,dummy-7
816599.59095977,250,230,dummy-7
816375.752345691,250,230,dummy-372
816403.846222064,250,230,dummy-372
816438.79115279,250,230,dummy-372
816549.408656387,250,230,dummy-372
816581.993162341,250,230,dummy-372
816458.465368735,250,230,dummy-400
816528.759294366,250,230,dummy-400
816580.156266724,250,230,dummy-400
816339.682213431,250,230,dummy-831
816393.616449012,250,230,dummy-831
816411.357829382,250,230,dummy-831
816484.16344251,250,230,dummy-776
816522.145761243,250,230,dummy-776
816349.958483392,250,230,dummy-487
816375.868408105,250,230,dummy-487
816430.27290064,250,230,dummy-487
816459.377023914,250,230,dummy-487
816485.303264033,250,230,dummy-487
816550.714733802,250,230,dummy-487
816389.264716026,250,230,dummy-446
816540.41534709,250,230,dummy-446
816445.240099235,250,230,dummy-378
816490.9091985,250,230,dummy-378
816398.700987279,250,230,dummy-37
816463.510686615,250,230,dummy-37
816592.691308612,250,230,dummy-37
816488.263526033,250,230,dummy-355
816393.535768151,250,230,dummy-303
816422.674356302,250,230,dummy-303
816446.148357047,250,230,dummy-303
816570.186008169,250,230,dummy-303
816599.405286476,250,230,dummy-303
816320.986524778,250,230,dummy-664
816425.110575222,250,230,dummy-664
816451.968161943,250,230,dummy-664
816366.158835216,250,230,dummy-808
816483.107871812,250,230,dummy-808
816551.862444735,250,230,dummy-808
816620.475137159,250,230,dummy-808
816365.166014899,250,230,dummy-3
816503.909030748,250,230,dummy-3
816540.64186771,250,230,dummy-358
816609.636111642,250,230,dummy-358
816358.289648899,250,230,dummy-397
816376.50499746,250,230,dummy-397
816549.367862954,250,230,dummy-397
816616.411044304,250,230,dummy-397
816620.686516545,250,230,dummy-397
816330.052618993,250,230,dummy-679
816349.60999776,250,230,dummy-679
816441.702402987,250,230,dummy-679
816481.95928674,250,230,dummy-679
816535.032012196,250,230,dummy-679
816366.231785382,250,230,dummy-360
816387.926768186,250,230,dummy-360
816516.628589944,250,230,dummy-360
816528.483783726,250,230,dummy-360
816525.139018627,250,230,dummy-476
816554.714569766,250,230,dummy-476
816332.398915652,250,230,dummy-329
816384.723763039,250,230,dummy-329
816502.972786859,250,230,dummy-329
816559.130406204,250,230,dummy-329
816344.885722074,250,230,dummy-578
816379.872109875,250,230,dummy-578
816410.705985385,250,230,dummy-578
816455.935290306,250,230,dummy-578
816499.639691476,250,230,dummy-578
816504.434949808,250,230,dummy-578
816593.972429344,250,230,dummy-578
816379.991920939,250,230,dummy-387
816469.056627918,250,230,dummy-387
816530.230555425,250,230,dummy-387
816530.857984111,250,230,dummy-387
816534.323844692,250,230,dummy-387
816348.580481185,250,230,dummy-340
816348.746644058,250,230,dummy-340
816380.837734811,250,230,dummy-340
816438.688319834,250,230,dummy-340
816552.13614187,250,230,dummy-340
816409.005724917,250,230,dummy-65
816496.726391711,250,230,dummy-65
816597.436700668,250,230,dummy-65
816601.757382477,250,230,dummy-65
816604.12138442,250,230,dummy-65
816324.136295584,250,230,dummy-655
816336.931455923,250,230,dummy-655
816408.824035421,250,230,dummy-655
816583.347593207,250,230,dummy-655
816599.820923333,250,230,dummy-655
816367.985930069,250,230,dummy-751
816374.247996986,250,230,dummy-751
816378.309868526,250,230,dummy-751
816431.159044024,250,230,dummy-751
816459.46204319,250,230,dummy-751
816509.209944319,250,230,dummy-751
816530.390618175,250,230,dummy-751
816596.919047183,250,230,dummy-751
816322.302262653,250,230,dummy-381
816493.460892124,250,230,dummy-381
816537.193441039,250,230,dummy-381
816353.39861882,250,230,dummy-607
816584.891449812,250,230,dummy-607
816323.820409507,250,230,dummy-456
816397.167133411,250,230,dummy-456
816525.505177319,250,230,dummy-456
816562.137866832,250,230,dummy-388
816412.918617494,250,230,dummy-330
816478.801512261,250,230,dummy-330
816497.133490253,250,230,dummy-330
816546.590877658,250,230,dummy-330
816328.075485406,250,230,dummy-562
816360.650150349,250,230,dummy-562
816384.672084989,250,230,dummy-562
816458.23171618,250,230,dummy-562
816342.123586209,250,230,dummy-667
816366.8236726,250,230,dummy-667
816461.581039464,250,230,dummy-667
816556.925544421,250,230,dummy-667
816602.50205702,250,230,dummy-667
816362.923870257,250,230,dummy-620
816401.524854561,250,230,dummy-620
816418.258648577,250,230,dummy-620
816465.308825046,250,230,dummy-620
816518.931893271,250,230,dummy-620
816545.042795136,250,230,dummy-620
816434.873338806,250,230,dummy-440
816467.9354094,250,230,dummy-440
816534.454491052,250,230,dummy-440
816559.378925165,250,230,dummy-440
816561.923573439,250,230,dummy-440
816578.307321401,250,230,dummy-440
816379.352133264,250,230,dummy-631
816601.368851391,250,230,dummy-631
816601.515535209,250,230,dummy-631
816490.053297189,250,230,dummy-511
816507.030763929,250,230,dummy-511
816392.70447584,250,230,dummy-493
816503.163830943,250,230,dummy-493
816579.354678752,250,230,dummy-493
816595.927805268,250,230,dummy-493
816326.116503105,250,230,dummy-338
816453.127274723,250,230,dummy-338
816515.289071673,250,230,dummy-338
816541.635860989,250,230,dummy-338
816588.879416111,250,230,dummy-338
816603.944485613,250,230,dummy-338
816391.641624171,250,230,dummy-540
816470.818190277,250,230,dummy-540
816549.374056535,250,230,dummy-540
816567.463980022,250,230,dummy-540
816478.544132006,250,230,dummy-572
816553.701448795,250,230,dummy-572
816599.131290137,250,230,dummy-572
816439.727710216,250,230,dummy-38
816479.538577065,250,230,dummy-38
816496.682262199,250,230,dummy-38
816589.228520364,250,230,dummy-38
816404.288428237,250,230,dummy-591
816536.330697164,250,230,dummy-591
816543.218744253,250,230,dummy-591
816573.671700181,250,230,dummy-591
816580.943821865,250,230,dummy-591
816608.82381267,250,230,dummy-591
816388.87541332,250,230,dummy-317
816423.17450756,250,230,dummy-317
816558.916877648,250,230,dummy-317
816599.47297484,250,230,dummy-317
816333.654280011,250,230,dummy-789
816438.350560468,250,230,dummy-789
816511.586092034,250,230,dummy-610
816519.527295029,250,230,dummy-610
816536.02231272,250,230,dummy-610
816592.068662409,250,230,dummy-610
816326.342696439,250,230,dummy-135
816372.918062227,250,230,dummy-135
816462.501949029,250,230,dummy-135
816494.961004893,250,230,dummy-135
816537.296087781,250,230,dummy-135
816389.534687934,250,230,dummy-291
816539.881453417,250,230,dummy-291
816545.670684974,250,230,dummy-291
816552.065991885,250,230,dummy-291
816594.678021939,250,230,dummy-291
816402.137354894,250,230,dummy-58
816414.582344879,250,230,dummy-58
816416.884540735,250,230,dummy-58
816447.207454032,250,230,dummy-58
816497.081624868,250,230,dummy-58
816553.831552481,250,230,dummy-58
816565.530559127,250,230,dummy-58
816596.474186014,250,230,dummy-58
816604.381104389,250,230,dummy-58
816405.713262128,250,230,dummy-200
816413.623138999,250,230,dummy-200
816350.255714125,250,230,dummy-514
816430.662983163,250,230,dummy-514
816495.216851369,250,230,dummy-514
816543.000305835,250,230,dummy-514
816554.625776264,250,230,dummy-514
816576.638590658,250,230,dummy-514
816402.652233196,250,230,dummy-541
816446.262939007,250,230,dummy-541
816544.765169142,250,230,dummy-541
816588.968558204,250,230,dummy-541
816367.618608221,250,230,dummy-24
816402.809824116,250,230,dummy-24
816587.559305179,250,230,dummy-24
816594.824823379,250,230,dummy-24
816596.22038923,250,230,dummy-24
816383.726532093,250,230,dummy-420
816596.033094326,250,230,dummy-420
816336.776342854,250,230,dummy-56
816357.545544333,250,230,dummy-56
816424.636430413,250,230,dummy-56
816599.658997626,250,230,dummy-56
816605.559360451,250,230,dummy-56
816401.349157264,250,230,dummy-820
816404.015561842,250,230,dummy-820
816417.474884039,250,230,dummy-820
816492.739934011,250,230,dummy-820
816515.485168616,250,230,dummy-820
816534.415534526,250,230,dummy-820
816324.207734714,250,230,dummy-146
816489.644953453,250,230,dummy-146
816509.766338035,250,230,dummy-146
816459.202355644,250,230,dummy-555
816513.351048733,250,230,dummy-555
816526.410609228,250,230,dummy-555
816551.202613194,250,230,dummy-555
816565.359075835,250,230,dummy-555
816584.099508644,250,230,dummy-555
816346.956008025,250,230,dummy-435
816393.538342077,250,230,dummy-435
816366.735456248,250,230,dummy-290
816605.250663161,250,230,dummy-290
816351.622802129,250,230,dummy-551
816365.189865281,250,230,dummy-551
816526.064372231,250,230,dummy-551
816595.170894619,250,230,dummy-551
816439.595180343,250,230,dummy-268
816586.618110224,250,230,dummy-268
816387.609542554,250,230,dummy-124
816488.75336578,250,230,dummy-124
816544.316790935,250,230,dummy-124
816567.639977024,250,230,dummy-124
816503.613062535,250,230,dummy-827
816546.559422941,250,230,dummy-827
816572.269821364,250,230,dummy-827
816416.0074048,250,230,dummy-162
816552.35258681,250,230,dummy-162
816343.53531544,250,230,dummy-203
816570.86374031,250,230,dummy-203
816525.806312272,250,230,dummy-725
816559.420755791,250,230,dummy-725
816573.857785093,250,230,dummy-725
816379.356427604,250,230,dummy-232
816408.48652803,250,230,dummy-232
816427.093853877,250,230,dummy-232
816428.301964327,250,230,dummy-232
816509.206566746,250,230,dummy-382
816585.03487036,250,230,dummy-382
816604.270686291,250,230,dummy-382
816510.569614952,250,230,dummy-96
816395.396772107,250,230,dummy-762
816482.378443788,250,230,dummy-762
816583.953188887,250,230,dummy-762
816472.146623621,250,230,dummy-101
816361.568010349,250,230,dummy-108
816479.187453508,250,230,dummy-108
816598.472952314,250,230,dummy-108
816379.788377827,250,230,dummy-684
816497.032739824,250,230,dummy-684
816430.385829868,250,230,dummy-508
816436.675816783,250,230,dummy-508
816553.988780509,250,230,dummy-508
816579.789224623,250,230,dummy-508
816600.223907515,250,230,dummy-508
816332.200406704,250,230,dummy-248
816417.158073189,250,230,dummy-407
816352.739449361,250,230,dummy-649
816406.024650798,250,230,dummy-649
816545.800758239,250,230,dummy-649
816321.05289147,250,230,dummy-566
816402.2240757,250,230,dummy-566
816586.154433381,250,230,dummy-566
816372.893601893,250,230,dummy-208
816390.764585741,250,230,dummy-208
816426.216602921,250,230,dummy-208
816429.691050585,250,230,dummy-208
816444.244621286,250,230,dummy-208
816581.635061934,250,230,dummy-208
816380.198773796,250,230,dummy-260
816528.306772596,250,230,dummy-260
816569.285662607,250,230,dummy-260
816323.312026517,250,230,dummy-224
816335.407577919,250,230,dummy-224
816354.655698549,250,230,dummy-224
816565.116960848,250,230,dummy-224
816573.361989527,250,230,dummy-224
816425.681816968,250,230,dummy-759
816494.278363891,250,230,dummy-759
816603.079709969,250,230,dummy-759
816383.705660018,250,230,dummy-383
816438.195081872,250,230,dummy-383
816445.14202509,250,230,dummy-383
816485.049101675,250,230,dummy-383
816562.408043064,250,230,dummy-383
816401.801849329,250,230,dummy-298
816518.499678083,250,230,dummy-298
816348.3474359,250,230,dummy-205
816418.359491149,250,230,dummy-205
816434.359674732,250,230,dummy-205
816459.707741721,250,230,dummy-205
816548.106534294,250,230,dummy-205
816570.047511898,250,230,dummy-205
816613.715130656,250,230,dummy-205
816620.073113383,250,230,dummy-100
816357.591503224,250,230,dummy-536
816345.813954316,250,230,dummy-577
816410.13020347,250,230,dummy-577
816460.828605421,250,230,dummy-577
816541.719059462,250,230,dummy-577
816597.918281102,250,230,dummy-577
816602.606166323,250,230,dummy-577
816390.580310472,250,230,dummy-474
816396.265895058,250,230,dummy-474
816525.751549263,250,230,dummy-474
816548.122801177,250,230,dummy-474
816334.546679394,250,230,dummy-670
816352.1261869,250,230,dummy-670
816397.876731958,250,230,dummy-670
816448.716337803,250,230,dummy-670
816451.435238329,250,230,dummy-670
816478.711637259,250,230,dummy-670
816539.302482896,250,230,dummy-670
816546.469708469,250,230,dummy-670
816339.780834862,250,230,dummy-351
816340.497492107,250,230,dummy-183
816365.161872962,250,230,dummy-183
816366.311131108,250,230,dummy-183
816391.631629922,250,230,dummy-183
816499.473510598,250,230,dummy-183
816571.040078319,250,230,dummy-183
816603.842832027,250,230,dummy-183
816425.939264202,250,230,dummy-356
816487.566834844,250,230,dummy-356
816500.972530097,250,230,dummy-356
816571.196234718,250,230,dummy-356
816459.069305499,250,230,dummy-249
816576.440248461,250,230,dummy-292
816606.296234911,250,230,dummy-292
816394.322070435,250,230,dummy-674
816437.533399452,250,230,dummy-674
816459.355955431,250,230,dummy-674
816482.203951854,250,230,dummy-674
816594.427613024,250,230,dummy-674
816617.46166326,250,230,dummy-674
816416.325997416,250,230,dummy-757
816553.015496342,250,230,dummy-438
816329.995242766,250,230,dummy-9
816448.658825853,250,230,dummy-9
816618.995107214,250,230,dummy-9
816322.486297413,250,230,dummy-644
816359.897342145,250,230,dummy-644
816400.183563473,250,230,dummy-644
816608.507743334,250,230,dummy-644
816423.181213377,250,230,dummy-281
816497.934038194,250,230,dummy-281
816530.046746408,250,230,dummy-281
816391.938951663,250,230,dummy-322
816547.290978285,250,230,dummy-322
816408.634925105,250,230,dummy-182
816532.906229555,250,230,dummy-182
816565.855350381,250,230,dummy-182
816613.865903896,250,230,dummy-182
816416.321113165,250,230,dummy-769
816525.30817625,250,230,dummy-769
816376.564533582,250,230,dummy-385
816473.41230237,250,230,dummy-385
816494.024085365,250,230,dummy-385
816442.613107142,250,230,dummy-609
816518.042779733,250,230,dummy-609
816547.230957712,250,230,dummy-609
816348.679604095,250,230,dummy-792
816598.789759515,250,230,dummy-792
816606.87921109,250,230,dummy-792
816609.65479212,250,230,dummy-17
816333.76599493,250,230,dummy-642
816439.952376433,250,230,dummy-642
816481.98465062,250,230,dummy-642
816619.721125196,250,230,dummy-642
816446.113529375,250,230,dummy-379
816454.722767081,250,230,dummy-379
816567.877543016,250,230,dummy-379
816604.386796079,250,230,dummy-379
816508.177950878,250,230,dummy-242
816563.544074533,250,230,dummy-242
816603.031222383,250,230,dummy-242
816371.829239458,250,230,dummy-52
816408.228735547,250,230,dummy-52
816580.786949093,250,230,dummy-52
816605.15964575,250,230,dummy-52
816323.649613383,250,230,dummy-25
816356.846593358,250,230,dummy-25
816486.033327997,250,230,dummy-25
816594.420236098,250,230,dummy-25
816611.392185788,250,230,dummy-25
816346.927495747,250,230,dummy-235
816365.059586722,250,230,dummy-235
816484.303424949,250,230,dummy-235
816347.612225529,250,230,dummy-575
816411.953767747,250,230,dummy-575
816536.440090687,250,230,dummy-575
816588.02181619,250,230,dummy-575
816392.022855096,250,230,dummy-819
816402.397296941,250,230,dummy-703
816412.303544944,250,230,dummy-703
816417.171983501,250,230,dummy-703
816432.590526326,250,230,dummy-703
816488.327170133,250,230,dummy-703
816361.281973089,250,230,dummy-740
816536.210102702,250,230,dummy-740
816323.526861373,250,230,dummy-686
816528.960879781,250,230,dummy-686
816620.85974996,250,230,dummy-704
816361.442474566,250,230,dummy-829
816364.354837463,250,230,dummy-829
816536.938043033,250,230,dummy-829
816616.395950432,250,230,dummy-829
816407.97067512,250,230,dummy-528
816437.96910911,250,230,dummy-528
816465.097010573,250,230,dummy-528
816498.911058275,250,230,dummy-528
816326.195484496,250,230,dummy-220
816432.708928803,250,230,dummy-220
816484.423501415,250,230,dummy-220
816575.911990375,250,230,dummy-220
816577.568356983,250,230,dummy-220
816358.451030378,250,230,dummy-214
816393.859908235,250,230,dummy-214
816534.36265005,250,230,dummy-214
816568.953263627,250,230,dummy-214
816569.612442294,250,230,dummy-214
816572.003756441,250,230,dummy-214
816609.340447852,250,230,dummy-214
816378.010865304,250,230,dummy-311
816503.820883782,250,230,dummy-311
816551.340619734,250,230,dummy-311
816332.216473077,250,230,dummy-595
816346.390248209,250,230,dummy-595
816468.765945204,250,230,dummy-595
816571.221835548,250,230,dummy-595
816354.389243431,250,230,dummy-813
816391.032609885,250,230,dummy-813
816493.558125778,250,230,dummy-813
816517.779160909,250,230,dummy-813
816526.573206265,250,230,dummy-813
816551.171025674,250,230,dummy-641
816350.850611925,250,230,dummy-637
816599.95580931,250,230,dummy-637
816344.376197752,250,230,dummy-66
816440.923585476,250,230,dummy-66
816471.484443374,250,230,dummy-66
816343.413499412,250,230,dummy-491
816500.135671906,250,230,dummy-491
816586.628940441,250,230,dummy-491
816417.144422665,250,230,dummy-430
816512.859227551,250,230,dummy-430
816467.142406774,250,230,dummy-294
816523.16222179,250,230,dummy-294
816551.89916282,250,230,dummy-294
816337.329277097,250,230,dummy-197
816396.0607918,250,230,dummy-197
816485.487875703,250,230,dummy-197
816486.863472883,250,230,dummy-197
816583.807783786,250,230,dummy-197
816330.925094611,250,230,dummy-626
816362.996393186,250,230,dummy-626
816365.003122956,250,230,dummy-626
816405.367313294,250,230,dummy-626
816420.534983611,250,230,dummy-626
816479.074466722,250,230,dummy-626
816597.559947086,250,230,dummy-626
816485.264701589,250,230,dummy-95
816493.592032952,250,230,dummy-95
816542.060599297,250,230,dummy-95
816566.043567296,250,230,dummy-95
816501.538616911,250,230,dummy-732
816608.791316063,250,230,dummy-732
816388.091494283,250,230,dummy-691
816443.294114926,250,230,dummy-691
816478.423281701,250,230,dummy-691
816480.99315615,250,230,dummy-691
816516.555254671,250,230,dummy-691
816574.382754867,250,230,dummy-691
816598.12061965,250,230,dummy-691
816380.393606009,250,230,dummy-339
816462.751605559,250,230,dummy-339
816478.266655469,250,230,dummy-339
816330.308677717,250,230,dummy-171
816362.715167323,250,230,dummy-171
816393.60699014,250,230,dummy-171
816432.08889091,250,230,dummy-261
816598.572428545,250,230,dummy-261
816462.649927636,250,230,dummy-708
816581.652975307,250,230,dummy-485
816356.711634173,250,230,dummy-471
816365.018098139,250,230,dummy-471
816379.67794223,250,230,dummy-471
816515.738947068,250,230,dummy-471
816525.288410813,250,230,dummy-471
816561.679107106,250,230,dummy-471
816432.174525989,250,230,dummy-741
816434.419032461,250,230,dummy-741
816483.989699155,250,230,dummy-741
816428.671121224,250,230,dummy-565
816498.432681329,250,230,dummy-565
816546.977047596,250,230,dummy-565
816566.278268549,250,230,dummy-565
816580.786970536,250,230,dummy-565
816446.513638531,250,230,dummy-442
816456.280593719,250,230,dummy-442
816581.688468776,250,230,dummy-442
816502.526236544,250,230,dummy-120
816522.455171703,250,230,dummy-120
816608.18010905,250,230,dummy-120
816382.468392997,250,230,dummy-301
816399.684882638,250,230,dummy-301
816517.635464426,250,230,dummy-301
816369.707856763,250,230,dummy-79
816482.649403814,250,230,dummy-79
816556.047899542,250,230,dummy-79
816335.124185033,250,230,dummy-462
816389.363489619,250,230,dummy-462
816520.09487136,250,230,dummy-462
816548.353639435,250,230,dummy-462
816552.258140691,250,230,dummy-462
816362.316590495,250,230,dummy-411
816370.952529721,250,230,dummy-411
816385.680589757,250,230,dummy-411
816493.942032413,250,230,dummy-411
816505.983566662,250,230,dummy-411
816540.822372956,250,230,dummy-411
816353.63861907,250,230,dummy-11
816455.552500087,250,230,dummy-11
816329.393654797,250,230,dummy-239
816382.47553417,250,230,dummy-239
816392.001725703,250,230,dummy-239
816493.931298134,250,230,dummy-239
816386.141507556,250,230,dummy-537
816591.423647142,250,230,dummy-537
816419.707218741,250,230,dummy-775
816619.671525958,250,230,dummy-775
816570.975029216,250,230,dummy-549
816553.413643134,250,230,dummy-770
816322.608392708,250,230,dummy-688
816323.022427943,250,230,dummy-688
816338.607423528,250,230,dummy-688
816409.671123551,250,230,dummy-688
816506.158529142,250,230,dummy-688
816574.686679522,250,230,dummy-688
816508.449593076,250,230,dummy-520
816582.169600648,250,230,dummy-520
816604.522079841,250,230,dummy-520
816328.441760703,250,230,dummy-678
816338.296618605,250,230,dummy-678
816339.99145472,250,230,dummy-678
816345.634295106,250,230,dummy-678
816422.009160646,250,230,dummy-678
816453.683848393,250,230,dummy-678
816537.716465529,250,230,dummy-678
816555.585918412,250,230,dummy-678
816365.083616057,250,230,dummy-585
816441.397261013,250,230,dummy-585
816538.96971841,250,230,dummy-585
816326.580084918,250,230,dummy-461
816404.234076865,250,230,dummy-461
816422.733769908,250,230,dummy-461
816510.451560371,250,230,dummy-461
816585.592278445,250,230,dummy-461
816495.342518743,250,230,dummy-31
816522.147083146,250,230,dummy-31
816468.989543072,250,230,dummy-478
816618.329310633,250,230,dummy-478
816363.192507515,250,230,dummy-768
816449.624340178,250,230,dummy-768
816493.380079074,250,230,dummy-768
816500.89397992,250,230,dummy-768
816540.410798769,250,230,dummy-768
816569.197641947,250,230,dummy-768
816584.571767669,250,230,dummy-768
816332.583972641,250,230,dummy-57
816508.766548867,250,230,dummy-57
816519.831062411,250,230,dummy-57
816544.626741164,250,230,dummy-57
816583.240289205,250,230,dummy-57
816601.402508484,250,230,dummy-57
816341.112962137,250,230,dummy-391
816371.584033399,250,230,dummy-391
816546.21473024,250,230,dummy-391
816328.829901312,250,230,dummy-791
816349.656213581,250,230,dummy-77
816390.127467789,250,230,dummy-77
816471.985910976,250,230,dummy-77
816495.163929893,250,230,dummy-77
816500.271539609,250,230,dummy-77
816616.000715824,250,230,dummy-77
816326.507943861,250,230,dummy-720
816393.626415704,250,230,dummy-720
816402.635202778,250,230,dummy-720
816469.383649423,250,230,dummy-720
816525.090645236,250,230,dummy-720
816576.649018051,250,230,dummy-720
816497.374544123,250,230,dummy-170
816332.921799316,250,230,dummy-230
816342.380001006,250,230,dummy-230
816366.050231585,250,230,dummy-230
816406.977278689,250,230,dummy-230
816538.220484424,250,230,dummy-230
816568.506074158,250,230,dummy-230
816361.597396652,250,230,dummy-70
816417.387355384,250,230,dummy-70
816538.211683786,250,230,dummy-70
816583.106794731,250,230,dummy-70
816339.773404756,250,230,dummy-722
816356.173558096,250,230,dummy-722
816531.505626201,250,230,dummy-722
816325.766962597,250,230,dummy-21
816429.790962414,250,230,dummy-21
816494.150896832,250,230,dummy-21
816530.594876326,250,230,dummy-21
816585.266215736,250,230,dummy-21
816341.218979521,250,230,dummy-484
816343.186114963,250,230,dummy-484
816350.143990304,250,230,dummy-484
816448.191040211,250,230,dummy-484
816514.124691219,250,230,dummy-484
816547.394523184,250,230,dummy-484
816599.283374322,250,230,dummy-484
816336.308514708,250,230,dummy-702
816443.113992883,250,230,dummy-702
816550.863957573,250,230,dummy-702
816353.35433391,250,230,dummy-730
816392.83936861,250,230,dummy-730
816492.901998547,250,230,dummy-730
816523.172294955,250,230,dummy-730
816572.125650995,250,230,dummy-730
816407.508712379,250,230,dummy-687
816484.11613773,250,230,dummy-687
816562.341866622,250,230,dummy-687
816609.074485511,250,230,dummy-687
816424.612080749,250,230,dummy-418
816501.397889262,250,230,dummy-418
816530.015414762,250,230,dummy-418
816544.915101454,250,230,dummy-418
816332.309370728,250,230,dummy-818
816366.221929288,250,230,dummy-818
816426.236322799,250,230,dummy-818
816436.240450916,250,230,dummy-818
816504.047780383,250,230,dummy-818
816338.496586181,250,230,dummy-650
816360.840159363,250,230,dummy-650
816609.010771249,250,230,dummy-650
816324.174905785,250,230,dummy-273
816347.931739324,250,230,dummy-273
816357.301527524,250,230,dummy-273
816370.151454848,250,230,dummy-273
816417.179620389,250,230,dummy-273
816435.228783924,250,230,dummy-273
816504.153898586,250,230,dummy-273
816598.781526569,250,230,dummy-273
816398.850996081,250,230,dummy-483
816439.780344332,250,230,dummy-483
816452.217305257,250,230,dummy-483
816603.470821024,250,230,dummy-483
816362.709900269,250,230,dummy-822
816394.900473638,250,230,dummy-822
816410.935519119,250,230,dummy-822
816559.809503045,250,230,dummy-822
816391.588271256,250,230,dummy-195
816415.441696725,250,230,dummy-195
816468.959876325,250,230,dummy-195
816397.702789397,250,230,dummy-80
816415.307363046,250,230,dummy-80
816490.175287271,250,230,dummy-80
816322.434088596,250,230,dummy-755
816428.162115493,250,230,dummy-755
816428.909018682,250,230,dummy-755
816386.563152856,250,230,dummy-132
816392.69923129,250,230,dummy-132
816401.018661759,250,230,dummy-132
816554.235558419,250,230,dummy-132
816401.523389835,250,230,dummy-375
816434.655171021,250,230,dummy-375
816437.523697723,250,230,dummy-375
816540.07899523,250,230,dummy-375
816613.615187991,250,230,dummy-375
816356.23224872,250,230,dummy-279
816513.699768483,250,230,dummy-279
816587.613824079,250,230,dummy-279
816604.714110434,250,230,dummy-279
816322.198790958,250,230,dummy-494
816331.271874353,250,230,dummy-494
816432.718334357,250,230,dummy-494
816491.965343814,250,230,dummy-494
816551.744444455,250,230,dummy-494
816343.785794084,250,230,dummy-238
816346.256059929,250,230,dummy-163
816370.986366962,250,230,dummy-163
816435.965181414,250,230,dummy-163
816441.076583555,250,230,dummy-163
816494.701197836,250,230,dummy-163
816358.010472419,250,230,dummy-685
816380.448540576,250,230,dummy-685
816427.246471186,250,230,dummy-685
816432.229283332,250,230,dummy-685
816518.613964793,250,230,dummy-685
816566.923333904,250,230,dummy-685
816356.91897358,250,230,dummy-469
816492.528082076,250,230,dummy-469
816329.176742947,250,230,dummy-576
816442.473309982,250,230,dummy-576
816487.034354361,250,230,dummy-576
816573.852485418,250,230,dummy-576
816355.220199254,250,230,dummy-307
816393.450822524,250,230,dummy-307
816435.88249841,250,230,dummy-307
816470.370746418,250,230,dummy-307
816478.644875672,250,230,dummy-307
816480.52632665,250,230,dummy-307
816483.386193294,250,230,dummy-307
816407.284000988,250,230,dummy-278
816432.514015922,250,230,dummy-278
816515.110474687,250,230,dummy-278
816528.657239638,250,230,dummy-278
816365.734959748,250,230,dummy-812
816561.34489478,250,230,dummy-812
816589.104810618,250,230,dummy-812
816485.804950929,250,230,dummy-693
816543.070439685,250,230,dummy-693
816359.17283017,250,230,dummy-544
816490.143722125,250,230,dummy-544
816559.734344511,250,230,dummy-544
816562.982184392,250,230,dummy-544
816362.776340875,250,230,dummy-256
816512.002756031,250,230,dummy-256
816325.622734524,250,230,dummy-460
816371.02660164,250,230,dummy-460
816401.648370476,250,230,dummy-460
816531.603512421,250,230,dummy-460
816549.944884872,250,230,dummy-460
816564.276025074,250,230,dummy-460
816423.976610554,250,230,dummy-166
816525.494672709,250,230,dummy-166
816379.829136809,250,230,dummy-348
816470.460486794,250,230,dummy-348
816349.032477081,250,230,dummy-302
816375.410493182,250,230,dummy-302
816415.826750604,250,230,dummy-302
816369.66521583,250,230,dummy-647
816372.656549898,250,230,dummy-647
816555.781030715,250,230,dummy-647
816335.754675515,250,230,dummy-415
816336.734790423,250,230,dummy-415
816559.718442539,250,230,dummy-415
816391.569200004,250,230,dummy-643
816394.908101613,250,230,dummy-643
816404.433140334,250,230,dummy-643
816414.25847022,250,230,dummy-643
816445.805358742,250,230,dummy-643
816528.525804798,250,230,dummy-643
816537.508464589,250,230,dummy-643
816368.664244636,250,230,dummy-259
816395.744291497,250,230,dummy-259
816399.241684945,250,230,dummy-259
816413.815944336,250,230,dummy-259
816434.331897858,250,230,dummy-259
816436.377465803,250,230,dummy-259
816436.505698105,250,230,dummy-259
816449.080624372,250,230,dummy-259
816553.516941902,250,230,dummy-259
816605.301674171,250,230,dummy-259
816609.829013341,250,230,dummy-259
816591.802036049,250,230,dummy-652
816477.535833423,250,230,dummy-289
816588.549456204,250,230,dummy-289
816476.937945851,250,230,dummy-673
816515.39333879,250,230,dummy-673
816554.432695703,250,230,dummy-673
816561.038330997,250,230,dummy-673
816368.207207055,250,230,dummy-250
816405.334847481,250,230,dummy-250
816419.928430504,250,230,dummy-250
816472.358375847,250,230,dummy-250
816327.90788831,250,230,dummy-754
816338.146824703,250,230,dummy-754
816386.955627457,250,230,dummy-754
816440.975254789,250,230,dummy-754
816513.401188139,250,230,dummy-754
816585.480716968,250,230,dummy-754
816470.815735117,250,230,dummy-54
816485.288622265,250,230,dummy-54
816526.54410839,250,230,dummy-54
816335.011028456,250,230,dummy-505
816400.540324512,250,230,dummy-505
816445.688050994,250,230,dummy-505
816392.436367297,250,230,dummy-522
816403.722884575,250,230,dummy-522
816433.162889794,250,230,dummy-522
816502.048681656,250,230,dummy-522
816588.81434261,250,230,dummy-522
816344.30368551,250,230,dummy-785
816421.219176561,250,230,dummy-785
816463.857935137,250,230,dummy-785
816491.745195358,250,230,dummy-785
816526.981985834,250,230,dummy-785
816553.734999821,250,230,dummy-785
816576.081767762,250,230,dummy-785
816577.954894448,250,230,dummy-785
816611.995856577,250,230,dummy-785
816392.46056199,250,230,dummy-733
816500.33400945,250,230,dummy-733
816562.370026359,250,230,dummy-733
816616.882914277,250,230,dummy-733
816349.653666499,250,230,dummy-133
816358.300764571,250,230,dummy-133
816425.13531758,250,230,dummy-133
816455.371854642,250,230,dummy-133
816538.254188108,250,230,dummy-133
816544.07591464,250,230,dummy-133
816608.060451038,250,230,dummy-133
816328.563555258,250,230,dummy-805
816333.249227514,250,230,dummy-805
816364.378303696,250,230,dummy-805
816481.659707691,250,230,dummy-805
816567.248677707,250,230,dummy-805
816598.417125378,250,230,dummy-805
816618.447305921,250,230,dummy-805
816389.609403608,250,230,dummy-148
816400.521281053,250,230,dummy-148
816404.143286497,250,230,dummy-148
816427.721736685,250,230,dummy-148
816532.353624796,250,230,dummy-148
816441.132824838,250,230,dummy-633
816452.668956055,250,230,dummy-633
816532.82875061,250,230,dummy-633
816535.606294975,250,230,dummy-633
816336.001961115,250,230,dummy-750
816367.1892354,250,230,dummy-750
816459.95606229,250,230,dummy-750
816460.397390977,250,230,dummy-750
816329.387591867,250,230,dummy-332
816387.661808319,250,230,dummy-332
816494.861708031,250,230,dummy-332
816528.802515394,250,230,dummy-332
816538.707553451,250,230,dummy-332
816578.152063674,250,230,dummy-332
816449.356159865,250,230,dummy-22
816573.842983711,250,230,dummy-22
816431.458016956,250,230,dummy-236
816536.779317951,250,230,dummy-236
816468.949615462,250,230,dummy-107
816478.524287581,250,230,dummy-107
816545.748619486,250,230,dummy-107
816528.126288757,250,230,dummy-97
816335.469054841,250,230,dummy-546
816453.471094198,250,230,dummy-546
816334.934418037,250,230,dummy-255
816465.825117493,250,230,dummy-255
816603.755998483,250,230,dummy-255
816365.165620838,250,230,dummy-797
816398.66319996,250,230,dummy-797
816443.466666429,250,230,dummy-797
816459.754997488,250,230,dummy-797
816465.775009452,250,230,dummy-797
816497.413419855,250,230,dummy-797
816369.959833629,250,230,dummy-634
816466.771772108,250,230,dummy-634
816405.659232069,250,230,dummy-75
816444.985615495,250,230,dummy-75
816543.565928866,250,230,dummy-75
816585.958981765,250,230,dummy-75
816346.426315786,250,230,dummy-49
816404.976120142,250,230,dummy-49
816422.429242832,250,230,dummy-49
816434.580465379,250,230,dummy-49
816353.453426276,250,230,dummy-712
816365.107159577,250,230,dummy-712
816368.134380215,250,230,dummy-712
816374.652887326,250,230,dummy-712
816398.211279737,250,230,dummy-712
816446.949438114,250,230,dummy-712
816582.735518317,250,230,dummy-712
816338.75304131,250,230,dummy-548
816450.700422769,250,230,dummy-548
816373.003001411,250,230,dummy-689
816455.680185644,250,230,dummy-689
816584.94646377,250,230,dummy-689
816606.540915213,250,230,dummy-689
816616.983403137,250,230,dummy-689
816330.77686223,250,230,dummy-33
816467.970988451,250,230,dummy-33
816475.601638085,250,230,dummy-33
816511.281924187,250,230,dummy-33
816521.220047196,250,230,dummy-33
816359.546414359,250,230,dummy-482
816416.955676198,250,230,dummy-482
816490.175648006,250,230,dummy-482
816491.932999151,250,230,dummy-579
816327.705434612,250,230,dummy-82
816494.720910089,250,230,dummy-82
816525.917537318,250,230,dummy-82
816347.530915334,250,230,dummy-221
816483.115528072,250,230,dummy-221
816527.607163883,250,230,dummy-221
816363.782217054,250,230,dummy-556
816372.231994658,250,230,dummy-556
816330.484633266,250,230,dummy-608
816338.891478925,250,230,dummy-608
816416.403886309,250,230,dummy-608
816582.65922855,250,230,dummy-608
816594.034044579,250,230,dummy-608
816369.305048623,250,230,dummy-300
816495.417291578,250,230,dummy-300
816508.878853872,250,230,dummy-300
816514.960291912,250,230,dummy-300
816366.530817762,250,230,dummy-809
816463.704891052,250,230,dummy-809
816522.151380484,250,230,dummy-809
816557.400128476,250,230,dummy-809
816600.515811107,250,230,dummy-809
816392.24852027,250,230,dummy-427
816322.937641582,250,230,dummy-734
816524.505247172,250,230,dummy-734
816563.865070676,250,230,dummy-734
816376.77524107,250,230,dummy-345
816417.244659294,250,230,dummy-345
816511.906658133,250,230,dummy-345
816525.942459503,250,230,dummy-345
816532.075390423,250,230,dummy-345
816566.067411161,250,230,dummy-345
816582.88468082,250,230,dummy-345
816322.263619782,250,230,dummy-125
816373.530342139,250,230,dummy-125
816397.576370248,250,230,dummy-125
816410.870624084,250,230,dummy-125
816417.03274326,250,230,dummy-125
816462.028871679,250,230,dummy-125
816473.454181266,250,230,dummy-125
816501.04186003,250,230,dummy-125
816530.058417993,250,230,dummy-125
816360.83460616,250,230,dummy-112
816429.028251515,250,230,dummy-112
816457.302770487,250,230,dummy-112
816411.548709136,250,230,dummy-444
816436.329600457,250,230,dummy-444
816326.41707633,250,230,dummy-802
816374.007542225,250,230,dummy-802
816385.361951275,250,230,dummy-802
816469.269434487,250,230,dummy-802
816513.479154224,250,230,dummy-802
816531.172391958,250,230,dummy-802
816617.406604868,250,230,dummy-802
816363.728427463,250,230,dummy-503
816376.954643529,250,230,dummy-503
816403.780027933,250,230,dummy-503
816431.652151161,250,230,dummy-503
816465.165259412,250,230,dummy-503
816568.250517433,250,230,dummy-503
816596.031712599,250,230,dummy-503
816619.847366235,250,230,dummy-503
816418.122405484,250,230,dummy-629
816444.935885365,250,230,dummy-629
816465.925755498,250,230,dummy-629
816529.435950983,250,230,dummy-629
816531.479656691,250,230,dummy-629
816347.521036285,250,230,dummy-512
816536.875624429,250,230,dummy-512
816579.626421142,250,230,dummy-512
816341.260293893,250,230,dummy-201
816386.246563125,250,230,dummy-201
816527.26930514,250,230,dummy-727
816335.335038147,250,230,dummy-570
816478.988398151,250,230,dummy-570
816483.401227266,250,230,dummy-570
816506.835532959,250,230,dummy-570
816552.458485572,250,230,dummy-570
816564.64715439,250,230,dummy-570
816599.243121704,250,230,dummy-570
816613.404408642,250,230,dummy-570
816361.783199099,250,230,dummy-353
816490.859144361,250,230,dummy-353
816549.300291043,250,230,dummy-353
816617.309975371,250,230,dummy-353
816355.643550028,250,230,dummy-464
816382.674527504,250,230,dummy-464
816430.036690503,250,230,dummy-464
816444.18280671,250,230,dummy-464
816505.593088696,250,230,dummy-464
816382.304934487,250,230,dummy-516
816468.10916697,250,230,dummy-516
816490.682799485,250,230,dummy-516
816582.659626531,250,230,dummy-516
816447.210838925,250,230,dummy-30
816539.366939043,250,230,dummy-30
816475.864508803,250,230,dummy-475
816397.848422375,250,230,dummy-168
816487.034329807,250,230,dummy-168
816504.047819462,250,230,dummy-168
816543.44126067,250,230,dummy-168
816378.223445441,250,230,dummy-433
816522.682697308,250,230,dummy-433
816533.08174056,250,230,dummy-433
816563.654865243,250,230,dummy-102
816377.977392799,250,230,dummy-517
816454.396102952,250,230,dummy-517
816464.063708049,250,230,dummy-517
816534.443192286,250,230,dummy-517
816570.77971125,250,230,dummy-517
816534.625455491,250,230,dummy-43
816560.984818997,250,230,dummy-43
816334.163848327,250,230,dummy-34
816390.632242813,250,230,dummy-34
816411.428482612,250,230,dummy-34
816417.45915897,250,230,dummy-34
816471.413970309,250,230,dummy-34
816617.139950259,250,230,dummy-34
816339.834321387,250,230,dummy-88
816350.916260789,250,230,dummy-88
816381.364804729,250,230,dummy-88
816469.375578419,250,230,dummy-88
816496.378062454,250,230,dummy-88
816504.12467763,250,230,dummy-88
816573.540702816,250,230,dummy-88
816327.306400227,250,230,dummy-328
816460.520732051,250,230,dummy-328
816570.050597493,250,230,dummy-328
816421.411828322,250,230,dummy-500
816425.049686604,250,230,dummy-500
816452.054383331,250,230,dummy-500
816453.608126581,250,230,dummy-500
816412.548566626,250,230,dummy-763
816600.844260789,250,230,dummy-763
816406.383179621,250,230,dummy-571
816413.093584014,250,230,dummy-571
816557.993216421,250,230,dummy-571
816584.005644632,250,230,dummy-571
816620.726442149,250,230,dummy-571
816347.117328163,250,230,dummy-600
816371.509911798,250,230,dummy-600
816448.392135623,250,230,dummy-600
816493.109638943,250,230,dummy-600
816499.094743386,250,230,dummy-600
816356.324748167,250,230,dummy-86
816441.000170947,250,230,dummy-86
816535.358113947,250,230,dummy-86
816578.299996697,250,230,dummy-86
816616.585280048,250,230,dummy-86
816357.641428163,250,230,dummy-739
816536.665161098,250,230,dummy-269
816337.78169523,250,230,dummy-306
816407.625450464,250,230,dummy-306
816446.422676577,250,230,dummy-306
816322.563066032,250,230,dummy-402
816498.464483329,250,230,dummy-402
816546.042208156,250,230,dummy-402
816331.182206798,250,230,dummy-155
816360.965824647,250,230,dummy-155
816367.123674503,250,230,dummy-524
816409.849053543,250,230,dummy-524
816476.750183792,250,230,dummy-524
816486.818769319,250,230,dummy-524
816524.731751217,250,230,dummy-524
816367.364153262,250,230,dummy-219
816396.276063253,250,230,dummy-219
816412.67332059,250,230,dummy-219
816523.17000072,250,230,dummy-219
816537.595256879,250,230,dummy-219
816542.429565528,250,230,dummy-219
816416.573047687,250,230,dummy-167
816425.116682428,250,230,dummy-167
816460.313267958,250,230,dummy-167
816553.159133738,250,230,dummy-167
816618.581339123,250,230,dummy-167
816358.314083012,250,230,dummy-359
816374.761490343,250,230,dummy-359
816485.837489244,250,230,dummy-359
816529.907838924,250,230,dummy-359
816606.753750727,250,230,dummy-359
816595.790266827,250,230,dummy-60
816605.671931818,250,230,dummy-60
816613.51584909,250,230,dummy-60
816330.758390947,250,230,dummy-582
816382.397469696,250,230,dummy-582
816566.899493714,250,230,dummy-582
816361.676123937,250,230,dummy-786
816471.950391018,250,230,dummy-786
816524.434593685,250,230,dummy-786
816533.564700085,250,230,dummy-786
816536.666573771,250,230,dummy-786
816599.863437853,250,230,dummy-786
816498.819197492,250,230,dummy-756
816574.453522887,250,230,dummy-756
816443.965340946,250,230,dummy-409
816460.184664987,250,230,dummy-409
816337.366869671,250,230,dummy-431
816339.858423998,250,230,dummy-431
816390.869380497,250,230,dummy-431
816436.564552836,250,230,dummy-431
816557.374426281,250,230,dummy-431
816602.664925209,250,230,dummy-431
816508.398490374,250,230,dummy-502
816601.14188557,250,230,dummy-502
816351.588127166,250,230,dummy-632
816462.823225777,250,230,dummy-632
816511.283479094,250,230,dummy-632
816556.618677277,250,230,dummy-632
816416.793623169,250,230,dummy-218
816565.593824342,250,230,dummy-218
816333.72505637,250,230,dummy-598
816339.461077534,250,230,dummy-598
816576.817785859,250,230,dummy-598
816348.655256453,250,230,dummy-206
816366.398476238,250,230,dummy-206
816427.196780416,250,230,dummy-206
816476.106598789,250,230,dummy-206
816504.480564721,250,230,dummy-206
816340.937342324,250,230,dummy-527
816400.62995922,250,230,dummy-527
816541.674889698,250,230,dummy-527
816555.22416569,250,230,dummy-527
816340.962451391,250,230,dummy-410
816353.199113499,250,230,dummy-410
816345.386983388,250,230,dummy-46
816353.839267281,250,230,dummy-46
816441.250335789,250,230,dummy-46
816509.701980628,250,230,dummy-46
816358.852046021,250,230,dummy-428
816399.944121101,250,230,dummy-428
816426.387063569,250,230,dummy-428
816464.843996191,250,230,dummy-428
816466.108780878,250,230,dummy-428
816510.019937492,250,230,dummy-428
816448.916395154,250,230,dummy-567
816474.967872094,250,230,dummy-567
816499.370596414,250,230,dummy-567
816554.60566428,250,230,dummy-567
816589.389407528,250,230,dummy-567
816619.379117281,250,230,dummy-567
816565.120338597,250,230,dummy-215
816620.770865986,250,230,dummy-215
816481.959855401,250,230,dummy-672
816573.916992348,250,230,dummy-672
816598.24222116,250,230,dummy-672
816369.032385936,250,230,dummy-816
816432.604917501,250,230,dummy-816
816566.106402577,250,230,dummy-816
816619.003330233,250,230,dummy-816
816597.021343195,250,230,dummy-452
816598.556756154,250,230,dummy-452
816611.760441797,250,230,dummy-452
816325.983085894,250,230,dummy-413
816446.815652674,250,230,dummy-413
816477.646292575,250,230,dummy-413
816532.298055562,250,230,dummy-413
816539.124383847,250,230,dummy-413
816332.244324743,250,230,dummy-92
816359.738821538,250,230,dummy-92
816424.566480832,250,230,dummy-92
816522.134237497,250,230,dummy-92
816566.804788353,250,230,dummy-92
816608.097837383,250,230,dummy-92
816326.370727022,250,230,dummy-158
816379.677916034,250,230,dummy-158
816428.784752422,250,230,dummy-158
816596.314390351,250,230,dummy-158
816452.675484473,250,230,dummy-87
816462.412400009,250,230,dummy-87
816486.834781381,250,230,dummy-87
816575.586180747,250,230,dummy-87
816407.05195285,250,230,dummy-123
816416.133530736,250,230,dummy-123
816429.328636953,250,230,dummy-123
816397.084663701,250,230,dummy-729
816463.190010187,250,230,dummy-245
816515.70634051,250,230,dummy-245
816547.627784155,250,230,dummy-245
816471.730829047,250,230,dummy-274
816471.803548961,250,230,dummy-274
816477.593962377,250,230,dummy-274
816504.74963456,250,230,dummy-274
816531.963768276,250,230,dummy-274
816337.514444538,250,230,dummy-151
816583.281809183,250,230,dummy-151
816479.565356613,250,230,dummy-788
816498.950391135,250,230,dummy-788
816576.799801525,250,230,dummy-252
816329.66536635,250,230,dummy-179
816469.959488616,250,230,dummy-179
816537.758298479,250,230,dummy-179
816615.783872182,250,230,dummy-179
816365.077084985,250,230,dummy-185
816552.064698823,250,230,dummy-473
816567.710803842,250,230,dummy-473
816430.335024825,250,230,dummy-299
816428.567661656,250,230,dummy-615
816483.044905108,250,230,dummy-615
816564.103379812,250,230,dummy-535
816610.793930774,250,230,dummy-535
816584.192956151,250,230,dummy-597
816321.15756224,250,230,dummy-709
816454.836885933,250,230,dummy-709
816488.036330676,250,230,dummy-709
816576.653056708,250,230,dummy-709
816615.496684009,250,230,dummy-709
816327.386905264,250,230,dummy-62
816361.628368701,250,230,dummy-62
816485.041463331,250,230,dummy-62
816487.03540048,250,230,dummy-62
816508.52603273,250,230,dummy-62
816571.673558707,250,230,dummy-62
816577.98059909,250,230,dummy-62
816369.220283123,250,230,dummy-782
816620.705555614,250,230,dummy-782
816471.65293991,250,230,dummy-270
816495.674205417,250,230,dummy-270
816508.296456623,250,230,dummy-270
816520.018848937,250,230,dummy-270
816480.461569629,250,230,dummy-627
816613.443487184,250,230,dummy-627
816616.722934385,250,230,dummy-627
816381.434136662,250,230,dummy-574
816397.274432085,250,230,dummy-630
816528.028718646,250,230,dummy-630
816565.340686309,250,230,dummy-630
816369.282034147,250,230,dummy-189
816395.339607316,250,230,dummy-189
816389.872700037,250,230,dummy-184
816591.670495773,250,230,dummy-184
816600.555883024,250,230,dummy-184
816325.720712346,250,230,dummy-223
816522.903423172,250,230,dummy-223
816488.847540711,250,230,dummy-89
816518.930488328,250,230,dummy-89
816564.511310708,250,230,dummy-89
816592.362128419,250,230,dummy-89
816392.469399922,250,230,dummy-139
816530.106104749,250,230,dummy-139
816420.063795677,250,230,dummy-315
816438.881837578,250,230,dummy-315
816499.682696505,250,230,dummy-315
816618.945971593,250,230,dummy-315
816379.221105602,250,230,dummy-71
816440.98785047,250,230,dummy-71
816494.325048532,250,230,dummy-71
816538.527466257,250,230,dummy-71
816532.878128498,250,230,dummy-519
816397.274389414,250,230,dummy-150
816403.771382183,250,230,dummy-150
816531.516315911,250,230,dummy-131
816585.843800493,250,230,dummy-131
816358.891452878,250,230,dummy-557
816366.069533228,250,230,dummy-557
816453.76840771,250,230,dummy-557
816503.96118515,250,230,dummy-557
816344.000882077,250,230,dummy-39
816463.156534606,250,230,dummy-39
816600.668495608,250,230,dummy-39
816613.177364912,250,230,dummy-39
816360.823198857,250,230,dummy-742
816410.100463298,250,230,dummy-742
816487.90551241,250,230,dummy-742
816511.775645486,250,230,dummy-742
816594.893536702,250,230,dummy-742
816370.212766361,250,230,dummy-669
816426.050487702,250,230,dummy-669
816574.132092688,250,230,dummy-669
816581.759198064,250,230,dummy-669
816321.314053163,250,230,dummy-377
816518.39462439,250,230,dummy-377
816520.177869397,250,230,dummy-377
816346.298071266,250,230,dummy-207
816487.187627322,250,230,dummy-207
816567.559431747,250,230,dummy-207
816604.18708396,250,230,dummy-207
816374.50228229,250,230,dummy-507
816386.028798517,250,230,dummy-507
816451.396651228,250,230,dummy-507
816554.27614041,250,230,dummy-507
816333.315887907,250,230,dummy-44
816363.758401662,250,230,dummy-44
816368.347682512,250,230,dummy-773
816466.823630352,250,230,dummy-773
816510.249842021,250,230,dummy-773
816560.277837592,250,230,dummy-773
816491.716179625,250,230,dummy-18
816362.483560095,250,230,dummy-828
816325.886470398,250,230,dummy-463
816353.276681898,250,230,dummy-463
816448.886836359,250,230,dummy-463
816471.718882659,250,230,dummy-463
816516.333730527,250,230,dummy-463
816596.418621146,250,230,dummy-463
816571.56691772,250,230,dummy-42
816608.982013493,250,230,dummy-42
816407.83632792,250,230,dummy-533
816421.255670278,250,230,dummy-533
816480.446637926,250,230,dummy-533
816530.152740491,250,230,dummy-533
816494.879344584,250,230,dummy-316
816535.814065204,250,230,dummy-316
816557.170535963,250,230,dummy-316
816414.641424902,250,230,dummy-29
816480.183618897,250,230,dummy-29
816485.248694976,250,230,dummy-29
816510.559989327,250,230,dummy-29
816517.144358321,250,230,dummy-29
816524.972768055,250,230,dummy-29
816329.126949004,250,230,dummy-497
816362.652897882,250,230,dummy-497
816366.845214914,250,230,dummy-497
816488.411462543,250,230,dummy-497
816572.254893715,250,230,dummy-497
816418.29966082,250,230,dummy-6
816415.288508533,250,230,dummy-779
816554.3925388,250,230,dummy-779
816522.783609439,250,230,dummy-152
816552.490582751,250,230,dummy-178
816566.555548469,250,230,dummy-178
816567.375276729,250,230,dummy-178
816345.610454781,250,230,dummy-697
816618.644273801,250,230,dummy-697
816374.123633566,250,230,dummy-51
816391.302160624,250,230,dummy-51
816423.215832133,250,230,dummy-51
816415.663325363,250,230,dummy-282
816416.736345506,250,230,dummy-282
816474.198780367,250,230,dummy-282
816512.517272969,250,230,dummy-282
816526.375438584,250,230,dummy-23
816566.857714299,250,230,dummy-23
816611.986863019,250,230,dummy-23
816365.478578436,250,230,dummy-707
816369.127915639,250,230,dummy-707
816476.781136785,250,230,dummy-707
816498.067901759,250,230,dummy-707
816330.930967543,250,230,dummy-711
816343.033391448,250,230,dummy-711
816440.683753741,250,230,dummy-711
816455.091232222,250,230,dummy-711
816529.155149002,250,230,dummy-711
816531.017921282,250,230,dummy-711
816559.684978532,250,230,dummy-711
816342.728781109,250,230,dummy-488
816468.049808744,250,230,dummy-488
816357.722631861,250,230,dummy-354
816326.16454577,250,230,dummy-495
816444.043163045,250,230,dummy-495
816556.493407314,250,230,dummy-495
816557.59644586,250,230,dummy-495
816620.172842961,250,230,dummy-495
816343.044315168,250,230,dummy-778
816386.435779182,250,230,dummy-778
816553.081554789,250,230,dummy-778
816392.665781603,250,230,dummy-199
816430.019522245,250,230,dummy-199
816443.16130152,250,230,dummy-199
816476.605073363,250,230,dummy-129
816596.72227747,250,230,dummy-129
816618.895180938,250,230,dummy-129
816343.893114328,250,230,dummy-371
816384.482962773,250,230,dummy-371
816402.133482264,250,230,dummy-371
816559.514637479,250,230,dummy-196
816361.33923251,250,230,dummy-55
816406.309361518,250,230,dummy-55
816542.796018081,250,230,dummy-55
816491.297502634,250,230,dummy-204
816501.083694395,250,230,dummy-204
816563.388381593,250,230,dummy-204
816599.552442333,250,230,dummy-204
816333.887814956,250,230,dummy-304
816557.850040652,250,230,dummy-304
816577.324445569,250,230,dummy-15
816362.768014943,250,230,dummy-12
816597.475503344,250,230,dummy-12
816452.210244853,250,230,dummy-50
816480.1370775,250,230,dummy-50
816595.56561067,250,230,dummy-50
816330.294451928,250,230,dummy-324
816333.80465454,250,230,dummy-324
816349.340100112,250,230,dummy-324
816474.865964681,250,230,dummy-324
816509.751585139,250,230,dummy-324
816560.798385006,250,230,dummy-324
816561.542040359,250,230,dummy-324
816359.630095722,250,230,dummy-638
816483.692324855,250,230,dummy-638
816594.16811725,250,230,dummy-638
816388.449308294,250,230,dummy-412
816416.783616012,250,230,dummy-412
816575.121717024,250,230,dummy-412
816339.540388978,250,230,dummy-723
816460.046530439,250,230,dummy-723
816496.087306791,250,230,dummy-723
816614.829169396,250,230,dummy-723
816618.518822575,250,230,dummy-723
816432.034569743,250,230,dummy-105
816447.249908115,250,230,dummy-105
816509.089770125,250,230,dummy-105
816580.994941024,250,230,dummy-105
816343.819990566,250,230,dummy-389
816425.433262378,250,230,dummy-389
816517.494974061,250,230,dummy-389
816323.292628938,250,230,dummy-202
816376.150336413,250,230,dummy-202
816595.018032089,250,230,dummy-202
816371.524170855,250,230,dummy-715
816412.223470008,250,230,dummy-479
816498.900873572,250,230,dummy-479
816416.287234092,250,230,dummy-424
816538.907979888,250,230,dummy-424
816619.342940841,250,230,dummy-424
816332.400451677,250,230,dummy-334
816391.483378767,250,230,dummy-334
816393.075197899,250,230,dummy-334
816594.308969518,250,230,dummy-334
816608.573602694,250,230,dummy-334
816620.208800006,250,230,dummy-334
816330.94454458,250,230,dummy-5
816336.651980328,250,230,dummy-5
816344.875005402,250,230,dummy-5
816404.360954732,250,230,dummy-5
816613.768286745,250,230,dummy-5
816619.196526867,250,230,dummy-5
816619.203253982,250,230,dummy-5
816390.548535536,250,230,dummy-721
816423.802763304,250,230,dummy-721
816525.124400527,250,230,dummy-721
816491.723939832,250,230,dummy-718
816486.839356899,250,230,dummy-752
816537.881413007,250,230,dummy-752
816611.857729787,250,230,dummy-752
816462.067240045,250,230,dummy-310
816580.852880868,250,230,dummy-310
816384.607351289,250,230,dummy-781
816426.11302333,250,230,dummy-781
816473.737276139,250,230,dummy-781
816593.545947665,250,230,dummy-781
816365.021410668,250,230,dummy-264
816503.056946478,250,230,dummy-264
816568.310462949,250,230,dummy-264
816598.733988414,250,230,dummy-264
816342.025484126,250,230,dummy-266
816393.624061292,250,230,dummy-266
816479.188802366,250,230,dummy-266
816481.650459142,250,230,dummy-266
816489.78837557,250,230,dummy-266
816554.301926635,250,230,dummy-266
816561.965690198,250,230,dummy-266
816366.331265136,250,230,dummy-645
816390.210601103,250,230,dummy-645
816393.68147624,250,230,dummy-645
816477.877221659,250,230,dummy-645
816494.577892497,250,230,dummy-645
816411.026598532,250,230,dummy-416
816529.160969325,250,230,dummy-416
816540.660935145,250,230,dummy-416
816572.786914453,250,230,dummy-416
816352.705891053,250,230,dummy-90
816392.040697216,250,230,dummy-90
816575.313736286,250,230,dummy-90
816601.460535772,250,230,dummy-90
816334.787982977,250,230,dummy-539
816396.030043499,250,230,dummy-539
816477.400413712,250,230,dummy-539
816610.843411146,250,230,dummy-539
816341.131040302,250,230,dummy-198
816419.962631971,250,230,dummy-198
816468.460855849,250,230,dummy-198
816524.735706643,250,230,dummy-198
816370.027917102,250,230,dummy-113
816535.315208718,250,230,dummy-113
816537.337105979,250,230,dummy-113
816551.86680988,250,230,dummy-113
816580.548744639,250,230,dummy-113
816597.155588632,250,230,dummy-113
816329.020431283,250,230,dummy-140
816337.1345834,250,230,dummy-140
816435.826436154,250,230,dummy-140
816589.069117563,250,230,dummy-140
816600.652945605,250,230,dummy-140
816618.092846094,250,230,dummy-140
816334.810272135,250,230,dummy-677
816362.238166039,250,230,dummy-677
816363.966377185,250,230,dummy-677
816454.501297482,250,230,dummy-677
816463.11652431,250,230,dummy-677
816510.555256749,250,230,dummy-677
816476.130924875,250,230,dummy-111
816513.340545728,250,230,dummy-111
816561.076104355,250,230,dummy-111
816597.754241689,250,230,dummy-111
816606.608166876,250,230,dummy-111
816611.393620294,250,230,dummy-111
816617.736419167,250,230,dummy-459
816348.80391859,250,230,dummy-545
816430.179957587,250,230,dummy-545
816472.198478085,250,230,dummy-246
816503.556091982,250,230,dummy-246
816541.00846041,250,230,dummy-246
816606.678365871,250,230,dummy-246
816388.289264205,250,230,dummy-153
816440.764893565,250,230,dummy-153
816442.971319242,250,230,dummy-153
816534.219159235,250,230,dummy-153
816545.803121985,250,230,dummy-153
816600.146349154,250,230,dummy-153
816362.603110863,250,230,dummy-676
816394.713202068,250,230,dummy-676
816434.668324934,250,230,dummy-676
816450.609308467,250,230,dummy-676
816485.815223814,250,230,dummy-676
816612.170860666,250,230,dummy-676
816392.209715251,250,230,dummy-661
816463.180401055,250,230,dummy-661
816419.031156164,250,230,dummy-777
816395.530128366,250,230,dummy-760
816424.930102639,250,230,dummy-760
816480.515061125,250,230,dummy-760
816381.044287903,250,230,dummy-285
816523.026300449,250,230,dummy-285
816548.191199126,250,230,dummy-285
816582.228703282,250,230,dummy-285
816348.270573703,250,230,dummy-398
816359.230294798,250,230,dummy-398
816426.616127006,250,230,dummy-398
816600.006960002,250,230,dummy-398
816608.052218019,250,230,dummy-398
816345.578303766,250,230,dummy-318
816346.955979531,250,230,dummy-318
816361.256068622,250,230,dummy-318
816396.846703462,250,230,dummy-318
816444.93726021,250,230,dummy-318
816476.491296631,250,230,dummy-318
816534.667960601,250,230,dummy-318
816585.68254547,250,230,dummy-318
816366.900960132,250,230,dummy-177
816381.704892795,250,230,dummy-177
816511.292458967,250,230,dummy-177
816597.552166611,250,230,dummy-177
816606.58502718,250,230,dummy-177
816546.294606324,250,230,dummy-368
816350.831657831,250,230,dummy-295
816479.689613346,250,230,dummy-295
816505.683973186,250,230,dummy-295
816523.87239465,250,230,dummy-295
816348.160015083,250,230,dummy-396
816431.41626303,250,230,dummy-19
816530.235234283,250,230,dummy-19
816601.371131584,250,230,dummy-19
816425.897042076,250,230,dummy-403
816426.640902071,250,230,dummy-403
816439.45894605,250,230,dummy-403
816506.636297924,250,230,dummy-403
816507.113787397,250,230,dummy-403
816513.450818362,250,230,dummy-403
816575.161546483,250,230,dummy-403
816337.856293782,250,230,dummy-157
816346.954212324,250,230,dummy-157
816391.029075286,250,230,dummy-157
816462.538628288,250,230,dummy-157
816530.48931786,250,230,dummy-157
816543.837606417,250,230,dummy-157
816551.274826368,250,230,dummy-157
816568.586624753,250,230,dummy-157
816596.68039354,250,230,dummy-157
816611.307293012,250,230,dummy-157
816395.070949682,250,230,dummy-147
816451.575564975,250,230,dummy-147
816411.942047878,250,230,dummy-651
816431.746817034,250,230,dummy-651
816469.422691914,250,230,dummy-651
816495.151922603,250,230,dummy-651
816322.257201822,250,230,dummy-47
816458.268076996,250,230,dummy-47
816546.589522101,250,230,dummy-344
816416.099137194,250,230,dummy-141
816449.414009564,250,230,dummy-141
816597.502454716,250,230,dummy-141
816365.050278603,250,230,dummy-552
816491.83846244,250,230,dummy-531
816605.058792818,250,230,dummy-531
816489.486028494,250,230,dummy-429
816353.957734279,250,230,dummy-586
816371.709734763,250,230,dummy-586
816487.587483158,250,230,dummy-586
816517.520672953,250,230,dummy-586
816611.27041771,250,230,dummy-586
816502.429305849,250,230,dummy-811
816442.260319748,250,230,dummy-386
816493.563897597,250,230,dummy-386
816535.239729969,250,230,dummy-386
816597.647532077,250,230,dummy-386
816615.290725149,250,230,dummy-386
816350.669637343,250,230,dummy-701
816375.705561152,250,230,dummy-701
816417.750613508,250,230,dummy-701
816469.545852976,250,230,dummy-701
816490.929446566,250,230,dummy-701
816523.982130459,250,230,dummy-701
816550.420862047,250,230,dummy-701
816564.642101699,250,230,dummy-701
816349.275672157,250,230,dummy-308
816381.274448143,250,230,dummy-308
816379.65130216,250,230,dummy-521
816565.582008251,250,230,dummy-521
816533.143807673,250,230,dummy-164
816543.10412399,250,230,dummy-164
816329.372685858,250,230,dummy-404
816415.050175586,250,230,dummy-404
816493.084599,250,230,dummy-404
816548.64496913,250,230,dummy-404
816421.883827226,250,230,dummy-807
816567.165659489,250,230,dummy-807
816483.011244497,250,230,dummy-357
816521.451609697,250,230,dummy-357
816389.569772177,250,230,dummy-671
816432.387624705,250,230,dummy-671
816557.729801862,250,230,dummy-671
816594.405595584,250,230,dummy-671
816598.333879204,250,230,dummy-671
816598.993332851,250,230,dummy-671
816326.831973583,250,230,dummy-625
816367.888789605,250,230,dummy-625
816436.831617415,250,230,dummy-625
816510.525413744,250,230,dummy-625
816526.86887551,250,230,dummy-625
816595.525753615,250,230,dummy-625
816365.740014261,250,230,dummy-583
816394.854054746,250,230,dummy-583
816606.535937413,250,230,dummy-583
816346.505869003,250,230,dummy-529
816351.974861345,250,230,dummy-529
816423.417532613,250,230,dummy-529
816488.808387817,250,230,dummy-529
816515.775700792,250,230,dummy-529
816526.503403708,250,230,dummy-529
816532.116341268,250,230,dummy-529
816559.913570093,250,230,dummy-529
816381.151092117,250,230,dummy-257
816408.707713929,250,230,dummy-257
816434.253243623,250,230,dummy-257
816437.454158147,250,230,dummy-257
816479.646594022,250,230,dummy-257
816512.781954877,250,230,dummy-257
816562.338318733,250,230,dummy-257
816575.082345483,250,230,dummy-257
816388.16439882,250,230,dummy-122
816400.086274737,250,230,dummy-122
816437.977967301,250,230,dummy-122
816555.205375701,250,230,dummy-122
816380.35953569,250,230,dummy-480
816381.671405792,250,230,dummy-480
816442.328530153,250,230,dummy-480
816586.075755341,250,230,dummy-480
816596.294162944,250,230,dummy-480
816400.575804952,250,230,dummy-305
816489.908425097,250,230,dummy-305
816494.391765634,250,230,dummy-305
816332.717129741,250,230,dummy-472
816352.605125106,250,230,dummy-472
816381.042770837,250,230,dummy-472
816480.874804158,250,230,dummy-472
816331.976066869,250,230,dummy-277
816436.065795028,250,230,dummy-277
816573.831529091,250,230,dummy-277
816385.191394643,250,230,dummy-209
816415.724570091,250,230,dummy-209
816490.291100696,250,230,dummy-209
816540.34441278,250,230,dummy-209
816545.282287559,250,230,dummy-209
816578.759174744,250,230,dummy-209
816611.477742973,250,230,dummy-209
816324.776915554,250,230,dummy-390
816341.193820334,250,230,dummy-390
816445.217097822,250,230,dummy-390
816447.593935549,250,230,dummy-390
816515.568885025,250,230,dummy-390
816463.937390051,250,230,dummy-343
816545.245528464,250,230,dummy-343
816568.04004785,250,230,dummy-343
816482.508471608,250,230,dummy-59
816552.798661735,250,230,dummy-59
816560.614958216,250,230,dummy-59
816389.797555056,250,230,dummy-254
816394.727336313,250,230,dummy-254
816466.000059513,250,230,dummy-254
816557.738696996,250,230,dummy-254
816592.377032526,250,230,dummy-780
816365.965203481,250,230,dummy-658
816369.66523792,250,230,dummy-716
816382.422558316,250,230,dummy-716
816384.894930001,250,230,dummy-716
816483.941405643,250,230,dummy-716
816486.081014349,250,230,dummy-716
816524.329526586,250,230,dummy-716
816551.754458919,250,230,dummy-716
816618.547809687,250,230,dummy-716
816511.710452591,250,230,dummy-681
816409.611156056,250,230,dummy-611
816342.980766716,250,230,dummy-455
816408.306820162,250,230,dummy-455
816389.811963574,250,230,dummy-666
816424.309433583,250,230,dummy-666
816473.31248056,250,230,dummy-666
816521.120108571,250,230,dummy-666
816531.622444945,250,230,dummy-666
816380.490703008,250,230,dummy-563
816411.518224607,250,230,dummy-563
816527.943607435,250,230,dummy-563
816349.522186224,250,230,dummy-63
816389.370738882,250,230,dummy-63
816345.519631918,250,230,dummy-115
816459.352358604,250,230,dummy-115
816470.596390853,250,230,dummy-115
816477.654150813,250,230,dummy-115
816494.139001005,250,230,dummy-115
816508.461309756,250,230,dummy-115
816579.872473936,250,230,dummy-115
816610.895160935,250,230,dummy-115
816338.4492026,250,230,dummy-172
816392.233917019,250,230,dummy-172
816395.023787954,250,230,dummy-172
816412.211716744,250,230,dummy-172
816558.826862116,250,230,dummy-172
816579.721623021,250,230,dummy-172
816369.824190566,250,230,dummy-313
816395.474165212,250,230,dummy-313
816544.809716868,250,230,dummy-313
816342.657650709,250,230,dummy-309
816481.512023266,250,230,dummy-309
816523.628034837,250,230,dummy-309
816620.349317941,250,230,dummy-309
816363.022690101,250,230,dummy-694
816505.267603539,250,230,dummy-694
816436.646142172,250,230,dummy-783
816567.479029854,250,230,dummy-783
816399.043619304,250,230,dummy-393
816406.840316125,250,230,dummy-393
816583.980965207,250,230,dummy-393
816601.803855104,250,230,dummy-393
816611.603514355,250,230,dummy-393
816353.712879059,250,230,dummy-728
816561.356944614,250,230,dummy-728
816591.775957865,250,230,dummy-728
816358.432988127,250,230,dummy-798
816368.347714701,250,230,dummy-798
816484.957441196,250,230,dummy-798
816546.164960727,250,230,dummy-798
816321.252615436,250,230,dummy-731
816373.472961597,250,230,dummy-731
816383.890082004,250,230,dummy-731
816471.912441189,250,230,dummy-731
816492.459003035,250,230,dummy-731
816588.831746982,250,230,dummy-731
816346.115851877,250,230,dummy-426
816374.188866515,250,230,dummy-426
816466.724163859,250,230,dummy-426
816536.172389421,250,230,dummy-426
816538.258873759,250,230,dummy-426
816593.83249182,250,230,dummy-426
816602.214681317,250,230,dummy-426
816609.574652481,250,230,dummy-426
816418.442329726,250,230,dummy-69
816459.495538279,250,230,dummy-69
816325.750433952,250,230,dummy-335
816431.015724273,250,230,dummy-335
816414.575921905,250,230,dummy-441
816470.43132742,250,230,dummy-441
816506.902821881,250,230,dummy-441
816539.852178184,250,230,dummy-441
816402.553841722,250,230,dummy-713
816497.871263901,250,230,dummy-713
816563.320312643,250,230,dummy-713
816563.460359453,250,230,dummy-713
816602.091697892,250,230,dummy-713
816609.2084651,250,230,dummy-713
816469.694965447,250,230,dummy-654
816502.591698678,250,230,dummy-654
816532.574742063,250,230,dummy-654
816540.848122696,250,230,dummy-654
816566.715353333,250,230,dummy-654
816588.447119258,250,230,dummy-654
816609.120194634,250,230,dummy-654
816351.554537883,250,230,dummy-369
816360.339603911,250,230,dummy-369
816482.048598034,250,230,dummy-369
816495.045178416,250,230,dummy-369
816503.764549585,250,230,dummy-369
816346.954252336,250,230,dummy-130
816382.378091843,250,230,dummy-130
816418.013850228,250,230,dummy-130
816449.034689391,250,230,dummy-130
816479.70061812,250,230,dummy-130
816398.818430959,250,230,dummy-331
816441.975556732,250,230,dummy-331
816439.997870253,250,230,dummy-621
816498.454777017,250,230,dummy-621
816582.949577942,250,230,dummy-821
816384.268730552,250,230,dummy-119
816359.062476217,250,230,dummy-280
816354.830943817,250,230,dummy-761
816490.32304134,250,230,dummy-761
816336.680022312,250,230,dummy-401
816394.555978862,250,230,dummy-401
816433.196295637,250,230,dummy-401
816448.072056127,250,230,dummy-401
816468.440954935,250,230,dummy-401
816567.610778533,250,230,dummy-401
816592.326074722,250,230,dummy-401
816336.026470503,250,230,dummy-237
816356.891728722,250,230,dummy-237
816360.256876703,250,230,dummy-237
816370.385588191,250,230,dummy-237
816453.360303725,250,230,dummy-237
816533.313409255,250,230,dummy-237
816590.139587684,250,230,dummy-237
816369.721763765,250,230,dummy-737
816376.723808764,250,230,dummy-737
816388.02050204,250,230,dummy-737
816417.814381476,250,230,dummy-737
816427.324212858,250,230,dummy-737
816503.636357813,250,230,dummy-737
816560.422959684,250,230,dummy-737
816573.963038316,250,230,dummy-737
816582.064424749,250,230,dummy-737
816606.018183621,250,230,dummy-737
816356.638977516,250,230,dummy-543
816420.316323366,250,230,dummy-543
816580.640629331,250,230,dummy-543
816609.314187294,250,230,dummy-543
816359.626559643,250,230,dummy-194
816395.812291347,250,230,dummy-194
816395.841804933,250,230,dummy-194
816421.430765127,250,230,dummy-194
816434.042097216,250,230,dummy-194
816445.330481206,250,230,dummy-194
816411.160940942,250,230,dummy-558
816473.968553475,250,230,dummy-558
816499.513664863,250,230,dummy-558
816604.64496578,250,230,dummy-558
816479.418575749,250,230,dummy-128
816483.061815342,250,230,dummy-128
816513.107800796,250,230,dummy-128
816520.753626667,250,230,dummy-128
816617.992117248,250,230,dummy-128
816532.875110991,250,230,dummy-550
816620.246566236,250,230,dummy-550
816438.505085354,250,230,dummy-803
816461.825386889,250,230,dummy-803
816561.982357395,250,230,dummy-803
816565.796684652,250,230,dummy-803
816343.09682617,250,230,dummy-617
816344.011446356,250,230,dummy-617
816356.167482096,250,230,dummy-617
816584.207833054,250,230,dummy-617
816613.705220042,250,230,dummy-784
816406.488269608,250,230,dummy-436
816521.302669155,250,230,dummy-436
816593.172253996,250,230,dummy-436
816357.738839586,250,230,dummy-425
816367.840042951,250,230,dummy-425
816500.826145658,250,230,dummy-425
816332.834716278,250,230,dummy-530
816410.853185862,250,230,dummy-530
816441.795361771,250,230,dummy-530
816462.766846225,250,230,dummy-530
816489.012435917,250,230,dummy-530
816538.551229137,250,230,dummy-530
816614.247510607,250,230,dummy-530
816351.254781139,250,230,dummy-399
816491.522607368,250,230,dummy-399
816376.601531616,250,230,dummy-525
816430.420607336,250,230,dummy-525
816479.83565513,250,230,dummy-525
816503.206997868,250,230,dummy-104
816546.732145634,250,230,dummy-104
816553.125242044,250,230,dummy-104
816593.997431646,250,230,dummy-104
816344.41921258,250,230,dummy-64
816540.029260917,250,230,dummy-64
816552.972809917,250,230,dummy-64
816439.934191157,250,230,dummy-45
816539.900292408,250,230,dummy-45
816559.75788194,250,230,dummy-45
816560.874218429,250,230,dummy-45
816329.086078156,250,230,dummy-341
816488.383675605,250,230,dummy-341
816549.061290141,250,230,dummy-341
816574.655493049,250,230,dummy-341
816530.558415705,250,230,dummy-276
816577.589459057,250,230,dummy-276
816614.748208837,250,230,dummy-276
816321.908330163,250,230,dummy-186
816365.226612762,250,230,dummy-186
816410.262538118,250,230,dummy-513
816425.283050456,250,230,dummy-513
816494.419539212,250,230,dummy-513
816595.921141296,250,230,dummy-513
816328.230160222,250,230,dummy-815
816343.656661193,250,230,dummy-815
816437.741867998,250,230,dummy-815
816498.931768146,250,230,dummy-181
816575.759884349,250,230,dummy-181
816388.129545146,250,230,dummy-746
816484.925400928,250,230,dummy-746
816416.625967249,250,230,dummy-622
816446.741511365,250,230,dummy-622
816462.239976197,250,230,dummy-622
816488.911906063,250,230,dummy-622
816341.579671495,250,230,dummy-145
816426.052934213,250,230,dummy-145
816342.080982695,250,230,dummy-241
816620.516415894,250,230,dummy-241
816374.877536681,250,230,dummy-72
816605.760549966,250,230,dummy-72
816333.457030282,250,230,dummy-602
816386.169883259,250,230,dummy-602
816395.053955449,250,230,dummy-602
816429.101186513,250,230,dummy-602
816449.702131393,250,230,dummy-602
816334.261777634,250,230,dummy-592
816331.04992795,250,230,dummy-719
816371.284971729,250,230,dummy-719
816448.719299143,250,230,dummy-719
816520.102694727,250,230,dummy-719
816533.36988093,250,230,dummy-719
816608.329116924,250,230,dummy-719
816416.461231916,250,230,dummy-628
816481.355350862,250,230,dummy-628
816509.463881769,250,230,dummy-628
816562.096097062,250,230,dummy-628
816362.213659721,250,230,dummy-422
816452.159354524,250,230,dummy-422
816519.654017666,250,230,dummy-422
816477.991765264,250,230,dummy-663
816585.326042735,250,230,dummy-663
816338.789130263,250,230,dummy-623
816360.30766626,250,230,dummy-623
816403.547796952,250,230,dummy-623
816446.570124435,250,230,dummy-623
816464.763746563,250,230,dummy-623
816525.923825803,250,230,dummy-623
816528.942901685,250,230,dummy-623
816551.722876068,250,230,dummy-623
816456.158374819,250,230,dummy-190
816481.005292533,250,230,dummy-190
816596.216910514,250,230,dummy-588
816331.513074091,250,230,dummy-78
816364.268755036,250,230,dummy-78
816372.503536687,250,230,dummy-78
816374.545107917,250,230,dummy-78
816404.993067001,250,230,dummy-78
816431.980287571,250,230,dummy-78
816508.67913275,250,230,dummy-78
816391.195877467,250,230,dummy-247
816421.771159135,250,230,dummy-247
816442.164176851,250,230,dummy-247
816512.165109359,250,230,dummy-247
816539.230107386,250,230,dummy-247
816552.044615909,250,230,dummy-247
816574.378091979,250,230,dummy-247
816434.569772639,250,230,dummy-73
816486.099420889,250,230,dummy-73
816559.730513357,250,230,dummy-73
816373.780595372,250,230,dummy-361
816378.737929457,250,230,dummy-361
816549.155475542,250,230,dummy-361
816342.671824262,250,230,dummy-32
816372.430748914,250,230,dummy-32
816567.003052821,250,230,dummy-32
816612.599069757,250,230,dummy-32
816366.107032577,250,230,dummy-13
816407.09116887,250,230,dummy-13
816407.819816606,250,230,dummy-13
816442.662904434,250,230,dummy-13
816505.770800921,250,230,dummy-13
816573.297521051,250,230,dummy-13
816332.177900034,250,230,dummy-724
816351.816825335,250,230,dummy-724
816360.565578007,250,230,dummy-724
816559.045743829,250,230,dummy-724
816387.825433177,250,230,dummy-569
816577.404167607,250,230,dummy-569
816449.375242682,250,230,dummy-735
816591.224978718,250,230,dummy-735
816349.17904351,250,230,dummy-84
816453.500216546,250,230,dummy-84
816523.86898351,250,230,dummy-84
816436.903145896,250,230,dummy-312
816442.141431905,250,230,dummy-312
816464.730564362,250,230,dummy-312
816427.867051348,250,230,dummy-103
816428.365067242,250,230,dummy-103
816511.058972714,250,230,dummy-103
816543.832591394,250,230,dummy-103
816585.843155041,250,230,dummy-103
816410.130223787,250,230,dummy-675
816524.116703266,250,230,dummy-675
816565.072234221,250,230,dummy-675
816345.12828854,250,230,dummy-85
816457.616211821,250,230,dummy-85
816326.821197055,250,230,dummy-804
816405.873608549,250,230,dummy-804
816460.305547552,250,230,dummy-804
816499.53136905,250,230,dummy-804
816330.245072123,250,230,dummy-700
816517.012569309,250,230,dummy-700
816371.173377001,250,230,dummy-83
816415.273876272,250,230,dummy-35
816356.06569778,250,230,dummy-394
816396.828931903,250,230,dummy-394
816455.544818722,250,230,dummy-394
816461.166966737,250,230,dummy-394
816492.400429224,250,230,dummy-394
816543.302323494,250,230,dummy-394
816618.676596044,250,230,dummy-394
816336.927903583,250,230,dummy-515
816427.371993875,250,230,dummy-515
816441.34556034,250,230,dummy-515
816549.093222297,250,230,dummy-515
816362.375811914,250,230,dummy-499
816390.022710972,250,230,dummy-499
816342.134361587,250,230,dummy-406
816343.223244954,250,230,dummy-406
816347.41789523,250,230,dummy-406
816350.28192826,250,230,dummy-406
816371.251490966,250,230,dummy-406
816602.792822393,250,230,dummy-271
816528.798013107,250,230,dummy-149
816573.556277398,250,230,dummy-149
816353.876798672,250,230,dummy-267
816397.878124327,250,230,dummy-267
816322.488720819,250,230,dummy-824
816380.483683147,250,230,dummy-824
816563.175467397,250,230,dummy-824
816325.907773198,250,230,dummy-793
816394.873165147,250,230,dummy-793
816399.275255599,250,230,dummy-793
816551.686915067,250,230,dummy-793
816368.24496142,250,230,dummy-27
816484.643117252,250,230,dummy-27
816498.685848508,250,230,dummy-27
816499.842314461,250,230,dummy-27
816547.307563649,250,230,dummy-27
816414.839853185,250,230,dummy-109
816512.430659139,250,230,dummy-109
816528.258430086,250,230,dummy-109
816531.645025735,250,230,dummy-109
816598.759445049,250,230,dummy-109
816324.933478434,250,230,dummy-26
816385.791497109,250,230,dummy-26
816503.556056266,250,230,dummy-26
816589.066626802,250,230,dummy-26
816601.26468434,250,230,dummy-26
816482.435344906,250,230,dummy-253
816548.03625625,250,230,dummy-253
816344.161353797,250,230,dummy-599
816617.884829094,250,230,dummy-599
816466.523095306,250,230,dummy-806
816477.187681357,250,230,dummy-806
816501.723854353,250,230,dummy-806
816525.742888268,250,230,dummy-806
816417.116674045,250,230,dummy-272
816608.950748974,250,230,dummy-272
816441.399632142,250,230,dummy-395
816586.130344574,250,230,dummy-758
816335.093066241,250,230,dummy-94
816539.483815406,250,230,dummy-94
816593.820256353,250,230,dummy-94
816384.733898059,250,230,dummy-176
816427.365060153,250,230,dummy-176
816449.613012749,250,230,dummy-794
816492.457541553,250,230,dummy-794
816493.640641944,250,230,dummy-794
816382.399839263,250,230,dummy-81
816337.135871293,250,230,dummy-561
816340.734125167,250,230,dummy-561
816351.62750358,250,230,dummy-561
816396.038693297,250,230,dummy-561
816404.625729711,250,230,dummy-561
816513.289441067,250,230,dummy-561
816337.422301461,250,230,dummy-612
816357.753953546,250,230,dummy-612
816580.537007545,250,230,dummy-612
816398.657108024,250,230,dummy-613
816471.201541889,250,230,dummy-613
816549.198183633,250,230,dummy-613
816554.260724328,250,230,dummy-613
816382.186357275,250,230,dummy-16
816417.121058708,250,230,dummy-16
816433.719121977,250,230,dummy-16
816476.888855757,250,230,dummy-16
816512.818077479,250,230,dummy-16
816558.400893797,250,230,dummy-16
816595.982468005,250,230,dummy-16
816453.533774633,250,230,dummy-265
816398.101064154,250,230,dummy-320
816464.156981222,250,230,dummy-320
816468.464164234,250,230,dummy-320
816520.590294949,250,230,dummy-320
816552.322088519,250,230,dummy-320
816400.242444139,250,230,dummy-695
816536.576811296,250,230,dummy-695
816379.209919314,250,230,dummy-696
816439.034255888,250,230,dummy-696
816479.055735351,250,230,dummy-696
816549.895631612,250,230,dummy-696
816562.877794298,250,230,dummy-696
816615.980465243,250,230,dummy-696
816450.863623706,250,230,dummy-801
816451.964200621,250,230,dummy-801
816608.989994816,250,230,dummy-801
816455.096194762,250,230,dummy-1
816494.094878942,250,230,dummy-1
816500.783741212,250,230,dummy-1
816425.720941996,250,230,dummy-509
816442.197742987,250,230,dummy-509
816466.075137726,250,230,dummy-509
816555.116461265,250,230,dummy-509
816346.385016414,250,230,dummy-231
816403.98951598,250,230,dummy-173
816553.177946498,250,230,dummy-173
816357.285177621,250,230,dummy-211
816372.175023628,250,230,dummy-211
816390.15409442,250,230,dummy-211
816483.501011759,250,230,dummy-211
816490.068248317,250,230,dummy-211
816564.181239914,250,230,dummy-211
816591.058215851,250,230,dummy-211
816613.041911719,250,230,dummy-211
816420.116851,250,230,dummy-191
816454.268409117,250,230,dummy-191
816456.562547465,250,230,dummy-191
816534.787662738,250,230,dummy-191
816329.109717137,250,230,dummy-233
816395.980349409,250,230,dummy-233
816445.587517189,250,230,dummy-233
816477.896499359,250,230,dummy-233
816523.691072062,250,230,dummy-233
816398.027380901,250,230,dummy-616
816561.358276761,250,230,dummy-616
816329.124552047,250,230,dummy-830
816365.824347504,250,230,dummy-830
816431.1387609,250,230,dummy-830
816533.275124331,250,230,dummy-830
816555.016464577,250,230,dummy-830
816330.94103867,250,230,dummy-193
816351.57811437,250,230,dummy-193
816431.983975096,250,230,dummy-193
816616.520465796,250,230,dummy-193
816402.608970977,250,230,dummy-346
816411.893831767,250,230,dummy-346
816448.679347553,250,230,dummy-346
816449.264545505,250,230,dummy-346
816516.633065861,250,230,dummy-346
816600.407100389,250,230,dummy-346
816512.553569739,250,230,dummy-580
816523.212898919,250,230,dummy-580
816343.710771471,250,230,dummy-596
816368.304246143,250,230,dummy-596
816461.660338216,250,230,dummy-596
816521.922799673,250,230,dummy-596
816553.678881689,250,230,dummy-596
816594.122784606,250,230,dummy-596
816606.391374777,250,230,dummy-596
816618.913941372,250,230,dummy-596
816342.664187759,250,230,dummy-110
816363.862431534,250,230,dummy-110
816409.587117837,250,230,dummy-110
816416.625506499,250,230,dummy-110
816469.480715991,250,230,dummy-110
816525.018907386,250,230,dummy-110
816346.152077022,250,230,dummy-593
816558.087830855,250,230,dummy-593
816322.455090589,250,230,dummy-40
816364.62910177,250,230,dummy-40
816369.049317633,250,230,dummy-40
816431.757802624,250,230,dummy-40
816467.349983263,250,230,dummy-40
816544.934805138,250,230,dummy-40
816562.783629259,250,230,dummy-40
816383.303691761,250,230,dummy-8
816403.368463519,250,230,dummy-8
816461.329515704,250,230,dummy-8
816402.493748857,250,230,dummy-748
816416.746619526,250,230,dummy-748
816445.476206873,250,230,dummy-748
816487.555041432,250,230,dummy-748
816511.671315542,250,230,dummy-748
816540.925372022,250,230,dummy-748
816565.073878931,250,230,dummy-748
816591.388887855,250,230,dummy-748
816397.927664783,250,230,dummy-160
816513.151221855,250,230,dummy-160
816520.958594074,250,230,dummy-160
816529.833439364,250,230,dummy-160
816351.793423477,250,230,dummy-434
816530.369888085,250,230,dummy-434
816554.09548579,250,230,dummy-434
816576.047572897,250,230,dummy-434
816396.861303293,250,230,dummy-726
816525.54885983,250,230,dummy-726
816542.807480674,250,230,dummy-726
816578.541979434,250,230,dummy-726
816345.257174403,250,230,dummy-714
816518.298866071,250,230,dummy-714
816613.109530414,250,230,dummy-714
816394.795248798,250,230,dummy-447
816565.469075967,250,230,dummy-447
816364.172569217,250,230,dummy-175
816441.820161011,250,230,dummy-175
816475.549493868,250,230,dummy-175
816484.050642746,250,230,dummy-175
816321.859488451,250,230,dummy-787
816349.585271337,250,230,dummy-787
816369.588229757,250,230,dummy-787
816488.879087444,250,230,dummy-787
816505.821055592,250,230,dummy-787
816615.38142427,250,230,dummy-787
816360.371665795,250,230,dummy-589
816455.039552834,250,230,dummy-589
816536.323612207,250,230,dummy-589
816602.071202848,250,230,dummy-589
816322.005070402,250,230,dummy-590
816337.197393407,250,230,dummy-590
816506.501377659,250,230,dummy-590
816556.856826343,250,230,dummy-590
816582.539802616,250,230,dummy-590
816351.918043062,250,230,dummy-126
816353.379724461,250,230,dummy-126
816377.877288866,250,230,dummy-126
816476.646735711,250,230,dummy-126
816487.163782319,250,230,dummy-126
816600.730622142,250,230,dummy-126
816576.047549416,250,230,dummy-364
816605.187244152,250,230,dummy-364
816344.345358876,250,230,dummy-771
816347.85491313,250,230,dummy-771
816610.304759942,250,230,dummy-771
816538.646515976,250,230,dummy-814
816567.184513366,250,230,dummy-814
816356.579454402,250,230,dummy-690
816390.343076084,250,230,dummy-690
816448.147070506,250,230,dummy-690
816598.720940991,250,230,dummy-690
816382.5312922,250,230,dummy-659
816385.995214358,250,230,dummy-659
816399.031161325,250,230,dummy-659
816494.117928085,250,230,dummy-659
816550.801949039,250,230,dummy-659
816354.757416605,250,230,dummy-767
816516.067728084,250,230,dummy-767
816552.924893794,250,230,dummy-767
816569.899615172,250,230,dummy-767
816578.416297264,250,230,dummy-767
816594.583999231,250,230,dummy-767
816369.778760563,250,230,dummy-489
816427.853492471,250,230,dummy-489
816444.230930049,250,230,dummy-489
816532.353111761,250,230,dummy-489
816619.722410373,250,230,dummy-489
816376.829338504,250,230,dummy-710
816474.329776252,250,230,dummy-710
816542.804184104,250,230,dummy-710
816585.589884808,250,230,dummy-710
816599.020117281,250,230,dummy-710
816327.731550994,250,230,dummy-465
816528.350592392,250,230,dummy-465
816349.081043945,250,230,dummy-127
816585.329508028,250,230,dummy-127
816335.17019874,250,230,dummy-747
816500.782628449,250,230,dummy-747
816594.297220289,250,230,dummy-747
816328.449357188,250,230,dummy-258
816512.549794166,250,230,dummy-258
816542.141776522,250,230,dummy-258
816581.972294266,250,230,dummy-258
816603.603222154,250,230,dummy-258
816616.167107553,250,230,dummy-258
816354.500266961,250,230,dummy-352
816452.672523868,250,230,dummy-352
816514.601272076,250,230,dummy-352
816542.186941553,250,230,dummy-352
816396.698044795,250,230,dummy-326
816439.607046377,250,230,dummy-326
816494.618223535,250,230,dummy-326
816555.730801209,250,230,dummy-326
816322.571285191,250,230,dummy-296
816429.504898188,250,230,dummy-296
816550.958413294,250,230,dummy-296
816522.480741736,250,230,dummy-67
816540.121698181,250,230,dummy-67
816557.728377304,250,230,dummy-67
816616.767036949,250,230,dummy-67
816603.441557015,250,230,dummy-698
816443.255242239,250,230,dummy-366
816486.070402189,250,230,dummy-366
816379.463480683,250,230,dummy-36
816321.880759886,250,230,dummy-554
816422.317015629,250,230,dummy-554
816334.939292344,250,230,dummy-492
816437.91106793,250,230,dummy-492
816530.780181557,250,230,dummy-492
816448.263817233,250,230,dummy-564
816548.194560732,250,230,dummy-564
816564.153241625,250,230,dummy-564
816564.31102921,250,230,dummy-564
816598.960082167,250,230,dummy-564
816582.41895675,250,230,dummy-314
816583.529452918,250,230,dummy-314
816586.578321161,250,230,dummy-314
816619.29442669,250,230,dummy-314
816427.238711149,250,230,dummy-453
816509.954403395,250,230,dummy-453
816570.692567162,250,230,dummy-453
816591.198997038,250,230,dummy-453
816323.374944345,250,230,dummy-134
816358.953558093,250,230,dummy-134
816364.134375882,250,230,dummy-134
816586.410390789,250,230,dummy-134
816596.249068658,250,230,dummy-134
816323.630303453,250,230,dummy-542
816350.227418363,250,230,dummy-542
816352.219120191,250,230,dummy-542
816480.451798059,250,230,dummy-542
816480.895732643,250,230,dummy-542
816599.822357908,250,230,dummy-542
816355.335708782,250,230,dummy-240
816421.096975711,250,230,dummy-240
816455.447924052,250,230,dummy-240
816524.021512173,250,230,dummy-240
816617.885122861,250,230,dummy-240
816324.708274938,250,230,dummy-648
816508.089226714,250,230,dummy-648
816378.748976852,250,230,dummy-468
816577.304332046,250,230,dummy-468
816588.047902107,250,230,dummy-468
816590.034347629,250,230,dummy-468
816397.415566533,250,230,dummy-342
816402.929184863,250,230,dummy-342
816520.459568029,250,230,dummy-342
816358.957331996,250,230,dummy-481
816385.029515485,250,230,dummy-481
816509.832374945,250,230,dummy-481
816524.400502381,250,230,dummy-481
816421.14703257,250,230,dummy-560
816438.420827156,250,230,dummy-560
816442.465085069,250,230,dummy-560
816463.416948564,250,230,dummy-560
816556.431669923,250,230,dummy-560
816585.490320965,250,230,dummy-560
816586.473416277,250,230,dummy-560
816576.755035272,250,230,dummy-93
816603.989133153,250,230,dummy-93
816383.913451275,250,230,dummy-117
816511.904094295,250,230,dummy-117
816530.396334089,250,230,dummy-117
816561.018665131,250,230,dummy-117
816604.180691827,250,230,dummy-117
816329.548759626,250,230,dummy-288
816514.691279104,250,230,dummy-288
816534.788093534,250,230,dummy-288
816582.982307362,250,230,dummy-288
816615.185264221,250,230,dummy-288
816619.070488215,250,230,dummy-288
816366.978861452,250,230,dummy-417
816404.459915776,250,230,dummy-417
816424.058624956,250,230,dummy-417
816563.809726396,250,230,dummy-417
816370.76532427,250,230,dummy-753
816401.428151797,250,230,dummy-753
816423.822164699,250,230,dummy-753
816553.364762031,250,230,dummy-753
816583.291347785,250,230,dummy-753
816355.216065928,250,230,dummy-705
816381.090711572,250,230,dummy-705
816385.863757584,250,230,dummy-705
816576.957957005,250,230,dummy-705
816403.562558142,250,230,dummy-76
816424.602405428,250,230,dummy-76
816413.987826927,250,230,dummy-217
816415.258749565,250,230,dummy-217
816486.915610619,250,230,dummy-799
816590.001822002,250,230,dummy-799
816616.135442892,250,230,dummy-799
816326.241860476,250,230,dummy-20
816487.034374299,250,230,dummy-20
816428.736154375,250,230,dummy-68
816439.545823701,250,230,dummy-68
816527.750812174,250,230,dummy-68
816603.237286834,250,230,dummy-68
816610.752858318,250,230,dummy-68
816370.451553948,250,230,dummy-138
816404.283837408,250,230,dummy-138
816532.056183268,250,230,dummy-138
816337.126130512,250,230,dummy-114
816388.802661616,250,230,dummy-114
816459.408728788,250,230,dummy-114
816469.959422733,250,230,dummy-114
816408.850335282,250,230,dummy-2
816423.328735652,250,230,dummy-2
816522.053133963,250,230,dummy-2
816618.76641606,250,230,dummy-2
