arrival_time,input_tokens,output_tokens,adapter
820116.390984792,250,230,dummy-772
820218.054275925,250,230,dummy-772
820245.744196265,250,230,dummy-772
820262.628923501,250,230,dummy-772
820391.689709118,250,230,dummy-772
820106.967425945,250,230,dummy-283
820241.477272324,250,230,dummy-283
820245.03113824,250,230,dummy-683
820394.371348105,250,230,dummy-683
820102.158381698,250,230,dummy-323
820229.169609874,250,230,dummy-323
820291.331246597,250,230,dummy-323
820317.677696206,250,230,dummy-323
820364.921216079,250,230,dummy-323
820379.986591289,250,230,dummy-323
820135.671314526,250,230,dummy-228
820259.733468433,250,230,dummy-228
820370.209118247,250,230,dummy-228
820123.563130629,250,230,dummy-414
820312.917442379,250,230,dummy-414
820355.667816898,250,230,dummy-414
820168.064976732,250,230,dummy-796
820125.073463954,250,230,dummy-325
820151.450389119,250,230,dummy-325
820191.866577591,250,230,dummy-325
820204.519342328,250,230,dummy-749
820304.74616763,250,230,dummy-749
820341.563527897,250,230,dummy-749
820277.580296911,250,230,dummy-321
820384.832961204,250,230,dummy-321
820118.713768435,250,230,dummy-350
820148.472501862,250,230,dummy-350
820343.043527134,250,230,dummy-350
820388.639279595,250,230,dummy-350
820138.965708606,250,230,dummy-662
820177.566206,250,230,dummy-662
820194.299244658,250,230,dummy-662
820241.348790646,250,230,dummy-662
820294.971343729,250,230,dummy-662
820340.551531647,250,230,dummy-662
820368.403242259,250,230,dummy-662
820129.919158288,250,230,dummy-603
820173.920278402,250,230,dummy-603
820112.340259817,250,230,dummy-365
820168.897976025,250,230,dummy-365
820366.491660852,250,230,dummy-365
820186.304592104,250,230,dummy-653
820201.325329642,250,230,dummy-653
820270.462169579,250,230,dummy-653
820371.96252222,250,230,dummy-653
820119.503702934,250,230,dummy-618
820132.696617953,250,230,dummy-618
820267.786333358,250,230,dummy-618
820105.128214036,250,230,dummy-243
820264.42594043,250,230,dummy-243
820325.102479437,250,230,dummy-243
820350.697193049,250,230,dummy-243
820157.20469454,250,230,dummy-212
820160.309998171,250,230,dummy-212
820224.36806301,250,230,dummy-212
820142.273423312,250,230,dummy-106
820163.968426429,250,230,dummy-106
820292.671146726,250,230,dummy-106
820304.526299637,250,230,dummy-106
820152.871388036,250,230,dummy-226
820250.372818145,250,230,dummy-226
820318.84759247,250,230,dummy-226
820361.63375574,250,230,dummy-226
820375.063917001,250,230,dummy-226
820144.027921378,250,230,dummy-604
820150.28912353,250,230,dummy-604
820154.351512369,250,230,dummy-604
820207.20027147,250,230,dummy-604
820235.502887742,250,230,dummy-604
820285.2502688,250,230,dummy-604
820306.430970818,250,230,dummy-604
820372.959583794,250,230,dummy-604
820340.145290601,250,230,dummy-587
820386.836605001,250,230,dummy-587
820254.034338067,250,230,dummy-142
820361.369381541,250,230,dummy-142
820196.10546977,250,230,dummy-477
820214.923677134,250,230,dummy-477
820275.725223856,250,230,dummy-477
820394.98809858,250,230,dummy-477
820334.839504168,250,230,dummy-510
820359.027975167,250,230,dummy-510
820380.13716024,250,230,dummy-510
820383.63592351,250,230,dummy-510
820164.133972766,250,230,dummy-384
820219.335979207,250,230,dummy-384
820254.463709329,250,230,dummy-384
820257.033708052,250,230,dummy-384
820292.595434952,250,230,dummy-384
820350.42296311,250,230,dummy-384
820374.16023528,250,230,dummy-384
820107.556362425,250,230,dummy-4
820140.312649242,250,230,dummy-4
820148.548176749,250,230,dummy-4
820150.590018996,250,230,dummy-4
820181.037258188,250,230,dummy-4
820208.024832474,250,230,dummy-4
820284.723851772,250,230,dummy-4
820180.031994594,250,230,dummy-98
820329.218682255,250,230,dummy-98
820301.848428004,250,230,dummy-136
820335.463462208,250,230,dummy-136
820349.900505166,250,230,dummy-136
820123.572557362,250,230,dummy-738
820259.157650922,250,230,dummy-738
820303.647991972,250,230,dummy-738
820141.126066888,250,230,dummy-439
820217.439950265,250,230,dummy-439
820315.012552974,250,230,dummy-439
820378.835640516,250,230,dummy-568
820188.266852174,250,230,dummy-656
820274.944542012,250,230,dummy-656
820233.298615522,250,230,dummy-251
820234.150567821,250,230,dummy-251
820294.586991291,250,230,dummy-251
820105.628404947,250,230,dummy-229
820170.340028077,250,230,dummy-229
820262.628878892,250,230,dummy-229
820266.168772309,250,230,dummy-229
820352.990013914,250,230,dummy-229
820125.221870213,250,230,dummy-28
820229.543392374,250,230,dummy-28
820299.91214768,250,230,dummy-28
820116.089945297,250,230,dummy-367
820346.470726537,250,230,dummy-367
820375.632960731,250,230,dummy-367
820151.794003285,250,230,dummy-262
820179.887216671,250,230,dummy-262
820214.832040733,250,230,dummy-262
820325.448578432,250,230,dummy-262
820358.032196573,250,230,dummy-262
820155.394385379,250,230,dummy-421
820377.410907608,250,230,dummy-421
820377.557017328,250,230,dummy-421
820242.566013821,250,230,dummy-682
820253.230707234,250,230,dummy-682
820277.766624089,250,230,dummy-682
820301.784585013,250,230,dummy-682
820232.200498078,250,230,dummy-222
820257.048699251,250,230,dummy-222
820105.376537301,250,230,dummy-614
820135.593696278,250,230,dummy-614
820169.577433239,250,230,dummy-706
820198.716021547,250,230,dummy-706
820222.190564234,250,230,dummy-706
820346.228103815,250,230,dummy-706
820375.447319418,250,230,dummy-706
820201.939948298,250,230,dummy-518
820202.683858799,250,230,dummy-518
820215.501964543,250,230,dummy-518
820282.679139653,250,230,dummy-518
820283.156147903,250,230,dummy-518
820289.49337131,250,230,dummy-518
820351.204303949,250,230,dummy-518
820101.763303136,250,230,dummy-553
820298.944887428,250,230,dummy-553
820107.223958398,250,230,dummy-187
820137.008086448,250,230,dummy-187
820223.25284184,250,230,dummy-680
820315.409813491,250,230,dummy-680
820267.341174053,250,230,dummy-437
820277.127613187,250,230,dummy-437
820339.433128341,250,230,dummy-437
820375.596496044,250,230,dummy-437
820304.839623662,250,230,dummy-161
820349.596761741,250,230,dummy-161
820116.398424201,250,230,dummy-538
820150.86086472,250,230,dummy-538
820253.329974721,250,230,dummy-640
820304.489511826,250,230,dummy-640
820388.126532198,250,230,dummy-640
820204.71367404,250,230,dummy-466
820274.475279798,250,230,dummy-466
820323.019003042,250,230,dummy-466
820342.320307541,250,230,dummy-466
820356.828276644,250,230,dummy-466
820288.596588161,250,230,dummy-825
820299.255842031,250,230,dummy-825
820125.999983058,250,230,dummy-118
820151.909448205,250,230,dummy-118
820206.313822614,250,230,dummy-118
820235.418238128,250,230,dummy-118
820261.34430635,250,230,dummy-118
820326.756270521,250,230,dummy-118
820265.528080291,250,230,dummy-74
820187.203906458,250,230,dummy-601
820250.011587842,250,230,dummy-601
820275.556884408,250,230,dummy-601
820380.688905396,250,230,dummy-601
820145.705938071,250,230,dummy-605
820148.697373612,250,230,dummy-605
820331.822167845,250,230,dummy-605
820218.302161602,250,230,dummy-635
820269.605976278,250,230,dummy-635
820311.28175297,250,230,dummy-635
820373.689647013,250,230,dummy-635
820391.333305626,250,230,dummy-635
820225.398745478,250,230,dummy-363
820349.884445292,250,230,dummy-363
820100.750545528,250,230,dummy-764
820284.132107642,250,230,dummy-764
820119.086476376,250,230,dummy-467
820162.47814815,250,230,dummy-467
820329.123137633,250,230,dummy-467
820253.578241838,250,230,dummy-774
820364.592538768,250,230,dummy-774
820108.351436903,250,230,dummy-743
820142.263457707,250,230,dummy-743
820202.277392955,250,230,dummy-743
820212.281575759,250,230,dummy-743
820280.089068808,250,230,dummy-743
820319.483500918,250,230,dummy-743
820182.530079358,250,230,dummy-227
820297.344259647,250,230,dummy-227
820369.213489713,250,230,dummy-227
820106.982876385,250,230,dummy-534
820127.618710008,250,230,dummy-534
820208.024860195,250,230,dummy-534
820392.562298852,250,230,dummy-534
820197.189290044,250,230,dummy-210
820214.462929183,250,230,dummy-210
820218.506928115,250,230,dummy-210
820239.461325934,250,230,dummy-210
820332.476597842,250,230,dummy-210
820361.536714545,250,230,dummy-210
820362.519927029,250,230,dummy-210
820105.937662127,250,230,dummy-408
820109.083932556,250,230,dummy-408
820158.22722442,250,230,dummy-408
820193.162209053,250,230,dummy-408
820209.760547179,250,230,dummy-408
820252.930967498,250,230,dummy-408
820288.860250148,250,230,dummy-408
820334.443181539,250,230,dummy-408
820372.024595789,250,230,dummy-408
820183.326188069,250,230,dummy-445
820208.55594972,250,230,dummy-445
820291.153446172,250,230,dummy-445
820304.699564227,250,230,dummy-445
820157.476399747,250,230,dummy-559
820245.736973036,250,230,dummy-810
820278.633808105,250,230,dummy-810
820308.617829395,250,230,dummy-810
820316.891348333,250,230,dummy-810
820342.758826547,250,230,dummy-810
820364.491016312,250,230,dummy-810
820385.163894415,250,230,dummy-810
820136.876431617,250,230,dummy-449
820205.069100001,250,230,dummy-449
820233.344086476,250,230,dummy-449
820115.583886105,250,230,dummy-646
820236.090155301,250,230,dummy-646
820272.131257516,250,230,dummy-646
820390.873463052,250,230,dummy-646
820394.563659134,250,230,dummy-646
820192.502228378,250,230,dummy-665
820257.397190717,250,230,dummy-665
820285.505562056,250,230,dummy-665
820338.13805037,250,230,dummy-665
820126.297887417,250,230,dummy-581
820206.705183166,250,230,dummy-581
820271.258917696,250,230,dummy-581
820319.042033173,250,230,dummy-581
820330.667708625,250,230,dummy-581
820352.680397261,250,230,dummy-581
820138.077335186,250,230,dummy-14
820189.372247535,250,230,dummy-14
820252.713426974,250,230,dummy-14
820302.676915576,250,230,dummy-14
820099.862409056,250,230,dummy-423
820173.208758476,250,230,dummy-423
820301.547225447,250,230,dummy-423
820360.234484094,250,230,dummy-450
820104.49082541,250,230,dummy-832
820288.592107943,250,230,dummy-832
820318.184705642,250,230,dummy-832
820358.015887677,250,230,dummy-832
820379.648298922,250,230,dummy-832
820392.212947267,250,230,dummy-832
820150.48939988,250,230,dummy-660
820159.084513686,250,230,dummy-660
820304.200887617,250,230,dummy-660
820336.470281273,250,230,dummy-660
820388.264331114,250,230,dummy-660
820125.519855891,250,230,dummy-143
820134.678447579,250,230,dummy-143
820135.052671434,250,230,dummy-143
820149.893597771,250,230,dummy-143
820168.737931065,250,230,dummy-143
820186.276478601,250,230,dummy-143
820201.978297902,250,230,dummy-143
820123.159794009,250,230,dummy-736
820147.552060163,250,230,dummy-736
820224.43411582,250,230,dummy-736
820269.151813693,250,230,dummy-736
820275.137793814,250,230,dummy-736
820143.40580247,250,230,dummy-380
820172.317696745,250,230,dummy-380
820188.715764039,250,230,dummy-380
820299.212092573,250,230,dummy-380
820313.637794279,250,230,dummy-380
820318.473522639,250,230,dummy-380
820301.18076264,250,230,dummy-699
820330.757173321,250,230,dummy-699
820357.694337729,250,230,dummy-606
820328.106459981,250,230,dummy-376
820343.752328383,250,230,dummy-376
820150.165390119,250,230,dummy-225
820167.3439528,250,230,dummy-225
820199.258255422,250,230,dummy-225
820106.093719398,250,230,dummy-347
820125.651635079,250,230,dummy-347
820217.743937764,250,230,dummy-347
820258.001177547,250,230,dummy-347
820311.074646586,250,230,dummy-347
820137.609472725,250,230,dummy-745
820255.228313231,250,230,dummy-745
820374.513111368,250,230,dummy-745
820132.107759503,250,230,dummy-99
820172.870479993,250,230,dummy-99
820231.585952997,250,230,dummy-99
820237.208139709,250,230,dummy-99
820268.441223608,250,230,dummy-99
820319.342377433,250,230,dummy-99
820394.715077356,250,230,dummy-99
820154.053623502,250,230,dummy-121
820279.863972202,250,230,dummy-121
820327.383147092,250,230,dummy-121
820113.823862744,250,230,dummy-180
820183.668008122,250,230,dummy-180
820222.464451952,250,230,dummy-180
820124.050884397,250,230,dummy-327
820203.771787488,250,230,dummy-327
820278.915120584,250,230,dummy-327
820363.364253563,250,230,dummy-327
820372.219726679,250,230,dummy-327
820206.427825135,250,230,dummy-526
820212.719668139,250,230,dummy-526
820330.033147468,250,230,dummy-526
820355.83350217,250,230,dummy-526
820376.268660149,250,230,dummy-526
820308.916785133,250,230,dummy-823
820396.288717353,250,230,dummy-823
820215.770078827,250,230,dummy-169
820255.58051204,250,230,dummy-169
820272.723479753,250,230,dummy-169
820365.270750165,250,230,dummy-169
820145.706810812,250,230,dummy-817
820158.464135314,250,230,dummy-817
820160.937030754,250,230,dummy-817
820259.984002597,250,230,dummy-817
820262.124023419,250,230,dummy-817
820300.373035091,250,230,dummy-817
820327.797964231,250,230,dummy-817
820394.592051349,250,230,dummy-817
820138.015741818,250,230,dummy-188
820201.691948381,250,230,dummy-188
820206.541035343,250,230,dummy-188
820206.925607606,250,230,dummy-188
820302.74332885,250,230,dummy-188
820313.298474862,250,230,dummy-188
820111.166082031,250,230,dummy-370
820165.405395632,250,230,dummy-370
820296.136581009,250,230,dummy-370
820324.396101,250,230,dummy-370
820328.300629362,250,230,dummy-370
820208.076613253,250,230,dummy-504
820223.292213382,250,230,dummy-504
820285.131583036,250,230,dummy-504
820357.036777964,250,230,dummy-504
820104.484461637,250,230,dummy-165
820114.339550653,250,230,dummy-165
820116.034513615,250,230,dummy-165
820121.677071699,250,230,dummy-165
820198.050783236,250,230,dummy-165
820229.725365624,250,230,dummy-165
820313.757510779,250,230,dummy-165
820331.627762072,250,230,dummy-165
820110.917849543,250,230,dummy-156
820182.454196514,250,230,dummy-156
820256.004583526,250,230,dummy-156
820271.982921872,250,230,dummy-156
820352.123433438,250,230,dummy-156
820353.9959547,250,230,dummy-156
820388.036164372,250,230,dummy-156
820358.461208671,250,230,dummy-333
820359.573429754,250,230,dummy-333
820362.622503992,250,230,dummy-333
820395.33868022,250,230,dummy-333
820252.173597465,250,230,dummy-506
820289.383324815,250,230,dummy-506
820337.203848333,250,230,dummy-506
820373.881934206,250,230,dummy-506
820382.735277189,250,230,dummy-506
820099.061064446,250,230,dummy-244
820198.217664807,250,230,dummy-244
820205.196905719,250,230,dummy-244
820215.895231543,250,230,dummy-244
820346.604389559,250,230,dummy-244
820200.332939699,250,230,dummy-319
820257.786123849,250,230,dummy-319
820260.190642349,250,230,dummy-319
820261.565734749,250,230,dummy-319
820327.072054912,250,230,dummy-319
820337.705728475,250,230,dummy-319
820171.572022962,250,230,dummy-116
820200.971812809,250,230,dummy-116
820256.55735658,250,230,dummy-116
820176.30072706,250,230,dummy-457
820252.526624979,250,230,dummy-457
820356.795440016,250,230,dummy-457
820173.742895061,250,230,dummy-573
820191.34759102,250,230,dummy-573
820266.215075351,250,230,dummy-573
820119.632572336,250,230,dummy-10
820136.086454922,250,230,dummy-10
820209.055444302,250,230,dummy-10
820237.923149974,250,230,dummy-10
820296.069293677,250,230,dummy-10
820125.56446812,250,230,dummy-532
820165.413754536,250,230,dummy-532
820152.60629466,250,230,dummy-547
820249.454264596,250,230,dummy-547
820270.066053286,250,230,dummy-547
820124.844787515,250,230,dummy-490
820206.220957114,250,230,dummy-490
820097.094909889,250,230,dummy-657
820178.265478063,250,230,dummy-657
820362.194993698,250,230,dummy-657
820156.034240933,250,230,dummy-405
820245.099051033,250,230,dummy-405
820306.273779319,250,230,dummy-405
820306.901525908,250,230,dummy-405
820310.367364217,250,230,dummy-405
820141.092031457,250,230,dummy-766
820312.791898874,250,230,dummy-766
820344.072068048,250,230,dummy-766
820352.093307057,250,230,dummy-766
820279.249454865,250,230,dummy-717
820322.772979895,250,230,dummy-717
820329.166639336,250,230,dummy-717
820370.03900531,250,230,dummy-717
820121.29882202,250,230,dummy-144
820294.34122398,250,230,dummy-144
820389.151273115,250,230,dummy-144
820259.053672361,250,230,dummy-137
820297.495026815,250,230,dummy-137
820111.510493908,250,230,dummy-349
820229.514083333,250,230,dummy-349
820145.263768945,250,230,dummy-373
820396.749491221,250,230,dummy-373
820097.02861027,250,230,dummy-392
820201.152377999,250,230,dummy-392
820228.010187627,250,230,dummy-392
820168.511926182,250,230,dummy-795
820306.148755232,250,230,dummy-795
820150.89773606,250,230,dummy-159
820211.980096173,250,230,dummy-159
820236.937342955,250,230,dummy-159
820243.440937203,250,230,dummy-159
820386.617377711,250,230,dummy-159
820126.891703828,250,230,dummy-216
820375.997106576,250,230,dummy-216
820148.936037101,250,230,dummy-744
820166.807401808,250,230,dummy-744
820202.259261323,250,230,dummy-744
820205.733118606,250,230,dummy-744
820220.286084499,250,230,dummy-744
820357.677750486,250,230,dummy-744
820114.489658177,250,230,dummy-362
820168.272957561,250,230,dummy-362
820171.06357378,250,230,dummy-362
820188.25205556,250,230,dummy-362
820334.867280123,250,230,dummy-362
820355.761502512,250,230,dummy-362
820149.822671263,250,230,dummy-454
820154.780431214,250,230,dummy-454
820325.198693586,250,230,dummy-454
820264.889611539,250,230,dummy-293
820294.972983032,250,230,dummy-293
820321.084249826,250,230,dummy-293
820206.377089497,250,230,dummy-284
820131.258180709,250,230,dummy-636
820157.134104227,250,230,dummy-636
820161.907159012,250,230,dummy-636
820353.001393676,250,230,dummy-636
820352.013531461,250,230,dummy-470
820381.155048714,250,230,dummy-470
820248.188800554,250,230,dummy-192
820273.416057977,250,230,dummy-336
820156.862849691,250,230,dummy-826
820208.288040643,250,230,dummy-826
820251.103434034,250,230,dummy-826
820286.94708128,250,230,dummy-826
820337.469696958,250,230,dummy-826
820355.288993925,250,230,dummy-826
820382.440693267,250,230,dummy-826
820174.743247414,250,230,dummy-486
820239.554460218,250,230,dummy-486
820368.734486045,250,230,dummy-486
820119.168926751,250,230,dummy-496
820176.437294784,250,230,dummy-496
820196.468919049,250,230,dummy-496
820214.547283139,250,230,dummy-458
820237.868375241,250,230,dummy-458
820338.025427856,250,230,dummy-458
820341.838630534,250,230,dummy-458
820194.34218764,250,230,dummy-668
820106.526641416,250,230,dummy-443
820114.933536628,250,230,dummy-443
820192.446665084,250,230,dummy-443
820358.702103454,250,230,dummy-443
820370.077050395,250,230,dummy-443
820110.589329925,250,230,dummy-619
820128.168158939,250,230,dummy-619
820173.918853258,250,230,dummy-619
820224.758444744,250,230,dummy-619
820227.477023075,250,230,dummy-619
820254.754010326,250,230,dummy-619
820315.344125641,250,230,dummy-619
820322.511790472,250,230,dummy-619
820139.235334245,250,230,dummy-765
820225.666781207,250,230,dummy-765
820269.42098801,250,230,dummy-765
820276.935055963,250,230,dummy-765
820316.451492115,250,230,dummy-765
820345.240213808,250,230,dummy-765
820360.614688318,250,230,dummy-765
820347.608106475,250,230,dummy-287
820385.021611699,250,230,dummy-287
820122.96991022,250,230,dummy-790
820141.102010593,250,230,dummy-790
820260.345429536,250,230,dummy-790
820312.707217403,250,230,dummy-800
820199.407260404,250,230,dummy-213
820208.978080602,250,230,dummy-213
820283.297124387,250,230,dummy-213
820370.807481672,250,230,dummy-213
820372.207682863,250,230,dummy-213
820190.881953402,250,230,dummy-374
820288.473116906,250,230,dummy-374
820304.30071832,250,230,dummy-374
820307.686548945,250,230,dummy-374
820374.800505986,250,230,dummy-374
820130.541349184,250,230,dummy-286
820228.713306182,250,230,dummy-286
820290.641326584,250,230,dummy-286
820318.227415597,250,230,dummy-286
820120.387369105,250,230,dummy-275
820123.8967358,250,230,dummy-275
820386.347093673,250,230,dummy-275
820108.259118084,250,230,dummy-498
820122.433228335,250,230,dummy-498
820244.808650728,250,230,dummy-498
820347.263745258,250,230,dummy-498
820132.960104122,250,230,dummy-624
820268.570687995,250,230,dummy-624
820114.538610214,250,230,dummy-451
820136.881980176,250,230,dummy-451
820385.053471673,250,230,dummy-451
820111.796294414,250,230,dummy-7
820112.777069476,250,230,dummy-7
820335.761122564,250,230,dummy-7
820108.964222766,250,230,dummy-372
820118.422283886,250,230,dummy-372
820142.092636184,250,230,dummy-372
820183.019189673,250,230,dummy-372
820314.262479429,250,230,dummy-372
820344.54811553,250,230,dummy-372
820147.567199733,250,230,dummy-400
820343.896670643,250,230,dummy-831
820108.441551842,250,230,dummy-776
820160.766189296,250,230,dummy-776
820279.01497876,250,230,dummy-776
820335.172944116,250,230,dummy-776
820119.752283383,250,230,dummy-487
820144.345075212,250,230,dummy-487
820237.701392963,250,230,dummy-487
820297.963304037,250,230,dummy-487
820329.719108683,250,230,dummy-487
820370.162543081,250,230,dummy-487
820382.431875131,250,230,dummy-487
820394.952820104,250,230,dummy-487
820201.981068762,250,230,dummy-446
820263.608699779,250,230,dummy-446
820277.01423838,250,230,dummy-446
820347.237359757,250,230,dummy-446
820122.34049159,250,230,dummy-378
820263.230442066,250,230,dummy-378
820343.603236076,250,230,dummy-378
820380.230861101,250,230,dummy-378
820103.773973972,250,230,dummy-37
820304.392142116,250,230,dummy-37
820118.772307324,250,230,dummy-355
820244.093678295,250,230,dummy-355
820164.171722206,250,230,dummy-303
820260.967812314,250,230,dummy-303
820312.509638461,250,230,dummy-664
820339.605059925,250,230,dummy-664
820252.646395315,250,230,dummy-808
820372.762736222,250,230,dummy-808
820394.933934384,250,230,dummy-808
820208.21552747,250,230,dummy-3
820210.459610222,250,230,dummy-3
820260.029822097,250,230,dummy-3
820238.690742127,250,230,dummy-358
820125.31824114,250,230,dummy-397
820157.316070257,250,230,dummy-397
820174.698984848,250,230,dummy-679
820247.243014434,250,230,dummy-679
820325.240455429,250,230,dummy-679
820330.301622316,250,230,dummy-679
820235.111866579,250,230,dummy-360
820165.840329974,250,230,dummy-476
820170.771326236,250,230,dummy-476
820242.044693098,250,230,dummy-476
820333.784849862,250,230,dummy-476
820222.555791842,250,230,dummy-329
820232.323133791,250,230,dummy-329
820357.731254743,250,230,dummy-329
820120.204191624,250,230,dummy-578
820393.927764771,250,230,dummy-578
820121.007855365,250,230,dummy-387
820131.260748384,250,230,dummy-387
820168.16356539,250,230,dummy-387
820238.854477702,250,230,dummy-387
820308.57602354,250,230,dummy-387
820361.688496959,250,230,dummy-387
820129.395829705,250,230,dummy-340
820168.881147291,250,230,dummy-340
820268.943971296,250,230,dummy-340
820299.214396902,250,230,dummy-340
820348.167698063,250,230,dummy-340
820115.822658555,250,230,dummy-65
820122.99755521,250,230,dummy-655
820169.580134156,250,230,dummy-655
820159.345690469,250,230,dummy-751
820179.410132488,250,230,dummy-751
820237.370466189,250,230,dummy-751
820138.751453305,250,230,dummy-381
820170.941507049,250,230,dummy-381
820186.976303239,250,230,dummy-381
820335.850369924,250,230,dummy-381
820111.134524794,250,230,dummy-607
820315.525626372,250,230,dummy-607
820369.863140161,250,230,dummy-607
820133.256992906,250,230,dummy-456
820212.186568843,250,230,dummy-456
820250.387562426,250,230,dummy-456
820114.796717037,250,230,dummy-388
820226.7448654,250,230,dummy-388
820132.753426189,250,230,dummy-330
820141.060635287,250,230,dummy-330
820155.720458019,250,230,dummy-330
820291.781249288,250,230,dummy-330
820301.331648746,250,230,dummy-330
820337.721951151,250,230,dummy-330
820174.893141672,250,230,dummy-562
820215.822658392,250,230,dummy-562
820228.259572338,250,230,dummy-562
820379.51358182,250,230,dummy-562
820228.252005966,250,230,dummy-667
820256.177470371,250,230,dummy-667
820371.606169425,250,230,dummy-667
820153.667512032,250,230,dummy-620
820344.456908355,250,230,dummy-620
820117.659743292,250,230,dummy-440
820271.180131054,250,230,dummy-440
820279.326490574,250,230,dummy-440
820297.101404186,250,230,dummy-440
820336.999619902,250,230,dummy-440
820337.501384724,250,230,dummy-440
820117.004002566,250,230,dummy-631
820129.23961136,250,230,dummy-631
820267.974964084,250,230,dummy-511
820127.630026222,250,230,dummy-432
820238.865381322,250,230,dummy-432
820287.326079664,250,230,dummy-432
820332.662652786,250,230,dummy-432
820255.460142744,250,230,dummy-493
820259.10300222,250,230,dummy-493
820289.149354698,250,230,dummy-493
820296.794627818,250,230,dummy-493
820394.03313773,250,230,dummy-493
820155.69256815,250,230,dummy-338
820341.623601588,250,230,dummy-338
820231.405196634,250,230,dummy-540
820292.0747916,250,230,dummy-540
820180.330120533,250,230,dummy-572
820312.372281236,250,230,dummy-572
820319.261080226,250,230,dummy-572
820349.714251026,250,230,dummy-572
820356.986705056,250,230,dummy-572
820384.867072287,250,230,dummy-572
820200.8570313,250,230,dummy-38
820206.52086897,250,230,dummy-38
820217.628348303,250,230,dummy-38
820315.374303007,250,230,dummy-38
820111.377453562,250,230,dummy-591
820255.030659288,250,230,dummy-591
820259.444115678,250,230,dummy-591
820120.461508184,250,230,dummy-317
820316.071477288,250,230,dummy-317
820329.014849683,250,230,dummy-317
820200.654699406,250,230,dummy-789
820277.440692464,250,230,dummy-789
820306.058928508,250,230,dummy-789
820320.959266839,250,230,dummy-789
820210.611124664,250,230,dummy-610
820262.140994071,250,230,dummy-610
820335.771913051,250,230,dummy-610
820155.39847643,250,230,dummy-135
820184.528252676,250,230,dummy-135
820203.135153902,250,230,dummy-135
820204.343384989,250,230,dummy-135
820104.606110139,250,230,dummy-291
820109.29163565,250,230,dummy-291
820140.420422072,250,230,dummy-291
820257.701932558,250,230,dummy-291
820343.291092235,250,230,dummy-291
820374.458563349,250,230,dummy-291
820394.488591818,250,230,dummy-291
820152.817221033,250,230,dummy-58
820193.287116091,250,230,dummy-58
820287.948925495,250,230,dummy-58
820301.984680088,250,230,dummy-58
820308.116935581,250,230,dummy-58
820342.109036922,250,230,dummy-58
820358.925791232,250,230,dummy-58
820259.885492093,250,230,dummy-200
820331.039879214,250,230,dummy-200
820154.264831765,250,230,dummy-514
820298.724447665,250,230,dummy-514
820309.123076903,250,230,dummy-514
820164.331104576,250,230,dummy-541
820216.806784175,250,230,dummy-541
820219.013890975,250,230,dummy-541
820310.261588457,250,230,dummy-541
820321.845454101,250,230,dummy-541
820376.188761959,250,230,dummy-541
820106.287508518,250,230,dummy-24
820293.055303339,250,230,dummy-24
820102.550102732,250,230,dummy-420
820169.67077777,250,230,dummy-420
820178.679588949,250,230,dummy-420
820245.428987649,250,230,dummy-420
820301.136546987,250,230,dummy-420
820352.695864094,250,230,dummy-420
820098.476084354,250,230,dummy-56
820204.204387781,250,230,dummy-56
820204.951095405,250,230,dummy-56
820192.367921708,250,230,dummy-820
820181.755312574,250,230,dummy-146
820189.664335347,250,230,dummy-146
820135.103440734,250,230,dummy-419
820262.881448484,250,230,dummy-555
820313.924355539,250,230,dummy-555
820387.901132437,250,230,dummy-555
820126.028437855,250,230,dummy-435
820160.479318118,250,230,dummy-435
820231.547492888,250,230,dummy-435
820307.777832344,250,230,dummy-435
820319.798472376,250,230,dummy-435
820098.952176648,250,230,dummy-290
820193.727847007,250,230,dummy-290
820212.858108728,250,230,dummy-290
820253.217260599,250,230,dummy-290
820244.990790108,250,230,dummy-551
820254.56629492,250,230,dummy-551
820321.792010494,250,230,dummy-551
820158.227267459,250,230,dummy-268
820196.247638962,250,230,dummy-268
820244.683432199,250,230,dummy-268
820267.054617049,250,230,dummy-268
820343.504679345,250,230,dummy-268
820185.827158832,250,230,dummy-124
820333.347358637,250,230,dummy-124
820344.222106959,250,230,dummy-124
820383.713579551,250,230,dummy-124
820384.131886186,250,230,dummy-124
820386.789658394,250,230,dummy-124
820129.440541681,250,230,dummy-827
820360.932233168,250,230,dummy-827
820316.683772694,250,230,dummy-162
820385.678394501,250,230,dummy-162
820113.369926148,250,230,dummy-725
820172.101376845,250,230,dummy-725
820261.528537858,250,230,dummy-725
820262.904285595,250,230,dummy-725
820359.849331212,250,230,dummy-725
820129.680877205,250,230,dummy-501
820231.594817277,250,230,dummy-501
820130.63689522,250,230,dummy-232
820214.516985914,250,230,dummy-232
820134.807961066,250,230,dummy-382
820222.106657338,250,230,dummy-382
820258.563415319,250,230,dummy-382
820266.220771189,250,230,dummy-382
820381.688759635,250,230,dummy-382
820101.373803294,250,230,dummy-96
820132.968902516,250,230,dummy-96
820264.808724084,250,230,dummy-96
820291.486355529,250,230,dummy-96
820317.063110421,250,230,dummy-96
820369.103668971,250,230,dummy-96
820171.438506998,250,230,dummy-762
820258.41919334,250,230,dummy-762
820359.993436078,250,230,dummy-762
820119.829435728,250,230,dummy-101
820123.709189975,250,230,dummy-108
820276.449766805,250,230,dummy-108
820290.257274056,250,230,dummy-108
820312.04257104,250,230,dummy-108
820267.758527905,250,230,dummy-684
820239.231931724,250,230,dummy-508
820291.748316456,250,230,dummy-508
820323.66985961,250,230,dummy-508
820140.633496363,250,230,dummy-248
820240.181901226,250,230,dummy-248
820130.799525209,250,230,dummy-407
820292.109447301,250,230,dummy-407
820328.966602814,250,230,dummy-407
820345.941416124,250,230,dummy-407
820354.457876323,250,230,dummy-407
820370.625642298,250,230,dummy-407
820145.604957086,250,230,dummy-649
820215.052247951,250,230,dummy-649
820224.822310142,250,230,dummy-649
820254.676540987,250,230,dummy-649
820151.475762775,250,230,dummy-566
820160.502640147,250,230,dummy-566
820164.23032157,250,230,dummy-566
820181.483442022,250,230,dummy-566
820190.778788754,250,230,dummy-566
820356.6767738,250,230,dummy-566
820357.060519057,250,230,dummy-566
820191.314997009,250,230,dummy-208
820308.920150903,250,230,dummy-260
820197.77477502,250,230,dummy-224
820271.11549392,250,230,dummy-224
820329.683197565,250,230,dummy-224
820379.338520148,250,230,dummy-224
820228.717966601,250,230,dummy-759
820238.454943754,250,230,dummy-759
820262.877300187,250,230,dummy-759
820351.628753329,250,230,dummy-759
820183.878397854,250,230,dummy-383
820197.297873205,250,230,dummy-383
820256.488326133,250,230,dummy-383
820306.194438057,250,230,dummy-383
820394.975507253,250,230,dummy-298
820161.233850339,250,230,dummy-205
820191.766306036,250,230,dummy-205
820266.333108794,250,230,dummy-205
820316.386616361,250,230,dummy-205
820321.324194728,250,230,dummy-205
820354.800758765,250,230,dummy-205
820387.520473595,250,230,dummy-205
820189.381459107,250,230,dummy-100
820217.189615196,250,230,dummy-100
820369.296792681,250,230,dummy-100
820106.833521004,250,230,dummy-536
820119.924162001,250,230,dummy-536
820178.756087886,250,230,dummy-536
820283.052111776,250,230,dummy-536
820358.210536299,250,230,dummy-536
820375.878911407,250,230,dummy-536
820191.705285749,250,230,dummy-577
820192.778895607,250,230,dummy-577
820250.242072947,250,230,dummy-577
820288.560528309,250,230,dummy-577
820309.185770686,250,230,dummy-474
820319.145759416,250,230,dummy-474
820128.627124097,250,230,dummy-670
820334.218036091,250,230,dummy-670
820348.953839365,250,230,dummy-670
820383.928281269,250,230,dummy-670
820172.903665177,250,230,dummy-351
820301.591271511,250,230,dummy-351
820318.849961288,250,230,dummy-351
820354.584683762,250,230,dummy-351
820098.306087774,250,230,dummy-53
820149.572461889,250,230,dummy-53
820173.618237332,250,230,dummy-53
820186.912559794,250,230,dummy-53
820193.0748711,250,230,dummy-53
820238.071116465,250,230,dummy-53
820249.495995941,250,230,dummy-53
820277.084148691,250,230,dummy-53
820306.100067321,250,230,dummy-53
820267.87983854,250,230,dummy-183
820381.099921363,250,230,dummy-183
820175.086274896,250,230,dummy-356
820182.883307271,250,230,dummy-356
820360.023859566,250,230,dummy-356
820377.846819958,250,230,dummy-356
820387.646341823,250,230,dummy-356
820192.834996625,250,230,dummy-249
820341.635266906,250,230,dummy-249
820098.649954898,250,230,dummy-292
820099.063684371,250,230,dummy-292
820114.64906702,250,230,dummy-292
820185.712637201,250,230,dummy-292
820282.200505491,250,230,dummy-292
820350.728761059,250,230,dummy-292
820119.139074181,250,230,dummy-674
820120.052867358,250,230,dummy-674
820132.208729383,250,230,dummy-674
820360.249179162,250,230,dummy-674
820105.166478922,250,230,dummy-757
820141.866456658,250,230,dummy-757
820207.180200386,250,230,dummy-757
820309.316675287,250,230,dummy-757
820331.059185511,250,230,dummy-757
820145.416524754,250,230,dummy-438
820231.715120568,250,230,dummy-438
820291.791784383,250,230,dummy-438
820354.071027403,250,230,dummy-438
820396.1154598,250,230,dummy-9
820137.7379132,250,230,dummy-644
820263.960825825,250,230,dummy-644
820377.081785053,250,230,dummy-644
820155.82894148,250,230,dummy-281
820273.073212582,250,230,dummy-281
820231.453827826,250,230,dummy-322
820098.343873864,250,230,dummy-182
820269.502935912,250,230,dummy-182
820313.234967542,250,230,dummy-182
820200.018546514,250,230,dummy-769
820301.536958199,250,230,dummy-769
820146.069449687,250,230,dummy-385
820311.356824267,250,230,dummy-385
820313.379733879,250,230,dummy-385
820327.909089181,250,230,dummy-385
820356.59181332,250,230,dummy-385
820373.198117295,250,230,dummy-385
820215.975292786,250,230,dummy-609
820315.940596669,250,230,dummy-609
820335.798412093,250,230,dummy-609
820336.913851423,250,230,dummy-609
820152.081173772,250,230,dummy-792
820201.532738932,250,230,dummy-792
820226.573926448,250,230,dummy-792
820233.285591535,250,230,dummy-792
820279.635583525,250,230,dummy-792
820368.419016574,250,230,dummy-17
820117.155293784,250,230,dummy-642
820147.625058784,250,230,dummy-642
820322.256192532,250,230,dummy-642
820146.001995352,250,230,dummy-379
820242.814102956,250,230,dummy-379
820167.23774283,250,230,dummy-242
820197.813147221,250,230,dummy-242
820218.205015724,250,230,dummy-242
820288.205958845,250,230,dummy-242
820315.271300104,250,230,dummy-242
820328.085930693,250,230,dummy-242
820350.419254402,250,230,dummy-242
820266.095124636,250,230,dummy-52
820283.071919806,250,230,dummy-52
820285.248884609,250,230,dummy-25
820361.077214385,250,230,dummy-25
820380.312439312,250,230,dummy-25
820217.638155493,250,230,dummy-235
820254.054823014,250,230,dummy-235
820313.877648725,250,230,dummy-235
820323.623419827,250,230,dummy-235
820339.696973132,250,230,dummy-575
820126.027018628,250,230,dummy-819
820182.50108163,250,230,dummy-819
820326.446377979,250,230,dummy-819
820105.414072504,250,230,dummy-703
820191.091519476,250,230,dummy-703
820269.126449689,250,230,dummy-703
820324.687470531,250,230,dummy-703
820212.944874838,250,230,dummy-740
820218.182901909,250,230,dummy-740
820240.771218791,250,230,dummy-740
820129.496134931,250,230,dummy-686
820141.149834188,250,230,dummy-686
820144.177782647,250,230,dummy-686
820150.696352689,250,230,dummy-686
820174.253314005,250,230,dummy-686
820222.992159585,250,230,dummy-686
820358.778131471,250,230,dummy-686
820146.493975926,250,230,dummy-704
820180.32673735,250,230,dummy-704
820308.098935179,250,230,dummy-704
820150.91980789,250,230,dummy-829
820381.803082989,250,230,dummy-829
820119.934396401,250,230,dummy-528
820160.523574711,250,230,dummy-528
820178.174515928,250,230,dummy-528
820156.434941808,250,230,dummy-220
820238.794229584,250,230,dummy-220
820254.309152101,250,230,dummy-220
820101.538879825,250,230,dummy-214
820148.913089866,250,230,dummy-214
820210.54571028,250,230,dummy-214
820314.188687053,250,230,dummy-214
820343.638648418,250,230,dummy-214
820109.779232333,250,230,dummy-311
820278.851452147,250,230,dummy-311
820134.893525408,250,230,dummy-595
820175.986122499,250,230,dummy-595
820202.428420983,250,230,dummy-595
820240.886089417,250,230,dummy-595
820242.150442311,250,230,dummy-595
820286.061953427,250,230,dummy-595
820103.34849843,250,230,dummy-813
820236.56154351,250,230,dummy-813
820346.09098658,250,230,dummy-813
820186.152034753,250,230,dummy-641
820246.340921384,250,230,dummy-641
820351.927860542,250,230,dummy-641
820395.340051345,250,230,dummy-641
820278.470780872,250,230,dummy-337
820393.77725448,250,230,dummy-637
820101.450992427,250,230,dummy-66
820131.899031723,250,230,dummy-66
820133.472389462,250,230,dummy-66
820252.188452805,250,230,dummy-66
820141.777154897,250,230,dummy-491
820337.38672014,250,230,dummy-491
820365.146910422,250,230,dummy-491
820256.503741429,250,230,dummy-430
820389.485409473,250,230,dummy-430
820392.765098563,250,230,dummy-430
820224.958532977,250,230,dummy-294
820251.010032545,250,230,dummy-294
820275.412084116,250,230,dummy-294
820330.646986333,250,230,dummy-294
820365.43067351,250,230,dummy-294
820395.420396497,250,230,dummy-294
820116.499509224,250,230,dummy-197
820139.983655558,250,230,dummy-197
820266.942184869,250,230,dummy-197
820282.630279969,250,230,dummy-197
820394.513533941,250,230,dummy-197
820166.589937552,250,230,dummy-626
820199.844723127,250,230,dummy-626
820301.166196565,250,230,dummy-626
820255.532537978,250,230,dummy-95
820278.317400158,250,230,dummy-95
820279.185016432,250,230,dummy-95
820309.788810775,250,230,dummy-95
820320.782657538,250,230,dummy-95
820359.302423725,250,230,dummy-95
820118.706279301,250,230,dummy-732
820139.904893335,250,230,dummy-732
820185.63026951,250,230,dummy-732
820192.66811032,250,230,dummy-732
820222.782915702,250,230,dummy-732
820238.281717749,250,230,dummy-732
820264.954288709,250,230,dummy-732
820172.739417328,250,230,dummy-691
820215.648432952,250,230,dummy-691
820270.659420576,250,230,dummy-691
820331.773583493,250,230,dummy-691
820362.172741003,250,230,dummy-339
820101.927920362,250,230,dummy-171
820129.317960644,250,230,dummy-171
820224.928174866,250,230,dummy-171
820247.759306469,250,230,dummy-171
820292.374660415,250,230,dummy-171
820372.465474804,250,230,dummy-171
820235.244499134,250,230,dummy-708
820289.393095295,250,230,dummy-708
820302.452805547,250,230,dummy-708
820327.244266745,250,230,dummy-708
820341.400403586,250,230,dummy-708
820360.140097483,250,230,dummy-708
820162.604751088,250,230,dummy-485
820168.740346117,250,230,dummy-485
820177.05955372,250,230,dummy-485
820330.276861883,250,230,dummy-485
820352.796541487,250,230,dummy-471
820380.030024225,250,230,dummy-471
820128.748554862,250,230,dummy-741
820168.083688951,250,230,dummy-741
820351.356721241,250,230,dummy-741
820377.503543583,250,230,dummy-741
820141.522366891,250,230,dummy-565
820145.171157962,250,230,dummy-565
820252.824846382,250,230,dummy-565
820274.111803957,250,230,dummy-565
820122.426798036,250,230,dummy-442
820147.867572632,250,230,dummy-120
820177.972074978,250,230,dummy-120
820236.16431565,250,230,dummy-120
820356.121498283,250,230,dummy-120
820221.280774129,250,230,dummy-301
820266.948898993,250,230,dummy-301
820197.059591402,250,230,dummy-79
820272.014566789,250,230,dummy-79
820396.902478233,250,230,dummy-462
820145.844336772,250,230,dummy-411
820165.707347794,250,230,dummy-411
820312.635204835,250,230,dummy-411
820339.465897094,250,230,dummy-411
820344.51897589,250,230,dummy-411
820188.225348838,250,230,dummy-11
820200.686925974,250,230,dummy-11
820297.340699405,250,230,dummy-11
820318.707135891,250,230,dummy-11
820360.329010655,250,230,dummy-11
820364.117125243,250,230,dummy-11
820122.690034811,250,230,dummy-239
820168.827142201,250,230,dummy-239
820217.041752084,250,230,dummy-239
820311.399087808,250,230,dummy-239
820354.341891087,250,230,dummy-239
820392.626089785,250,230,dummy-239
820134.052756897,250,230,dummy-537
820156.490887311,250,230,dummy-537
820203.28800481,250,230,dummy-537
820208.270979997,250,230,dummy-537
820294.655920623,250,230,dummy-537
820342.965721109,250,230,dummy-537
820141.075258433,250,230,dummy-775
820237.53480639,250,230,dummy-775
820385.957122464,250,230,dummy-775
820147.21459346,250,230,dummy-549
820267.058388565,250,230,dummy-688
820274.861636567,250,230,dummy-520
820350.497172728,250,230,dummy-520
820301.42421116,250,230,dummy-678
820327.109949701,250,230,dummy-678
820333.839581644,250,230,dummy-678
820336.73467669,250,230,dummy-678
820174.860798018,250,230,dummy-585
820218.017439337,250,230,dummy-585
820118.176862172,250,230,dummy-461
820119.265980781,250,230,dummy-461
820123.46106771,250,230,dummy-461
820126.324794841,250,230,dummy-461
820147.294142294,250,230,dummy-461
820100.217224311,250,230,dummy-31
820123.974365588,250,230,dummy-31
820133.344486266,250,230,dummy-31
820146.193945662,250,230,dummy-31
820193.222022802,250,230,dummy-31
820211.271078415,250,230,dummy-31
820280.195882449,250,230,dummy-31
820374.824661489,250,230,dummy-31
820121.428891019,250,230,dummy-478
820129.881032828,250,230,dummy-478
820217.292095059,250,230,dummy-478
820285.744181484,250,230,dummy-478
820174.142703509,250,230,dummy-768
820240.198645682,250,230,dummy-768
820244.505573619,250,230,dummy-768
820296.63232839,250,230,dummy-768
820328.362679335,250,230,dummy-768
820284.440480888,250,230,dummy-57
820377.184604086,250,230,dummy-57
820113.157947672,250,230,dummy-391
820113.968139525,250,230,dummy-391
820141.092056872,250,230,dummy-391
820105.590851996,250,230,dummy-791
820290.73391405,250,230,dummy-791
820310.831036879,250,230,dummy-791
820359.025671861,250,230,dummy-791
820391.228468578,250,230,dummy-791
820395.113595518,250,230,dummy-791
820155.50644836,250,230,dummy-720
820103.610499227,250,230,dummy-170
820122.616618707,250,230,dummy-170
820173.772890927,250,230,dummy-170
820233.889626463,250,230,dummy-170
820253.516763881,250,230,dummy-170
820388.776415326,250,230,dummy-170
820117.622206144,250,230,dummy-230
820202.095733013,250,230,dummy-230
820127.835559953,250,230,dummy-70
820306.411956165,250,230,dummy-70
820330.137513492,250,230,dummy-70
820352.049384606,250,230,dummy-70
820160.310712331,250,230,dummy-722
820100.250292999,250,230,dummy-21
820265.687428971,250,230,dummy-21
820285.809047183,250,230,dummy-21
820222.155521399,250,230,dummy-484
820230.76479845,250,230,dummy-484
820343.9192329,250,230,dummy-484
820380.427979983,250,230,dummy-484
820352.842322147,250,230,dummy-702
820155.870747131,250,230,dummy-730
820246.501465455,250,230,dummy-730
820193.159539484,250,230,dummy-687
820384.993786504,250,230,dummy-687
820182.42546794,250,230,dummy-418
820189.135889083,250,230,dummy-418
820334.035435265,250,230,dummy-418
820360.0474234,250,230,dummy-418
820396.768510334,250,230,dummy-418
820108.018539852,250,230,dummy-818
820212.108208204,250,230,dummy-818
820349.875384543,250,230,dummy-818
820140.215057765,250,230,dummy-650
820217.863134151,250,230,dummy-650
820251.59237251,250,230,dummy-650
820260.093783735,250,230,dummy-650
820119.45565956,250,230,dummy-273
820276.177606361,250,230,dummy-273
820362.670735838,250,230,dummy-273
820184.013451596,250,230,dummy-483
820214.011905786,250,230,dummy-483
820241.138784335,250,230,dummy-483
820274.952820546,250,230,dummy-483
820208.131270322,250,230,dummy-822
820374.615926993,250,230,dummy-822
820160.649682937,250,230,dummy-195
820202.155060859,250,230,dummy-195
820249.77955466,250,230,dummy-195
820369.5886144,250,230,dummy-195
820190.029462199,250,230,dummy-80
820191.299748386,250,230,dummy-80
820142.777562711,250,230,dummy-755
820381.292463238,250,230,dummy-755
820120.346384205,250,230,dummy-132
820197.261630128,250,230,dummy-132
820239.899261856,250,230,dummy-132
820267.786583014,250,230,dummy-132
820303.02354122,250,230,dummy-132
820329.776205326,250,230,dummy-132
820352.12309755,250,230,dummy-132
820136.764881643,250,230,dummy-375
820250.334915949,250,230,dummy-375
820302.432062545,250,230,dummy-375
820382.599307576,250,230,dummy-375
820155.251886817,250,230,dummy-279
820215.076187103,250,230,dummy-279
820255.098565067,250,230,dummy-279
820325.938530887,250,230,dummy-279
820338.919192577,250,230,dummy-279
820392.021663225,250,230,dummy-279
820306.600332534,250,230,dummy-494
820353.631210684,250,230,dummy-494
820390.790275226,250,230,dummy-494
820371.832672647,250,230,dummy-238
820381.714537741,250,230,dummy-238
820389.558375075,250,230,dummy-238
820137.638896189,250,230,dummy-163
820193.429550759,250,230,dummy-163
820314.253753712,250,230,dummy-163
820359.148741353,250,230,dummy-163
820106.80054973,250,230,dummy-685
820158.439718932,250,230,dummy-685
820342.94185101,250,230,dummy-685
820119.861802593,250,230,dummy-469
820201.475377492,250,230,dummy-469
820293.536320621,250,230,dummy-469
820192.668071745,250,230,dummy-576
820245.522889657,250,230,dummy-576
820301.061622388,250,230,dummy-576
820239.979823183,250,230,dummy-307
820321.288192673,250,230,dummy-307
820344.082113417,250,230,dummy-307
820150.544254968,250,230,dummy-278
820162.070819453,250,230,dummy-278
820227.438516929,250,230,dummy-278
820330.318030028,250,230,dummy-278
820106.336426805,250,230,dummy-812
820109.846534084,250,230,dummy-812
820125.382932783,250,230,dummy-812
820250.90960629,250,230,dummy-812
820285.795122002,250,230,dummy-812
820336.842207074,250,230,dummy-812
820337.586507116,250,230,dummy-812
820138.646451068,250,230,dummy-693
820170.756327148,250,230,dummy-693
820210.710964978,250,230,dummy-693
820226.652210868,250,230,dummy-693
820261.858691648,250,230,dummy-693
820388.214462257,250,230,dummy-693
820207.45839267,250,230,dummy-544
820306.27739319,250,230,dummy-544
820377.413367214,250,230,dummy-544
820238.238697013,250,230,dummy-256
820181.700949248,250,230,dummy-460
820221.026813836,250,230,dummy-460
820319.60616462,250,230,dummy-460
820361.9991258,250,230,dummy-460
820177.3919869,250,230,dummy-166
820180.060712977,250,230,dummy-166
820193.519882088,250,230,dummy-166
820268.785141642,250,230,dummy-166
820291.530283341,250,230,dummy-166
820310.460300659,250,230,dummy-166
820121.653082267,250,230,dummy-348
820394.688238411,250,230,dummy-348
820159.955106259,250,230,dummy-302
820287.946227527,250,230,dummy-302
820306.438550645,250,230,dummy-302
820337.060834874,250,230,dummy-302
820380.224229237,250,230,dummy-302
820179.604795973,250,230,dummy-647
820200.645542655,250,230,dummy-647
820119.720280333,250,230,dummy-415
820128.945031064,250,230,dummy-415
820199.913452816,250,230,dummy-415
820202.047800503,250,230,dummy-415
820209.808816441,250,230,dummy-415
820254.33401597,250,230,dummy-415
820396.519610159,250,230,dummy-415
820139.77098731,250,230,dummy-643
820152.997158654,250,230,dummy-643
820179.823823798,250,230,dummy-643
820207.695788149,250,230,dummy-643
820241.20898642,250,230,dummy-643
820344.295731437,250,230,dummy-643
820372.077413702,250,230,dummy-643
820286.611938426,250,230,dummy-259
820252.979570123,250,230,dummy-652
820291.435217407,250,230,dummy-652
820330.474696008,250,230,dummy-652
820337.079122924,250,230,dummy-652
820367.843859798,250,230,dummy-289
820217.173972952,250,230,dummy-673
820228.70961806,250,230,dummy-673
820308.870081083,250,230,dummy-673
820311.646875041,250,230,dummy-673
820190.617212894,250,230,dummy-250
820246.472103159,250,230,dummy-250
820282.943793441,250,230,dummy-250
820328.566940496,250,230,dummy-250
820342.631716262,250,230,dummy-250
820343.451395136,250,230,dummy-250
820112.04403341,250,230,dummy-754
820143.231243367,250,230,dummy-754
820235.997556082,250,230,dummy-754
820236.438556945,250,230,dummy-754
820358.991887385,250,230,dummy-54
820210.083954582,250,230,dummy-505
820221.373583467,250,230,dummy-505
820165.306821844,250,230,dummy-522
820316.457495765,250,230,dummy-522
820181.678636962,250,230,dummy-785
820212.732073946,250,230,dummy-785
820274.334816904,250,230,dummy-785
820282.11756417,250,230,dummy-785
820327.705132134,250,230,dummy-785
820358.378676141,250,230,dummy-785
820162.182458601,250,230,dummy-733
820367.464851975,250,230,dummy-733
820122.994710183,250,230,dummy-133
820158.420117107,250,230,dummy-133
820194.055799346,250,230,dummy-133
820225.077381046,250,230,dummy-133
820255.743690223,250,230,dummy-133
820174.069904733,250,230,dummy-805
820337.400371841,250,230,dummy-805
820126.712265262,250,230,dummy-148
820151.749421651,250,230,dummy-148
820193.795020385,250,230,dummy-148
820245.591286105,250,230,dummy-148
820266.97534152,250,230,dummy-148
820300.028384274,250,230,dummy-148
820326.467177874,250,230,dummy-148
820340.688283316,250,230,dummy-148
820188.485796338,250,230,dummy-633
820321.759300765,250,230,dummy-633
820326.315957897,250,230,dummy-633
820364.461151213,250,230,dummy-633
820372.913589769,250,230,dummy-633
820390.848462036,250,230,dummy-633
820102.62244383,250,230,dummy-750
820180.276057692,250,230,dummy-750
820198.775768214,250,230,dummy-750
820286.494089729,250,230,dummy-750
820361.635088647,250,230,dummy-750
820122.194675543,250,230,dummy-332
820334.130942369,250,230,dummy-332
820298.825455996,250,230,dummy-22
820166.622932973,250,230,dummy-236
820172.309126272,250,230,dummy-236
820301.794352732,250,230,dummy-236
820324.166715734,250,230,dummy-236
820194.484094552,250,230,dummy-107
820235.535880614,250,230,dummy-107
820152.016222727,250,230,dummy-97
820237.628712044,250,230,dummy-97
820274.126684245,250,230,dummy-97
820322.749031077,250,230,dummy-97
820363.552254648,250,230,dummy-97
820377.312611359,250,230,dummy-97
820102.163090226,250,230,dummy-546
820135.956384099,250,230,dummy-546
820384.876859567,250,230,dummy-546
820158.572668056,250,230,dummy-255
820162.036080862,250,230,dummy-255
820175.071013513,250,230,dummy-255
820270.158444991,250,230,dummy-255
820326.841917993,250,230,dummy-255
820137.823820782,250,230,dummy-797
820166.43318346,250,230,dummy-797
820229.759741776,250,230,dummy-797
820286.16284301,250,230,dummy-797
820301.817919812,250,230,dummy-797
820334.048164918,250,230,dummy-797
820349.178412434,250,230,dummy-797
820132.367050425,250,230,dummy-634
820217.04177206,250,230,dummy-634
820354.089836772,250,230,dummy-634
820137.323618172,250,230,dummy-692
820312.250972205,250,230,dummy-692
820133.683685753,250,230,dummy-75
820109.696602709,250,230,dummy-49
820214.392645987,250,230,dummy-49
820120.416498284,250,230,dummy-712
820216.964059759,250,230,dummy-712
820247.524388725,250,230,dummy-712
820107.091504668,250,230,dummy-548
820147.325427272,250,230,dummy-548
820224.758937486,250,230,dummy-548
820296.142163363,250,230,dummy-548
820309.409391338,250,230,dummy-548
820384.36900509,250,230,dummy-548
820234.507654187,250,230,dummy-689
820304.801922574,250,230,dummy-689
820356.200607356,250,230,dummy-689
820106.819072031,250,230,dummy-33
820244.013714129,250,230,dummy-33
820251.644316626,250,230,dummy-33
820287.324404224,250,230,dummy-33
820297.261560827,250,230,dummy-33
820136.866097932,250,230,dummy-482
820186.143419541,250,230,dummy-482
820263.948292081,250,230,dummy-482
820287.817574537,250,230,dummy-482
820370.935777754,250,230,dummy-482
820146.80713808,250,230,dummy-579
820177.470164623,250,230,dummy-579
820199.864575207,250,230,dummy-579
820329.406975704,250,230,dummy-579
820359.333443543,250,230,dummy-579
820197.926299667,250,230,dummy-82
820343.207562604,250,230,dummy-82
820098.53010505,250,230,dummy-221
820156.525430861,250,230,dummy-221
820339.217791861,250,230,dummy-221
820187.591089083,250,230,dummy-556
820212.372215574,250,230,dummy-556
820138.810015872,250,230,dummy-608
820373.517605955,250,230,dummy-608
820132.621104745,250,230,dummy-300
820166.384983814,250,230,dummy-300
820224.190492893,250,230,dummy-300
820374.764572292,250,230,dummy-300
820185.047360138,250,230,dummy-809
820272.768354673,250,230,dummy-809
820373.478233167,250,230,dummy-809
820377.800675962,250,230,dummy-809
820380.165269719,250,230,dummy-809
820195.749154075,250,230,dummy-427
820395.712363177,250,230,dummy-427
820117.302579637,250,230,dummy-734
820162.288625584,250,230,dummy-734
820097.199660913,250,230,dummy-345
820230.879622084,250,230,dummy-345
820264.079030565,250,230,dummy-345
820352.695895653,250,230,dummy-345
820391.538861683,250,230,dummy-345
820352.482450033,250,230,dummy-125
820382.337855269,250,230,dummy-125
820118.247211776,250,230,dummy-112
820171.19001653,250,230,dummy-112
820250.614936145,250,230,dummy-112
820271.754969537,250,230,dummy-112
820284.376872546,250,230,dummy-112
820296.099066813,250,230,dummy-112
820332.772401996,250,230,dummy-112
820373.064087904,250,230,dummy-444
820374.598744056,250,230,dummy-444
820387.802693012,250,230,dummy-444
820187.983593436,250,230,dummy-802
820207.787459235,250,230,dummy-802
820245.463403577,250,230,dummy-802
820271.190991369,250,230,dummy-802
820328.53313465,250,230,dummy-503
820340.722439179,250,230,dummy-503
820375.318031683,250,230,dummy-503
820389.479690245,250,230,dummy-503
820186.013336866,250,230,dummy-629
820237.837407036,250,230,dummy-629
820300.449951254,250,230,dummy-629
820334.745361368,250,230,dummy-629
820137.82539439,250,230,dummy-512
820266.901244888,250,230,dummy-512
820325.343231877,250,230,dummy-512
820393.353282629,250,230,dummy-512
820124.622690655,250,230,dummy-201
820124.788862614,250,230,dummy-201
820156.880134316,250,230,dummy-201
820214.730573957,250,230,dummy-201
820328.180051206,250,230,dummy-201
820099.691530783,250,230,dummy-727
820132.889188327,250,230,dummy-727
820262.076359365,250,230,dummy-727
820370.464247288,250,230,dummy-727
820387.436820017,250,230,dummy-727
820261.846362341,250,230,dummy-570
820319.111532652,250,230,dummy-570
820143.659909992,250,230,dummy-353
820178.851438169,250,230,dummy-353
820363.601112516,250,230,dummy-353
820370.866588573,250,230,dummy-353
820372.262602344,250,230,dummy-353
820338.179625547,250,230,dummy-297
820168.478712247,250,230,dummy-464
820179.76570858,250,230,dummy-464
820099.918784271,250,230,dummy-516
820364.093810667,250,230,dummy-516
820142.148621328,250,230,dummy-30
820183.133010012,250,230,dummy-30
820183.861527067,250,230,dummy-30
820218.703926872,250,230,dummy-30
820281.811606571,250,230,dummy-30
820349.339064907,250,230,dummy-30
820262.956976403,250,230,dummy-475
820366.041965296,250,230,dummy-475
820392.17527103,250,230,dummy-475
820165.610995661,250,230,dummy-168
820208.428610291,250,230,dummy-168
820333.770384463,250,230,dummy-168
820370.446090221,250,230,dummy-168
820374.3740936,250,230,dummy-168
820375.034885607,250,230,dummy-168
820304.167880185,250,230,dummy-433
820146.255529972,250,230,dummy-102
820202.092115738,250,230,dummy-102
820350.17384388,250,230,dummy-102
820357.80131243,250,230,dummy-102
820374.810201321,250,230,dummy-517
820119.577626614,250,230,dummy-43
820346.906578376,250,230,dummy-43
820356.177761012,250,230,dummy-34
820376.639773533,250,230,dummy-34
820130.429507242,250,230,dummy-88
820167.074758486,250,230,dummy-88
820269.599053104,250,230,dummy-88
820293.819905896,250,230,dummy-88
820302.614231437,250,230,dummy-88
820156.402387527,250,230,dummy-328
820157.714464882,250,230,dummy-328
820218.372169896,250,230,dummy-328
820362.119252803,250,230,dummy-328
820372.33775187,250,230,dummy-328
820108.242028933,250,230,dummy-500
820099.672891749,250,230,dummy-763
820126.269299206,250,230,dummy-763
820128.260744861,250,230,dummy-763
820256.494087105,250,230,dummy-763
820256.937046046,250,230,dummy-763
820375.863928618,250,230,dummy-763
820156.006105303,250,230,dummy-571
820173.504126382,250,230,dummy-571
820195.03700166,250,230,dummy-571
820271.522948658,250,230,dummy-571
820394.06114646,250,230,dummy-571
820122.547237648,250,230,dummy-600
820128.01618925,250,230,dummy-600
820199.459420168,250,230,dummy-600
820264.851030117,250,230,dummy-600
820291.818446915,250,230,dummy-600
820302.546325869,250,230,dummy-600
820308.158517421,250,230,dummy-600
820335.954951261,250,230,dummy-600
820103.701149378,250,230,dummy-86
820108.599821236,250,230,dummy-86
820262.316616648,250,230,dummy-86
820357.210929088,250,230,dummy-86
820106.967387842,250,230,dummy-739
820139.038229481,250,230,dummy-739
820141.045286509,250,230,dummy-739
820181.410215385,250,230,dummy-739
820196.577762518,250,230,dummy-739
820255.117235515,250,230,dummy-739
820373.602946064,250,230,dummy-739
820270.922847755,250,230,dummy-269
820311.857546858,250,230,dummy-269
820333.21564189,250,230,dummy-269
820100.819117793,250,230,dummy-306
820117.236186831,250,230,dummy-306
820221.258854032,250,230,dummy-306
820223.636329404,250,230,dummy-306
820291.612106631,250,230,dummy-306
820238.108728529,250,230,dummy-402
820356.894227989,250,230,dummy-402
820160.776217391,250,230,dummy-155
820203.406922559,250,230,dummy-155
820271.384911842,250,230,dummy-524
820298.189276105,250,230,dummy-524
820164.491682486,250,230,dummy-219
820192.826282903,250,230,dummy-219
820351.164427648,250,230,dummy-219
820116.541150335,250,230,dummy-167
820141.206790122,250,230,dummy-167
820142.355410261,250,230,dummy-167
820167.675738435,250,230,dummy-167
820275.518047755,250,230,dummy-167
820347.084853325,250,230,dummy-167
820379.886078902,250,230,dummy-167
820108.31211412,250,230,dummy-359
820124.169387997,250,230,dummy-359
820123.453618697,250,230,dummy-60
820182.51615934,250,230,dummy-60
820204.258988006,250,230,dummy-60
820265.018158943,250,230,dummy-60
820141.782617011,250,230,dummy-582
820170.896004689,250,230,dummy-582
820382.57763382,250,230,dummy-582
820099.354327121,250,230,dummy-786
820111.449954466,250,230,dummy-786
820130.697984906,250,230,dummy-786
820341.159361131,250,230,dummy-786
820349.40394781,250,230,dummy-786
820173.232039931,250,230,dummy-91
820179.729217977,250,230,dummy-91
820209.168585805,250,230,dummy-91
820278.053747782,250,230,dummy-91
820364.819308918,250,230,dummy-91
820102.206177779,250,230,dummy-756
820220.085099801,250,230,dummy-756
820332.535225593,250,230,dummy-756
820333.639774457,250,230,dummy-756
820396.216238741,250,230,dummy-756
820112.350606483,250,230,dummy-409
820219.155582199,250,230,dummy-409
820326.90523005,250,230,dummy-409
820261.306991536,250,230,dummy-431
820269.633565155,250,230,dummy-431
820318.102244516,250,230,dummy-431
820342.085281684,250,230,dummy-431
820155.262737636,250,230,dummy-502
820217.029311215,250,230,dummy-502
820270.367309013,250,230,dummy-502
820314.570249605,250,230,dummy-502
820103.94934906,250,230,dummy-632
820114.187835697,250,230,dummy-632
820162.99679504,250,230,dummy-632
820217.016477546,250,230,dummy-632
820289.442542745,250,230,dummy-632
820361.521889059,250,230,dummy-632
820118.700219662,250,230,dummy-598
820257.555003325,250,230,dummy-598
820299.670934351,250,230,dummy-598
820396.392260337,250,230,dummy-598
820310.666795973,250,230,dummy-206
820337.026047711,250,230,dummy-206
820258.549439146,250,230,dummy-527
820328.839908557,250,230,dummy-527
820336.655877292,250,230,dummy-527
820224.306343182,250,230,dummy-154
820324.23718946,250,230,dummy-154
820340.196273265,250,230,dummy-154
820340.354361838,250,230,dummy-154
820375.003998796,250,230,dummy-154
820184.89282227,250,230,dummy-46
820199.372037912,250,230,dummy-46
820298.095406411,250,230,dummy-46
820394.808342704,250,230,dummy-46
820163.867811059,250,230,dummy-567
820353.447251174,250,230,dummy-567
820124.388405571,250,230,dummy-215
820194.399970319,250,230,dummy-215
820210.400568408,250,230,dummy-215
820235.748895227,250,230,dummy-215
820324.147592643,250,230,dummy-215
820346.088098435,250,230,dummy-215
820389.756736938,250,230,dummy-215
820113.897590858,250,230,dummy-672
820122.994383357,250,230,dummy-672
820167.06981185,250,230,dummy-672
820238.579156042,250,230,dummy-672
820306.529690428,250,230,dummy-672
820319.877318868,250,230,dummy-672
820327.313328545,250,230,dummy-672
820344.624576359,250,230,dummy-672
820372.717355759,250,230,dummy-672
820387.344103098,250,230,dummy-672
820176.618073847,250,230,dummy-816
820265.951013748,250,230,dummy-816
820270.434387638,250,230,dummy-816
820195.072514504,250,230,dummy-452
820168.502065963,250,230,dummy-413
820276.375562936,250,230,dummy-413
820338.412133328,250,230,dummy-413
820392.925318152,250,230,dummy-413
820115.328019733,250,230,dummy-92
820196.977218133,250,230,dummy-92
820360.256953203,250,230,dummy-92
820135.588006269,250,230,dummy-158
820192.997301585,250,230,dummy-158
820266.2174779,250,230,dummy-158
820307.557789263,250,230,dummy-87
820361.885616345,250,230,dummy-87
820134.331418117,250,230,dummy-123
820152.546633624,250,230,dummy-123
820325.410111227,250,230,dummy-123
820392.453773205,250,230,dummy-123
820396.729609266,250,230,dummy-123
820329.057311163,250,230,dummy-729
820178.694395698,250,230,dummy-245
820222.305691594,250,230,dummy-245
820320.80844119,250,230,dummy-245
820365.012569995,250,230,dummy-245
820113.55610743,250,230,dummy-274
820359.323837761,250,230,dummy-274
820179.96118433,250,230,dummy-151
820180.259240772,250,230,dummy-151
820353.024211521,250,230,dummy-151
820369.115089643,250,230,dummy-151
820392.141155516,250,230,dummy-151
820167.980970153,250,230,dummy-252
820323.333313137,250,230,dummy-252
820116.174372226,250,230,dummy-179
820384.19622026,250,230,dummy-179
820385.781828956,250,230,dummy-179
820114.831879819,250,230,dummy-185
820136.350274515,250,230,dummy-185
820179.590049625,250,230,dummy-185
820222.612435276,250,230,dummy-185
820240.805220386,250,230,dummy-185
820301.965137561,250,230,dummy-185
820304.984862284,250,230,dummy-185
820327.765698712,250,230,dummy-185
820204.608123839,250,230,dummy-473
820259.085261221,250,230,dummy-473
820178.65155583,250,230,dummy-299
820187.936427283,250,230,dummy-299
820224.721829059,250,230,dummy-299
820225.307036038,250,230,dummy-299
820292.675768375,250,230,dummy-299
820376.44994539,250,230,dummy-299
820183.551334025,250,230,dummy-615
820260.159972175,250,230,dummy-615
820338.385813444,250,230,dummy-615
820385.118126594,250,230,dummy-615
820287.629108617,250,230,dummy-535
820295.570359893,250,230,dummy-535
820312.06447645,250,230,dummy-535
820368.110609141,250,230,dummy-535
820134.935007325,250,230,dummy-597
820142.111961521,250,230,dummy-597
820229.811298214,250,230,dummy-597
820280.004181563,250,230,dummy-597
820098.29867393,250,230,dummy-709
820234.309471607,250,230,dummy-709
820157.085689929,250,230,dummy-62
820299.067371727,250,230,dummy-62
820324.232434741,250,230,dummy-62
820358.269858678,250,230,dummy-62
820097.29393084,250,230,dummy-782
820149.514354019,250,230,dummy-782
820159.931172825,250,230,dummy-782
820247.952351985,250,230,dummy-782
820268.49826055,250,230,dummy-782
820269.681606416,250,230,dummy-782
820134.35598739,250,230,dummy-270
820150.802619832,250,230,dummy-270
820261.879122375,250,230,dummy-270
820305.949484721,250,230,dummy-270
820382.795138138,250,230,dummy-270
820341.236913013,250,230,dummy-627
820098.529730156,250,230,dummy-574
820135.940404746,250,230,dummy-574
820176.226958781,250,230,dummy-574
820384.551656257,250,230,dummy-574
820108.286419254,250,230,dummy-630
820135.781159667,250,230,dummy-630
820200.608973253,250,230,dummy-630
820298.175272296,250,230,dummy-630
820342.845362857,250,230,dummy-630
820384.13830705,250,230,dummy-630
820204.778150268,250,230,dummy-189
820215.586486774,250,230,dummy-189
820303.791508453,250,230,dummy-189
820379.278280616,250,230,dummy-189
820386.794533226,250,230,dummy-189
820127.595889413,250,230,dummy-184
820136.382144292,250,230,dummy-184
820258.090604093,250,230,dummy-184
820271.089510681,250,230,dummy-184
820279.809174066,250,230,dummy-184
820192.329236963,250,230,dummy-223
820314.949422462,250,230,dummy-223
820395.384516131,250,230,dummy-223
820098.240133709,250,230,dummy-89
820107.31355486,250,230,dummy-89
820208.760258514,250,230,dummy-89
820268.007251777,250,230,dummy-89
820327.786407736,250,230,dummy-89
820142.008182333,250,230,dummy-139
820322.335675911,250,230,dummy-315
820103.253025409,250,230,dummy-71
820146.376624212,250,230,dummy-71
820208.508498122,250,230,dummy-71
820260.840138292,250,230,dummy-71
820310.22377184,250,230,dummy-71
820192.615566559,250,230,dummy-519
820201.159736351,250,230,dummy-519
820236.355548248,250,230,dummy-519
820329.201561261,250,230,dummy-519
820394.623790144,250,230,dummy-519
820164.917923031,250,230,dummy-150
820199.217946543,250,230,dummy-150
820334.960204463,250,230,dummy-150
820375.516373439,250,230,dummy-150
820144.390005872,250,230,dummy-131
820261.001346741,250,230,dummy-131
820322.209833025,250,230,dummy-131
820107.050151363,250,230,dummy-557
820204.905736826,250,230,dummy-557
820319.34150018,250,230,dummy-557
820134.474612477,250,230,dummy-39
820144.389976159,250,230,dummy-39
820242.865940005,250,230,dummy-39
820286.292744014,250,230,dummy-39
820336.320571924,250,230,dummy-39
820121.618866016,250,230,dummy-742
820122.995979922,250,230,dummy-742
820137.296340235,250,230,dummy-742
820172.887432195,250,230,dummy-742
820220.978051042,250,230,dummy-742
820252.531939669,250,230,dummy-742
820310.70840966,250,230,dummy-742
820361.722450878,250,230,dummy-742
820165.914906262,250,230,dummy-669
820367.712671794,250,230,dummy-669
820376.599173262,250,230,dummy-669
820134.763086159,250,230,dummy-377
820179.014010505,250,230,dummy-377
820181.694342157,250,230,dummy-377
820183.68356885,250,230,dummy-377
820280.915785239,250,230,dummy-377
820308.469359682,250,230,dummy-377
820320.163886385,250,230,dummy-377
820368.623645537,250,230,dummy-377
820381.158420016,250,230,dummy-377
820385.697084412,250,230,dummy-207
820278.567699215,250,230,dummy-507
820298.496765731,250,230,dummy-507
820384.221160975,250,230,dummy-507
820141.20828134,250,230,dummy-44
820174.705579537,250,230,dummy-44
820219.508431121,250,230,dummy-44
820235.796620325,250,230,dummy-44
820241.815903718,250,230,dummy-44
820273.453637582,250,230,dummy-44
820149.044492054,250,230,dummy-773
820231.721340736,250,230,dummy-773
820360.988058193,250,230,dummy-773
820382.582364675,250,230,dummy-773
820393.024993145,250,230,dummy-773
820192.362733039,250,230,dummy-18
820301.349717104,250,230,dummy-18
820105.062873218,250,230,dummy-828
820113.177526494,250,230,dummy-828
820211.870308933,250,230,dummy-828
820365.113125715,250,230,dummy-828
820376.697658056,250,230,dummy-828
820394.137856117,250,230,dummy-828
820167.629948873,250,230,dummy-463
820191.48423917,250,230,dummy-463
820245.002661555,250,230,dummy-463
820134.286356804,250,230,dummy-42
820247.596555886,250,230,dummy-42
820259.848544769,250,230,dummy-42
820302.453497864,250,230,dummy-42
820142.373711893,250,230,dummy-533
820166.25305046,250,230,dummy-533
820169.724101757,250,230,dummy-533
820253.92009305,250,230,dummy-533
820270.620985389,250,230,dummy-533
820329.455921355,250,230,dummy-316
820110.205641696,250,230,dummy-29
820166.674248152,250,230,dummy-29
820187.471986927,250,230,dummy-29
820193.502573889,250,230,dummy-29
820247.457706867,250,230,dummy-29
820393.183699386,250,230,dummy-29
820126.874371054,250,230,dummy-497
820255.732544902,250,230,dummy-497
820281.72685071,250,230,dummy-497
820299.915549512,250,230,dummy-497
820104.872311948,250,230,dummy-6
820101.94897616,250,230,dummy-779
820170.914864906,250,230,dummy-779
820175.316582641,250,230,dummy-779
820327.729051814,250,230,dummy-779
820110.831139363,250,230,dummy-152
820172.073527669,250,230,dummy-152
820253.443583388,250,230,dummy-152
820386.885737827,250,230,dummy-152
820161.252540547,250,230,dummy-178
820201.763026855,250,230,dummy-697
820218.239591666,250,230,dummy-697
820242.116699344,250,230,dummy-697
820331.157338316,250,230,dummy-697
820109.767437255,250,230,dummy-51
820115.503265039,250,230,dummy-51
820352.861068085,250,230,dummy-51
820192.141178436,250,230,dummy-282
820225.456601374,250,230,dummy-282
820373.544409415,250,230,dummy-282
820131.679115519,250,230,dummy-23
820219.942504049,250,230,dummy-23
820241.602464052,250,230,dummy-23
820285.542291534,250,230,dummy-23
820333.823360893,250,230,dummy-23
820339.392464009,250,230,dummy-23
820347.814114685,250,230,dummy-23
820099.335805062,250,230,dummy-707
820152.193574316,250,230,dummy-707
820371.061317694,250,230,dummy-707
820219.297136046,250,230,dummy-711
820262.112657116,250,230,dummy-711
820125.69802124,250,230,dummy-488
820166.169281881,250,230,dummy-488
820248.027656789,250,230,dummy-488
820271.205532107,250,230,dummy-488
820276.312932582,250,230,dummy-488
820392.042562235,250,230,dummy-488
820277.816631518,250,230,dummy-495
820124.698011954,250,230,dummy-778
820142.441280167,250,230,dummy-778
820203.239548472,250,230,dummy-778
820252.149257066,250,230,dummy-778
820280.522681992,250,230,dummy-778
820192.050304636,250,230,dummy-199
820328.395444089,250,230,dummy-199
820176.285389655,250,230,dummy-129
820312.619782956,250,230,dummy-129
820214.757989015,250,230,dummy-371
820214.764481287,250,230,dummy-371
820238.233349028,250,230,dummy-371
820279.940795269,250,230,dummy-371
820112.067735588,250,230,dummy-196
820132.932687639,250,230,dummy-196
820136.29743032,250,230,dummy-196
820146.426257407,250,230,dummy-196
820229.400799872,250,230,dummy-196
820309.354234075,250,230,dummy-196
820366.179998152,250,230,dummy-196
820248.239729597,250,230,dummy-55
820279.597605473,250,230,dummy-55
820365.108381179,250,230,dummy-55
820377.30702307,250,230,dummy-55
820106.819439819,250,230,dummy-204
820135.146890018,250,230,dummy-204
820148.264551391,250,230,dummy-204
820201.687028167,250,230,dummy-204
820212.806502821,250,230,dummy-204
820165.854880286,250,230,dummy-304
820200.351396821,250,230,dummy-304
820249.354637466,250,230,dummy-304
820297.161972906,250,230,dummy-304
820307.665699934,250,230,dummy-304
820171.257613419,250,230,dummy-15
820276.642369192,250,230,dummy-15
820318.789651931,250,230,dummy-15
820390.711749184,250,230,dummy-15
820104.272662449,250,230,dummy-12
820119.698912903,250,230,dummy-12
820213.784242373,250,230,dummy-12
820225.417861844,250,230,dummy-50
820367.267769607,250,230,dummy-50
820133.147466613,250,230,dummy-324
820137.33670712,250,230,dummy-324
820218.760882207,250,230,dummy-324
820171.189987457,250,230,dummy-638
820227.694825768,250,230,dummy-638
820165.57679374,250,230,dummy-412
820315.923768074,250,230,dummy-412
820321.711722679,250,230,dummy-412
820328.106480519,250,230,dummy-412
820370.719336758,250,230,dummy-412
820131.26225354,250,230,dummy-639
820169.492251476,250,230,dummy-639
820211.924149662,250,230,dummy-639
820246.41332771,250,230,dummy-639
820254.687090958,250,230,dummy-639
820256.657922852,250,230,dummy-639
820259.518221771,250,230,dummy-639
820282.952098999,250,230,dummy-639
820315.901790383,250,230,dummy-639
820105.435596124,250,230,dummy-723
820158.518323133,250,230,dummy-723
820168.043827283,250,230,dummy-723
820269.973183501,250,230,dummy-723
820128.781671862,250,230,dummy-105
820182.068715322,250,230,dummy-105
820321.844742775,250,230,dummy-105
820112.722535882,250,230,dummy-389
820170.59895729,250,230,dummy-389
820209.239385392,250,230,dummy-389
820224.115321532,250,230,dummy-389
820244.484460527,250,230,dummy-389
820343.655372261,250,230,dummy-389
820368.371052431,250,230,dummy-389
820127.959838007,250,230,dummy-202
820129.421728079,250,230,dummy-202
820153.919238277,250,230,dummy-202
820252.688343163,250,230,dummy-202
820263.204989042,250,230,dummy-202
820376.77196045,250,230,dummy-202
820191.330550017,250,230,dummy-715
820330.433646857,250,230,dummy-715
820173.127105938,250,230,dummy-424
820372.257966657,250,230,dummy-334
820105.824473267,250,230,dummy-5
820209.271095256,250,230,dummy-5
820223.169606788,250,230,dummy-5
820226.925427199,250,230,dummy-5
820302.703613551,250,230,dummy-5
820142.572249672,250,230,dummy-721
820239.746164453,250,230,dummy-721
820298.192587134,250,230,dummy-721
820333.440896992,250,230,dummy-721
820376.555449658,250,230,dummy-721
820110.953254024,250,230,dummy-718
820314.750267776,250,230,dummy-718
820354.19446605,250,230,dummy-718
820121.170412473,250,230,dummy-752
820233.659002109,250,230,dummy-752
820120.928473904,250,230,dummy-310
820155.914580876,250,230,dummy-310
820186.74824602,250,230,dummy-310
820231.97762196,250,230,dummy-310
820275.682224732,250,230,dummy-310
820280.477834089,250,230,dummy-310
820370.01500226,250,230,dummy-310
820109.930270135,250,230,dummy-781
820333.892203599,250,230,dummy-781
820341.162795495,250,230,dummy-264
820396.813134065,250,230,dummy-264
820105.151477145,250,230,dummy-266
820172.022016618,250,230,dummy-266
820221.628793534,250,230,dummy-266
820253.936659694,250,230,dummy-266
820299.73048697,250,230,dummy-266
820303.311037296,250,230,dummy-645
820193.18734961,250,230,dummy-416
820288.902268199,250,230,dummy-416
820137.484205625,250,230,dummy-90
820140.396205002,250,230,dummy-90
820312.979028486,250,230,dummy-90
820392.438694151,250,230,dummy-90
820102.459029094,250,230,dummy-539
820150.050434815,250,230,dummy-539
820161.404746538,250,230,dummy-539
820245.312663983,250,230,dummy-539
820289.521733481,250,230,dummy-539
820307.215154912,250,230,dummy-539
820393.44884212,250,230,dummy-539
820138.523930305,250,230,dummy-198
820110.874788668,250,230,dummy-113
820139.887947737,250,230,dummy-113
820167.770179104,250,230,dummy-113
820285.27102888,250,230,dummy-113
820339.017742002,250,230,dummy-113
820335.556729389,250,230,dummy-140
820226.906183496,250,230,dummy-677
820228.007585978,250,230,dummy-677
820385.032677875,250,230,dummy-677
820156.240575476,250,230,dummy-111
820304.34817695,250,230,dummy-111
820345.326708498,250,230,dummy-111
820133.303590007,250,230,dummy-459
820189.149204943,250,230,dummy-459
820215.21396848,250,230,dummy-459
820252.885531638,250,230,dummy-459
820265.126390773,250,230,dummy-459
820301.74208937,250,230,dummy-459
820333.881093803,250,230,dummy-459
820377.495821519,250,230,dummy-459
820267.766355679,250,230,dummy-545
820138.570258193,250,230,dummy-246
820150.613119028,250,230,dummy-246
820179.005132929,250,230,dummy-246
820330.610456841,250,230,dummy-246
820332.07803045,250,230,dummy-246
820097.901235552,250,230,dummy-153
820125.627354726,250,230,dummy-153
820145.630391369,250,230,dummy-153
820264.920306283,250,230,dummy-153
820281.862337604,250,230,dummy-153
820391.421883415,250,230,dummy-153
820170.364788407,250,230,dummy-676
820213.576481303,250,230,dummy-676
820235.399511271,250,230,dummy-676
820258.247113728,250,230,dummy-676
820370.470984943,250,230,dummy-676
820393.505630078,250,230,dummy-676
820132.274106654,250,230,dummy-777
820289.741737349,250,230,dummy-777
820363.655818148,250,230,dummy-777
820380.756390753,250,230,dummy-777
820109.807759461,250,230,dummy-760
820215.994048222,250,230,dummy-760
820258.026001896,250,230,dummy-760
820395.762095502,250,230,dummy-760
820108.626175747,250,230,dummy-285
820284.808139536,250,230,dummy-285
820295.872386992,250,230,dummy-285
820320.667657042,250,230,dummy-285
820359.280408879,250,230,dummy-285
820377.442003607,250,230,dummy-285
820098.604878805,250,230,dummy-398
820274.506638994,250,230,dummy-398
820322.085264293,250,230,dummy-398
820102.714407477,250,230,dummy-318
820157.876340257,250,230,dummy-318
820195.402449129,250,230,dummy-318
820206.833645247,250,230,dummy-318
820216.508267569,250,230,dummy-318
820304.042391637,250,230,dummy-318
820341.354016263,250,230,dummy-318
820131.378106566,250,230,dummy-177
820197.139102761,250,230,dummy-177
820231.490212771,250,230,dummy-177
820300.063354471,250,230,dummy-177
820393.927723544,250,230,dummy-177
820225.655536995,250,230,dummy-368
820268.498616076,250,230,dummy-368
820364.871398319,250,230,dummy-368
820194.164308588,250,230,dummy-295
820220.977659842,250,230,dummy-295
820241.968735484,250,230,dummy-295
820305.479768771,250,230,dummy-295
820307.523466363,250,230,dummy-295
820099.438507031,250,230,dummy-396
820320.758111959,250,230,dummy-396
820323.951891038,250,230,dummy-396
820349.392652186,250,230,dummy-396
820212.687974394,250,230,dummy-19
820343.521159674,250,230,dummy-19
820159.769394459,250,230,dummy-403
820372.077385146,250,230,dummy-403
820395.893337077,250,230,dummy-403
820168.708501224,250,230,dummy-157
820206.060829316,250,230,dummy-157
820219.202533402,250,230,dummy-157
820113.167848048,250,230,dummy-147
820164.843279219,250,230,dummy-147
820235.448838813,250,230,dummy-147
820245.999052093,250,230,dummy-147
820251.90667554,250,230,dummy-651
820379.484067853,250,230,dummy-47
820147.871403954,250,230,dummy-344
820184.270199743,250,230,dummy-344
820356.828248583,250,230,dummy-344
820381.200688645,250,230,dummy-344
820103.747695846,250,230,dummy-141
820270.764963608,250,230,dummy-141
820301.961255218,250,230,dummy-141
820101.792321134,250,230,dummy-552
820207.057624299,250,230,dummy-552
820106.986174066,250,230,dummy-531
820112.694638353,250,230,dummy-531
820120.91910054,250,230,dummy-531
820180.403558108,250,230,dummy-531
820389.809929481,250,230,dummy-531
820395.237383461,250,230,dummy-531
820395.244259154,250,230,dummy-531
820161.700086677,250,230,dummy-429
820226.644347325,250,230,dummy-429
820289.149309808,250,230,dummy-429
820300.678809065,250,230,dummy-429
820348.169612718,250,230,dummy-429
820372.646589748,250,230,dummy-429
820101.664505323,250,230,dummy-586
820147.067945671,250,230,dummy-586
820177.69019974,250,230,dummy-586
820307.645328973,250,230,dummy-586
820325.987161431,250,230,dummy-586
820340.318778498,250,230,dummy-586
820120.337821873,250,230,dummy-811
820278.27152228,250,230,dummy-811
820283.974023835,250,230,dummy-811
820354.95201895,250,230,dummy-811
820121.857207296,250,230,dummy-386
820186.173322877,250,230,dummy-386
820300.160397485,250,230,dummy-386
820341.114342608,250,230,dummy-386
820134.493425612,250,230,dummy-701
820169.902135101,250,230,dummy-701
820310.404619308,250,230,dummy-701
820344.99542251,250,230,dummy-701
820345.654584646,250,230,dummy-701
820348.045294481,250,230,dummy-701
820385.380850084,250,230,dummy-701
820133.633970504,250,230,dummy-308
820188.960791908,250,230,dummy-521
820254.844374545,250,230,dummy-521
820273.176973732,250,230,dummy-521
820322.634345098,250,230,dummy-521
820102.384637581,250,230,dummy-164
820148.959729998,250,230,dummy-164
820238.543587113,250,230,dummy-164
820271.002683001,250,230,dummy-164
820313.337995737,250,230,dummy-164
820110.981175303,250,230,dummy-404
820213.952918522,250,230,dummy-404
820306.82282303,250,230,dummy-404
820124.200672918,250,230,dummy-807
820135.27006754,250,230,dummy-357
820205.842691371,250,230,dummy-357
820248.566092842,250,230,dummy-357
820210.915301127,250,230,dummy-671
820243.97784736,250,230,dummy-671
820310.49726422,250,230,dummy-671
820335.4216118,250,230,dummy-671
820337.965336324,250,230,dummy-671
820354.348691467,250,230,dummy-671
820141.062953201,250,230,dummy-625
820279.098106418,250,230,dummy-625
820344.350819141,250,230,dummy-625
820374.774531039,250,230,dummy-625
820145.324345358,250,230,dummy-583
820171.382479485,250,230,dummy-583
820097.356201509,250,230,dummy-529
820294.437190525,250,230,dummy-529
820296.219786229,250,230,dummy-529
820178.179678016,250,230,dummy-257
820190.62441099,250,230,dummy-257
820192.927032627,250,230,dummy-257
820223.248986466,250,230,dummy-257
820273.123174721,250,230,dummy-257
820329.873303033,250,230,dummy-257
820341.572327474,250,230,dummy-257
820372.515718804,250,230,dummy-257
820380.423391694,250,230,dummy-257
820168.290811529,250,230,dummy-122
820113.408904399,250,230,dummy-305
820115.901459085,250,230,dummy-305
820166.912825906,250,230,dummy-305
820212.608524564,250,230,dummy-305
820333.417121318,250,230,dummy-305
820378.707661653,250,230,dummy-305
820322.631877308,250,230,dummy-472
820134.191530334,250,230,dummy-277
820183.222593811,250,230,dummy-277
820200.252484307,250,230,dummy-277
820310.150037704,250,230,dummy-277
820314.743227468,250,230,dummy-277
820141.119510659,250,230,dummy-209
820104.118072326,250,230,dummy-390
820136.692648214,250,230,dummy-390
820160.714482411,250,230,dummy-390
820234.274634478,250,230,dummy-390
820260.204015763,250,230,dummy-343
820298.186942816,250,230,dummy-343
820201.725418579,250,230,dummy-59
820270.322119096,250,230,dummy-59
820379.122882263,250,230,dummy-59
820216.039894953,250,230,dummy-254
820274.49705482,250,230,dummy-254
820102.025222004,250,230,dummy-780
820222.857966369,250,230,dummy-780
820253.688797328,250,230,dummy-780
820308.341016358,250,230,dummy-780
820315.167070208,250,230,dummy-780
820298.522501075,250,230,dummy-658
820316.161938158,250,230,dummy-658
820333.768023989,250,230,dummy-658
820392.806942368,250,230,dummy-658
820231.137444234,250,230,dummy-716
820270.136768082,250,230,dummy-716
820276.825846283,250,230,dummy-716
820129.754813923,250,230,dummy-681
820337.399058225,250,230,dummy-681
820367.817175011,250,230,dummy-681
820106.038161518,250,230,dummy-611
820224.702024188,250,230,dummy-611
820395.037844079,250,230,dummy-611
820186.171998517,250,230,dummy-455
820236.870296109,250,230,dummy-455
820317.760900786,250,230,dummy-455
820373.95976661,250,230,dummy-455
820378.647864066,250,230,dummy-455
820220.007148664,250,230,dummy-666
820236.226054847,250,230,dummy-666
820173.457418451,250,230,dummy-563
820178.972948957,250,230,dummy-563
820296.50328804,250,230,dummy-563
820108.876576734,250,230,dummy-63
820186.895678444,250,230,dummy-63
820217.837039129,250,230,dummy-63
820238.809576858,250,230,dummy-63
820265.054391501,250,230,dummy-63
820314.592625261,250,230,dummy-63
820390.288487806,250,230,dummy-63
820131.104589624,250,230,dummy-115
820325.040951701,250,230,dummy-115
820115.815228428,250,230,dummy-172
820132.215078697,250,230,dummy-172
820307.546179793,250,230,dummy-172
820099.416750874,250,230,dummy-313
820134.994804692,250,230,dummy-313
820140.174475741,250,230,dummy-313
820362.450381997,250,230,dummy-313
820372.289085887,250,230,dummy-313
820144.706678232,250,230,dummy-309
820171.786833241,250,230,dummy-309
820175.283652273,250,230,dummy-309
820189.858444725,250,230,dummy-309
820210.373578514,250,230,dummy-309
820212.418990279,250,230,dummy-309
820212.546932547,250,230,dummy-309
820225.122347036,250,230,dummy-309
820329.558143169,250,230,dummy-309
820381.342242668,250,230,dummy-309
820385.870246892,250,230,dummy-309
820102.862985121,250,230,dummy-694
820181.91556956,250,230,dummy-694
820236.346956849,250,230,dummy-694
820275.572550276,250,230,dummy-694
820154.790961374,250,230,dummy-783
820353.346430939,250,230,dummy-783
820364.091471418,250,230,dummy-783
820366.078443766,250,230,dummy-783
820207.499432712,250,230,dummy-393
820312.8212105,250,230,dummy-393
820135.66738987,250,230,dummy-728
820171.852834447,250,230,dummy-728
820171.884106462,250,230,dummy-728
820197.471708683,250,230,dummy-728
820210.083636536,250,230,dummy-728
820235.054885493,250,230,dummy-728
820267.089100681,250,230,dummy-728
820323.619467468,250,230,dummy-728
820391.219053314,250,230,dummy-728
820098.979606366,250,230,dummy-798
820300.547153775,250,230,dummy-798
820339.906675049,250,230,dummy-798
820102.283677644,250,230,dummy-41
820263.045433347,250,230,dummy-41
820115.666435036,250,230,dummy-731
820266.558761684,250,230,dummy-731
820276.820944665,250,230,dummy-731
820283.220936761,250,230,dummy-731
820296.986704953,250,230,dummy-731
820329.661345224,250,230,dummy-731
820344.865075377,250,230,dummy-731
820284.220304174,250,230,dummy-426
820339.586715727,250,230,dummy-426
820379.074854802,250,230,dummy-426
820112.969807363,250,230,dummy-69
820203.413481104,250,230,dummy-69
820217.386790268,250,230,dummy-69
820325.134144107,250,230,dummy-69
820168.747050769,250,230,dummy-335
820279.206690163,250,230,dummy-335
820355.396720962,250,230,dummy-335
820371.969345785,250,230,dummy-335
820108.219897793,250,230,dummy-441
820127.857863109,250,230,dummy-441
820136.606475652,250,230,dummy-441
820335.088079691,250,230,dummy-441
820116.978551701,250,230,dummy-713
820176.670972679,250,230,dummy-713
820317.716113957,250,230,dummy-713
820331.264627752,250,230,dummy-713
820231.959986753,250,230,dummy-654
820236.089487516,250,230,dummy-654
820261.954764825,250,230,dummy-654
820326.451318083,250,230,dummy-654
820157.194396868,250,230,dummy-369
820184.751934003,250,230,dummy-369
820210.296926955,250,230,dummy-369
820213.497758932,250,230,dummy-369
820255.690242604,250,230,dummy-369
820288.825907349,250,230,dummy-369
820338.382295842,250,230,dummy-369
820351.125898379,250,230,dummy-369
820222.490769797,250,230,dummy-130
820242.089898272,250,230,dummy-130
820373.159385538,250,230,dummy-130
820106.973239711,250,230,dummy-331
820119.075157784,250,230,dummy-331
820216.725160307,250,230,dummy-331
820231.133473278,250,230,dummy-331
820305.197344279,250,230,dummy-331
820307.060278517,250,230,dummy-331
820335.727234868,250,230,dummy-331
820102.873887703,250,230,dummy-621
820143.930869967,250,230,dummy-621
820212.873998804,250,230,dummy-621
820286.567672246,250,230,dummy-621
820302.912151522,250,230,dummy-621
820371.569016795,250,230,dummy-621
820100.975868118,250,230,dummy-821
820161.833579429,250,230,dummy-821
820279.597641943,250,230,dummy-821
820317.050605521,250,230,dummy-821
820382.720425783,250,230,dummy-821
820387.505845067,250,230,dummy-821
820118.939102132,250,230,dummy-119
820219.402684156,250,230,dummy-119
820222.992192293,250,230,dummy-119
820285.035462751,250,230,dummy-119
820298.425930233,250,230,dummy-119
820299.858857296,250,230,dummy-119
820320.611123995,250,230,dummy-119
820105.169772848,250,230,dummy-280
820138.696559307,250,230,dummy-280
820142.889250609,250,230,dummy-280
820264.454828369,250,230,dummy-280
820348.298542095,250,230,dummy-280
820145.867322853,250,230,dummy-761
820171.516568355,250,230,dummy-761
820320.851998909,250,230,dummy-761
820118.067101106,250,230,dummy-401
820169.665963654,250,230,dummy-401
820255.230677432,250,230,dummy-401
820257.691908554,250,230,dummy-401
820265.829771761,250,230,dummy-401
820330.342711167,250,230,dummy-401
820338.005502617,250,230,dummy-401
820158.44163235,250,230,dummy-237
820171.749682128,250,230,dummy-737
820338.549583143,250,230,dummy-737
820188.575441022,250,230,dummy-543
820267.632452042,250,230,dummy-543
820302.492543137,250,230,dummy-543
820274.973658774,250,230,dummy-194
820351.801371828,250,230,dummy-194
820287.752472793,250,230,dummy-558
820181.44772572,250,230,dummy-128
820234.002165713,250,230,dummy-128
820237.380415144,250,230,dummy-128
820255.333218555,250,230,dummy-128
820297.131528749,250,230,dummy-128
820361.292559288,250,230,dummy-128
820119.102876204,250,230,dummy-550
820119.529753918,250,230,dummy-550
820119.583674883,250,230,dummy-550
820145.678600165,250,230,dummy-550
820376.318200084,250,230,dummy-550
820173.246394571,250,230,dummy-803
820304.001323412,250,230,dummy-803
820350.099717019,250,230,dummy-803
820156.532249236,250,230,dummy-617
820187.559153775,250,230,dummy-617
820303.984433519,250,230,dummy-617
820135.214835151,250,230,dummy-784
820266.185449908,250,230,dummy-784
820335.775564003,250,230,dummy-784
820339.02356347,250,230,dummy-784
820106.349196531,250,230,dummy-436
820138.755381409,250,230,dummy-436
820169.647743757,250,230,dummy-436
820103.427831091,250,230,dummy-425
820137.668624367,250,230,dummy-425
820261.082288287,250,230,dummy-425
820263.077127312,250,230,dummy-425
820284.567160819,250,230,dummy-425
820347.714668627,250,230,dummy-425
820354.022212659,250,230,dummy-425
820119.023634569,250,230,dummy-530
820184.349540322,250,230,dummy-530
820145.763837892,250,230,dummy-399
820152.765933744,250,230,dummy-399
820164.064004459,250,230,dummy-399
820193.858212139,250,230,dummy-399
820203.367581648,250,230,dummy-399
820279.679510071,250,230,dummy-399
820336.466898165,250,230,dummy-399
820350.007732859,250,230,dummy-399
820358.109578094,250,230,dummy-399
820382.063983714,250,230,dummy-399
820246.856859937,250,230,dummy-525
820261.329630149,250,230,dummy-525
820302.584500586,250,230,dummy-525
820167.683188641,250,230,dummy-104
820246.860090185,250,230,dummy-104
820325.416119638,250,230,dummy-104
820343.506089591,250,230,dummy-104
820122.468117283,250,230,dummy-64
820181.018108868,250,230,dummy-64
820198.472174268,250,230,dummy-64
820210.623757481,250,230,dummy-64
820144.287028804,250,230,dummy-45
820260.684532785,250,230,dummy-45
820274.727471227,250,230,dummy-45
820275.884109817,250,230,dummy-45
820323.348920531,250,230,dummy-45
820131.685741772,250,230,dummy-341
820158.71667848,250,230,dummy-341
820206.079715763,250,230,dummy-341
820220.225846924,250,230,dummy-341
820281.635866706,250,230,dummy-341
820193.199005429,250,230,dummy-276
820125.12337964,250,230,dummy-186
820361.371792596,250,230,dummy-186
820154.019195697,250,230,dummy-513
820230.438119591,250,230,dummy-513
820240.108120086,250,230,dummy-513
820310.488313126,250,230,dummy-513
820346.824633162,250,230,dummy-513
820217.442337633,250,230,dummy-815
820115.876289078,250,230,dummy-181
820126.958624584,250,230,dummy-181
820157.407441806,250,230,dummy-181
820245.417236568,250,230,dummy-181
820272.420197727,250,230,dummy-181
820280.166072164,250,230,dummy-181
820349.582339057,250,230,dummy-181
820111.052894207,250,230,dummy-746
820176.581904794,250,230,dummy-746
820221.728348385,250,230,dummy-746
820203.281458812,250,230,dummy-622
820285.998677327,250,230,dummy-622
820346.737086013,250,230,dummy-622
820367.242465325,250,230,dummy-622
820185.653810963,250,230,dummy-145
820178.537109728,250,230,dummy-241
820192.789619902,250,230,dummy-241
820221.518940748,250,230,dummy-241
820263.597813104,250,230,dummy-241
820287.71392473,250,230,dummy-241
820316.968245481,250,230,dummy-241
820341.116891562,250,230,dummy-241
820367.432506859,250,230,dummy-241
820178.595687883,250,230,dummy-72
820273.912334521,250,230,dummy-72
820339.360621595,250,230,dummy-72
820339.500035017,250,230,dummy-72
820378.130512381,250,230,dummy-72
820385.246979296,250,230,dummy-72
820133.764911866,250,230,dummy-602
820133.326801728,250,230,dummy-592
820148.216379536,250,230,dummy-592
820166.195258123,250,230,dummy-592
820259.542710571,250,230,dummy-592
820266.110756166,250,230,dummy-592
820340.224417235,250,230,dummy-592
820367.100375759,250,230,dummy-592
820389.083959588,250,230,dummy-592
820190.682990394,250,230,dummy-719
820256.22550734,250,230,dummy-719
820261.291375214,250,230,dummy-719
820286.602420201,250,230,dummy-719
820293.186372124,250,230,dummy-719
820301.015764639,250,230,dummy-719
820115.7237463,250,230,dummy-628
820169.658054467,250,230,dummy-628
820187.399056881,250,230,dummy-628
820109.357907759,250,230,dummy-422
820139.800649367,250,230,dummy-422
820164.534301704,250,230,dummy-663
820323.299646841,250,230,dummy-663
820346.153316657,250,230,dummy-663
820371.207561802,250,230,dummy-663
820381.929357226,250,230,dummy-663
820117.173916596,250,230,dummy-623
820196.006325024,250,230,dummy-623
820244.504254842,250,230,dummy-623
820300.779577647,250,230,dummy-623
820102.237981086,250,230,dummy-190
820208.750758072,250,230,dummy-190
820260.465319188,250,230,dummy-190
820351.954288596,250,230,dummy-190
820353.611261452,250,230,dummy-190
820132.137626756,250,230,dummy-588
820161.653442977,250,230,dummy-588
820331.944084628,250,230,dummy-588
820371.239216406,250,230,dummy-588
820393.231567093,250,230,dummy-588
820117.26051075,250,230,dummy-78
820119.227230154,250,230,dummy-78
820126.184789615,250,230,dummy-78
820224.232653961,250,230,dummy-78
820290.166887339,250,230,dummy-78
820323.436521105,250,230,dummy-78
820375.325450734,250,230,dummy-78
820118.123308458,250,230,dummy-247
820396.558405,250,230,dummy-247
820167.842093506,250,230,dummy-73
820285.041698643,250,230,dummy-73
820307.523841723,250,230,dummy-73
820393.897896637,250,230,dummy-73
820139.824558944,250,230,dummy-361
820148.274274225,250,230,dummy-361
820165.652558935,250,230,dummy-32
820176.564359647,250,230,dummy-32
820180.187843914,250,230,dummy-32
820203.766877379,250,230,dummy-32
820308.399362709,250,230,dummy-32
820255.607655891,250,230,dummy-13
820274.992306854,250,230,dummy-13
820203.90907156,250,230,dummy-724
820204.407294983,250,230,dummy-724
820287.101701655,250,230,dummy-724
820319.874691843,250,230,dummy-724
820361.884179402,250,230,dummy-724
820121.561842455,250,230,dummy-569
820235.394507113,250,230,dummy-569
820246.639183918,250,230,dummy-569
820253.697637544,250,230,dummy-569
820270.182732659,250,230,dummy-569
820284.505660952,250,230,dummy-569
820355.917631959,250,230,dummy-569
820386.940454118,250,230,dummy-569
820264.306799949,250,230,dummy-735
820113.462902839,250,230,dummy-84
820133.794357314,250,230,dummy-84
820356.577330862,250,230,dummy-84
820353.366350065,250,230,dummy-312
820389.747026839,250,230,dummy-103
820129.999339554,250,230,dummy-675
820147.750396214,250,230,dummy-675
820263.629052368,250,230,dummy-675
820293.560584783,250,230,dummy-675
820387.310368996,250,230,dummy-675
820142.941938706,250,230,dummy-85
820157.745997282,250,230,dummy-85
820287.333819363,250,230,dummy-85
820373.593522703,250,230,dummy-85
820382.627244221,250,230,dummy-85
820142.201393009,250,230,dummy-804
820259.15016658,250,230,dummy-804
820327.905343799,250,230,dummy-804
820396.517189093,250,230,dummy-804
820102.413009089,250,230,dummy-700
820155.720110087,250,230,dummy-700
820204.826367911,250,230,dummy-700
820372.355685093,250,230,dummy-700
820138.418460375,250,230,dummy-83
820166.064650691,250,230,dummy-83
820132.680183763,250,230,dummy-35
820196.357116901,250,230,dummy-35
820356.681271136,250,230,dummy-35
820385.353064114,250,230,dummy-35
820144.249858109,250,230,dummy-394
820181.37734499,250,230,dummy-394
820195.972057602,250,230,dummy-394
820248.40147057,250,230,dummy-394
820097.951092074,250,230,dummy-515
820141.269072279,250,230,dummy-515
820284.491373806,250,230,dummy-499
820358.211909204,250,230,dummy-499
820380.563484913,250,230,dummy-499
820279.654610885,250,230,dummy-406
820322.601078139,250,230,dummy-406
820348.310790233,250,230,dummy-406
820134.430136892,250,230,dummy-271
820143.281451853,250,230,dummy-271
820171.349199255,250,230,dummy-271
820348.013676218,250,230,dummy-271
820356.111574363,250,230,dummy-271
820356.334545143,250,230,dummy-271
820358.369729063,250,230,dummy-271
820105.707607024,250,230,dummy-149
820246.001654072,250,230,dummy-149
820313.79930075,250,230,dummy-149
820391.824890629,250,230,dummy-149
820247.695134186,250,230,dummy-267
820271.716876566,250,230,dummy-267
820372.119333744,250,230,dummy-267
820127.296384032,250,230,dummy-824
820267.563688342,250,230,dummy-824
820170.837078659,250,230,dummy-584
820341.510342522,250,230,dummy-584
820100.178395384,250,230,dummy-793
820112.973548363,250,230,dummy-793
820184.865971157,250,230,dummy-793
820359.390551467,250,230,dummy-793
820375.863977834,250,230,dummy-793
820200.433685493,250,230,dummy-27
820264.211995098,250,230,dummy-27
820283.719278492,250,230,dummy-27
820390.996407719,250,230,dummy-27
820396.494066699,250,230,dummy-27
820105.429196735,250,230,dummy-109
820163.70333809,250,230,dummy-109
820270.903463196,250,230,dummy-109
820304.845291744,250,230,dummy-109
820314.750287681,250,230,dummy-109
820178.439092264,250,230,dummy-26
820188.345645316,250,230,dummy-26
820193.212855308,250,230,dummy-26
820208.630137768,250,230,dummy-26
820264.367023386,250,230,dummy-26
820278.638924984,250,230,dummy-253
820297.337172202,250,230,dummy-253
820352.36893224,250,230,dummy-253
820354.558538375,250,230,dummy-253
820384.931544114,250,230,dummy-253
820171.561067301,250,230,dummy-599
820291.982295254,250,230,dummy-599
820327.376283701,250,230,dummy-599
820173.969853568,250,230,dummy-806
820289.193497337,250,230,dummy-806
820297.001524455,250,230,dummy-806
820305.876465284,250,230,dummy-806
820198.713437856,250,230,dummy-272
820357.542072972,250,230,dummy-272
820141.312066592,250,230,dummy-395
820146.699912683,250,230,dummy-395
820155.228337608,250,230,dummy-395
820230.057087109,250,230,dummy-395
820159.747697991,250,230,dummy-758
820214.236963626,250,230,dummy-758
820221.184159492,250,230,dummy-758
820261.091462388,250,230,dummy-758
820338.451051387,250,230,dummy-758
820097.922918807,250,230,dummy-94
820198.360668757,250,230,dummy-94
820146.057596745,250,230,dummy-176
820148.51040494,250,230,dummy-176
820158.587875426,250,230,dummy-176
820179.263219944,250,230,dummy-176
820208.972280571,250,230,dummy-176
820232.044098423,250,230,dummy-176
820255.808049014,250,230,dummy-176
820290.568558619,250,230,dummy-176
820347.703590068,250,230,dummy-176
820100.632838909,250,230,dummy-794
820154.798509804,250,230,dummy-794
820180.14622802,250,230,dummy-794
820198.414395972,250,230,dummy-794
820208.462270713,250,230,dummy-794
820310.643580281,250,230,dummy-794
820318.511137084,250,230,dummy-794
820138.25535151,250,230,dummy-81
820228.201432404,250,230,dummy-81
820295.69616761,250,230,dummy-81
820158.3474748,250,230,dummy-561
820244.151511156,250,230,dummy-561
820266.724864416,250,230,dummy-561
820358.702141522,250,230,dummy-561
820124.223557481,250,230,dummy-612
820198.195369555,250,230,dummy-612
820207.056232746,250,230,dummy-612
820222.576315443,250,230,dummy-612
820325.58630457,250,230,dummy-612
820329.528801464,250,230,dummy-612
820344.830352702,250,230,dummy-612
820379.475221066,250,230,dummy-612
820113.177546,250,230,dummy-613
820116.775795396,250,230,dummy-613
820127.668683033,250,230,dummy-613
820172.079728558,250,230,dummy-613
820180.66645834,250,230,dummy-613
820289.329847283,250,230,dummy-613
820119.401805927,250,230,dummy-265
820388.784207951,250,230,dummy-265
820102.268385802,250,230,dummy-320
820114.475236776,250,230,dummy-320
820156.905883409,250,230,dummy-320
820169.013373394,250,230,dummy-320
820181.694315868,250,230,dummy-320
820226.188164546,250,230,dummy-320
820312.909349695,250,230,dummy-320
820111.212108372,250,230,dummy-695
820276.824318489,250,230,dummy-695
820370.339611856,250,230,dummy-695
820110.303466103,250,230,dummy-696
820110.851868616,250,230,dummy-801
820138.279772884,250,230,dummy-801
820140.007969456,250,230,dummy-801
820230.542798769,250,230,dummy-801
820239.156451121,250,230,dummy-801
820286.595640667,250,230,dummy-801
820199.223547044,250,230,dummy-1
820273.976910126,250,230,dummy-1
820306.089063022,250,230,dummy-1
820138.818160388,250,230,dummy-509
820288.045289702,250,230,dummy-509
820332.538804859,250,230,dummy-231
820351.388911875,250,230,dummy-231
820380.201959029,250,230,dummy-231
820136.41286587,250,230,dummy-173
820231.081192116,250,230,dummy-173
820312.363577256,250,230,dummy-173
820378.11045908,250,230,dummy-173
820173.890753175,250,230,dummy-211
820262.994863243,250,230,dummy-211
820280.007985511,250,230,dummy-211
820302.417171029,250,230,dummy-191
820342.899423044,250,230,dummy-191
820388.028517556,250,230,dummy-191
820108.022187412,250,230,dummy-233
820243.101259907,250,230,dummy-233
820218.65470316,250,230,dummy-616
820294.084539989,250,230,dummy-616
820323.272455423,250,230,dummy-616
820108.759324302,250,230,dummy-193
820128.647405563,250,230,dummy-193
820157.085650951,250,230,dummy-193
820256.917884108,250,230,dummy-193
820254.586096668,250,230,dummy-346
820329.743823064,250,230,dummy-346
820375.17368011,250,230,dummy-346
820177.566183894,250,230,dummy-234
820210.698324585,250,230,dummy-234
820213.567613191,250,230,dummy-234
820316.123366822,250,230,dummy-234
820389.66073207,250,230,dummy-234
820183.094320953,250,230,dummy-580
820192.175279469,250,230,dummy-580
820205.370505533,250,230,dummy-580
820258.0020968,250,230,dummy-596
820349.959775047,250,230,dummy-596
820374.285297632,250,230,dummy-596
820098.613334104,250,230,dummy-110
820205.547136668,250,230,dummy-110
820327.000802972,250,230,dummy-110
820177.842762072,250,230,dummy-593
820294.540742366,250,230,dummy-593
820258.476954201,250,230,dummy-40
820324.07828651,250,230,dummy-40
820314.688294961,250,230,dummy-8
820343.226135472,250,230,dummy-8
820123.655071043,250,230,dummy-748
820187.99666483,250,230,dummy-748
820312.483254738,250,230,dummy-748
820364.065639978,250,230,dummy-748
820167.61109574,250,230,dummy-160
820170.950080711,250,230,dummy-160
820180.474597081,250,230,dummy-160
820190.299402024,250,230,dummy-160
820221.845594691,250,230,dummy-160
820304.565323623,250,230,dummy-160
820313.548332457,250,230,dummy-160
820163.652094863,250,230,dummy-434
820264.796942201,250,230,dummy-434
820320.360618717,250,230,dummy-434
820343.683639537,250,230,dummy-434
820168.251888647,250,230,dummy-174
820239.222392587,250,230,dummy-174
820152.643665678,250,230,dummy-714
820206.463843687,250,230,dummy-714
820255.879462063,250,230,dummy-714
820141.208301359,250,230,dummy-447
820279.950845505,250,230,dummy-447
820143.165296405,250,230,dummy-175
820185.890871278,250,230,dummy-175
820252.791916386,250,230,dummy-175
820262.858904514,250,230,dummy-175
820300.772486109,250,230,dummy-175
820243.184527763,250,230,dummy-787
820299.202998369,250,230,dummy-787
820327.940972015,250,230,dummy-787
820099.569458743,250,230,dummy-589
820305.003445041,250,230,dummy-589
820101.80962937,250,230,dummy-590
820205.833754989,250,230,dummy-590
820270.194337302,250,230,dummy-590
820306.638119983,250,230,dummy-590
820361.309283963,250,230,dummy-590
820110.976307272,250,230,dummy-126
820241.866013223,250,230,dummy-126
820379.796947116,250,230,dummy-126
820139.853915909,250,230,dummy-364
820301.316093021,250,230,dummy-364
820307.087040922,250,230,dummy-364
820325.576456545,250,230,dummy-771
820374.617377163,250,230,dummy-771
820393.796158501,250,230,dummy-771
820138.357326388,250,230,dummy-814
820146.993186017,250,230,dummy-814
820161.72102873,250,230,dummy-814
820269.98242567,250,230,dummy-814
820282.024115737,250,230,dummy-814
820316.862653691,250,230,dummy-814
820112.818498339,250,230,dummy-690
820133.587669403,250,230,dummy-690
820200.678061292,250,230,dummy-690
820375.700953707,250,230,dummy-690
820381.600657022,250,230,dummy-690
820145.749025266,250,230,dummy-659
820258.690787171,250,230,dummy-659
820332.088795317,250,230,dummy-659
820247.774332426,250,230,dummy-767
820247.847168333,250,230,dummy-767
820253.639037179,250,230,dummy-767
820280.794828238,250,230,dummy-767
820308.00843576,250,230,dummy-767
820127.664937256,250,230,dummy-710
820141.231307568,250,230,dummy-710
820302.105776394,250,230,dummy-710
820371.211786197,250,230,dummy-710
820347.019174742,250,230,dummy-465
820105.218474513,250,230,dummy-127
820218.514399584,250,230,dummy-127
820263.02175183,250,230,dummy-127
820349.842073097,250,230,dummy-127
820098.04739786,250,230,dummy-747
820113.239166023,250,230,dummy-747
820282.542461431,250,230,dummy-747
820332.898060007,250,230,dummy-747
820358.581258571,250,230,dummy-747
820122.297990192,250,230,dummy-258
820147.027749683,250,230,dummy-258
820212.007282817,250,230,dummy-258
820217.119244168,250,230,dummy-258
820270.743190767,250,230,dummy-258
820173.941812541,250,230,dummy-352
820195.928744727,250,230,dummy-352
820202.691736213,250,230,dummy-352
820341.669773798,250,230,dummy-352
820355.652746207,250,230,dummy-352
820384.270791349,250,230,dummy-352
820234.606549666,250,230,dummy-326
820263.549275667,250,230,dummy-326
820108.44309062,250,230,dummy-296
820167.524904912,250,230,dummy-296
820169.116524313,250,230,dummy-296
820370.351011566,250,230,dummy-296
820384.616359633,250,230,dummy-296
820396.251820542,250,230,dummy-296
820098.497064106,250,230,dummy-48
820140.671711672,250,230,dummy-48
820145.091079341,250,230,dummy-48
820207.799264038,250,230,dummy-48
820243.391714119,250,230,dummy-48
820320.976608586,250,230,dummy-48
820338.825799396,250,230,dummy-48
820122.158171801,250,230,dummy-67
820150.231291997,250,230,dummy-67
820242.765769099,250,230,dummy-67
820312.214215581,250,230,dummy-67
820314.300856576,250,230,dummy-67
820369.875052842,250,230,dummy-67
820378.25692261,250,230,dummy-67
820385.616707699,250,230,dummy-67
820327.212465032,250,230,dummy-698
820109.500528251,250,230,dummy-366
820162.213946157,250,230,dummy-366
820171.097894266,250,230,dummy-366
820205.146002406,250,230,dummy-366
820225.746314001,250,230,dummy-366
820125.694611405,250,230,dummy-36
820134.341386318,250,230,dummy-36
820201.176518459,250,230,dummy-36
820231.412680475,250,230,dummy-36
820314.295230348,250,230,dummy-36
820320.116977975,250,230,dummy-36
820384.101506996,250,230,dummy-36
820187.068952263,250,230,dummy-554
820305.203274478,250,230,dummy-554
820316.703009012,250,230,dummy-554
820348.829340811,250,230,dummy-554
820215.637706643,250,230,dummy-492
820362.660659003,250,230,dummy-492
820158.509829843,250,230,dummy-564
820175.726488303,250,230,dummy-564
820293.677182515,250,230,dummy-564
820134.999850421,250,230,dummy-314
820161.071869195,250,230,dummy-314
820285.874766314,250,230,dummy-314
820300.443628125,250,230,dummy-314
820196.158785185,250,230,dummy-453
820230.310435278,250,230,dummy-453
820232.604049805,250,230,dummy-453
820310.830982348,250,230,dummy-453
820143.020876056,250,230,dummy-134
820180.501426479,250,230,dummy-134
820200.100973871,250,230,dummy-134
820339.85113625,250,230,dummy-134
820124.31256773,250,230,dummy-542
820135.272657488,250,230,dummy-542
820202.65843172,250,230,dummy-542
820376.049220757,250,230,dummy-542
820384.095075176,250,230,dummy-542
820120.042445185,250,230,dummy-240
820239.198625821,250,230,dummy-240
820376.710288247,250,230,dummy-240
820389.217707324,250,230,dummy-240
820217.452402685,250,230,dummy-648
820245.452801944,250,230,dummy-648
820145.346931766,250,230,dummy-468
820271.459684131,250,230,dummy-468
820284.921304975,250,230,dummy-468
820291.003627832,250,230,dummy-468
820184.6773178,250,230,dummy-342
820308.948100048,250,230,dummy-342
820341.896462014,250,230,dummy-342
820389.906763209,250,230,dummy-342
820145.820125635,250,230,dummy-481
820203.896421489,250,230,dummy-481
820220.273872948,250,230,dummy-481
820308.395988549,250,230,dummy-481
820395.765511549,250,230,dummy-481
820137.717950837,250,230,dummy-560
820247.993426591,250,230,dummy-560
820300.47787255,250,230,dummy-560
820309.608107845,250,230,dummy-560
820312.70983699,250,230,dummy-560
820375.906528523,250,230,dummy-560
820124.720852853,250,230,dummy-93
820374.831413742,250,230,dummy-93
820382.919493794,250,230,dummy-93
820130.873342509,250,230,dummy-523
820266.365512286,250,230,dummy-523
820197.454070019,250,230,dummy-117
820201.091810358,250,230,dummy-117
820228.097348211,250,230,dummy-117
820229.651420148,250,230,dummy-117
820102.794736848,250,230,dummy-288
820264.060581317,250,230,dummy-288
820369.734675207,250,230,dummy-288
820164.206565684,250,230,dummy-417
820176.127723452,250,230,dummy-417
820214.019685301,250,230,dummy-417
820331.247858527,250,230,dummy-417
820153.378501387,250,230,dummy-753
820162.163754569,250,230,dummy-753
820206.906823386,250,230,dummy-753
820309.325244499,250,230,dummy-753
820323.912793889,250,230,dummy-76
820338.027731087,250,230,dummy-76
820340.290020634,250,230,dummy-76
820118.16461681,250,230,dummy-217
820142.865292019,250,230,dummy-217
820237.62284309,250,230,dummy-217
820332.966787482,250,230,dummy-217
820378.543127105,250,230,dummy-217
820139.064165056,250,230,dummy-799
820281.308288436,250,230,dummy-799
820188.590690821,250,230,dummy-20
820376.888136879,250,230,dummy-20
820133.780377702,250,230,dummy-68
820143.882479807,250,230,dummy-68
820276.868493343,250,230,dummy-68
820229.576754947,250,230,dummy-138
820145.074555194,250,230,dummy-114
820208.646023363,250,230,dummy-114
820342.147346403,250,230,dummy-114
820395.044888618,250,230,dummy-114
820137.381557495,250,230,dummy-2
820182.351439554,250,230,dummy-2
820318.837546016,250,230,dummy-2
820097.616201004,250,230,dummy-61
820101.665076322,250,230,dummy-61
820137.037408082,250,230,dummy-61
820295.241405278,250,230,dummy-61
820295.648447144,250,230,dummy-61
