arrival_time,input_tokens,output_tokens,adapter
816663.829961338,250,230,dummy-772
816814.722712068,250,230,dummy-772
816824.985075436,250,230,dummy-772
816831.384527018,250,230,dummy-772
816845.148786154,250,230,dummy-772
816877.823108743,250,230,dummy-772
816893.026495761,250,230,dummy-772
816668.205554525,250,230,dummy-283
816787.361663206,250,230,dummy-283
816924.872986943,250,230,dummy-283
816937.380718774,250,230,dummy-283
816714.753557643,250,230,dummy-448
816748.007915716,250,230,dummy-448
816849.329859324,250,230,dummy-448
816656.605581727,250,230,dummy-683
816708.929923657,250,230,dummy-683
816827.17900195,250,230,dummy-683
816883.336419828,250,230,dummy-683
816726.344136303,250,230,dummy-323
816738.789218469,250,230,dummy-323
816741.091962904,250,230,dummy-323
816771.413599343,250,230,dummy-323
816821.288678392,250,230,dummy-323
816878.038724998,250,230,dummy-323
816889.737887734,250,230,dummy-323
816920.682107227,250,230,dummy-323
816928.589362275,250,230,dummy-323
816683.433635211,250,230,dummy-228
816754.006431435,250,230,dummy-228
816796.731195482,250,230,dummy-228
816736.754553027,250,230,dummy-414
816925.050636473,250,230,dummy-414
816704.404209897,250,230,dummy-796
816852.511745298,250,230,dummy-796
816893.490835408,250,230,dummy-796
816712.369835927,250,230,dummy-325
816724.291554086,250,230,dummy-325
816762.183574786,250,230,dummy-325
816879.41136387,250,230,dummy-325
816665.319299589,250,230,dummy-749
816695.789780468,250,230,dummy-749
816870.420429839,250,230,dummy-749
816664.040305164,250,230,dummy-321
816675.123888371,250,230,dummy-321
816705.573482959,250,230,dummy-321
816793.58331275,250,230,dummy-321
816820.585806557,250,230,dummy-321
816828.332135909,250,230,dummy-321
816897.748305944,250,230,dummy-321
816667.618964435,250,230,dummy-350
816824.342003169,250,230,dummy-350
816910.835667718,250,230,dummy-350
816719.913935652,250,230,dummy-662
816886.714522154,250,230,dummy-662
816795.936465025,250,230,dummy-603
816796.010990695,250,230,dummy-603
816801.801515946,250,230,dummy-603
816828.957243935,250,230,dummy-603
816856.171337328,250,230,dummy-603
816849.588217657,250,230,dummy-365
816875.273718515,250,230,dummy-365
816882.003025012,250,230,dummy-365
816884.899003684,250,230,dummy-365
816681.846790824,250,230,dummy-653
816944.279493195,250,230,dummy-618
816690.437449252,250,230,dummy-243
816712.133340835,250,230,dummy-243
816840.834858192,250,230,dummy-243
816852.691240552,250,230,dummy-243
816669.334164028,250,230,dummy-212
816781.822206695,250,230,dummy-212
816668.025471293,250,230,dummy-106
816749.638502035,250,230,dummy-106
816841.699199183,250,230,dummy-106
816654.102089449,250,230,dummy-226
816657.248147043,250,230,dummy-226
816706.391720962,250,230,dummy-226
816744.411742348,250,230,dummy-226
816792.847705545,250,230,dummy-226
816815.219010303,250,230,dummy-226
816891.669517835,250,230,dummy-226
816649.972616464,250,230,dummy-604
816753.996543437,250,230,dummy-604
816818.356403329,250,230,dummy-604
816854.799566167,250,230,dummy-604
816909.471287884,250,230,dummy-604
816685.986852975,250,230,dummy-587
816714.596233242,250,230,dummy-587
816777.923127599,250,230,dummy-587
816834.326134129,250,230,dummy-587
816849.980731868,250,230,dummy-587
816882.210614842,250,230,dummy-587
816897.340148379,250,230,dummy-587
816707.911119559,250,230,dummy-142
816762.400368659,250,230,dummy-142
816769.347153506,250,230,dummy-142
816809.255217658,250,230,dummy-142
816886.614801415,250,230,dummy-142
816802.197488399,250,230,dummy-477
816909.531857369,250,230,dummy-477
816661.62671236,250,230,dummy-510
816681.958457236,250,230,dummy-510
816904.740433425,250,230,dummy-510
816672.386490519,250,230,dummy-384
816746.357470542,250,230,dummy-384
816755.217852838,250,230,dummy-384
816770.737349347,250,230,dummy-384
816873.747050569,250,230,dummy-384
816877.689680095,250,230,dummy-384
816892.990754563,250,230,dummy-384
816927.634999088,250,230,dummy-384
816698.652546765,250,230,dummy-4
816707.248854306,250,230,dummy-4
816852.365590419,250,230,dummy-4
816884.63436083,250,230,dummy-4
816936.428566977,250,230,dummy-4
816689.371349358,250,230,dummy-98
816722.86839877,250,230,dummy-98
816767.672134431,250,230,dummy-98
816783.960478153,250,230,dummy-98
816789.981698722,250,230,dummy-98
816821.61960114,250,230,dummy-98
816777.740845402,250,230,dummy-136
816741.362912147,250,230,dummy-439
816793.900398185,250,230,dummy-568
816826.797451428,250,230,dummy-568
816856.780421644,250,230,dummy-568
816865.053602422,250,230,dummy-568
816890.921390666,250,230,dummy-568
816912.653932447,250,230,dummy-568
816933.327219361,250,230,dummy-568
816743.913143483,250,230,dummy-656
816943.876046893,250,230,dummy-656
816735.232416304,250,230,dummy-251
816853.366030818,250,230,dummy-251
816864.86573683,250,230,dummy-251
816896.991327187,250,230,dummy-251
816693.426687693,250,230,dummy-229
816944.911761833,250,230,dummy-229
816679.421936704,250,230,dummy-28
816705.296740615,250,230,dummy-28
816710.06918877,250,230,dummy-28
816901.163332952,250,230,dummy-28
816689.684600582,250,230,dummy-367
816693.333277815,250,230,dummy-367
816800.986820158,250,230,dummy-367
816822.273662304,250,230,dummy-367
816716.642642322,250,230,dummy-262
816727.929509541,250,230,dummy-262
816680.301483115,250,230,dummy-421
816709.816766116,250,230,dummy-421
816880.10673009,250,230,dummy-421
816919.401993298,250,230,dummy-421
816941.394910876,250,230,dummy-421
816712.697424925,250,230,dummy-682
816871.462790456,250,230,dummy-682
816894.316254883,250,230,dummy-682
816919.370927504,250,230,dummy-682
816930.092560457,250,230,dummy-682
816770.719340657,250,230,dummy-222
816780.486525619,250,230,dummy-222
816905.894514334,250,230,dummy-222
816728.125710343,250,230,dummy-614
816728.423624143,250,230,dummy-614
816901.1871227,250,230,dummy-614
816917.278967644,250,230,dummy-614
816940.305573662,250,230,dummy-614
816681.467316715,250,230,dummy-706
816737.313355875,250,230,dummy-706
816763.378315524,250,230,dummy-706
816801.049854392,250,230,dummy-706
816813.290606337,250,230,dummy-706
816849.905468409,250,230,dummy-706
816882.044012117,250,230,dummy-706
816925.658194201,250,230,dummy-706
816877.620560974,250,230,dummy-518
816862.851905127,250,230,dummy-553
816891.390691617,250,230,dummy-553
816653.7542543,250,230,dummy-263
816838.898371328,250,230,dummy-263
816858.995244531,250,230,dummy-263
816907.189116121,250,230,dummy-263
816939.391777064,250,230,dummy-263
816943.277238256,250,230,dummy-263
816712.031113426,250,230,dummy-187
816901.609981634,250,230,dummy-187
816724.781676239,250,230,dummy-680
816814.116252687,250,230,dummy-680
816818.600155498,250,230,dummy-680
816765.60619665,250,230,dummy-437
816661.331893516,250,230,dummy-161
816713.006948055,250,230,dummy-161
816783.612091171,250,230,dummy-161
816794.162324211,250,230,dummy-161
816662.995758716,250,230,dummy-538
816684.513617489,250,230,dummy-538
816727.754279079,250,230,dummy-538
816770.777033949,250,230,dummy-538
816788.970759107,250,230,dummy-538
816850.131262333,250,230,dummy-538
816853.150583852,250,230,dummy-538
816875.931115136,250,230,dummy-538
816801.493563422,250,230,dummy-640
816852.65220547,250,230,dummy-640
816936.289765366,250,230,dummy-640
816900.64918609,250,230,dummy-466
816930.504983373,250,230,dummy-466
816723.250464782,250,230,dummy-825
816731.048861525,250,230,dummy-825
816908.189004797,250,230,dummy-825
816926.011541371,250,230,dummy-825
816935.811284925,250,230,dummy-825
816652.655752913,250,230,dummy-118
816836.757448454,250,230,dummy-118
816866.349668473,250,230,dummy-118
816906.179964622,250,230,dummy-118
816927.810862086,250,230,dummy-118
816940.375502808,250,230,dummy-118
816726.603746713,250,230,dummy-74
816736.510207709,250,230,dummy-74
816741.377626039,250,230,dummy-74
816756.796089835,250,230,dummy-74
816812.53252856,250,230,dummy-74
816738.782147573,250,230,dummy-601
816794.636741916,250,230,dummy-601
816831.109164513,250,230,dummy-601
816864.059218951,250,230,dummy-601
816654.451520239,250,230,dummy-605
816841.22009465,250,230,dummy-605
816690.941857385,250,230,dummy-635
816929.457335289,250,230,dummy-635
816647.855481024,250,230,dummy-363
816681.05321496,250,230,dummy-363
816810.240237803,250,230,dummy-363
816918.627238462,250,230,dummy-363
816935.599148288,250,230,dummy-363
816673.008140023,250,230,dummy-764
816754.384117075,250,230,dummy-764
816656.384654471,250,230,dummy-467
816676.022837997,250,230,dummy-467
816684.771525221,250,230,dummy-467
816883.252339869,250,230,dummy-467
816700.17989671,250,230,dummy-774
816785.792628203,250,230,dummy-774
816822.290288158,250,230,dummy-774
816870.912641214,250,230,dummy-774
816911.715820412,250,230,dummy-774
816925.477106907,250,230,dummy-774
816726.759773211,250,230,dummy-743
816822.076693257,250,230,dummy-743
816887.526213989,250,230,dummy-743
816887.666122108,250,230,dummy-743
816926.295967801,250,230,dummy-743
816933.412193347,250,230,dummy-743
816656.405842638,250,230,dummy-227
816653.3306317,250,230,dummy-534
816690.029874877,250,230,dummy-534
816755.343947956,250,230,dummy-534
816857.480797314,250,230,dummy-534
816879.222418338,250,230,dummy-534
816671.323284937,250,230,dummy-210
816695.715556088,250,230,dummy-210
816772.597843989,250,230,dummy-210
816817.315497216,250,230,dummy-210
816823.301018858,250,230,dummy-210
816671.873531766,250,230,dummy-408
816824.614373099,250,230,dummy-408
816838.421554165,250,230,dummy-408
816860.205451448,250,230,dummy-408
816664.556369099,250,230,dummy-445
816766.220250486,250,230,dummy-445
816793.910128732,250,230,dummy-445
816810.793829499,250,230,dummy-445
816939.855185648,250,230,dummy-445
816661.98755768,250,230,dummy-559
816731.831829837,250,230,dummy-559
816770.628621212,250,230,dummy-559
816682.657092667,250,230,dummy-810
816718.066110256,250,230,dummy-810
816858.569107002,250,230,dummy-810
816893.159863302,250,230,dummy-810
816893.817844842,250,230,dummy-810
816896.209312569,250,230,dummy-810
816933.545017543,250,230,dummy-810
816730.694271342,250,230,dummy-449
816845.508941185,250,230,dummy-449
816917.377940732,250,230,dummy-449
816654.983827946,250,230,dummy-646
816683.312066951,250,230,dummy-646
816696.430310346,250,230,dummy-646
816749.85244355,250,230,dummy-646
816760.972344673,250,230,dummy-646
816679.426103771,250,230,dummy-665
816717.656672246,250,230,dummy-665
816760.088820712,250,230,dummy-665
816794.577643683,250,230,dummy-665
816802.851273832,250,230,dummy-665
816804.732461615,250,230,dummy-665
816807.592008,250,230,dummy-665
816652.648499934,250,230,dummy-581
816662.504264826,250,230,dummy-581
816664.198680651,250,230,dummy-581
816669.840942047,250,230,dummy-581
816746.214168501,250,230,dummy-581
816777.888796156,250,230,dummy-581
816861.920743191,250,230,dummy-581
816879.790008038,250,230,dummy-581
816900.178109692,250,230,dummy-14
816929.318275768,250,230,dummy-14
816646.692242906,250,230,dummy-423
816684.103236372,250,230,dummy-423
816724.39022446,250,230,dummy-423
816932.714670353,250,230,dummy-423
816648.797222788,250,230,dummy-450
816702.963144795,250,230,dummy-450
816728.310498971,250,230,dummy-450
816746.579110048,250,230,dummy-450
816756.62627103,250,230,dummy-450
816858.806826204,250,230,dummy-450
816866.675053856,250,230,dummy-450
816687.934149238,250,230,dummy-832
816701.159988626,250,230,dummy-832
816727.986004732,250,230,dummy-832
816755.858711442,250,230,dummy-832
816789.370847549,250,230,dummy-832
816892.45681746,250,230,dummy-832
816920.238099684,250,230,dummy-832
816944.053723538,250,230,dummy-832
816648.341907607,250,230,dummy-660
816661.137669803,250,230,dummy-660
816733.030615512,250,230,dummy-660
816907.554056675,250,230,dummy-660
816924.027078932,250,230,dummy-660
816716.006516079,250,230,dummy-143
816833.206036716,250,230,dummy-143
816855.688061229,250,230,dummy-143
816942.062586589,250,230,dummy-143
816656.182375412,250,230,dummy-736
816760.271818963,250,230,dummy-736
816898.039029054,250,230,dummy-736
816864.847609854,250,230,dummy-594
816933.842388056,250,230,dummy-594
816666.328652809,250,230,dummy-380
816691.029506719,250,230,dummy-380
816785.786477608,250,230,dummy-380
816881.130998576,250,230,dummy-380
816926.707548048,250,230,dummy-380
816686.687521742,250,230,dummy-606
816650.714008641,250,230,dummy-376
816717.832777032,250,230,dummy-376
816726.842100079,250,230,dummy-376
816793.591402297,250,230,dummy-376
816849.29843259,250,230,dummy-376
816900.85684515,250,230,dummy-376
816690.313045284,250,230,dummy-225
816731.29699064,250,230,dummy-225
816732.025527377,250,230,dummy-225
816766.868101426,250,230,dummy-225
816829.976533774,250,230,dummy-225
816897.504527998,250,230,dummy-225
816746.089687755,250,230,dummy-347
816891.371828115,250,230,dummy-347
816832.604566527,250,230,dummy-745
816925.347948035,250,230,dummy-745
816716.910215097,250,230,dummy-99
816827.370830121,250,230,dummy-99
816903.561120007,250,230,dummy-99
816920.133564818,250,230,dummy-99
816661.720150455,250,230,dummy-121
816907.488196714,250,230,dummy-121
816664.704011755,250,230,dummy-180
816689.368881122,250,230,dummy-180
816690.518087138,250,230,dummy-180
816715.838801708,250,230,dummy-180
816823.680957718,250,230,dummy-180
816895.248268763,250,230,dummy-180
816928.049166393,250,230,dummy-180
816656.60618526,250,230,dummy-327
816715.687639082,250,230,dummy-327
816717.279691498,250,230,dummy-327
816918.513977506,250,230,dummy-327
816932.777918546,250,230,dummy-327
816944.41269721,250,230,dummy-327
816664.66285648,250,230,dummy-526
816688.14670048,250,230,dummy-526
816815.105009823,250,230,dummy-526
816830.793364511,250,230,dummy-526
816942.677178385,250,230,dummy-526
816665.785562148,250,230,dummy-823
816750.258582177,250,230,dummy-823
816707.509726493,250,230,dummy-169
816727.574365511,250,230,dummy-169
816785.536531864,250,230,dummy-169
816681.311337512,250,230,dummy-817
816685.500745498,250,230,dummy-817
816766.925035723,250,230,dummy-817
816836.759785796,250,230,dummy-188
816847.418771784,250,230,dummy-188
816722.133437152,250,230,dummy-370
816837.356935954,250,230,dummy-370
816845.164239923,250,230,dummy-370
816854.038389077,250,230,dummy-370
816683.752192132,250,230,dummy-504
816741.160856666,250,230,dummy-504
816814.380582958,250,230,dummy-504
816756.379181611,250,230,dummy-165
816758.624005143,250,230,dummy-165
816808.195065889,250,230,dummy-165
816670.020142135,250,230,dummy-156
816734.336377139,250,230,dummy-156
816785.034324347,250,230,dummy-156
816865.924688736,250,230,dummy-156
816922.124279739,250,230,dummy-156
816926.812253773,250,230,dummy-156
816653.382931009,250,230,dummy-333
816766.678574951,250,230,dummy-333
816811.185886479,250,230,dummy-333
816898.004386334,250,230,dummy-333
816919.99731864,250,230,dummy-506
816929.879954515,250,230,dummy-506
816937.723202749,250,230,dummy-506
816729.864079131,250,230,dummy-244
816769.190023657,250,230,dummy-244
816867.77075407,250,230,dummy-244
816910.163333523,250,230,dummy-244
816852.332771709,250,230,dummy-319
816888.309086331,250,230,dummy-116
816935.000135159,250,230,dummy-116
816806.165567846,250,230,dummy-457
816898.123334275,250,230,dummy-457
816922.447982854,250,230,dummy-457
816671.15939053,250,230,dummy-573
816706.583427038,250,230,dummy-573
816742.218935567,250,230,dummy-573
816773.240312329,250,230,dummy-573
816803.906630398,250,230,dummy-573
816722.90621471,250,230,dummy-10
816787.716617862,250,230,dummy-10
816916.897283021,250,230,dummy-10
816653.791552166,250,230,dummy-532
816718.503094475,250,230,dummy-532
816810.791456568,250,230,dummy-532
816814.331167679,250,230,dummy-532
816901.151858565,250,230,dummy-532
816726.815319836,250,230,dummy-547
816736.100145496,250,230,dummy-547
816772.886069707,250,230,dummy-547
816773.471231827,250,230,dummy-547
816840.839485294,250,230,dummy-547
816924.613387697,250,230,dummy-547
816667.250022434,250,230,dummy-490
816710.640657388,250,230,dummy-490
816877.285884171,250,230,dummy-490
816648.982423945,250,230,dummy-657
816665.399546134,250,230,dummy-657
816769.421924385,250,230,dummy-657
816771.798759299,250,230,dummy-657
816839.774345921,250,230,dummy-657
816733.211685768,250,230,dummy-405
816820.931948376,250,230,dummy-405
816921.641981526,250,230,dummy-405
816925.963126931,250,230,dummy-405
816928.327907285,250,230,dummy-405
816646.469782635,250,230,dummy-766
816697.736426265,250,230,dummy-766
816721.782253433,250,230,dummy-766
816735.076553838,250,230,dummy-766
816741.239172828,250,230,dummy-766
816786.234650739,250,230,dummy-766
816797.660430759,250,230,dummy-766
816825.247936589,250,230,dummy-766
816854.263758644,250,230,dummy-766
816658.467257206,250,230,dummy-717
816832.655605234,250,230,dummy-144
816906.375267792,250,230,dummy-144
816928.727499064,250,230,dummy-144
816661.32145064,250,230,dummy-137
816662.13170188,250,230,dummy-137
816689.255620969,250,230,dummy-137
816860.955712639,250,230,dummy-137
816892.235431793,250,230,dummy-137
816900.255354395,250,230,dummy-137
816756.294620276,250,230,dummy-349
816922.777933846,250,230,dummy-349
816662.958575703,250,230,dummy-373
816774.906349706,250,230,dummy-373
816685.803798531,250,230,dummy-392
816809.217556206,250,230,dummy-392
816811.211962482,250,230,dummy-392
816686.808589342,250,230,dummy-795
816718.918987412,250,230,dummy-795
816758.873555964,250,230,dummy-795
816774.81482879,250,230,dummy-795
816810.02067799,250,230,dummy-795
816936.376548773,250,230,dummy-795
816649.538636196,250,230,dummy-159
816681.132966267,250,230,dummy-159
816812.974122629,250,230,dummy-159
816839.652675977,250,230,dummy-159
816865.230062638,250,230,dummy-159
816917.271146188,250,230,dummy-159
816744.270829139,250,230,dummy-216
816763.089502692,250,230,dummy-216
816823.890576343,250,230,dummy-216
816943.153448176,250,230,dummy-216
816671.161617928,250,230,dummy-744
816717.744737248,250,230,dummy-744
816814.259585529,250,230,dummy-362
816831.236407182,250,230,dummy-362
816654.689678342,250,230,dummy-454
816663.09590781,250,230,dummy-454
816740.608695425,250,230,dummy-454
816906.864016107,250,230,dummy-454
816918.239001783,250,230,dummy-454
816659.674761931,250,230,dummy-293
816777.678471459,250,230,dummy-293
816765.616042099,250,230,dummy-284
816793.616042399,250,230,dummy-284
816744.32205614,250,230,dummy-636
816778.473219353,250,230,dummy-636
816780.766866696,250,230,dummy-636
816858.99270617,250,230,dummy-636
816670.85330454,250,230,dummy-470
816716.990968459,250,230,dummy-470
816765.205890502,250,230,dummy-470
816859.562690198,250,230,dummy-470
816902.504912044,250,230,dummy-470
816940.788953204,250,230,dummy-470
816672.364740994,250,230,dummy-192
816668.098569516,250,230,dummy-336
816708.688496064,250,230,dummy-336
816726.339353401,250,230,dummy-336
816686.418939956,250,230,dummy-826
816776.36556756,250,230,dummy-826
816843.860436105,250,230,dummy-826
816645.192090351,250,230,dummy-486
816749.315922491,250,230,dummy-486
816776.17357252,250,230,dummy-486
816687.129364673,250,230,dummy-496
816725.729885611,250,230,dummy-496
816742.463698572,250,230,dummy-496
816789.512888114,250,230,dummy-496
816843.136239233,250,230,dummy-496
816888.715951059,250,230,dummy-496
816916.566754052,250,230,dummy-496
816827.818335042,250,230,dummy-458
816870.764912835,250,230,dummy-458
816896.474892885,250,230,dummy-458
816654.997312517,250,230,dummy-668
816668.08800482,250,230,dummy-668
816726.919133228,250,230,dummy-668
816831.216695861,250,230,dummy-668
816906.375238202,250,230,dummy-668
816924.043727483,250,230,dummy-668
816705.025397626,250,230,dummy-443
816756.450871848,250,230,dummy-443
816799.266321376,250,230,dummy-443
816835.10889358,250,230,dummy-443
816885.631874632,250,230,dummy-443
816903.45215036,250,230,dummy-443
816930.604071429,250,230,dummy-443
816781.462894761,250,230,dummy-619
816782.315075588,250,230,dummy-619
816842.751312216,250,230,dummy-619
816651.027037139,250,230,dummy-765
816730.079527434,250,230,dummy-765
816784.511217193,250,230,dummy-765
816823.736970112,250,230,dummy-765
816650.321565099,250,230,dummy-287
816777.333159866,250,230,dummy-287
816839.495046634,250,230,dummy-287
816865.84323523,250,230,dummy-287
816913.087030724,250,230,dummy-287
816928.152185803,250,230,dummy-287
816811.120264892,250,230,dummy-790
816914.205258927,250,230,dummy-790
816940.339616282,250,230,dummy-790
816659.329712599,250,230,dummy-213
816713.568965126,250,230,dummy-213
816844.300617319,250,230,dummy-213
816872.559879618,250,230,dummy-213
816876.463543231,250,230,dummy-213
816689.226638477,250,230,dummy-374
816827.262032058,250,230,dummy-374
816892.515851805,250,230,dummy-374
816922.939448687,250,230,dummy-374
816694.970919355,250,230,dummy-286
816725.635204663,250,230,dummy-286
816748.029141851,250,230,dummy-286
816877.571831481,250,230,dummy-286
816907.497921046,250,230,dummy-286
816654.499987314,250,230,dummy-275
816658.010886136,250,230,dummy-275
816673.54735416,250,230,dummy-275
816799.074067006,250,230,dummy-275
816833.959534978,250,230,dummy-275
816885.006491675,250,230,dummy-275
816885.750622127,250,230,dummy-275
816749.021310164,250,230,dummy-498
816754.685801827,250,230,dummy-498
816765.791999893,250,230,dummy-498
816863.537932767,250,230,dummy-498
816719.277698605,250,230,dummy-624
816775.781924765,250,230,dummy-624
816707.932953915,250,230,dummy-451
816920.239640821,250,230,dummy-451
816651.8644388,250,230,dummy-7
816656.762844312,250,230,dummy-7
816810.479501432,250,230,dummy-7
816905.37383689,250,230,dummy-7
816673.728431966,250,230,dummy-372
816713.577393033,250,230,dummy-372
816685.988339548,250,230,dummy-400
816815.063813752,250,230,dummy-400
816873.505077046,250,230,dummy-400
816941.514493972,250,230,dummy-400
816826.731280234,250,230,dummy-831
816846.660793294,250,230,dummy-831
816932.38529617,250,230,dummy-831
816655.255266802,250,230,dummy-776
816695.489321867,250,230,dummy-776
816772.922614947,250,230,dummy-776
816844.306193809,250,230,dummy-776
816857.573477525,250,230,dummy-776
816932.532550544,250,230,dummy-776
816708.939454052,250,230,dummy-487
816751.57036788,250,230,dummy-487
816790.729345727,250,230,dummy-446
816801.394251941,250,230,dummy-446
816825.930765012,250,230,dummy-446
816849.948910381,250,230,dummy-446
816694.234320204,250,230,dummy-378
816859.521538473,250,230,dummy-378
816861.543159426,250,230,dummy-378
816876.072760099,250,230,dummy-378
816904.754696182,250,230,dummy-378
816921.361315545,250,230,dummy-378
816651.416296119,250,230,dummy-37
816694.540542693,250,230,dummy-37
816756.672603741,250,230,dummy-37
816809.00387627,250,230,dummy-37
816858.387667865,250,230,dummy-37
816658.752784823,250,230,dummy-355
816676.331711788,250,230,dummy-355
816722.082515384,250,230,dummy-355
816772.922293006,250,230,dummy-355
816775.641111737,250,230,dummy-355
816802.918004987,250,230,dummy-355
816863.509813931,250,230,dummy-355
816870.677112867,250,230,dummy-355
816717.742179508,250,230,dummy-303
816746.880694799,250,230,dummy-303
816770.354987075,250,230,dummy-303
816894.393512615,250,230,dummy-303
816923.612912586,250,230,dummy-303
816754.541293254,250,230,dummy-664
816694.008151396,250,230,dummy-808
816713.871472823,250,230,dummy-808
816860.79939413,250,230,dummy-808
816887.629527465,250,230,dummy-808
816892.682299552,250,230,dummy-808
816927.646660554,250,230,dummy-3
816666.864104223,250,230,dummy-358
816805.717942162,250,230,dummy-358
816847.834314789,250,230,dummy-358
816944.556841512,250,230,dummy-358
816708.119237131,250,230,dummy-397
816836.110825932,250,230,dummy-397
816854.60237362,250,230,dummy-397
816885.225088735,250,230,dummy-397
816928.386264704,250,230,dummy-397
816721.291094466,250,230,dummy-679
816860.870837084,250,230,dummy-360
816740.306029917,250,230,dummy-476
816773.62164046,250,230,dummy-476
816921.710019417,250,230,dummy-476
816747.386764556,250,230,dummy-329
816822.139630338,250,230,dummy-329
816854.253259155,250,230,dummy-329
816679.26915678,250,230,dummy-578
816873.20558461,250,230,dummy-578
816887.860997222,250,230,dummy-387
816901.005619768,250,230,dummy-340
816712.656528466,250,230,dummy-65
816740.990513158,250,230,dummy-65
816899.328603351,250,230,dummy-65
816721.908675885,250,230,dummy-655
816739.512794193,250,230,dummy-655
816814.379918109,250,230,dummy-655
816748.817528063,250,230,dummy-751
816825.603641941,250,230,dummy-751
816854.221632912,250,230,dummy-751
816869.122073401,250,230,dummy-751
816655.388654851,250,230,dummy-381
816685.173218074,250,230,dummy-381
816682.450422492,250,230,dummy-607
816795.761081104,250,230,dummy-607
816808.012402764,250,230,dummy-607
816850.617424834,250,230,dummy-607
816689.281625951,250,230,dummy-456
816655.149971173,250,230,dummy-388
816660.857491227,250,230,dummy-388
816669.081146982,250,230,dummy-388
816728.566942593,250,230,dummy-388
816937.973456973,250,230,dummy-388
816943.400966843,250,230,dummy-388
816943.406909018,250,230,dummy-388
816816.139419229,250,230,dummy-330
816727.76714708,250,230,dummy-562
816748.808624062,250,230,dummy-562
816694.657673996,250,230,dummy-667
816728.490497634,250,230,dummy-667
816856.263010121,250,230,dummy-667
816793.154405721,250,230,dummy-620
816802.728639427,250,230,dummy-620
816869.953706361,250,230,dummy-620
816815.222384316,250,230,dummy-440
816724.44821986,250,230,dummy-511
816860.783732671,250,230,dummy-511
816709.397431463,250,230,dummy-432
816739.929438069,250,230,dummy-432
816814.495519249,250,230,dummy-432
816864.549390466,250,230,dummy-432
816869.487548871,250,230,dummy-432
816902.964391591,250,230,dummy-432
816935.683324346,250,230,dummy-432
816779.569369318,250,230,dummy-493
816840.238790811,250,230,dummy-493
816648.913755682,250,230,dummy-338
816832.294056576,250,230,dummy-338
816666.340813477,250,230,dummy-540
816667.429087043,250,230,dummy-540
816671.623334922,250,230,dummy-540
816674.487034324,250,230,dummy-540
816695.456567928,250,230,dummy-540
816686.241742087,250,230,dummy-572
816737.536440254,250,230,dummy-572
816800.87802001,250,230,dummy-572
816850.841110867,250,230,dummy-572
816810.010497198,250,230,dummy-38
816867.276209386,250,230,dummy-38
816645.457422521,250,230,dummy-591
816697.6777672,250,230,dummy-591
816708.094787022,250,230,dummy-591
816796.116259183,250,230,dummy-591
816816.662823787,250,230,dummy-591
816817.846585307,250,230,dummy-591
816749.887911835,250,230,dummy-317
816818.483356852,250,230,dummy-317
816927.285214441,250,230,dummy-317
816651.911994003,250,230,dummy-789
816818.927347327,250,230,dummy-789
816850.12389908,250,230,dummy-789
816722.054215427,250,230,dummy-610
816811.158300552,250,230,dummy-610
816828.171388598,250,230,dummy-610
816667.265856823,250,230,dummy-135
816667.69262578,250,230,dummy-135
816667.745887746,250,230,dummy-135
816693.841297399,250,230,dummy-135
816924.480135565,250,230,dummy-135
816740.527286326,250,230,dummy-291
816849.514889523,250,230,dummy-291
816711.815868123,250,230,dummy-58
816812.959381467,250,230,dummy-58
816868.522619983,250,230,dummy-58
816891.845990996,250,230,dummy-58
816895.772203686,250,230,dummy-200
816933.186109413,250,230,dummy-200
816699.638386032,250,230,dummy-514
816708.664106896,250,230,dummy-514
816712.390858626,250,230,dummy-514
816729.64411515,250,230,dummy-514
816738.939619663,250,230,dummy-514
816904.837671015,250,230,dummy-514
816905.221434588,250,230,dummy-514
816688.798326816,250,230,dummy-541
816788.346377698,250,230,dummy-541
816699.083878985,250,230,dummy-24
816929.967135642,250,230,dummy-24
816673.48177355,250,230,dummy-56
816705.479431939,250,230,dummy-56
816752.772109305,250,230,dummy-820
816807.248670808,250,230,dummy-820
816657.127591914,250,230,dummy-146
816666.586235829,250,230,dummy-146
816690.256738405,250,230,dummy-146
816731.182917822,250,230,dummy-146
816862.426666628,250,230,dummy-146
816892.712092021,250,230,dummy-146
816679.541175132,250,230,dummy-555
816745.301971504,250,230,dummy-555
816779.653014912,250,230,dummy-555
816848.226872518,250,230,dummy-555
816942.090553667,250,230,dummy-555
816649.956632146,250,230,dummy-435
816755.222594297,250,230,dummy-435
816669.463090052,250,230,dummy-290
816842.504953041,250,230,dummy-290
816937.31528722,250,230,dummy-290
816704.03431693,250,230,dummy-551
816794.66558194,250,230,dummy-551
816680.843952583,250,230,dummy-268
816744.522370703,250,230,dummy-268
816904.846547963,250,230,dummy-268
816933.516891502,250,230,dummy-268
816906.624364447,250,230,dummy-124
816907.735107878,250,230,dummy-124
816910.784195142,250,230,dummy-124
816943.500247317,250,230,dummy-124
816686.581083671,250,230,dummy-827
816714.227097437,250,230,dummy-827
816659.140270023,250,230,dummy-162
816790.030553992,250,230,dummy-162
816927.962618051,250,230,dummy-162
816943.1378359,250,230,dummy-725
816791.349123512,250,230,dummy-501
816847.367782008,250,230,dummy-501
816876.104935121,250,230,dummy-501
816857.349238103,250,230,dummy-232
816867.309381127,250,230,dummy-232
816696.03479844,250,230,dummy-382
816732.434076265,250,230,dummy-382
816904.991920297,250,230,dummy-382
816929.364103726,250,230,dummy-382
816698.328826815,250,230,dummy-96
816715.507926239,250,230,dummy-96
816747.422218614,250,230,dummy-96
816654.982299356,250,230,dummy-762
816792.177198181,250,230,dummy-762
816799.807722924,250,230,dummy-762
816835.487706766,250,230,dummy-762
816845.42497473,250,230,dummy-762
816667.302568358,250,230,dummy-101
816668.216683115,250,230,dummy-101
816680.372407546,250,230,dummy-101
816908.41357665,250,230,dummy-101
816812.469294759,250,230,dummy-108
816678.162887303,250,230,dummy-684
816695.914450837,250,230,dummy-684
816811.792259193,250,230,dummy-684
816841.7238772,250,230,dummy-684
816935.474772586,250,230,dummy-684
816694.221901139,250,230,dummy-508
816696.675364018,250,230,dummy-508
816706.753040125,250,230,dummy-508
816727.428686467,250,230,dummy-508
816757.13719587,250,230,dummy-508
816780.208526698,250,230,dummy-508
816803.972445806,250,230,dummy-508
816838.732741021,250,230,dummy-508
816895.86653209,250,230,dummy-508
816678.082761805,250,230,dummy-248
816722.084005887,250,230,dummy-248
816671.727775651,250,230,dummy-407
816861.082446843,250,230,dummy-407
816903.834115403,250,230,dummy-407
816694.031023721,250,230,dummy-649
816719.688892243,250,230,dummy-649
816869.024359829,250,230,dummy-649
816667.333715802,250,230,dummy-566
816724.60226965,250,230,dummy-566
816744.632487909,250,230,dummy-566
816650.092879618,250,230,dummy-208
816677.483508897,250,230,dummy-208
816773.093623485,250,230,dummy-208
816795.925065204,250,230,dummy-208
816840.539355142,250,230,dummy-208
816920.624169515,250,230,dummy-208
816693.928298671,250,230,dummy-260
816700.929860803,250,230,dummy-260
816712.227114994,250,230,dummy-260
816742.020444851,250,230,dummy-260
816751.53128307,250,230,dummy-260
816827.843312331,250,230,dummy-260
816884.630749571,250,230,dummy-260
816898.172640584,250,230,dummy-260
816906.27360063,250,230,dummy-260
816930.228018603,250,230,dummy-260
816668.509630907,250,230,dummy-224
816745.425794288,250,230,dummy-224
816788.063357404,250,230,dummy-224
816815.950692776,250,230,dummy-224
816851.187234963,250,230,dummy-224
816877.940667064,250,230,dummy-224
816900.287572424,250,230,dummy-224
816902.16043646,250,230,dummy-224
816936.201214279,250,230,dummy-224
816793.194678885,250,230,dummy-759
816942.535197172,250,230,dummy-759
816710.347058968,250,230,dummy-383
816915.630110542,250,230,dummy-383
816685.882127685,250,230,dummy-298
816796.157578612,250,230,dummy-298
816848.64152266,250,230,dummy-298
816857.772006133,250,230,dummy-298
816860.873266778,250,230,dummy-298
816924.070288618,250,230,dummy-298
816665.466579484,250,230,dummy-205
816710.453318515,250,230,dummy-205
816659.03891997,250,230,dummy-100
816688.051541806,250,230,dummy-100
816715.934137987,250,230,dummy-100
816833.435036134,250,230,dummy-100
816887.181908664,250,230,dummy-100
816650.958137393,250,230,dummy-577
816812.22455288,250,230,dummy-577
816917.89880265,250,230,dummy-577
816689.371872916,250,230,dummy-474
816828.114600148,250,230,dummy-474
816827.412721113,250,230,dummy-670
816870.936099089,250,230,dummy-670
816877.329094331,250,230,dummy-670
816918.201229275,250,230,dummy-670
816649.613769735,250,230,dummy-351
816680.06202411,250,230,dummy-351
816681.634793762,250,230,dummy-351
816800.351770071,250,230,dummy-351
816667.187337531,250,230,dummy-53
816732.513207747,250,230,dummy-53
816646.777288607,250,230,dummy-183
816753.711103439,250,230,dummy-183
816875.164178211,250,230,dummy-183
816659.145152972,250,230,dummy-356
816762.116728356,250,230,dummy-356
816854.986768888,250,230,dummy-356
816653.540973646,250,230,dummy-249
816683.758640059,250,230,dummy-249
816677.604611143,250,230,dummy-292
816909.096535185,250,230,dummy-292
816750.102732076,250,230,dummy-674
816750.846766608,250,230,dummy-674
816763.664718915,250,230,dummy-674
816830.842201605,250,230,dummy-674
816831.318965947,250,230,dummy-674
816837.655807544,250,230,dummy-674
816899.367372243,250,230,dummy-674
816758.248303428,250,230,dummy-757
816769.537668275,250,230,dummy-757
816674.163242285,250,230,dummy-438
816700.072957305,250,230,dummy-438
816754.477534781,250,230,dummy-438
816783.581670154,250,230,dummy-438
816809.507014701,250,230,dummy-438
816874.91818384,250,230,dummy-438
816674.876461867,250,230,dummy-9
816699.913694896,250,230,dummy-9
816741.959269737,250,230,dummy-9
816793.754813692,250,230,dummy-9
816815.138757126,250,230,dummy-9
816848.191514035,250,230,dummy-9
816874.629774413,250,230,dummy-9
816888.85017426,250,230,dummy-9
816681.49042811,250,230,dummy-644
816696.379765042,250,230,dummy-644
816714.358693108,250,230,dummy-644
816807.70572692,250,230,dummy-644
816814.272383533,250,230,dummy-644
816888.38604821,250,230,dummy-644
816915.262077965,250,230,dummy-644
816937.245574487,250,230,dummy-644
816666.877589872,250,230,dummy-281
816696.636794942,250,230,dummy-281
816891.207955823,250,230,dummy-281
816936.804364122,250,230,dummy-281
816698.708234988,250,230,dummy-322
816710.234955792,250,230,dummy-322
816775.602493926,250,230,dummy-322
816878.482152555,250,230,dummy-322
816667.102773463,250,230,dummy-182
816767.565208568,250,230,dummy-182
816771.155264197,250,230,dummy-182
816906.941510863,250,230,dummy-182
816701.543275421,250,230,dummy-769
816710.32776671,250,230,dummy-769
816755.070702507,250,230,dummy-769
816857.490057078,250,230,dummy-769
816722.233602125,250,230,dummy-385
816885.563982546,250,230,dummy-385
816692.451082045,250,230,dummy-609
816808.848478322,250,230,dummy-609
816822.891364177,250,230,dummy-609
816824.048154742,250,230,dummy-609
816871.513110092,250,230,dummy-609
816892.060051747,250,230,dummy-792
816650.786242389,250,230,dummy-17
816728.441545238,250,230,dummy-17
816746.941819695,250,230,dummy-17
816834.660636253,250,230,dummy-17
816909.800752549,250,230,dummy-17
816655.13114093,250,230,dummy-642
816789.640903249,250,230,dummy-642
816653.594161837,250,230,dummy-379
816711.868213324,250,230,dummy-379
816819.067884679,250,230,dummy-379
816853.00889049,250,230,dummy-379
816862.913810232,250,230,dummy-379
816677.559871577,250,230,dummy-242
816717.045462815,250,230,dummy-242
816817.108079545,250,230,dummy-242
816847.378162602,250,230,dummy-242
816896.331802208,250,230,dummy-242
816846.686652743,250,230,dummy-52
816864.326352199,250,230,dummy-52
816881.932673253,250,230,dummy-52
816940.97188501,250,230,dummy-52
816732.842005194,250,230,dummy-25
816857.113057239,250,230,dummy-25
816890.062256321,250,230,dummy-25
816938.072406123,250,230,dummy-25
816651.512823034,250,230,dummy-235
816784.725652759,250,230,dummy-235
816894.255262951,250,230,dummy-235
816697.986403451,250,230,dummy-575
816702.94438177,250,230,dummy-575
816873.362319401,250,230,dummy-575
816773.819255396,250,230,dummy-819
816816.662847857,250,230,dummy-819
816913.035727541,250,230,dummy-819
816666.411533982,250,230,dummy-703
816719.306778078,250,230,dummy-703
816798.731246597,250,230,dummy-703
816819.871429911,250,230,dummy-703
816920.274669232,250,230,dummy-703
816648.380419447,250,230,dummy-740
816672.137798011,250,230,dummy-740
816681.508541483,250,230,dummy-740
816694.358354163,250,230,dummy-740
816741.3872925,250,230,dummy-740
816759.437190348,250,230,dummy-740
816828.362866354,250,230,dummy-740
816922.990061885,250,230,dummy-740
816719.735631869,250,230,dummy-686
816749.135502301,250,230,dummy-686
816804.72037242,250,230,dummy-686
816788.142663205,250,230,dummy-704
816869.450771222,250,230,dummy-704
816892.381877792,250,230,dummy-704
816715.776523072,250,230,dummy-829
816719.116230777,250,230,dummy-829
816728.640042114,250,230,dummy-829
816738.46493494,250,230,dummy-829
816770.010307796,250,230,dummy-829
816852.73022288,250,230,dummy-829
816861.713581329,250,230,dummy-829
816645.520576567,250,230,dummy-528
816842.601577049,250,230,dummy-528
816844.384662858,250,230,dummy-528
816762.711185277,250,230,dummy-220
816786.032103155,250,230,dummy-220
816886.188604129,250,230,dummy-220
816890.002619013,250,230,dummy-220
816780.124295879,250,230,dummy-214
816784.252980997,250,230,dummy-214
816810.118711969,250,230,dummy-214
816874.61528244,250,230,dummy-214
816647.58031114,250,230,dummy-311
816683.158644393,250,230,dummy-311
816688.338712416,250,230,dummy-311
816910.614781905,250,230,dummy-311
816920.453585793,250,230,dummy-311
816748.183448265,250,230,dummy-595
816849.70180899,250,230,dummy-595
816796.403703533,250,230,dummy-813
816827.762446321,250,230,dummy-813
816913.272661419,250,230,dummy-813
816925.47098016,250,230,dummy-813
816730.58878576,250,230,dummy-641
816737.299623782,250,230,dummy-641
816882.198519278,250,230,dummy-641
816908.209659906,250,230,dummy-641
816944.930541379,250,230,dummy-641
816857.083588314,250,230,dummy-337
816683.830937072,250,230,dummy-637
816720.016650697,250,230,dummy-637
816720.046481081,250,230,dummy-637
816745.63364271,250,230,dummy-637
816758.245599826,250,230,dummy-637
816783.21691827,250,230,dummy-637
816815.251190367,250,230,dummy-637
816871.781203581,250,230,dummy-637
816939.380688088,250,230,dummy-637
816772.469984857,250,230,dummy-66
816872.401064582,250,230,dummy-66
816888.359358574,250,230,dummy-66
816888.517199156,250,230,dummy-66
816923.166773986,250,230,dummy-66
816662.061695907,250,230,dummy-491
816671.157963884,250,230,dummy-491
816715.233650396,250,230,dummy-491
816786.742874947,250,230,dummy-491
816854.692855029,250,230,dummy-491
816868.040904612,250,230,dummy-491
816875.477147627,250,230,dummy-491
816892.788781581,250,230,dummy-491
816920.882130357,250,230,dummy-491
816935.509583912,250,230,dummy-491
816651.77489076,250,230,dummy-430
816670.780835248,250,230,dummy-430
816721.936736802,250,230,dummy-430
816782.053276051,250,230,dummy-430
816801.680222757,250,230,dummy-430
816936.939972982,250,230,dummy-430
816656.515573956,250,230,dummy-294
816690.427190584,250,230,dummy-294
816750.441366086,250,230,dummy-294
816760.446471349,250,230,dummy-294
816828.253427794,250,230,dummy-294
816867.647421841,250,230,dummy-294
816665.823926619,250,230,dummy-197
816819.344132245,250,230,dummy-197
816827.490329431,250,230,dummy-197
816845.265913007,250,230,dummy-197
816885.163692307,250,230,dummy-197
816885.66594351,250,230,dummy-197
816667.99195256,250,230,dummy-626
816755.662683635,250,230,dummy-95
816860.983959152,250,230,dummy-95
816875.376776399,250,230,dummy-732
816904.343105482,250,230,dummy-691
816924.805422346,250,230,dummy-691
816721.621824095,250,230,dummy-339
816727.136199276,250,230,dummy-339
816844.666309733,250,230,dummy-339
816659.081797998,250,230,dummy-171
816730.618617914,250,230,dummy-171
816804.168160459,250,230,dummy-171
816820.146124267,250,230,dummy-171
816900.287529486,250,230,dummy-171
816740.778743237,250,230,dummy-261
816749.322865924,250,230,dummy-261
816784.518714644,250,230,dummy-261
816877.363913236,250,230,dummy-261
816942.787187476,250,230,dummy-261
816660.885752242,250,230,dummy-708
816718.762047309,250,230,dummy-708
816757.401921894,250,230,dummy-708
816772.278356651,250,230,dummy-708
816792.647005626,250,230,dummy-708
816891.817224287,250,230,dummy-708
816916.532900045,250,230,dummy-708
816655.146681836,250,230,dummy-485
816675.783175032,250,230,dummy-485
816756.189570713,250,230,dummy-485
816940.725965628,250,230,dummy-485
816681.421027755,250,230,dummy-471
816760.350811304,250,230,dummy-471
816798.551050062,250,230,dummy-471
816676.912710977,250,230,dummy-741
816716.247785934,250,230,dummy-741
816899.520619522,250,230,dummy-741
816925.666890843,250,230,dummy-741
816681.12380958,250,230,dummy-565
816816.732933718,250,230,dummy-565
816673.858220786,250,230,dummy-442
816682.504949,250,230,dummy-442
816749.339441649,250,230,dummy-442
816779.575317928,250,230,dummy-442
816862.458628819,250,230,dummy-442
816868.279612828,250,230,dummy-442
816932.26412852,250,230,dummy-442
816704.565367001,250,230,dummy-120
816705.877133991,250,230,dummy-120
816766.534749318,250,230,dummy-120
816910.281393297,250,230,dummy-120
816920.500439561,250,230,dummy-120
816800.336666845,250,230,dummy-301
816837.546468757,250,230,dummy-301
816885.281959428,250,230,dummy-301
816921.959885957,250,230,dummy-301
816930.813110947,250,230,dummy-301
816935.598899269,250,230,dummy-301
816723.057576827,250,230,dummy-79
816763.986883039,250,230,dummy-79
816776.424183017,250,230,dummy-79
816927.678127516,250,230,dummy-79
816650.548259165,250,230,dummy-462
816697.124348889,250,230,dummy-462
816786.708842413,250,230,dummy-462
816819.167244795,250,230,dummy-462
816861.504181889,250,230,dummy-462
816659.959818295,250,230,dummy-411
816660.939738322,250,230,dummy-411
816883.923092811,250,230,dummy-411
816645.78004778,250,230,dummy-11
816649.829799812,250,230,dummy-11
816685.202741992,250,230,dummy-11
816843.406531519,250,230,dummy-11
816843.813042578,250,230,dummy-11
816646.507500791,250,230,dummy-239
816817.666131115,250,230,dummy-239
816861.398033846,250,230,dummy-239
816686.983141097,250,230,dummy-537
816836.210013567,250,230,dummy-537
816725.729859397,250,230,dummy-775
816758.862042522,250,230,dummy-775
816761.731088388,250,230,dummy-775
816864.286823279,250,230,dummy-775
816937.823218149,250,230,dummy-775
816715.402158237,250,230,dummy-549
816745.978032118,250,230,dummy-549
816766.371100721,250,230,dummy-549
816836.371748552,250,230,dummy-549
816863.436749825,250,230,dummy-549
816876.251768428,250,230,dummy-549
816898.585241318,250,230,dummy-549
816803.771137283,250,230,dummy-770
816823.155781164,250,230,dummy-770
816723.024290668,250,230,dummy-688
816766.181360461,250,230,dummy-688
816656.790775105,250,230,dummy-520
816832.972532913,250,230,dummy-520
816844.03681453,250,230,dummy-520
816868.832131151,250,230,dummy-520
816907.446036868,250,230,dummy-520
816925.608668664,250,230,dummy-520
816669.816734374,250,230,dummy-678
816942.8509345,250,230,dummy-678
816922.974539915,250,230,dummy-585
816901.529965563,250,230,dummy-461
816647.836348494,250,230,dummy-31
816674.433713009,250,230,dummy-31
816676.425444199,250,230,dummy-31
816804.658401452,250,230,dummy-31
816805.100819585,250,230,dummy-31
816924.027041948,250,230,dummy-31
816704.598599255,250,230,dummy-478
816786.956841729,250,230,dummy-478
816802.471995533,250,230,dummy-478
816669.091678365,250,230,dummy-768
816704.076943787,250,230,dummy-768
816734.91158949,250,230,dummy-768
816780.141106957,250,230,dummy-768
816823.846736326,250,230,dummy-768
816828.642768857,250,230,dummy-768
816918.179054789,250,230,dummy-768
816736.147204941,250,230,dummy-57
816755.951788622,250,230,dummy-57
816793.62762554,250,230,dummy-57
816819.355302451,250,230,dummy-57
816721.066804722,250,230,dummy-391
816849.754663008,250,230,dummy-391
816867.013302787,250,230,dummy-391
816902.748895193,250,230,dummy-391
816675.038429239,250,230,dummy-791
816803.896816983,250,230,dummy-791
816829.891103801,250,230,dummy-791
816848.079182982,250,230,dummy-791
816786.854938813,250,230,dummy-77
816683.834945295,250,230,dummy-720
816807.897165994,250,230,dummy-720
816918.373788998,250,230,dummy-720
816676.000029104,250,230,dummy-170
816854.576575088,250,230,dummy-170
816878.302355896,250,230,dummy-170
816900.213491302,250,230,dummy-170
816692.870265759,250,230,dummy-230
816719.950413922,250,230,dummy-230
816723.448834692,250,230,dummy-230
816738.023338295,250,230,dummy-230
816758.538995695,250,230,dummy-230
816760.584068897,250,230,dummy-230
816760.712057477,250,230,dummy-230
816773.287360485,250,230,dummy-230
816877.72397391,250,230,dummy-230
816929.508040181,250,230,dummy-230
816934.035645099,250,230,dummy-230
816916.007718192,250,230,dummy-70
816706.605800952,250,230,dummy-722
816700.981097323,250,230,dummy-21
816741.451092522,250,230,dummy-21
816836.113277568,250,230,dummy-21
816850.150033303,250,230,dummy-21
816856.282899933,250,230,dummy-21
816890.275275557,250,230,dummy-21
816907.091082405,250,230,dummy-21
816657.931438403,250,230,dummy-484
816663.667204821,250,230,dummy-484
816901.024651783,250,230,dummy-484
816689.255645259,250,230,dummy-702
816720.903351497,250,230,dummy-730
816763.81256153,250,230,dummy-730
816818.823392477,250,230,dummy-730
816879.936465252,250,230,dummy-730
816679.842811382,250,230,dummy-687
816768.105308802,250,230,dummy-687
816789.765477134,250,230,dummy-687
816833.704914247,250,230,dummy-687
816881.98620276,250,230,dummy-687
816887.554359844,250,230,dummy-687
816895.975692593,250,230,dummy-687
816715.794052929,250,230,dummy-418
816739.647651917,250,230,dummy-418
816793.16600794,250,230,dummy-418
816752.072610384,250,230,dummy-818
816752.571234943,250,230,dummy-818
816835.264679359,250,230,dummy-818
816868.037562517,250,230,dummy-818
816910.047278406,250,230,dummy-818
816756.241117331,250,230,dummy-650
816771.456234373,250,230,dummy-650
816833.295502355,250,230,dummy-650
816905.200707228,250,230,dummy-650
816688.018428657,250,230,dummy-273
816849.48059417,250,230,dummy-273
816855.251589242,250,230,dummy-273
816715.84711893,250,230,dummy-483
816795.023862119,250,230,dummy-483
816873.579487771,250,230,dummy-483
816891.669558307,250,230,dummy-483
816678.594566094,250,230,dummy-822
816715.238215987,250,230,dummy-822
816817.761997317,250,230,dummy-822
816841.984183094,250,230,dummy-822
816850.778529627,250,230,dummy-822
816670.710369454,250,230,dummy-195
816676.179509308,250,230,dummy-195
816747.622018632,250,230,dummy-195
816813.013043071,250,230,dummy-195
816839.980397457,250,230,dummy-195
816850.707933666,250,230,dummy-195
816856.321035571,250,230,dummy-195
816884.117507956,250,230,dummy-195
816787.396097697,250,230,dummy-80
816839.912256324,250,230,dummy-80
816871.833709978,250,230,dummy-80
816646.21058871,250,230,dummy-755
816661.403082194,250,230,dummy-755
816830.705915647,250,230,dummy-755
816881.062172081,250,230,dummy-755
816906.744858556,250,230,dummy-755
816669.783383724,250,230,dummy-132
816671.160705617,250,230,dummy-132
816685.4613336,250,230,dummy-132
816721.052003916,250,230,dummy-132
816769.142817533,250,230,dummy-132
816800.696728787,250,230,dummy-132
816858.873362044,250,230,dummy-132
816909.88783721,250,230,dummy-132
816719.722790873,250,230,dummy-375
816840.143946275,250,230,dummy-375
816875.538923947,250,230,dummy-375
816660.514784821,250,230,dummy-279
816767.319012721,250,230,dummy-279
816875.069453949,250,230,dummy-279
816704.697159737,250,230,dummy-494
816735.72463374,250,230,dummy-494
816852.149339873,250,230,dummy-494
816718.52951495,250,230,dummy-238
816761.741436396,250,230,dummy-238
816783.564162725,250,230,dummy-238
816806.411239188,250,230,dummy-238
816918.634712648,250,230,dummy-238
816941.669472931,250,230,dummy-238
816819.086189829,250,230,dummy-685
816860.020552717,250,230,dummy-685
816881.377537816,250,230,dummy-685
816663.887505367,250,230,dummy-469
816717.82189319,250,230,dummy-469
816735.563349958,250,230,dummy-469
816706.673315846,250,230,dummy-576
816723.89009283,250,230,dummy-576
816841.840656808,250,230,dummy-576
816721.410751776,250,230,dummy-307
816852.165265187,250,230,dummy-307
816898.262985559,250,230,dummy-307
816657.52164191,250,230,dummy-278
816687.96448236,250,230,dummy-278
816726.007138257,250,230,dummy-812
816842.705231293,250,230,dummy-812
816699.061798919,250,230,dummy-693
816760.143864214,250,230,dummy-693
816785.101330343,250,230,dummy-693
816791.605204951,250,230,dummy-693
816934.782266836,250,230,dummy-693
816667.884533728,250,230,dummy-544
816677.109554444,250,230,dummy-544
816748.078251593,250,230,dummy-544
816750.212421932,250,230,dummy-544
816757.973548981,250,230,dummy-544
816802.498493873,250,230,dummy-544
816944.684007818,250,230,dummy-544
816647.223898006,250,230,dummy-256
816746.380264052,250,230,dummy-256
816753.359418739,250,230,dummy-256
816764.058473471,250,230,dummy-256
816894.766992024,250,230,dummy-256
816806.713546751,250,230,dummy-460
816877.004616164,250,230,dummy-460
816884.820003863,250,230,dummy-460
816672.213885895,250,230,dummy-166
816751.934274701,250,230,dummy-166
816827.078431028,250,230,dummy-166
816911.526469945,250,230,dummy-166
816920.381464814,250,230,dummy-166
816729.611525274,250,230,dummy-348
816782.166052517,250,230,dummy-348
816785.544455243,250,230,dummy-348
816803.497192034,250,230,dummy-348
816845.295596358,250,230,dummy-348
816909.456186797,250,230,dummy-348
816742.328700706,250,230,dummy-302
816769.142783991,250,230,dummy-302
816790.133445339,250,230,dummy-302
816853.643872141,250,230,dummy-302
816855.687734709,250,230,dummy-302
816764.204013637,250,230,dummy-647
816822.66181196,250,230,dummy-647
816691.184400183,250,230,dummy-415
816728.666755273,250,230,dummy-415
816748.26556918,250,230,dummy-415
816888.015802844,250,230,dummy-415
816895.182355115,250,230,dummy-643
816651.937399415,250,230,dummy-259
816852.556972806,250,230,dummy-259
816654.201100208,250,230,dummy-652
816772.864943426,250,230,dummy-652
816943.201154896,250,230,dummy-652
816916.582192946,250,230,dummy-289
816716.415540735,250,230,dummy-673
816787.385566335,250,230,dummy-673
816806.640849066,250,230,dummy-250
816872.241981622,250,230,dummy-250
816667.565360315,250,230,dummy-754
816936.948123477,250,230,dummy-754
816646.63948401,250,230,dummy-54
816752.367873758,250,230,dummy-54
816753.116225222,250,230,dummy-54
816853.002961631,250,230,dummy-505
816897.760795001,250,230,dummy-505
816740.83197774,250,230,dummy-522
816793.687506779,250,230,dummy-522
816849.227005509,250,230,dummy-522
816665.142112904,250,230,dummy-785
816724.833907782,250,230,dummy-785
816865.879216127,250,230,dummy-785
816879.427984747,250,230,dummy-785
816661.534245651,250,230,dummy-733
816720.265857198,250,230,dummy-733
816809.692936768,250,230,dummy-733
816811.068211552,250,230,dummy-733
816908.012803015,250,230,dummy-733
816647.732691559,250,230,dummy-133
816853.167161311,250,230,dummy-133
816705.249916888,250,230,dummy-805
816847.231195465,250,230,dummy-805
816872.397694469,250,230,dummy-805
816906.435154633,250,230,dummy-805
816734.468228888,250,230,dummy-148
816749.487852149,250,230,dummy-148
816818.623961641,250,230,dummy-148
816920.12417275,250,230,dummy-148
816645.363216394,250,230,dummy-633
816779.04286465,250,230,dummy-633
816812.242969666,250,230,dummy-633
816900.860204486,250,230,dummy-633
816939.703105098,250,230,dummy-633
816650.878383526,250,230,dummy-750
816706.039757836,250,230,dummy-750
816743.565249476,250,230,dummy-750
816754.996946534,250,230,dummy-750
816764.670853179,250,230,dummy-750
816852.205542318,250,230,dummy-750
816889.517905485,250,230,dummy-750
816679.03687993,250,230,dummy-332
816814.528202599,250,230,dummy-332
816782.769797987,250,230,dummy-22
816811.710931085,250,230,dummy-22
816649.140047824,250,230,dummy-236
816709.997785645,250,230,dummy-236
816827.762488459,250,230,dummy-236
816865.215233254,250,230,dummy-236
816930.88490754,250,230,dummy-236
816815.930130478,250,230,dummy-107
816665.424893467,250,230,dummy-97
816667.391784874,250,230,dummy-97
816674.35019942,250,230,dummy-97
816772.396963691,250,230,dummy-97
816838.331050139,250,230,dummy-97
816871.600927783,250,230,dummy-97
816923.489259384,250,230,dummy-97
816746.877148486,250,230,dummy-546
816905.705159541,250,230,dummy-546
816815.92230919,250,230,dummy-255
816666.935191313,250,230,dummy-797
816792.256945072,250,230,dummy-797
816700.76992047,250,230,dummy-634
816797.617072304,250,230,dummy-634
816818.229087596,250,230,dummy-634
816725.555337042,250,230,dummy-692
816728.221554394,250,230,dummy-692
816741.681633383,250,230,dummy-692
816816.946920982,250,230,dummy-692
816839.690912288,250,230,dummy-692
816858.621746506,250,230,dummy-692
816652.436018563,250,230,dummy-75
816667.862673331,250,230,dummy-75
816761.948391916,250,230,dummy-75
816737.544827015,250,230,dummy-49
816765.353153053,250,230,dummy-49
816917.459115544,250,230,dummy-49
816658.093253336,250,230,dummy-712
816882.055760921,250,230,dummy-712
816702.21612882,250,230,dummy-548
816828.026091683,250,230,dummy-548
816875.545991527,250,230,dummy-548
816801.741588258,250,230,dummy-689
816912.755323376,250,230,dummy-689
816719.602108723,250,230,dummy-33
816806.582236197,250,230,dummy-33
816908.156596987,250,230,dummy-33
816752.942040178,250,230,dummy-482
816763.750587634,250,230,dummy-482
816851.95567003,250,230,dummy-482
816927.442998514,250,230,dummy-482
816934.958881737,250,230,dummy-482
816646.464299555,250,230,dummy-579
816782.474503442,250,230,dummy-579
816803.624529256,250,230,dummy-82
816807.267501635,250,230,dummy-82
816837.313043398,250,230,dummy-82
816844.95884145,250,230,dummy-82
816942.196999368,250,230,dummy-82
816796.353315405,250,230,dummy-221
816823.138166161,250,230,dummy-556
816899.965791562,250,230,dummy-556
816663.986229913,250,230,dummy-608
816678.962480243,250,230,dummy-300
816840.271538954,250,230,dummy-300
816877.129237706,250,230,dummy-300
816894.104001195,250,230,dummy-300
816902.620420155,250,230,dummy-300
816918.788373574,250,230,dummy-300
816647.51760573,250,230,dummy-809
816659.614333666,250,230,dummy-809
816678.862608965,250,230,dummy-809
816889.324264005,250,230,dummy-809
816897.568805201,250,230,dummy-809
816905.858239202,250,230,dummy-427
816941.941170069,250,230,dummy-734
816647.115989932,250,230,dummy-345
816741.891646379,250,230,dummy-345
816761.02227621,250,230,dummy-345
816801.381969929,250,230,dummy-345
816761.108561896,250,230,dummy-125
816766.346029468,250,230,dummy-125
816788.934614598,250,230,dummy-125
816780.364446142,250,230,dummy-112
816805.212036232,250,230,dummy-112
816734.315713902,250,230,dummy-444
816794.504398579,250,230,dummy-444
816900.090375771,250,230,dummy-444
816943.502662827,250,230,dummy-444
816877.220791887,250,230,dummy-802
816719.421536216,250,230,dummy-503
816824.805832862,250,230,dummy-503
816866.953015203,250,230,dummy-503
816938.877139814,250,230,dummy-503
816682.519704355,250,230,dummy-629
816698.965641088,250,230,dummy-629
816810.041656468,250,230,dummy-629
816854.111363607,250,230,dummy-629
816930.958066538,250,230,dummy-629
816826.635248657,250,230,dummy-512
816770.318877385,250,230,dummy-201
816778.928719419,250,230,dummy-201
816892.083749442,250,230,dummy-201
816928.592726351,250,230,dummy-201
816650.327199627,250,230,dummy-727
816684.12006283,250,230,dummy-727
816933.040449057,250,230,dummy-727
816693.870694372,250,230,dummy-570
816706.628847794,250,230,dummy-570
816709.101183891,250,230,dummy-570
816808.148697367,250,230,dummy-570
816810.288618839,250,230,dummy-570
816848.536519939,250,230,dummy-570
816875.961564662,250,230,dummy-570
816942.755665487,250,230,dummy-570
816646.065068537,250,230,dummy-353
816673.790996538,250,230,dummy-353
816693.794012274,250,230,dummy-353
816813.084701832,250,230,dummy-353
816830.027047629,250,230,dummy-353
816939.586566974,250,230,dummy-353
816680.438284355,250,230,dummy-297
816837.906165926,250,230,dummy-297
816911.820282197,250,230,dummy-297
816928.92110778,250,230,dummy-297
816706.736968026,250,230,dummy-464
816710.200839244,250,230,dummy-464
816723.235966332,250,230,dummy-464
816818.322958549,250,230,dummy-464
816875.006228604,250,230,dummy-464
816809.471378673,250,230,dummy-516
816817.799447811,250,230,dummy-516
816866.267341459,250,230,dummy-516
816890.250029498,250,230,dummy-516
816653.577375733,250,230,dummy-30
816739.255613056,250,230,dummy-30
816817.290605342,250,230,dummy-30
816872.852871938,250,230,dummy-30
816771.416934205,250,230,dummy-475
816863.573642146,250,230,dummy-475
816733.817659423,250,230,dummy-168
816724.464687868,250,230,dummy-433
816800.691427897,250,230,dummy-433
816904.960222491,250,230,dummy-433
816673.287721952,250,230,dummy-102
816909.53527255,250,230,dummy-102
816709.864178517,250,230,dummy-517
816774.809014726,250,230,dummy-517
816837.31301727,250,230,dummy-517
816848.842474394,250,230,dummy-517
816896.333271124,250,230,dummy-517
816920.810503956,250,230,dummy-517
816873.740257113,250,230,dummy-43
816922.781277735,250,230,dummy-43
816941.960569153,250,230,dummy-43
816664.253237844,250,230,dummy-34
816894.633183242,250,230,dummy-34
816923.795997122,250,230,dummy-34
816921.228062353,250,230,dummy-88
816922.762767642,250,230,dummy-88
816935.966433251,250,230,dummy-88
816945.067018767,250,230,dummy-328
816920.421647805,250,230,dummy-500
816729.843100891,250,230,dummy-763
816760.897705037,250,230,dummy-763
816822.500388315,250,230,dummy-763
816830.28206298,250,230,dummy-763
816875.869986866,250,230,dummy-763
816906.544958436,250,230,dummy-763
816649.926517554,250,230,dummy-571
816847.107773888,250,230,dummy-571
816652.769477838,250,230,dummy-600
816657.455561848,250,230,dummy-600
816688.583926551,250,230,dummy-600
816805.865331624,250,230,dummy-600
816891.454159217,250,230,dummy-600
816922.622233728,250,230,dummy-600
816942.651974393,250,230,dummy-600
816699.958383219,250,230,dummy-86
816728.051348694,250,230,dummy-86
816762.99653922,250,230,dummy-86
816873.612959236,250,230,dummy-86
816906.197424482,250,230,dummy-86
816689.475611866,250,230,dummy-739
816694.863189741,250,230,dummy-739
816703.391081823,250,230,dummy-739
816778.220258626,250,230,dummy-739
816731.257949574,250,230,dummy-269
816740.339229681,250,230,dummy-269
816753.534391768,250,230,dummy-269
816677.659441228,250,230,dummy-306
816689.313226238,250,230,dummy-306
816692.34084015,250,230,dummy-306
816698.860140408,250,230,dummy-306
816722.418541289,250,230,dummy-306
816771.156649674,250,230,dummy-306
816833.200108504,250,230,dummy-306
816846.590748671,250,230,dummy-306
816848.024001839,250,230,dummy-306
816868.777418632,250,230,dummy-306
816671.133663384,250,230,dummy-402
816689.266054927,250,230,dummy-402
816808.509494281,250,230,dummy-402
816695.73042283,250,230,dummy-155
816769.445070176,250,230,dummy-219
816815.113890267,250,230,dummy-219
816670.321981266,250,230,dummy-167
816698.395235209,250,230,dummy-167
816790.930526906,250,230,dummy-167
816860.378115376,250,230,dummy-167
816862.464630303,250,230,dummy-167
816918.038396262,250,230,dummy-167
816926.420684884,250,230,dummy-167
816933.780569862,250,230,dummy-167
816825.980263206,250,230,dummy-359
816702.183563636,250,230,dummy-60
816778.603237956,250,230,dummy-60
816788.269763922,250,230,dummy-60
816858.649294391,250,230,dummy-60
816894.986236874,250,230,dummy-60
816692.414679585,250,230,dummy-786
816729.541958385,250,230,dummy-786
816744.135980731,250,230,dummy-786
816796.566178967,250,230,dummy-786
816741.350867174,250,230,dummy-91
816837.065936671,250,230,dummy-91
816779.301504811,250,230,dummy-756
816818.30053418,250,230,dummy-756
816824.989936051,250,230,dummy-756
816680.271591637,250,230,dummy-409
816721.034353825,250,230,dummy-409
816779.750336247,250,230,dummy-409
816785.372582006,250,230,dummy-409
816816.606879183,250,230,dummy-409
816867.508183194,250,230,dummy-409
816942.881295788,250,230,dummy-409
816823.025051331,250,230,dummy-431
816898.659351121,250,230,dummy-431
816691.106417094,250,230,dummy-502
816705.909855212,250,230,dummy-502
816835.497085962,250,230,dummy-502
816921.756891474,250,230,dummy-502
816930.789907239,250,230,dummy-502
816686.733683744,250,230,dummy-632
816698.77609064,250,230,dummy-632
816727.167633447,250,230,dummy-632
816878.772625437,250,230,dummy-632
816880.24093651,250,230,dummy-632
816690.171560349,250,230,dummy-218
816731.715457303,250,230,dummy-598
816808.322840433,250,230,dummy-598
816886.549216082,250,230,dummy-598
816933.28115585,250,230,dummy-598
816764.139174826,250,230,dummy-206
816864.104713697,250,230,dummy-206
816883.963143479,250,230,dummy-206
816885.078683778,250,230,dummy-206
816666.87063623,250,230,dummy-527
816688.069457497,250,230,dummy-527
816733.79642053,250,230,dummy-527
816740.834469749,250,230,dummy-527
816770.949905991,250,230,dummy-527
816786.447325064,250,230,dummy-527
816813.119705799,250,230,dummy-527
816682.355165712,250,230,dummy-410
816731.386197359,250,230,dummy-410
816748.414775694,250,230,dummy-410
816858.312333008,250,230,dummy-410
816862.905307363,250,230,dummy-410
816659.541046809,250,230,dummy-154
816803.194754114,250,230,dummy-154
816807.608033603,250,230,dummy-154
816831.042309427,250,230,dummy-154
816876.665781646,250,230,dummy-154
816888.854735875,250,230,dummy-154
816923.450765994,250,230,dummy-154
816937.612404651,250,230,dummy-154
816849.344383634,250,230,dummy-46
816878.919658955,250,230,dummy-46
816813.053277015,250,230,dummy-567
816843.136284964,250,230,dummy-567
816869.247435546,250,230,dummy-567
816776.881003089,250,230,dummy-215
816786.619963551,250,230,dummy-215
816811.043620482,250,230,dummy-215
816899.795344801,250,230,dummy-215
816659.375858727,250,230,dummy-672
816824.987649677,250,230,dummy-672
816918.502296549,250,230,dummy-672
816653.333017784,250,230,dummy-816
816686.858891321,250,230,dummy-816
816691.05154601,250,230,dummy-816
816812.617710657,250,230,dummy-816
816896.46074203,250,230,dummy-816
816908.398916941,250,230,dummy-413
816765.338459878,250,230,dummy-92
816776.873389091,250,230,dummy-92
816857.032734365,250,230,dummy-92
816859.809359674,250,230,dummy-92
816672.475816143,250,230,dummy-158
816683.436828896,250,230,dummy-158
816750.822853735,250,230,dummy-158
816924.213370313,250,230,dummy-158
816932.258248289,250,230,dummy-158
816690.536635382,250,230,dummy-87
816714.415675639,250,230,dummy-87
816717.886912599,250,230,dummy-87
816802.083245923,250,230,dummy-87
816818.783286675,250,230,dummy-87
816666.287181913,250,230,dummy-123
816944.722229132,250,230,dummy-123
816834.776043476,250,230,dummy-729
816825.744689952,250,230,dummy-245
816932.997106676,250,230,dummy-245
816748.597484082,250,230,dummy-274
816812.375557102,250,230,dummy-274
816831.883055895,250,230,dummy-274
816939.160836771,250,230,dummy-274
816944.659240054,250,230,dummy-274
816693.239030524,250,230,dummy-151
816756.810932359,250,230,dummy-151
816890.311610817,250,230,dummy-151
816943.209198852,250,230,dummy-151
816662.702778321,250,230,dummy-788
816685.046645062,250,230,dummy-788
816933.217936434,250,230,dummy-788
816937.910515023,250,230,dummy-252
816650.623132613,250,230,dummy-179
816698.213871744,250,230,dummy-179
816709.567975735,250,230,dummy-179
816793.475638829,250,230,dummy-179
816837.684920879,250,230,dummy-179
816855.377572474,250,230,dummy-179
816941.611021361,250,230,dummy-179
816705.368175184,250,230,dummy-185
816708.471840353,250,230,dummy-185
816772.529813099,250,230,dummy-185
816682.971033186,250,230,dummy-299
816770.26975443,250,230,dummy-299
816806.726557259,250,230,dummy-299
816814.38392127,250,230,dummy-299
816929.851604981,250,230,dummy-299
816752.683063129,250,230,dummy-615
816852.909384981,250,230,dummy-615
816889.726820447,250,230,dummy-615
816650.112755621,250,230,dummy-535
816719.079531276,250,230,dummy-535
816723.481269749,250,230,dummy-535
816875.893350733,250,230,dummy-535
816703.562135589,250,230,dummy-597
816732.692033451,250,230,dummy-597
816751.29895227,250,230,dummy-597
816752.507363765,250,230,dummy-597
816661.134993727,250,230,dummy-709
816751.57850239,250,230,dummy-709
816765.552723071,250,230,dummy-709
816873.300154655,250,230,dummy-709
816687.229039651,250,230,dummy-62
816829.473223059,250,230,dummy-62
816693.912445074,250,230,dummy-782
816806.853980528,250,230,dummy-782
816880.251724732,250,230,dummy-782
816672.885170724,250,230,dummy-270
816922.994765085,250,230,dummy-270
816931.083434451,250,230,dummy-270
816675.460608252,250,230,dummy-627
816815.728583117,250,230,dummy-627
816650.431637954,250,230,dummy-574
816662.638777541,250,230,dummy-574
816705.069819502,250,230,dummy-574
816717.177244549,250,230,dummy-574
816729.858415476,250,230,dummy-574
816731.848834739,250,230,dummy-574
816829.082024953,250,230,dummy-574
816856.635175739,250,230,dummy-574
816868.330027583,250,230,dummy-574
816916.789881268,250,230,dummy-574
816929.323936392,250,230,dummy-574
816650.372009741,250,230,dummy-630
816768.250912582,250,230,dummy-630
816880.701034199,250,230,dummy-630
816881.804082578,250,230,dummy-630
816944.382737737,250,230,dummy-630
816713.470035718,250,230,dummy-189
816864.619875296,250,230,dummy-189
816656.922749764,250,230,dummy-184
816676.810667897,250,230,dummy-184
816705.248351735,250,230,dummy-184
816805.081021638,250,230,dummy-184
816656.476013381,250,230,dummy-223
816672.332874394,250,230,dummy-223
816835.7920524,250,230,dummy-89
816843.733840228,250,230,dummy-89
816860.227477761,250,230,dummy-89
816916.273934683,250,230,dummy-89
816650.401197517,250,230,dummy-139
816756.914389917,250,230,dummy-139
816808.628926662,250,230,dummy-139
816900.117393507,250,230,dummy-139
816901.774549027,250,230,dummy-139
816703.857017701,250,230,dummy-315
816889.787847726,250,230,dummy-315
816672.551779672,250,230,dummy-71
816742.563206676,250,230,dummy-71
816758.563765975,250,230,dummy-71
816783.912617825,250,230,dummy-71
816872.312604254,250,230,dummy-71
816894.253632679,250,230,dummy-71
816937.921429601,250,230,dummy-71
816673.861876843,250,230,dummy-519
816714.332554755,250,230,dummy-519
816796.190655807,250,230,dummy-519
816819.368345732,250,230,dummy-519
816824.4761398,250,230,dummy-519
816940.206995127,250,230,dummy-519
816668.551028441,250,230,dummy-150
816672.060059093,250,230,dummy-150
816934.510697868,250,230,dummy-150
816669.725870362,250,230,dummy-131
816783.559318912,250,230,dummy-131
816794.803855269,250,230,dummy-131
816801.862318381,250,230,dummy-131
816818.34703395,250,230,dummy-131
816832.669653433,250,230,dummy-131
816904.080679448,250,230,dummy-131
816935.103420485,250,230,dummy-131
816716.144860809,250,230,dummy-557
816871.496361259,250,230,dummy-557
816693.76909281,250,230,dummy-39
816763.215009975,250,230,dummy-39
816772.984446651,250,230,dummy-39
816802.838145283,250,230,dummy-39
816679.849453346,250,230,dummy-742
816706.88066902,250,230,dummy-742
816754.24274283,250,230,dummy-742
816768.390715357,250,230,dummy-742
816829.800904118,250,230,dummy-742
816703.669446241,250,230,dummy-669
816676.791299698,250,230,dummy-377
816882.382352994,250,230,dummy-377
816897.119127416,250,230,dummy-377
816932.093614391,250,230,dummy-377
816658.370748555,250,230,dummy-207
816714.839529733,250,230,dummy-207
816735.636431739,250,230,dummy-207
816741.666521784,250,230,dummy-207
816795.620779165,250,230,dummy-207
816941.346072302,250,230,dummy-207
816833.41299976,250,230,dummy-507
816909.240894322,250,230,dummy-507
816928.475485526,250,230,dummy-507
816653.036143555,250,230,dummy-44
816650.518260016,250,230,dummy-773
816811.279850573,250,230,dummy-773
816832.770092505,250,230,dummy-773
816895.917476959,250,230,dummy-773
816902.224258437,250,230,dummy-773
816726.857582678,250,230,dummy-18
816770.468568967,250,230,dummy-18
816868.969470419,250,230,dummy-18
816913.172810677,250,230,dummy-18
816654.51295013,250,230,dummy-828
816686.919199615,250,230,dummy-828
816717.810966569,250,230,dummy-828
816742.648015488,250,230,dummy-463
816783.700837372,250,230,dummy-463
816714.005239298,250,230,dummy-42
816718.935707914,250,230,dummy-42
816790.20785917,250,230,dummy-42
816881.946558362,250,230,dummy-42
816651.552317594,250,230,dummy-533
816685.792851433,250,230,dummy-533
816741.58258833,250,230,dummy-533
816862.406306603,250,230,dummy-533
816907.301681641,250,230,dummy-533
816722.105735254,250,230,dummy-316
816744.092547275,250,230,dummy-316
816750.855744003,250,230,dummy-316
816889.833598369,250,230,dummy-316
816903.815857165,250,230,dummy-316
816932.434164924,250,230,dummy-316
816670.632115443,250,230,dummy-29
816729.182444447,250,230,dummy-29
816746.635701691,250,230,dummy-29
816758.786354592,250,230,dummy-29
816702.429900204,250,230,dummy-497
816846.889339669,250,230,dummy-497
816857.287538466,250,230,dummy-497
816819.548556467,250,230,dummy-6
816846.35232377,250,230,dummy-6
816675.828116698,250,230,dummy-779
816689.394728758,250,230,dummy-779
816850.268623582,250,230,dummy-779
816919.374401252,250,230,dummy-779
816736.73921371,250,230,dummy-152
816815.796427352,250,230,dummy-152
816850.655869056,250,230,dummy-152
816735.754572834,250,230,dummy-178
816760.535713822,250,230,dummy-178
816801.143941437,250,230,dummy-697
816839.599182893,250,230,dummy-697
816878.639527867,250,230,dummy-697
816885.243942469,250,230,dummy-697
816661.572230731,250,230,dummy-51
816664.064560561,250,230,dummy-51
816715.075924538,250,230,dummy-51
816760.770861901,250,230,dummy-51
816881.57927607,250,230,dummy-51
816926.870224928,250,230,dummy-51
816811.045920508,250,230,dummy-282
816862.088337576,250,230,dummy-282
816936.065081365,250,230,dummy-282
816748.496851146,250,230,dummy-23
816805.949589757,250,230,dummy-23
816808.354892682,250,230,dummy-23
816809.729915574,250,230,dummy-23
816875.235921316,250,230,dummy-23
816885.870077761,250,230,dummy-23
816858.829758071,250,230,dummy-707
816885.189645555,250,230,dummy-707
816693.984090697,250,230,dummy-711
816752.058970131,250,230,dummy-711
816768.436269585,250,230,dummy-711
816856.558134618,250,230,dummy-711
816943.926920299,250,230,dummy-711
816857.082182535,250,230,dummy-488
816944.45331554,250,230,dummy-488
816813.690877736,250,230,dummy-354
816786.40256082,250,230,dummy-495
816655.213832999,250,230,dummy-778
816753.070222343,250,230,dummy-778
816867.504764234,250,230,dummy-778
816745.938709038,250,230,dummy-199
816819.279500676,250,230,dummy-199
816877.847225818,250,230,dummy-199
816927.503789488,250,230,dummy-199
816654.9638925,250,230,dummy-129
816706.602488078,250,230,dummy-129
816891.10485483,250,230,dummy-129
816773.122352251,250,230,dummy-371
816799.173864543,250,230,dummy-371
816823.577121758,250,230,dummy-371
816878.811876545,250,230,dummy-371
816913.595498654,250,230,dummy-371
816943.585154892,250,230,dummy-371
816672.860788308,250,230,dummy-196
816690.604279979,250,230,dummy-196
816751.402478003,250,230,dummy-196
816800.312228385,250,230,dummy-196
816828.6861081,250,230,dummy-196
816682.593597856,250,230,dummy-55
816691.445386722,250,230,dummy-55
816719.51181984,250,230,dummy-55
816896.175648951,250,230,dummy-55
816904.273115961,250,230,dummy-55
816904.495524552,250,230,dummy-55
816906.53023615,250,230,dummy-55
816663.74687877,250,230,dummy-204
816784.253021798,250,230,dummy-204
816820.293595783,250,230,dummy-204
816939.035709812,250,230,dummy-204
816942.725896599,250,230,dummy-204
816728.493931452,250,230,dummy-304
816860.535662598,250,230,dummy-304
816867.424284273,250,230,dummy-304
816897.876810144,250,230,dummy-304
816905.148992222,250,230,dummy-304
816933.028829147,250,230,dummy-304
816689.94653542,250,230,dummy-15
816719.060559693,250,230,dummy-15
816930.742107646,250,230,dummy-15
816678.705322069,250,230,dummy-12
816776.877364517,250,230,dummy-12
816838.805010189,250,230,dummy-12
816866.391092408,250,230,dummy-12
816738.846728757,250,230,dummy-50
816804.389029549,250,230,dummy-50
816809.455010406,250,230,dummy-50
816834.765646678,250,230,dummy-50
816841.349809463,250,230,dummy-50
816849.178004549,250,230,dummy-50
816795.020490676,250,230,dummy-324
816809.493309414,250,230,dummy-324
816850.748321657,250,230,dummy-324
816675.05599162,250,230,dummy-638
816924.161266286,250,230,dummy-638
816689.290114927,250,230,dummy-412
816765.603818698,250,230,dummy-412
816863.176486506,250,230,dummy-412
816716.676029544,250,230,dummy-639
816854.313316674,250,230,dummy-639
816740.998903106,250,230,dummy-723
816889.798826112,250,230,dummy-723
816648.412874689,250,230,dummy-105
816813.850178815,250,230,dummy-105
816833.971644214,250,230,dummy-105
816647.143024018,250,230,dummy-389
816848.71099208,250,230,dummy-389
816888.070528123,250,230,dummy-389
816759.078232269,250,230,dummy-202
816792.141368076,250,230,dummy-202
816858.660298397,250,230,dummy-202
816883.584331959,250,230,dummy-202
816886.128617331,250,230,dummy-202
816902.512690917,250,230,dummy-202
816665.3369638,250,230,dummy-715
816744.169227026,250,230,dummy-715
816792.666900567,250,230,dummy-715
816848.94125358,250,230,dummy-715
816685.486705273,250,230,dummy-479
816860.414930122,250,230,dummy-479
816747.571215295,250,230,dummy-424
816757.141808121,250,230,dummy-424
816831.460980592,250,230,dummy-424
816918.970868051,250,230,dummy-424
816920.371075287,250,230,dummy-424
816661.341675364,250,230,dummy-334
816664.940822218,250,230,dummy-334
816675.833515441,250,230,dummy-334
816720.244509962,250,230,dummy-334
816728.831680361,250,230,dummy-334
816837.494863775,250,230,dummy-334
816653.292254422,250,230,dummy-5
816812.590480184,250,230,dummy-5
816873.267064146,250,230,dummy-5
816898.861106222,250,230,dummy-5
816649.702656462,250,230,dummy-721
816697.077770321,250,230,dummy-721
816758.710189492,250,230,dummy-721
816862.351890545,250,230,dummy-721
816891.8025537,250,230,dummy-721
816693.488037425,250,230,dummy-718
816719.546440106,250,230,dummy-718
816795.858476175,250,230,dummy-752
816819.879406631,250,230,dummy-752
816832.50104628,250,230,dummy-752
816844.222956978,250,230,dummy-752
816656.186031932,250,230,dummy-310
816791.264669213,250,230,dummy-310
816716.666103282,250,230,dummy-781
816824.539638237,250,230,dummy-781
816886.575770306,250,230,dummy-781
816941.08873024,250,230,dummy-781
816646.769184844,250,230,dummy-264
816822.671423465,250,230,dummy-264
816870.249318446,250,230,dummy-264
816678.800214584,250,230,dummy-266
816762.679878045,250,230,dummy-266
816703.42602941,250,230,dummy-645
816765.193270145,250,230,dummy-645
816818.531273711,250,230,dummy-645
816862.733922776,250,230,dummy-645
816677.918993106,250,230,dummy-416
816885.563958113,250,230,dummy-416
816915.983014286,250,230,dummy-416
816657.860314169,250,230,dummy-90
816762.557353603,250,230,dummy-90
816654.257139061,250,230,dummy-539
816673.814285086,250,230,dummy-539
816765.906758491,250,230,dummy-539
816806.165525696,250,230,dummy-539
816859.239450382,250,230,dummy-539
816660.504619284,250,230,dummy-198
816717.062166083,250,230,dummy-198
816914.655621889,250,230,dummy-198
816926.999192991,250,230,dummy-113
816673.683852887,250,230,dummy-140
816682.842848447,250,230,dummy-140
816683.216579596,250,230,dummy-140
816698.057667472,250,230,dummy-140
816716.902760132,250,230,dummy-140
816734.440480979,250,230,dummy-140
816750.141681632,250,230,dummy-140
816659.015820952,250,230,dummy-677
816686.444780436,250,230,dummy-677
816688.172853873,250,230,dummy-677
816778.708199794,250,230,dummy-677
816787.321722296,250,230,dummy-677
816834.761080302,250,230,dummy-677
816713.816223945,250,230,dummy-111
816724.729817879,250,230,dummy-111
816728.350938832,250,230,dummy-111
816751.929547148,250,230,dummy-111
816856.561566625,250,230,dummy-111
816860.67348276,250,230,dummy-459
816887.76894737,250,230,dummy-459
816716.229034442,250,230,dummy-545
816870.500573775,250,230,dummy-246
816697.209041861,250,230,dummy-153
816779.885499701,250,230,dummy-153
816909.152670033,250,230,dummy-153
816930.747139567,250,230,dummy-153
816941.190130485,250,230,dummy-153
816722.307169889,250,230,dummy-676
816788.362392156,250,230,dummy-676
816792.669047262,250,230,dummy-676
816844.795212094,250,230,dummy-676
816876.525857071,250,230,dummy-676
816773.582183407,250,230,dummy-661
816915.431439192,250,230,dummy-661
816674.192251558,250,230,dummy-777
816708.642677572,250,230,dummy-777
816779.710743164,250,230,dummy-777
816855.94082149,250,230,dummy-777
816867.962709227,250,230,dummy-777
816740.213615625,250,230,dummy-760
816876.558971766,250,230,dummy-760
816667.796607928,250,230,dummy-285
816684.250888292,250,230,dummy-285
816757.218434932,250,230,dummy-285
816786.086053766,250,230,dummy-285
816844.232237815,250,230,dummy-285
816880.905820476,250,230,dummy-285
816740.492841394,250,230,dummy-398
816863.113385594,250,230,dummy-398
816943.548585242,250,230,dummy-398
816713.774984794,250,230,dummy-318
816756.593236174,250,230,dummy-318
816881.935080713,250,230,dummy-318
816918.610357384,250,230,dummy-318
816922.538465604,250,230,dummy-318
816923.198879389,250,230,dummy-318
816705.356869873,250,230,dummy-177
816732.914429497,250,230,dummy-177
816758.460261196,250,230,dummy-177
816761.661792862,250,230,dummy-177
816803.853934141,250,230,dummy-177
816836.989481892,250,230,dummy-177
816886.546129886,250,230,dummy-177
816899.289730612,250,230,dummy-177
816783.408419231,250,230,dummy-368
816837.557185857,250,230,dummy-368
816850.617399709,250,230,dummy-368
816875.408596344,250,230,dummy-368
816889.565024063,250,230,dummy-368
816908.304866084,250,230,dummy-368
816933.861068781,250,230,dummy-295
816657.942767514,250,230,dummy-396
816827.016991407,250,230,dummy-396
816646.114233234,250,230,dummy-19
816689.432539625,250,230,dummy-19
816782.67163757,250,230,dummy-403
816852.965531308,250,230,dummy-403
816904.362810122,250,230,dummy-403
816745.223303812,250,230,dummy-157
816820.178343542,250,230,dummy-157
816681.797910727,250,230,dummy-147
816706.51019685,250,230,dummy-651
816792.314216995,250,230,dummy-651
816814.888485402,250,230,dummy-651
816906.865448055,250,230,dummy-651
816691.570122424,250,230,dummy-47
816720.482264903,250,230,dummy-47
816736.879971552,250,230,dummy-47
816847.375839829,250,230,dummy-47
816861.801157806,250,230,dummy-47
816866.636095383,250,230,dummy-47
816767.461271311,250,230,dummy-344
816810.276879326,250,230,dummy-344
816736.649644232,250,230,dummy-141
816869.923249088,250,230,dummy-141
816874.479804883,250,230,dummy-141
816912.625494993,250,230,dummy-141
816921.077945318,250,230,dummy-141
816939.012075614,250,230,dummy-141
816872.076151597,250,230,dummy-552
816886.191056417,250,230,dummy-552
816888.452639634,250,230,dummy-552
816650.576231081,250,230,dummy-531
816703.882860718,250,230,dummy-531
816752.989056825,250,230,dummy-531
816920.519327775,250,230,dummy-531
816850.581076996,250,230,dummy-429
816891.064163331,250,230,dummy-429
816936.193429554,250,230,dummy-429
816682.926372543,250,230,dummy-586
816727.17738376,250,230,dummy-586
816729.858384262,250,230,dummy-586
816774.352274021,250,230,dummy-586
816861.074425692,250,230,dummy-586
816883.003476764,250,230,dummy-811
816907.192730849,250,230,dummy-811
816928.30159878,250,230,dummy-811
816931.800310005,250,230,dummy-811
816712.494348452,250,230,dummy-386
816764.970051242,250,230,dummy-386
816767.176828263,250,230,dummy-386
816858.42472415,250,230,dummy-386
816870.00803378,250,230,dummy-386
816924.351344626,250,230,dummy-386
816683.26910912,250,230,dummy-701
816691.329452186,250,230,dummy-308
816734.055391013,250,230,dummy-308
816800.957291911,250,230,dummy-308
816811.024968008,250,230,dummy-308
816848.937632782,250,230,dummy-308
816671.817835578,250,230,dummy-521
816736.159380596,250,230,dummy-521
816860.646153192,250,230,dummy-521
816912.22784717,250,230,dummy-521
816668.501591731,250,230,dummy-164
816826.435488795,250,230,dummy-164
816832.13648041,250,230,dummy-164
816903.114682073,250,230,dummy-164
816659.117050453,250,230,dummy-404
816862.913508571,250,230,dummy-404
816902.35830402,250,230,dummy-404
816676.12369256,250,230,dummy-807
816677.584972736,250,230,dummy-807
816702.082263284,250,230,dummy-807
816800.851829441,250,230,dummy-807
816811.368730372,250,230,dummy-807
816924.936745834,250,230,dummy-807
816650.189708757,250,230,dummy-357
816771.022924937,250,230,dummy-357
816801.853620562,250,230,dummy-357
816856.505670383,250,230,dummy-357
816863.331921891,250,230,dummy-357
816691.823329661,250,230,dummy-671
816727.014552787,250,230,dummy-671
816911.76419258,250,230,dummy-671
816919.029236765,250,230,dummy-671
816920.425082871,250,230,dummy-671
816728.195770938,250,230,dummy-625
816877.382637945,250,230,dummy-625
816676.945106676,250,230,dummy-583
816730.23046411,250,230,dummy-583
816870.00798742,250,230,dummy-583
816685.545581671,250,230,dummy-529
816730.515855522,250,230,dummy-529
816867.00193959,250,230,dummy-529
816719.001212038,250,230,dummy-257
816889.674879874,250,230,dummy-257
816765.802535455,250,230,dummy-122
816802.218891106,250,230,dummy-122
816862.042401907,250,230,dummy-122
816871.788919554,250,230,dummy-122
816684.928250653,250,230,dummy-480
816798.498206104,250,230,dummy-480
816850.593832866,250,230,dummy-480
816930.761846005,250,230,dummy-480
816683.163684662,250,230,dummy-305
816709.235523262,250,230,dummy-305
816834.037919078,250,230,dummy-305
816848.606370742,250,230,dummy-305
816735.367118494,250,230,dummy-472
816798.174815362,250,230,dummy-472
816823.720195478,250,230,dummy-472
816928.851066109,250,230,dummy-472
816786.273154368,250,230,dummy-277
816905.058582394,250,230,dummy-277
816700.24403663,250,230,dummy-209
816749.695352947,250,230,dummy-209
816774.736093773,250,230,dummy-209
816781.449054268,250,230,dummy-209
816827.798588253,250,230,dummy-209
816692.191546193,250,230,dummy-390
816698.453622219,250,230,dummy-390
816702.515306103,250,230,dummy-390
816755.36417438,250,230,dummy-390
816783.666864421,250,230,dummy-390
816833.414366453,250,230,dummy-390
816854.594861677,250,230,dummy-390
816921.123188098,250,230,dummy-390
816681.944617458,250,230,dummy-343
816692.046817699,250,230,dummy-343
816825.033474119,250,230,dummy-343
816800.0710331,250,230,dummy-59
816684.577308028,250,230,dummy-254
816779.245819333,250,230,dummy-254
816860.528074362,250,230,dummy-254
816926.275890508,250,230,dummy-254
816763.932796781,250,230,dummy-780
816803.742906182,250,230,dummy-780
816820.886493789,250,230,dummy-780
816913.432436131,250,230,dummy-780
816646.404322819,250,230,dummy-658
816655.477300902,250,230,dummy-658
816756.923457993,250,230,dummy-658
816816.169470107,250,230,dummy-658
816875.949165029,250,230,dummy-658
816741.322526379,250,230,dummy-716
816933.156887704,250,230,dummy-716
816682.495939468,250,230,dummy-681
816700.710907019,250,230,dummy-681
816873.574011277,250,230,dummy-681
816940.61775156,250,230,dummy-681
816944.893179389,250,230,dummy-681
816683.3784919,250,230,dummy-611
816814.350156176,250,230,dummy-611
816883.940341203,250,230,dummy-611
816887.188632023,250,230,dummy-611
816740.532283154,250,230,dummy-455
816846.988830224,250,230,dummy-563
816645.258558082,250,230,dummy-115
816726.428987114,250,230,dummy-115
816910.358614604,250,230,dummy-115
816662.653973792,250,230,dummy-172
816716.438701624,250,230,dummy-172
816719.228520578,250,230,dummy-172
816736.417198029,250,230,dummy-172
816883.033121761,250,230,dummy-172
816903.927552429,250,230,dummy-172
816688.380025141,250,230,dummy-313
816766.027488416,250,230,dummy-313
816799.757234882,250,230,dummy-313
816808.258241505,250,230,dummy-313
816685.647990345,250,230,dummy-309
816688.559950799,250,230,dummy-309
816861.142771569,250,230,dummy-309
816940.601630408,250,230,dummy-309
816686.180137372,250,230,dummy-694
816749.856085051,250,230,dummy-694
816754.705836778,250,230,dummy-694
816755.090660199,250,230,dummy-694
816850.908134342,250,230,dummy-694
816861.463811464,250,230,dummy-694
816669.171773626,250,230,dummy-783
816679.424519822,250,230,dummy-783
816716.327341196,250,230,dummy-783
816787.018298443,250,230,dummy-783
816856.739456495,250,230,dummy-783
816909.853045386,250,230,dummy-783
816826.803209564,250,230,dummy-393
816845.501231535,250,230,dummy-393
816900.53335204,250,230,dummy-393
816902.722816368,250,230,dummy-393
816933.096248238,250,230,dummy-393
816677.844850455,250,230,dummy-728
816779.758484268,250,230,dummy-728
816900.960669724,250,230,dummy-798
816928.194863885,250,230,dummy-798
816653.226579261,250,230,dummy-41
816661.341647986,250,230,dummy-41
816760.034493176,250,230,dummy-41
816913.277446086,250,230,dummy-41
816924.861515579,250,230,dummy-41
816942.302918777,250,230,dummy-41
816854.763876591,250,230,dummy-731
816901.794383969,250,230,dummy-731
816938.953041236,250,230,dummy-731
816646.660594977,250,230,dummy-426
816688.835205329,250,230,dummy-426
816693.254474849,250,230,dummy-426
816755.962462386,250,230,dummy-426
816791.554995259,250,230,dummy-426
816869.140820861,250,230,dummy-426
816886.98930826,250,230,dummy-426
816835.915701735,250,230,dummy-69
816713.740768506,250,230,dummy-335
816864.0882378,250,230,dummy-335
816869.876234107,250,230,dummy-335
816876.27137489,250,230,dummy-335
816918.883347247,250,230,dummy-335
816832.383461635,250,230,dummy-441
816887.750095112,250,230,dummy-441
816927.237242275,250,230,dummy-441
816907.156438196,250,230,dummy-713
816703.992796559,250,230,dummy-654
816821.23754084,250,230,dummy-654
816687.398596905,250,230,dummy-369
816773.830463253,250,230,dummy-369
816817.58468235,250,230,dummy-369
816825.098612646,250,230,dummy-369
816864.616399229,250,230,dummy-369
816893.403424508,250,230,dummy-369
816908.777517617,250,230,dummy-369
816646.693754647,250,230,dummy-130
816704.688135188,250,230,dummy-130
816887.380507797,250,230,dummy-130
816693.869351001,250,230,dummy-331
816696.860556647,250,230,dummy-331
816879.985924134,250,230,dummy-331
816704.169121142,250,230,dummy-621
816721.66693299,250,230,dummy-621
816743.19995659,250,230,dummy-621
816819.685203784,250,230,dummy-621
816942.223794425,250,230,dummy-621
816714.017922531,250,230,dummy-821
816748.515555104,250,230,dummy-821
816797.518096257,250,230,dummy-821
816845.325729498,250,230,dummy-821
816855.828907664,250,230,dummy-821
816657.971766186,250,230,dummy-119
816764.157936743,250,230,dummy-119
816806.191574029,250,230,dummy-119
816943.928326491,250,230,dummy-119
816821.57991932,250,230,dummy-280
816657.663798886,250,230,dummy-761
816710.376905975,250,230,dummy-761
816719.260098568,250,230,dummy-761
816753.306670296,250,230,dummy-761
816773.908149685,250,230,dummy-761
816703.557736559,250,230,dummy-401
816925.574809498,250,230,dummy-401
816925.720802278,250,230,dummy-401
816653.987825546,250,230,dummy-237
816757.434446055,250,230,dummy-237
816771.332462755,250,230,dummy-237
816775.087608125,250,230,dummy-237
816850.865985644,250,230,dummy-237
816673.38514912,250,230,dummy-737
816777.706826943,250,230,dummy-737
816848.075522511,250,230,dummy-737
816658.994483611,250,230,dummy-543
816720.236613587,250,230,dummy-543
816801.607189303,250,230,dummy-543
816935.049275876,250,230,dummy-543
816689.941070017,250,230,dummy-194
816885.550553063,250,230,dummy-194
816913.309950989,250,230,dummy-194
816779.617553987,250,230,dummy-558
816910.336342793,250,230,dummy-128
816740.666612765,250,230,dummy-550
816805.561638885,250,230,dummy-550
816833.669331289,250,230,dummy-550
816886.302510477,250,230,dummy-550
816850.011433651,250,230,dummy-803
816883.626151171,250,230,dummy-803
816898.064221392,250,230,dummy-803
816647.498433393,250,230,dummy-617
816700.356809985,250,230,dummy-617
816919.224821224,250,230,dummy-617
816664.338332219,250,230,dummy-784
816932.359881333,250,230,dummy-784
816933.944752545,250,230,dummy-784
816714.07863591,250,230,dummy-436
816915.876105113,250,230,dummy-436
816924.761671167,250,230,dummy-436
816656.422966296,250,230,dummy-425
816670.59719981,250,230,dummy-425
816792.972489198,250,230,dummy-425
816895.427559378,250,230,dummy-425
816690.736094753,250,230,dummy-530
816787.909487835,250,230,dummy-530
816846.355567538,250,230,dummy-530
816881.604382167,250,230,dummy-530
816924.718753072,250,230,dummy-530
816655.720241742,250,230,dummy-399
816688.476112631,250,230,dummy-399
816696.712004244,250,230,dummy-399
816698.753649113,250,230,dummy-399
816729.201644869,250,230,dummy-399
816756.189530625,250,230,dummy-399
816832.888672191,250,230,dummy-399
816680.918232297,250,230,dummy-525
816689.22429667,250,230,dummy-525
816703.884286108,250,230,dummy-525
816839.944981556,250,230,dummy-525
816849.494124481,250,230,dummy-525
816885.886292921,250,230,dummy-525
816701.034981465,250,230,dummy-104
816798.535874764,250,230,dummy-104
816867.010940099,250,230,dummy-104
816909.796145093,250,230,dummy-104
816923.226766144,250,230,dummy-104
816685.028693153,250,230,dummy-64
816734.305590927,250,230,dummy-64
816812.111495954,250,230,dummy-64
816835.980368413,250,230,dummy-64
816919.098875581,250,230,dummy-64
816655.13689261,250,230,dummy-45
816667.23872834,250,230,dummy-45
816764.88768372,250,230,dummy-45
816779.295398196,250,230,dummy-45
816853.360000016,250,230,dummy-45
816855.222795952,250,230,dummy-45
816883.890184717,250,230,dummy-45
816670.461899806,250,230,dummy-341
816695.192334516,250,230,dummy-341
816760.171227365,250,230,dummy-341
816765.282356704,250,230,dummy-341
816818.906762236,250,230,dummy-341
816736.431163898,250,230,dummy-276
816823.108676578,250,230,dummy-276
816802.750453523,250,230,dummy-186
816877.908273073,250,230,dummy-186
816923.337643634,250,230,dummy-186
816770.655220866,250,230,dummy-513
816790.253720502,250,230,dummy-513
816921.324054297,250,230,dummy-513
816712.298113443,250,230,dummy-815
816767.500439079,250,230,dummy-815
816802.628388789,250,230,dummy-815
816805.197974996,250,230,dummy-815
816840.759541157,250,230,dummy-815
816898.586827349,250,230,dummy-815
816922.325015408,250,230,dummy-815
816652.281205766,250,230,dummy-746
816684.855571542,250,230,dummy-746
816708.87755857,250,230,dummy-746
816782.437487245,250,230,dummy-746
816742.505281584,250,230,dummy-622
816870.795684561,250,230,dummy-145
816668.36892708,250,230,dummy-241
816942.092934721,250,230,dummy-241
816738.193658474,250,230,dummy-72
816739.463802404,250,230,dummy-72
816681.92851299,250,230,dummy-602
816667.916140784,250,230,dummy-592
816692.509872189,250,230,dummy-592
816785.866546961,250,230,dummy-592
816846.128664203,250,230,dummy-592
816877.884797323,250,230,dummy-592
816918.328963318,250,230,dummy-592
816930.598289669,250,230,dummy-592
816943.119444521,250,230,dummy-592
816755.621970158,250,230,dummy-719
816854.441069276,250,230,dummy-719
816925.577148118,250,230,dummy-719
816776.415851067,250,230,dummy-628
816804.342019695,250,230,dummy-628
816919.77073191,250,230,dummy-628
816800.810448021,250,230,dummy-422
816920.92655384,250,230,dummy-422
816943.097885986,250,230,dummy-422
816671.736639366,250,230,dummy-663
816807.320924736,250,230,dummy-663
816851.8116225,250,230,dummy-663
816701.831213393,250,230,dummy-623
816892.621461577,250,230,dummy-623
816670.35855062,250,230,dummy-190
816882.294264454,250,230,dummy-190
816664.56197919,250,230,dummy-588
816699.024462758,250,230,dummy-588
816737.126459201,250,230,dummy-78
816803.009700559,250,230,dummy-78
816821.341172701,250,230,dummy-78
816870.799059356,250,230,dummy-78
816731.489422089,250,230,dummy-247
816756.71904792,250,230,dummy-247
816839.315485439,250,230,dummy-247
816852.862541408,250,230,dummy-247
816749.926737581,250,230,dummy-73
816766.403766701,250,230,dummy-73
816790.281030895,250,230,dummy-73
816879.321172577,250,230,dummy-73
816682.638687934,250,230,dummy-361
816692.553678877,250,230,dummy-361
816809.164100712,250,230,dummy-361
816870.371550795,250,230,dummy-361
816766.817367868,250,230,dummy-32
816842.247008557,250,230,dummy-32
816871.435631427,250,230,dummy-32
816763.800918696,250,230,dummy-13
816910.824077051,250,230,dummy-13
816733.991032999,250,230,dummy-724
816881.511454665,250,230,dummy-724
816892.385867695,250,230,dummy-724
816931.876054389,250,230,dummy-724
816932.294390725,250,230,dummy-724
816934.9520985,250,230,dummy-724
816739.494177014,250,230,dummy-569
816878.598217385,250,230,dummy-569
816702.955175248,250,230,dummy-735
816901.510539095,250,230,dummy-735
816912.255355931,250,230,dummy-735
816914.24256886,250,230,dummy-735
816647.602341367,250,230,dummy-84
816868.921706337,250,230,dummy-84
816872.114907409,250,230,dummy-84
816897.556075294,250,230,dummy-84
816667.667395464,250,230,dummy-312
816680.860347119,250,230,dummy-312
816815.950456892,250,230,dummy-312
816743.23631988,250,230,dummy-103
816706.391690156,250,230,dummy-675
816741.326009039,250,230,dummy-675
816757.924312552,250,230,dummy-675
816801.094485484,250,230,dummy-675
816837.02306656,250,230,dummy-675
816882.605339403,250,230,dummy-675
816920.185827254,250,230,dummy-675
816708.812609033,250,230,dummy-85
816750.318765108,250,230,dummy-85
816797.944235151,250,230,dummy-85
816917.752780109,250,230,dummy-85
816876.696713282,250,230,dummy-804
816890.761826957,250,230,dummy-804
816891.582306563,250,230,dummy-804
816683.05720606,250,230,dummy-700
816724.149814155,250,230,dummy-700
816750.592467177,250,230,dummy-700
816789.049612178,250,230,dummy-700
816790.314202045,250,230,dummy-700
816834.227239705,250,230,dummy-700
816660.20833191,250,230,dummy-83
816691.395176655,250,230,dummy-83
816784.162259614,250,230,dummy-83
816784.604254638,250,230,dummy-83
816700.807692824,250,230,dummy-35
816754.626267822,250,230,dummy-35
816804.040591065,250,230,dummy-35
816883.720717327,250,230,dummy-394
816886.343788749,250,230,dummy-515
816816.043341494,250,230,dummy-499
816929.262255526,250,230,dummy-499
816660.231733712,250,230,dummy-406
816681.096928853,250,230,dummy-406
816684.462177325,250,230,dummy-406
816694.590919571,250,230,dummy-406
816777.565389983,250,230,dummy-406
816857.518660211,250,230,dummy-406
816914.344658586,250,230,dummy-406
816693.580909099,250,230,dummy-271
816779.879704261,250,230,dummy-271
816839.955966869,250,230,dummy-271
816902.23436486,250,230,dummy-271
816807.216594049,250,230,dummy-149
816845.657340516,250,230,dummy-149
816880.702560731,250,230,dummy-267
816899.553652713,250,230,dummy-267
816928.366534453,250,230,dummy-267
816732.177307035,250,230,dummy-824
816762.175638009,250,230,dummy-824
816789.303745876,250,230,dummy-824
816823.117894245,250,230,dummy-824
816766.466449159,250,230,dummy-584
816817.769569306,250,230,dummy-584
816859.445849477,250,230,dummy-584
816921.853558202,250,230,dummy-584
816939.496608525,250,230,dummy-584
816808.367807842,250,230,dummy-793
816846.350999723,250,230,dummy-793
816672.786643404,250,230,dummy-27
816672.952892724,250,230,dummy-27
816705.043847913,250,230,dummy-27
816762.895073326,250,230,dummy-27
816876.343051712,250,230,dummy-27
816710.767940668,250,230,dummy-109
816716.904383281,250,230,dummy-109
816725.22419335,250,230,dummy-109
816878.441558567,250,230,dummy-109
816646.813291512,250,230,dummy-26
816647.227590414,250,230,dummy-26
816662.813252643,250,230,dummy-26
816733.876293493,250,230,dummy-26
816830.363693109,250,230,dummy-26
816898.892551822,250,230,dummy-26
816667.741793956,250,230,dummy-253
816895.070534098,250,230,dummy-253
816703.417590142,250,230,dummy-599
816763.240757223,250,230,dummy-599
816803.263238671,250,230,dummy-599
816874.102730185,250,230,dummy-599
816887.084926458,250,230,dummy-599
816940.187908423,250,230,dummy-599
816686.520762483,250,230,dummy-806
816695.156840042,250,230,dummy-806
816709.885300491,250,230,dummy-806
816818.146529909,250,230,dummy-806
816830.187802239,250,230,dummy-806
816865.025697622,250,230,dummy-806
816651.037563427,250,230,dummy-272
816692.094493015,250,230,dummy-272
816761.037368723,250,230,dummy-272
816834.730721872,250,230,dummy-272
816851.075044147,250,230,dummy-272
816919.731989714,250,230,dummy-272
816733.056134678,250,230,dummy-395
816747.535461132,250,230,dummy-395
816846.258476045,250,230,dummy-395
816942.97179454,250,230,dummy-395
816751.444473127,250,230,dummy-758
816834.160439511,250,230,dummy-758
816894.899451272,250,230,dummy-758
816915.404906719,250,230,dummy-758
816855.721908882,250,230,dummy-94
816910.049735796,250,230,dummy-94
816680.531244777,250,230,dummy-176
816765.205906974,250,230,dummy-176
816902.253291132,250,230,dummy-176
816721.395617529,250,230,dummy-794
816727.892222649,250,230,dummy-794
816757.331831939,250,230,dummy-794
816826.217218999,250,230,dummy-794
816912.98239613,250,230,dummy-794
816734.336399369,250,230,dummy-81
816848.323241803,250,230,dummy-81
816889.278004919,250,230,dummy-81
816683.098663451,250,230,dummy-561
816690.275753375,250,230,dummy-561
816777.974777189,250,230,dummy-561
816828.167738503,250,230,dummy-561
816675.759824062,250,230,dummy-613
816684.545184981,250,230,dummy-613
816806.253335277,250,230,dummy-613
816819.250337831,250,230,dummy-613
816827.970193288,250,230,dummy-613
816722.862938377,250,230,dummy-16
816795.4073783,250,230,dummy-16
816873.404325162,250,230,dummy-16
816878.46532235,250,230,dummy-16
816660.982897139,250,230,dummy-265
816681.751812407,250,230,dummy-265
816748.842046802,250,230,dummy-265
816923.865196406,250,230,dummy-265
816929.76481547,250,230,dummy-265
816653.871251047,250,230,dummy-320
816794.164923469,250,230,dummy-320
816861.961893871,250,230,dummy-320
816939.987585446,250,230,dummy-320
816808.04920298,250,230,dummy-695
816879.202077923,250,230,dummy-695
816648.082677757,250,230,dummy-696
816912.257738917,250,230,dummy-696
816775.069652845,250,230,dummy-801
816776.169993009,250,230,dummy-801
816933.194878093,250,230,dummy-801
816752.877514043,250,230,dummy-1
816822.63945133,250,230,dummy-1
816871.183572904,250,230,dummy-1
816890.484718991,250,230,dummy-1
816904.993455031,250,230,dummy-1
816653.5996326,250,230,dummy-509
816706.68242751,250,230,dummy-509
816716.20797172,250,230,dummy-509
816818.137351914,250,230,dummy-509
816686.91575665,250,230,dummy-231
816719.106445175,250,230,dummy-231
816735.141812373,250,230,dummy-231
816884.015921293,250,230,dummy-231
816889.399158474,250,230,dummy-173
816690.364750698,250,230,dummy-211
816807.314234549,250,230,dummy-211
816876.070257377,250,230,dummy-211
816944.681652848,250,230,dummy-211
816783.275729635,250,230,dummy-191
816671.617543063,250,230,dummy-233
816730.680638477,250,230,dummy-233
816752.422981816,250,230,dummy-233
816813.183792317,250,230,dummy-233
816713.08192958,250,230,dummy-616
816747.38075239,250,230,dummy-616
816883.12286382,250,230,dummy-616
816923.679445038,250,230,dummy-616
816704.197658839,250,230,dummy-830
816793.262743148,250,230,dummy-830
816854.436533313,250,230,dummy-830
816855.064070181,250,230,dummy-830
816858.529399425,250,230,dummy-830
816762.921977253,250,230,dummy-193
816762.928924383,250,230,dummy-193
816786.397328918,250,230,dummy-193
816828.104954053,250,230,dummy-193
816670.504259437,250,230,dummy-346
816811.393471736,250,230,dummy-346
816891.765920046,250,230,dummy-346
816928.393852394,250,230,dummy-346
816712.334920613,250,230,dummy-234
816809.131403596,250,230,dummy-234
816708.475904317,250,230,dummy-580
816729.918923567,250,230,dummy-596
816737.827958237,250,230,dummy-596
816739.47868005,250,230,dummy-110
816876.27134313,250,230,dummy-593
816891.917129721,250,230,dummy-593
816673.23816626,250,230,dummy-40
816699.615080247,250,230,dummy-40
816740.031237249,250,230,dummy-40
816653.315202039,250,230,dummy-8
816720.186065743,250,230,dummy-8
816769.79303077,250,230,dummy-8
816802.101644817,250,230,dummy-8
816847.895918631,250,230,dummy-8
816694.418882591,250,230,dummy-748
816750.255164456,250,230,dummy-748
816898.335896164,250,230,dummy-748
816905.962789393,250,230,dummy-748
816674.46196324,250,230,dummy-160
816754.869427203,250,230,dummy-160
816819.422704065,250,230,dummy-160
816867.205919967,250,230,dummy-160
816878.830920285,250,230,dummy-160
816900.843719004,250,230,dummy-160
816697.099710305,250,230,dummy-434
816714.970601492,250,230,dummy-434
816750.422399082,250,230,dummy-434
816753.896545339,250,230,dummy-434
816768.451137514,250,230,dummy-434
816905.841068127,250,230,dummy-434
816663.979821796,250,230,dummy-726
816680.380199974,250,230,dummy-726
816855.712322324,250,230,dummy-726
816739.045515865,250,230,dummy-174
816836.636987232,250,230,dummy-174
816852.464639568,250,230,dummy-174
816855.850607884,250,230,dummy-174
816922.964010377,250,230,dummy-174
816685.773548835,250,230,dummy-714
816803.393092521,250,230,dummy-714
816922.67803769,250,230,dummy-714
816680.786068995,250,230,dummy-447
816714.549196996,250,230,dummy-447
816772.352522101,250,230,dummy-447
816922.92667449,250,230,dummy-447
816674.190870383,250,230,dummy-175
816730.664851548,250,230,dummy-175
816874.610164091,250,230,dummy-175
816739.868905348,250,230,dummy-787
816740.94183679,250,230,dummy-787
816798.404352272,250,230,dummy-787
816836.724304699,250,230,dummy-787
816657.040306326,250,230,dummy-589
816735.060132877,250,230,dummy-589
816766.001440327,250,230,dummy-589
816786.973322224,250,230,dummy-589
816813.218836173,250,230,dummy-589
816862.757128042,250,230,dummy-589
816938.453168353,250,230,dummy-589
816682.218112606,250,230,dummy-590
816704.655870635,250,230,dummy-590
816751.453909757,250,230,dummy-590
816756.437259328,250,230,dummy-590
816842.822104166,250,230,dummy-590
816891.131665451,250,230,dummy-590
816803.696843123,250,230,dummy-126
816826.482210187,250,230,dummy-126
816827.349519237,250,230,dummy-126
816857.952990914,250,230,dummy-126
816868.946486399,250,230,dummy-126
816907.465791566,250,230,dummy-126
816665.168002036,250,230,dummy-364
816677.404043886,250,230,dummy-364
816666.230698341,250,230,dummy-771
816717.829458724,250,230,dummy-771
816803.394715024,250,230,dummy-771
816805.855965914,250,230,dummy-771
816813.993694366,250,230,dummy-771
816878.50677961,250,230,dummy-771
816886.169900255,250,230,dummy-771
816754.591153812,250,230,dummy-814
816760.881477229,250,230,dummy-814
816878.196041971,250,230,dummy-814
816903.996867645,250,230,dummy-814
816924.431562919,250,230,dummy-814
816745.352472193,250,230,dummy-690
816762.626144691,250,230,dummy-690
816766.670039479,250,230,dummy-690
816787.621177234,250,230,dummy-690
816880.636239958,250,230,dummy-690
816909.69508291,250,230,dummy-690
816910.678990369,250,230,dummy-690
816685.901767304,250,230,dummy-659
816812.12585272,250,230,dummy-659
816925.246698427,250,230,dummy-659
816696.031361406,250,230,dummy-767
816726.135475157,250,230,dummy-767
816784.328027359,250,230,dummy-767
816904.28529774,250,230,dummy-767
816851.475356356,250,230,dummy-489
816768.171587438,250,230,dummy-710
816784.391080826,250,230,dummy-710
816659.298228979,250,230,dummy-465
816863.68930456,250,230,dummy-465
816918.025691605,250,230,dummy-465
816648.025836326,250,230,dummy-127
816721.372345709,250,230,dummy-127
816849.710235807,250,230,dummy-127
816760.851789711,250,230,dummy-747
816891.685606554,250,230,dummy-747
816750.145221026,250,230,dummy-258
816811.772039347,250,230,dummy-258
816825.179264307,250,230,dummy-258
816895.402467347,250,230,dummy-258
816804.667765635,250,230,dummy-352
816937.649217808,250,230,dummy-352
816940.928368853,250,230,dummy-352
816656.449551705,250,230,dummy-326
816683.944586361,250,230,dummy-326
816748.772180084,250,230,dummy-326
816846.338699165,250,230,dummy-326
816891.009306113,250,230,dummy-326
816932.30209532,250,230,dummy-326
816745.617290847,250,230,dummy-296
816749.255152791,250,230,dummy-296
816776.260190506,250,230,dummy-296
816777.815803941,250,230,dummy-296
816649.828081809,250,230,dummy-48
816695.231738528,250,230,dummy-48
816725.854868682,250,230,dummy-48
816855.809837353,250,230,dummy-48
816874.151209613,250,230,dummy-48
816888.482584734,250,230,dummy-48
816659.216831196,250,230,dummy-67
816724.746836611,250,230,dummy-67
816769.893464213,250,230,dummy-67
816726.698735332,250,230,dummy-698
816740.950915469,250,230,dummy-698
816769.680653755,250,230,dummy-698
816811.759325043,250,230,dummy-698
816835.874930105,250,230,dummy-698
816865.129755662,250,230,dummy-698
816889.278048766,250,230,dummy-698
816915.593666095,250,230,dummy-698
816694.166020981,250,230,dummy-366
816790.976558593,250,230,dummy-366
816714.786169197,250,230,dummy-36
816720.47208799,250,230,dummy-36
816849.957301226,250,230,dummy-36
816872.328429297,250,230,dummy-36
816670.590671488,250,230,dummy-554
816663.492513442,250,230,dummy-492
816745.141674285,250,230,dummy-492
816908.420949192,250,230,dummy-492
816758.775256271,250,230,dummy-564
816810.306273707,250,230,dummy-564
816883.938006807,250,230,dummy-564
816687.988575277,250,230,dummy-314
816696.439151824,250,230,dummy-314
816646.086491342,250,230,dummy-453
816746.522867785,250,230,dummy-453
816705.639944994,250,230,dummy-134
816675.793259864,250,230,dummy-542
816787.028339693,250,230,dummy-542
816835.489074015,250,230,dummy-542
816880.824313502,250,230,dummy-542
816689.237940639,250,230,dummy-240
816785.697458849,250,230,dummy-240
816934.120273516,250,230,dummy-240
816686.9737126,250,230,dummy-648
816921.680767408,250,230,dummy-648
816668.624444346,250,230,dummy-468
816864.234872337,250,230,dummy-468
816877.17831469,250,230,dummy-468
816669.592555052,250,230,dummy-342
816678.045919758,250,230,dummy-342
816765.456688587,250,230,dummy-342
816833.908334159,250,230,dummy-342
816668.580790479,250,230,dummy-481
816765.127458847,250,230,dummy-481
816795.687797031,250,230,dummy-481
816736.389152157,250,230,dummy-560
816748.850744163,250,230,dummy-560
816845.504612084,250,230,dummy-560
816866.87161783,250,230,dummy-560
816908.493320523,250,230,dummy-560
816912.281330168,250,230,dummy-560
816685.04105237,250,230,dummy-93
816753.23400596,250,230,dummy-93
816781.508784212,250,230,dummy-93
816655.131098563,250,230,dummy-523
816687.20179538,250,230,dummy-523
816689.209748869,250,230,dummy-523
816729.57435922,250,230,dummy-523
816744.741608695,250,230,dummy-523
816803.281206141,250,230,dummy-523
816921.766620659,250,230,dummy-523
816716.871198018,250,230,dummy-117
816754.224197182,250,230,dummy-117
816767.366648065,250,230,dummy-117
816815.5040648,250,230,dummy-288
816825.291899577,250,230,dummy-288
816887.596801142,250,230,dummy-288
816923.759475977,250,230,dummy-288
816716.454519795,250,230,dummy-753
816693.511961287,250,230,dummy-705
816819.624078781,250,230,dummy-705
816833.08634006,250,230,dummy-705
816839.168283321,250,230,dummy-705
816709.416607193,250,230,dummy-76
816732.043419603,250,230,dummy-217
816745.462860094,250,230,dummy-217
816804.653741302,250,230,dummy-217
816854.360531433,250,230,dummy-217
816889.326650342,250,230,dummy-20
816944.977559539,250,230,dummy-20
816734.176270303,250,230,dummy-68
816786.000712867,250,230,dummy-68
816848.613082179,250,230,dummy-68
816882.909043366,250,230,dummy-68
816695.379892372,250,230,dummy-138
816773.562168234,250,230,dummy-114
816898.047713518,250,230,dummy-114
816692.553649647,250,230,dummy-2
816791.029118478,250,230,dummy-2
816834.455220581,250,230,dummy-2
816884.483660932,250,230,dummy-2
816652.113598889,250,230,dummy-61
816662.351740502,250,230,dummy-61
816711.160396178,250,230,dummy-61
816765.181674287,250,230,dummy-61
816837.607475186,250,230,dummy-61
816909.686418561,250,230,dummy-61
