arrival_time,input_tokens,output_tokens,adapter
816519.606185846,250,230,dummy-715
816685.218506813,250,230,dummy-715
816711.895645102,250,230,dummy-715
816738.960334514,250,230,dummy-715
816502.06074991,250,230,dummy-644
816611.453645693,250,230,dummy-644
816771.777884575,250,230,dummy-644
816528.635714927,250,230,dummy-109
816574.940618901,250,230,dummy-270
816676.084017402,250,230,dummy-270
816505.268005027,250,230,dummy-760
816600.043640408,250,230,dummy-760
816651.867518833,250,230,dummy-760
816711.944436886,250,230,dummy-760
816727.773394302,250,230,dummy-760
816698.678149847,250,230,dummy-408
816753.91338315,250,230,dummy-408
816573.996739756,250,230,dummy-376
816682.258488813,250,230,dummy-376
816537.869939246,250,230,dummy-754
816562.367162276,250,230,dummy-754
816573.8947479,250,230,dummy-754
816744.185114119,250,230,dummy-754
816779.920143017,250,230,dummy-754
816601.835464027,250,230,dummy-512
816607.866152046,250,230,dummy-512
816636.595556069,250,230,dummy-512
816706.596663573,250,230,dummy-512
816794.107057535,250,230,dummy-512
816579.88586038,250,230,dummy-192
816582.675788474,250,230,dummy-192
816622.630489469,250,230,dummy-192
816501.878915712,250,230,dummy-643
816520.985349915,250,230,dummy-643
816572.660552509,250,230,dummy-643
816660.681765739,250,230,dummy-643
816714.304829161,250,230,dummy-643
816788.21927549,250,230,dummy-643
816537.572422708,250,230,dummy-494
816608.541802301,250,230,dummy-494
816625.13972725,250,230,dummy-494
816791.623642046,250,230,dummy-494
816540.971786307,250,230,dummy-381
816549.278159816,250,230,dummy-381
816626.926386041,250,230,dummy-381
816638.21544226,250,230,dummy-381
816641.804672908,250,230,dummy-381
816657.302489612,250,230,dummy-381
816518.625713768,250,230,dummy-65
816575.094263575,250,230,dummy-65
816682.293842455,250,230,dummy-65
816720.208124178,250,230,dummy-65
816756.882736579,250,230,dummy-65
816778.895353436,250,230,dummy-65
816532.535085363,250,230,dummy-692
816579.118453845,250,230,dummy-692
816696.6210715,250,230,dummy-692
816505.445141455,250,230,dummy-740
816521.029842997,250,230,dummy-740
816579.761757064,250,230,dummy-740
816650.451873313,250,230,dummy-740
816652.746592104,250,230,dummy-740
816730.972463145,250,230,dummy-740
816759.639655309,250,230,dummy-740
816752.650477934,250,230,dummy-476
816607.985046345,250,230,dummy-504
816756.785472419,250,230,dummy-504
816791.568911439,250,230,dummy-504
816522.194706268,250,230,dummy-190
816603.843550173,250,230,dummy-190
816792.139598283,250,230,dummy-190
816505.282986558,250,230,dummy-391
816706.851084135,250,230,dummy-391
816556.386745853,250,230,dummy-226
816563.388567041,250,230,dummy-226
816674.466567178,250,230,dummy-226
816793.751652194,250,230,dummy-226
816534.616706255,250,230,dummy-725
816554.620552882,250,230,dummy-725
816597.347039936,250,230,dummy-725
816636.143726643,250,230,dummy-725
816519.575095254,250,230,dummy-549
816573.814669525,250,230,dummy-549
816604.346437637,250,230,dummy-549
816749.246992816,250,230,dummy-549
816765.257285436,250,230,dummy-549
816534.854210959,250,230,dummy-187
816575.325458917,250,230,dummy-187
816704.027250555,250,230,dummy-187
816773.442941586,250,230,dummy-187
816570.219940042,250,230,dummy-268
816605.154687641,250,230,dummy-268
816702.745230509,250,230,dummy-268
816767.999203726,250,230,dummy-268
816776.243712088,250,230,dummy-268
816783.516460297,250,230,dummy-268
816550.751485526,250,230,dummy-600
816722.451407279,250,230,dummy-600
816578.381888612,250,230,dummy-90
816680.905910201,250,230,dummy-90
816706.21769754,250,230,dummy-90
816545.674863352,250,230,dummy-73
816627.099296389,250,230,dummy-73
816676.669834725,250,230,dummy-73
816768.626915328,250,230,dummy-73
816512.194217574,250,230,dummy-487
816597.871281849,250,230,dummy-487
816770.42904761,250,230,dummy-487
816706.454049173,250,230,dummy-573
816503.627777177,250,230,dummy-25
816507.677830397,250,230,dummy-25
816704.85920914,250,230,dummy-25
816772.385981289,250,230,dummy-25
816787.760797048,250,230,dummy-25
816497.804840311,250,230,dummy-632
816525.66520148,250,230,dummy-632
816650.98778035,250,230,dummy-632
816725.05164214,250,230,dummy-632
816757.190304286,250,230,dummy-632
816521.473271046,250,230,dummy-252
816530.570317692,250,230,dummy-252
816606.944175019,250,230,dummy-252
816729.564564465,250,230,dummy-252
816594.018689319,250,230,dummy-152
816646.573233036,250,230,dummy-152
816794.661829707,250,230,dummy-152
816655.46291458,250,230,dummy-224
816655.905325546,250,230,dummy-224
816603.763093325,250,230,dummy-608
816682.820270897,250,230,dummy-608
816785.904932329,250,230,dummy-608
816618.508684518,250,230,dummy-485
816626.269872211,250,230,dummy-485
816695.154493488,250,230,dummy-485
816775.295905101,250,230,dummy-485
816498.38207324,250,230,dummy-285
816634.698515348,250,230,dummy-285
816729.057742471,250,230,dummy-285
816730.92064974,250,230,dummy-285
816734.386019763,250,230,dummy-285
816558.364421017,250,230,dummy-768
816516.858247055,250,230,dummy-28
816550.770374381,250,230,dummy-28
816506.203713035,250,230,dummy-443
816579.550599361,250,230,dummy-443
816684.074730669,250,230,dummy-755
816697.48011316,250,230,dummy-755
816655.3878922,250,230,dummy-553
816661.408559454,250,230,dummy-553
816515.66921546,250,230,dummy-757
816555.902509119,250,230,dummy-757
816682.01450552,250,230,dummy-757
816685.55395832,250,230,dummy-757
816702.496735739,250,230,dummy-757
816557.046809325,250,230,dummy-610
816604.075655385,250,230,dummy-610
816669.958865774,250,230,dummy-610
816738.433464785,250,230,dummy-610
816769.713421485,250,230,dummy-610
816791.44605565,250,230,dummy-610
816792.429711018,250,230,dummy-610
816545.924356398,250,230,dummy-672
816672.147357038,250,230,dummy-672
816710.602700477,250,230,dummy-672
816743.37606661,250,230,dummy-672
816767.523878151,250,230,dummy-672
816612.542423867,250,230,dummy-478
816687.497196182,250,230,dummy-478
816697.760196205,250,230,dummy-478
816698.917154326,250,230,dummy-478
816617.493185051,250,230,dummy-597
816709.553923671,250,230,dummy-597
816784.694293583,250,230,dummy-597
816523.014969208,250,230,dummy-182
816528.65743497,250,230,dummy-182
816686.59143339,250,230,dummy-182
816703.56977668,250,230,dummy-182
816746.515616216,250,230,dummy-182
816601.617651964,250,230,dummy-665
816664.425379451,250,230,dummy-665
816686.797232273,250,230,dummy-665
816773.618568761,250,230,dummy-665
816794.123962356,250,230,dummy-665
816771.686280022,250,230,dummy-761
816526.74570778,250,230,dummy-172
816796.128884699,250,230,dummy-172
816534.329473204,250,230,dummy-205
816659.856152109,250,230,dummy-205
816752.871407347,250,230,dummy-205
816775.205327685,250,230,dummy-205
816515.43799023,250,230,dummy-410
816521.145709846,250,230,dummy-410
816523.637936695,250,230,dummy-410
816583.329965095,250,230,dummy-410
816600.517871476,250,230,dummy-410
816714.505097233,250,230,dummy-410
816736.28966428,250,230,dummy-410
816514.39305188,250,230,dummy-142
816527.483082332,250,230,dummy-142
816536.70747652,250,230,dummy-142
816647.942593406,250,230,dummy-142
816644.845338366,250,230,dummy-562
816667.677212658,250,230,dummy-562
816679.928777684,250,230,dummy-562
816717.911621724,250,230,dummy-562
816546.347764258,250,230,dummy-488
816610.024857144,250,230,dummy-488
816641.045677313,250,230,dummy-488
816660.644499841,250,230,dummy-488
816763.730332657,250,230,dummy-488
816535.521480591,250,230,dummy-325
816615.928621031,250,230,dummy-325
816679.70682585,250,230,dummy-325
816681.081022808,250,230,dummy-325
816746.491655061,250,230,dummy-325
816510.906645468,250,230,dummy-248
816695.008095332,250,230,dummy-248
816707.629896959,250,230,dummy-248
816510.72849146,250,230,dummy-586
816711.347799589,250,230,dummy-586
816794.465986157,250,230,dummy-586
816538.66429794,250,230,dummy-689
816749.12592373,250,230,dummy-689
816771.066102671,250,230,dummy-689
816779.086590526,250,230,dummy-689
816780.743135981,250,230,dummy-689
816635.098622939,250,230,dummy-169
816646.633653495,250,230,dummy-169
816689.476713753,250,230,dummy-169
816740.378538808,250,230,dummy-169
816785.273881869,250,230,dummy-169
816572.757391613,250,230,dummy-386
816700.74849144,250,230,dummy-386
816763.054108628,250,230,dummy-386
816518.956953576,250,230,dummy-41
816546.384369549,250,230,dummy-41
816597.678898923,250,230,dummy-41
816632.521936297,250,230,dummy-41
816642.292705258,250,230,dummy-41
816646.04778545,250,230,dummy-41
816750.485352714,250,230,dummy-41
816501.783661783,250,230,dummy-375
816667.75633982,250,230,dummy-375
816667.829231195,250,230,dummy-375
816673.619805708,250,230,dummy-375
816734.210839879,250,230,dummy-375
816738.804125001,250,230,dummy-375
816601.793587488,250,230,dummy-472
816508.730438861,250,230,dummy-543
816556.321784014,250,230,dummy-543
816669.263795163,250,230,dummy-543
816717.071035668,250,230,dummy-543
816508.140169678,250,230,dummy-580
816541.933612011,250,230,dummy-580
816609.023602768,250,230,dummy-580
816627.072165149,250,230,dummy-580
816629.116857851,250,230,dummy-580
816690.719956623,250,230,dummy-580
816739.187922156,250,230,dummy-580
816533.48959725,250,230,dummy-249
816511.231725456,250,230,dummy-356
816670.529341717,250,230,dummy-356
816679.030348396,250,230,dummy-356
816497.053500247,250,230,dummy-473
816622.624738832,250,230,dummy-473
816651.728532061,250,230,dummy-473
816727.958961779,250,230,dummy-473
816731.345055044,250,230,dummy-473
816751.868506588,250,230,dummy-14
816772.918477764,250,230,dummy-159
816775.30979341,250,230,dummy-159
816505.075409787,250,230,dummy-216
816563.070868016,250,230,dummy-216
816586.629287993,250,230,dummy-216
816714.968832337,250,230,dummy-216
816603.134855,250,230,dummy-572
816749.751375153,250,230,dummy-572
816564.388344178,250,230,dummy-430
816618.792516257,250,230,dummy-430
816666.41751968,250,230,dummy-430
816504.126210658,250,230,dummy-223
816547.444686663,250,230,dummy-223
816578.381930276,250,230,dummy-223
816608.957445896,250,230,dummy-223
816624.374478271,250,230,dummy-223
816652.677362664,250,230,dummy-223
816778.086057882,250,230,dummy-223
816514.685821653,250,230,dummy-647
816649.195898128,250,230,dummy-647
816729.150270985,250,230,dummy-647
816740.651125236,250,230,dummy-647
816796.224438348,250,230,dummy-647
816502.716989476,250,230,dummy-469
816516.585333361,250,230,dummy-469
816530.760305901,250,230,dummy-469
816742.696763299,250,230,dummy-469
816588.429545198,250,230,dummy-457
816653.239232826,250,230,dummy-457
816531.532880656,250,230,dummy-688
816582.68863372,250,230,dummy-688
816653.961292291,250,230,dummy-688
816682.902440654,250,230,dummy-688
816699.916397647,250,230,dummy-688
816761.952266752,250,230,dummy-688
816500.071011467,250,230,dummy-351
816581.737968666,250,230,dummy-351
816599.479033328,250,230,dummy-351
816568.33232846,250,230,dummy-616
816751.024366786,250,230,dummy-616
816542.426594039,250,230,dummy-354
816564.864450614,250,230,dummy-354
816661.711816946,250,230,dummy-354
816753.450658131,250,230,dummy-354
816761.266621938,250,230,dummy-354
816587.444878982,250,230,dummy-613
816676.549063097,250,230,dummy-613
816729.622559989,250,230,dummy-613
816513.317370699,250,230,dummy-413
816516.828548579,250,230,dummy-413
816544.3235495,250,230,dummy-413
816584.610566747,250,230,dummy-413
816751.411524439,250,230,dummy-413
816762.044866034,250,230,dummy-413
816528.481239651,250,230,dummy-484
816569.070847992,250,230,dummy-484
816711.05296869,250,230,dummy-484
816594.338335459,250,230,dummy-319
816638.832251416,250,230,dummy-319
816726.954245094,250,230,dummy-319
816795.610808812,250,230,dummy-319
816518.030549269,250,230,dummy-340
816622.72712018,250,230,dummy-340
816629.017866621,250,230,dummy-340
816749.826933116,250,230,dummy-340
816775.421922157,250,230,dummy-340
816600.508462225,250,230,dummy-407
816651.206632993,250,230,dummy-407
816734.089245114,250,230,dummy-407
816745.082448142,250,230,dummy-407
816787.091878235,250,230,dummy-407
816573.796416986,250,230,dummy-108
816698.598894944,250,230,dummy-108
816525.552212235,250,230,dummy-347
816555.310825935,250,230,dummy-347
816592.438397604,250,230,dummy-347
816621.878166058,250,230,dummy-347
816789.407774091,250,230,dummy-347
816793.194634575,250,230,dummy-347
816557.05889183,250,230,dummy-538
816612.89615328,250,230,dummy-538
816655.533482742,250,230,dummy-538
816681.398486617,250,230,dummy-538
816745.895577051,250,230,dummy-538
816520.782089587,250,230,dummy-648
816592.674562847,250,230,dummy-648
816741.861289942,250,230,dummy-648
816499.293637125,250,230,dummy-596
816561.554179549,250,230,dummy-422
816580.398160823,250,230,dummy-422
816617.750187437,250,230,dummy-422
816628.869835829,250,230,dummy-422
816696.67735232,250,230,dummy-422
816762.125765956,250,230,dummy-422
816765.373880939,250,230,dummy-422
816570.691487562,250,230,dummy-753
816710.519819736,250,230,dummy-389
816761.042740399,250,230,dummy-389
816781.938434487,250,230,dummy-389
816581.302512109,250,230,dummy-372
816782.537942712,250,230,dummy-372
816583.405133761,250,230,dummy-566
816617.452084379,250,230,dummy-566
816686.588948872,250,230,dummy-566
816691.072768645,250,230,dummy-566
816665.949157065,250,230,dummy-87
816698.846839031,250,230,dummy-87
816770.413505918,250,230,dummy-87
816529.35016319,250,230,dummy-85
816588.835906819,250,230,dummy-85
816603.410747168,250,230,dummy-85
816690.08879128,250,230,dummy-85
816720.359566634,250,230,dummy-85
816519.682542557,250,230,dummy-364
816663.335721038,250,230,dummy-364
816707.411586147,250,230,dummy-505
816778.822773496,250,230,dummy-505
816510.771418931,250,230,dummy-545
816521.009311555,250,230,dummy-545
816524.608475671,250,230,dummy-545
816576.207024374,250,230,dummy-545
816604.542893798,250,230,dummy-545
816605.812205771,250,230,dummy-545
816744.915764886,250,230,dummy-545
816559.601319634,250,230,dummy-298
816577.580301842,250,230,dummy-298
816635.384871632,250,230,dummy-298
816732.957169164,250,230,dummy-298
816735.734575636,250,230,dummy-298
816497.754747065,250,230,dummy-414
816512.282685404,250,230,dummy-414
816565.364736543,250,230,dummy-414
816662.865571435,250,230,dummy-414
816667.612260333,250,230,dummy-620
816513.224752493,250,230,dummy-269
816532.782321095,250,230,dummy-269
816668.367106696,250,230,dummy-269
816518.554343051,250,230,dummy-524
816624.740718967,250,230,dummy-524
816662.417575151,250,230,dummy-524
816706.329030688,250,230,dummy-524
816706.806492905,250,230,dummy-524
816777.785340412,250,230,dummy-524
816500.672909525,250,230,dummy-30
816633.266179044,250,230,dummy-30
816721.470941778,250,230,dummy-30
816552.459901048,250,230,dummy-551
816556.109390187,250,230,dummy-551
816675.400788842,250,230,dummy-551
816680.466296444,250,230,dummy-551
816694.509437755,250,230,dummy-551
816707.971630118,250,230,dummy-551
816730.454170533,250,230,dummy-551
816743.802274593,250,230,dummy-551
816785.423650304,250,230,dummy-551
816533.11099866,250,230,dummy-506
816795.561386767,250,230,dummy-506
816582.384558748,250,230,dummy-23
816625.596884502,250,230,dummy-23
816681.333697774,250,230,dummy-23
816746.839922362,250,230,dummy-23
816534.045059052,250,230,dummy-210
816784.154879094,250,230,dummy-210
816540.069642311,250,230,dummy-508
816768.109972226,250,230,dummy-508
816508.096074892,250,230,dummy-337
816628.928848795,250,230,dummy-337
816629.05680577,250,230,dummy-337
816759.889729285,250,230,dummy-337
816573.10088462,250,230,dummy-449
816590.752965139,250,230,dummy-449
816593.420130114,250,230,dummy-449
816702.083956823,250,230,dummy-449
816501.519401779,250,230,dummy-228
816619.082442985,250,230,dummy-228
816792.473767124,250,230,dummy-228
816543.260793451,250,230,dummy-453
816584.352712321,250,230,dummy-453
816733.688001569,250,230,dummy-453
816579.816510178,250,230,dummy-533
816650.786642792,250,230,dummy-533
816683.985934647,250,230,dummy-533
816708.101502629,250,230,dummy-533
816760.734551767,250,230,dummy-533
816521.024053785,250,230,dummy-345
816690.328055612,250,230,dummy-345
816696.313105718,250,230,dummy-345
816745.770969076,250,230,dummy-345
816789.973921933,250,230,dummy-345
816534.66180685,250,230,dummy-178
816626.754125269,250,230,dummy-178
816671.279463478,250,230,dummy-178
816681.346971795,250,230,dummy-178
816738.61179405,250,230,dummy-178
816606.281482797,250,230,dummy-176
816742.625917524,250,230,dummy-176
816771.412803122,250,230,dummy-176
816565.465915751,250,230,dummy-303
816574.25069871,250,230,dummy-303
816765.34631019,250,230,dummy-303
816559.622168755,250,230,dummy-415
816613.044548293,250,230,dummy-415
816625.656545314,250,230,dummy-415
816759.158028627,250,230,dummy-415
816622.345253021,250,230,dummy-696
816743.798875635,250,230,dummy-696
816497.777088482,250,230,dummy-503
816702.641324421,250,230,dummy-503
816787.08948063,250,230,dummy-503
816499.188376084,250,230,dummy-136
816521.838581676,250,230,dummy-136
816544.182483848,250,230,dummy-136
816580.367707272,250,230,dummy-136
816718.004908395,250,230,dummy-136
816726.799330074,250,230,dummy-136
816510.988004278,250,230,dummy-111
816515.672855051,250,230,dummy-111
816545.455983089,250,230,dummy-111
816613.648256737,250,230,dummy-111
816664.743325418,250,230,dummy-717
816585.507609303,250,230,dummy-409
816714.992692409,250,230,dummy-409
816728.539163514,250,230,dummy-409
816737.52140627,250,230,dummy-409
816789.103082812,250,230,dummy-409
816722.486074989,250,230,dummy-471
816563.505511892,250,230,dummy-513
816518.56111333,250,230,dummy-311
816534.096764911,250,230,dummy-311
816615.472496949,250,230,dummy-311
816716.793533501,250,230,dummy-311
816560.629878727,250,230,dummy-251
816622.262137605,250,230,dummy-251
816642.862852827,250,230,dummy-251
816663.232385302,250,230,dummy-251
816719.250946627,250,230,dummy-251
816719.656928723,250,230,dummy-251
816736.151232333,250,230,dummy-251
816779.093567483,250,230,dummy-251
816521.711005285,250,230,dummy-227
816523.405871587,250,230,dummy-227
816625.070335362,250,230,dummy-227
816640.286923354,250,230,dummy-227
816723.006425852,250,230,dummy-227
816750.432242213,250,230,dummy-227
816585.86645657,250,230,dummy-197
816628.775912824,250,230,dummy-197
816666.976130651,250,230,dummy-197
816674.034390271,250,230,dummy-197
816678.447157372,250,230,dummy-197
816685.014124477,250,230,dummy-197
816566.44398321,250,230,dummy-440
816626.267485264,250,230,dummy-440
816655.134917208,250,230,dummy-440
816704.882893454,250,230,dummy-440
816499.546132292,250,230,dummy-277
816521.731424584,250,230,dummy-277
816564.161769384,250,230,dummy-277
816573.187378424,250,230,dummy-277
816614.693420982,250,230,dummy-277
816555.682804802,250,230,dummy-110
816619.254953968,250,230,dummy-110
816758.232513742,250,230,dummy-110
816787.291685168,250,230,dummy-110
816652.026725339,250,230,dummy-38
816781.293107046,250,230,dummy-38
816529.24975749,250,230,dummy-275
816625.796708816,250,230,dummy-275
816677.511951198,250,230,dummy-275
816685.168946792,250,230,dummy-275
816740.731968517,250,230,dummy-275
816588.814994067,250,230,dummy-527
816596.611841726,250,230,dummy-527
816773.752824805,250,230,dummy-527
816538.211226182,250,230,dummy-650
816549.864831414,250,230,dummy-650
816722.447742539,250,230,dummy-650
816511.650313714,250,230,dummy-680
816548.349620642,250,230,dummy-680
816690.594865526,250,230,dummy-680
816734.327294693,250,230,dummy-680
816745.91139596,250,230,dummy-680
816763.760400455,250,230,dummy-680
816520.192251054,250,230,dummy-310
816541.057982733,250,230,dummy-310
816544.423324372,250,230,dummy-310
816793.343547537,250,230,dummy-310
816542.127539633,250,230,dummy-624
816535.069608571,250,230,dummy-24
816591.543371588,250,230,dummy-24
816601.450078019,250,230,dummy-24
816632.391939195,250,230,dummy-24
816693.193216787,250,230,dummy-24
816701.339581633,250,230,dummy-24
816503.24207681,250,230,dummy-477
816607.366312746,250,230,dummy-477
816615.9095574,250,230,dummy-477
816664.913841724,250,230,dummy-477
816726.087861003,250,230,dummy-477
816750.878781531,250,230,dummy-477
816765.257325747,250,230,dummy-477
816537.177519563,250,230,dummy-56
816608.620736743,250,230,dummy-56
816704.335839941,250,230,dummy-56
816731.549732462,250,230,dummy-56
816617.029380921,250,230,dummy-496
816643.887757644,250,230,dummy-496
816688.605516728,250,230,dummy-496
816586.158689175,250,230,dummy-699
816714.846822041,250,230,dummy-699
816734.944499736,250,230,dummy-699
816761.303716341,250,230,dummy-699
816581.555026098,250,230,dummy-346
816610.693684969,250,230,dummy-346
816687.179592572,250,230,dummy-346
816499.207553818,250,230,dummy-53
816571.801261012,250,230,dummy-53
816591.86670151,250,230,dummy-53
816635.478474211,250,230,dummy-53
816555.25322543,250,230,dummy-531
816561.77314706,250,230,dummy-531
816578.951968508,250,230,dummy-531
816658.128828721,250,230,dummy-531
816669.554530251,250,230,dummy-531
816789.363692427,250,230,dummy-531
816577.419664537,250,230,dummy-467
816580.890389286,250,230,dummy-467
816629.105224822,250,230,dummy-467
816746.418471178,250,230,dummy-467
816750.974827833,250,230,dummy-467
816558.201249202,250,230,dummy-259
816572.929683838,250,230,dummy-259
816636.988434068,250,230,dummy-259
816712.418568341,250,230,dummy-259
816761.975725335,250,230,dummy-259
816517.008667721,250,230,dummy-482
816576.090237083,250,230,dummy-482
816588.011636123,250,230,dummy-482
816609.999259669,250,230,dummy-482
816619.509091282,250,230,dummy-482
816702.224829184,250,230,dummy-482
816722.153815336,250,230,dummy-482
816747.319081552,250,230,dummy-482
816565.43028579,250,230,dummy-20
816592.255591397,250,230,dummy-20
816635.27873787,250,230,dummy-20
816703.730521121,250,230,dummy-20
816527.689796537,250,230,dummy-261
816609.303135001,250,230,dummy-261
816684.569231577,250,230,dummy-261
816773.186347404,250,230,dummy-261
816556.940008358,250,230,dummy-420
816559.392916251,250,230,dummy-420
816595.792513478,250,230,dummy-420
816669.342096323,250,230,dummy-420
816696.929466087,250,230,dummy-420
816552.725388667,250,230,dummy-732
816593.652277321,250,230,dummy-732
816611.105745925,250,230,dummy-732
816617.868397039,250,230,dummy-732
816634.345720283,250,230,dummy-732
816648.75528699,250,230,dummy-732
816728.914224999,250,230,dummy-732
816738.819828198,250,230,dummy-732
816781.570772329,250,230,dummy-732
816665.381714357,250,230,dummy-171
816691.109771642,250,230,dummy-171
816703.153146966,250,230,dummy-171
816779.34379496,250,230,dummy-171
816545.911976336,250,230,dummy-723
816656.185896855,250,230,dummy-723
816695.411354923,250,230,dummy-723
816703.157038191,250,230,dummy-723
816746.680287005,250,230,dummy-723
816588.079079611,250,230,dummy-114
816703.30295589,250,230,dummy-114
816740.75565995,250,230,dummy-114
816537.678626901,250,230,dummy-122
816577.164242132,250,230,dummy-122
816582.094158349,250,230,dummy-122
816666.291405665,250,230,dummy-122
816683.175950123,250,230,dummy-122
816526.565473815,250,230,dummy-214
816583.834522775,250,230,dummy-214
816509.550782035,250,230,dummy-465
816670.816495097,250,230,dummy-465
816775.084871171,250,230,dummy-465
816783.182836393,250,230,dummy-465
816544.929332144,250,230,dummy-456
816588.169904753,250,230,dummy-456
816654.225413311,250,230,dummy-456
816708.374244184,250,230,dummy-456
816759.421205337,250,230,dummy-456
816499.423366434,250,230,dummy-522
816715.14633746,250,230,dummy-522
816741.492388994,250,230,dummy-522
816748.659566373,250,230,dummy-522
816774.100369382,250,230,dummy-522
816679.508995767,250,230,dummy-296
816522.823432009,250,230,dummy-181
816607.312310889,250,230,dummy-437
816773.567748357,250,230,dummy-437
816538.918518512,250,230,dummy-274
816732.854622001,250,230,dummy-274
816744.548989567,250,230,dummy-274
816775.001786281,250,230,dummy-274
816781.309446532,250,230,dummy-274
816508.074599705,250,230,dummy-301
816577.039764867,250,230,dummy-301
816723.968525475,250,230,dummy-301
816753.544692723,250,230,dummy-301
816770.519313442,250,230,dummy-301
816524.055444048,250,230,dummy-363
816602.887679658,250,230,dummy-363
816727.374696516,250,230,dummy-363
816684.345349596,250,230,dummy-321
816560.165087907,250,230,dummy-237
816754.736424168,250,230,dummy-237
816769.939958987,250,230,dummy-237
816533.619290981,250,230,dummy-199
816544.579018708,250,230,dummy-199
816554.709060693,250,230,dummy-199
816583.621079682,250,230,dummy-199
816663.046186025,250,230,dummy-199
816706.472472837,250,230,dummy-199
816712.811778903,250,230,dummy-199
816724.341293988,250,230,dummy-199
816505.075428253,250,230,dummy-621
816680.977687878,250,230,dummy-621
816689.305068458,250,230,dummy-621
816567.466669834,250,230,dummy-542
816703.527801394,250,230,dummy-542
816556.09457267,250,230,dummy-712
816625.540258405,250,230,dummy-712
816708.136293327,250,230,dummy-712
816756.418163889,250,230,dummy-712
816498.467260983,250,230,dummy-445
816527.483050268,250,230,dummy-445
816621.568978382,250,230,dummy-445
816632.377026034,250,230,dummy-445
816742.993521109,250,230,dummy-445
816775.119282791,250,230,dummy-445
816533.181202807,250,230,dummy-515
816612.902440435,250,230,dummy-515
816672.092872693,250,230,dummy-515
816708.022308239,250,230,dummy-515
816783.850954282,250,230,dummy-515
816599.872858976,250,230,dummy-31
816666.773474662,250,230,dummy-31
816703.245173287,250,230,dummy-31
816788.755607811,250,230,dummy-31
816677.670385603,250,230,dummy-225
816751.06887101,250,230,dummy-225
816555.106735511,250,230,dummy-240
816688.093330851,250,230,dummy-240
816764.543813779,250,230,dummy-240
816780.928547178,250,230,dummy-240
816578.450507918,250,230,dummy-103
816580.042817357,250,230,dummy-103
816506.821211711,250,230,dummy-569
816672.258433894,250,230,dummy-569
816702.272082561,250,230,dummy-748
816732.255018569,250,230,dummy-748
816760.051545657,250,230,dummy-748
816765.619431737,250,230,dummy-748
816502.404884821,250,230,dummy-141
816717.930695048,250,230,dummy-141
816604.461869546,250,230,dummy-574
816661.161905914,250,230,dummy-234
816692.80150031,250,230,dummy-234
816735.137127523,250,230,dummy-234
816555.725482109,250,230,dummy-720
816618.4350812,250,230,dummy-720
816680.062404017,250,230,dummy-720
816771.551550075,250,230,dummy-720
816574.74679765,250,230,dummy-454
816741.392245508,250,230,dummy-454
816754.207204884,250,230,dummy-454
816784.133972308,250,230,dummy-454
816786.169353926,250,230,dummy-454
816738.033645334,250,230,dummy-286
816554.645801262,250,230,dummy-125
816647.412625621,250,230,dummy-125
816648.513479955,250,230,dummy-125
816676.43950251,250,230,dummy-125
816678.844346255,250,230,dummy-125
816721.449899527,250,230,dummy-125
816722.883442065,250,230,dummy-125
816749.32242012,250,230,dummy-125
816753.22610533,250,230,dummy-125
816520.271230829,250,230,dummy-282
816528.49486897,250,230,dummy-282
816647.650694768,250,230,dummy-282
816524.24228087,250,230,dummy-317
816526.208433622,250,230,dummy-317
816526.636061756,250,230,dummy-317
816533.594087147,250,230,dummy-317
816607.565267125,250,230,dummy-317
816660.421056745,250,230,dummy-317
816664.728303828,250,230,dummy-317
816591.995123651,250,230,dummy-284
816776.745113392,250,230,dummy-284
816497.470434194,250,230,dummy-39
816516.985205066,250,230,dummy-39
816569.309305255,250,230,dummy-39
816591.559124609,250,230,dummy-200
816605.811861403,250,230,dummy-200
816545.855910238,250,230,dummy-121
816669.269570916,250,230,dummy-121
816689.881914326,250,230,dummy-121
816506.686338824,250,230,dummy-399
816530.443200094,250,230,dummy-399
816531.820566639,250,230,dummy-399
816577.957687753,250,230,dummy-399
816611.211725341,250,230,dummy-399
816659.709823058,250,230,dummy-399
816548.790545037,250,230,dummy-13
816594.515565069,250,230,dummy-13
816596.50424291,250,230,dummy-13
816711.318950162,250,230,dummy-13
816740.573674186,250,230,dummy-13
816746.395028712,250,230,dummy-13
816752.789749576,250,230,dummy-13
816781.471457541,250,230,dummy-13
816510.684440986,250,230,dummy-423
816677.700687585,250,230,dummy-423
816716.141198104,250,230,dummy-423
816726.868635553,250,230,dummy-423
816737.422865101,250,230,dummy-423
816744.311651262,250,230,dummy-423
816659.73917768,250,230,dummy-262
816712.255783722,250,230,dummy-262
816559.200213268,250,230,dummy-640
816675.078343005,250,230,dummy-640
816709.838118048,250,230,dummy-640
816531.961626901,250,230,dummy-229
816550.0935903,250,230,dummy-229
816649.642278309,250,230,dummy-229
816504.34496181,250,230,dummy-559
816513.41760454,250,230,dummy-559
816521.823357241,250,230,dummy-559
816575.606332909,250,230,dummy-559
816605.401873076,250,230,dummy-559
816683.436433359,250,230,dummy-559
816704.92631002,250,230,dummy-559
816750.513680249,250,230,dummy-559
816754.456062485,250,230,dummy-559
816532.475177925,250,230,dummy-292
816546.775361109,250,230,dummy-292
816522.851816314,250,230,dummy-291
816573.862783665,250,230,dummy-291
816657.770854866,250,230,dummy-291
816718.033009586,250,230,dummy-291
816747.221751067,250,230,dummy-291
816772.93147618,250,230,dummy-291
816781.447374324,250,230,dummy-291
816523.562913148,250,230,dummy-358
816534.456622937,250,230,dummy-358
816574.305647022,250,230,dummy-358
816587.341252155,250,230,dummy-358
816604.946034538,250,230,dummy-358
816670.48867198,250,230,dummy-358
816706.33140486,250,230,dummy-358
816751.954268536,250,230,dummy-358
816774.666072832,250,230,dummy-433
816518.94066425,250,230,dummy-519
816580.18315561,250,230,dummy-519
816591.469610388,250,230,dummy-519
816603.914899281,250,230,dummy-519
816714.412523683,250,230,dummy-519
816747.683869921,250,230,dummy-519
816766.985265971,250,230,dummy-519
816793.861819136,250,230,dummy-519
816524.977412474,250,230,dummy-283
816549.678099162,250,230,dummy-283
816557.913470738,250,230,dummy-283
816566.44152467,250,230,dummy-283
816641.268521899,250,230,dummy-283
816744.278191635,250,230,dummy-283
816755.90355742,250,230,dummy-283
816777.814508995,250,230,dummy-283
816740.000246812,250,230,dummy-306
816769.450472187,250,230,dummy-306
816576.138128061,250,230,dummy-636
816593.391433753,250,230,dummy-636
816612.990466422,250,230,dummy-636
816616.628004001,250,230,dummy-636
816622.29110207,250,230,dummy-636
816632.990210263,250,230,dummy-636
816670.662492237,250,230,dummy-636
816706.342571904,250,230,dummy-636
816739.292204367,250,230,dummy-636
816744.126688163,250,230,dummy-636
816786.91249938,250,230,dummy-636
816614.613090395,250,230,dummy-385
816750.356048778,250,230,dummy-385
816755.417913337,250,230,dummy-385
816767.118299066,250,230,dummy-385
816527.483986661,250,230,dummy-37
816552.077906123,250,230,dummy-37
816667.734961103,250,230,dummy-442
816691.75651494,250,230,dummy-442
816565.693859601,250,230,dummy-46
816664.463460403,250,230,dummy-46
816766.918717913,250,230,dummy-46
816513.022512888,250,230,dummy-10
816616.468744512,250,230,dummy-10
816713.123474116,250,230,dummy-10
816720.768993971,250,230,dummy-10
816784.929471584,250,230,dummy-10
816533.635102068,250,230,dummy-724
816603.645843361,250,230,dummy-724
816736.919240123,250,230,dummy-724
816739.005742727,250,230,dummy-724
816550.019529796,250,230,dummy-690
816667.30086412,250,230,dummy-690
816745.857448737,250,230,dummy-690
816504.45989964,250,230,dummy-213
816640.470182203,250,230,dummy-213
816649.079790379,250,230,dummy-213
816711.007179496,250,230,dummy-213
816756.342426875,250,230,dummy-213
816764.00489545,250,230,dummy-213
816794.424141924,250,230,dummy-213
816511.922103659,250,230,dummy-736
816625.219006843,250,230,dummy-736
816627.463782642,250,230,dummy-736
816678.993466473,250,230,dummy-736
816681.134677844,250,230,dummy-736
816682.510672917,250,230,dummy-736
816733.553579088,250,230,dummy-736
816743.513825695,250,230,dummy-736
816757.062573473,250,230,dummy-736
816652.834241827,250,230,dummy-74
816699.185396359,250,230,dummy-74
816746.651089239,250,230,dummy-74
816571.412710753,250,230,dummy-646
816574.876662672,250,230,dummy-646
816581.013030034,250,230,dummy-646
816681.076678243,250,230,dummy-646
816722.331831446,250,230,dummy-646
816771.285009715,250,230,dummy-646
816589.235956652,250,230,dummy-339
816615.678642996,250,230,dummy-339
816717.19653661,250,230,dummy-339
816725.024773565,250,230,dummy-339
816742.283861372,250,230,dummy-339
816762.141013837,250,230,dummy-339
816763.256319879,250,230,dummy-339
816763.999984239,250,230,dummy-339
816791.760446586,250,230,dummy-339
816590.537217847,250,230,dummy-697
816594.159364461,250,230,dummy-697
816603.453987722,250,230,dummy-697
816608.322247368,250,230,dummy-697
816681.542044403,250,230,dummy-697
816658.907154907,250,230,dummy-483
816726.857203884,250,230,dummy-483
816525.172557259,250,230,dummy-16
816578.066639791,250,230,dummy-16
816598.862903748,250,230,dummy-16
816624.408535329,250,230,dummy-16
816723.228211505,250,230,dummy-16
816732.360168284,250,230,dummy-16
816574.553697592,250,230,dummy-539
816619.296251683,250,230,dummy-539
816620.504502325,250,230,dummy-539
816621.251642992,250,230,dummy-539
816691.014060103,250,230,dummy-539
816592.357032501,250,230,dummy-497
816613.397953072,250,230,dummy-497
816758.679769516,250,230,dummy-497
816597.04329278,250,230,dummy-342
816597.773296448,250,230,dummy-342
816611.192918135,250,230,dummy-342
816663.622196946,250,230,dummy-342
816534.210095108,250,230,dummy-168
816638.531213912,250,230,dummy-168
816654.750809512,250,230,dummy-168
816665.301321264,250,230,dummy-168
816506.821248394,250,230,dummy-198
816560.986986296,250,230,dummy-198
816643.663409935,250,230,dummy-198
816634.361603735,250,230,dummy-419
816636.568602132,250,230,dummy-419
816659.157314763,250,230,dummy-419
816728.878947086,250,230,dummy-419
816765.696141636,250,230,dummy-419
816547.421172719,250,230,dummy-260
816579.611767681,250,230,dummy-260
816762.885123435,250,230,dummy-260
816776.426156496,250,230,dummy-260
816530.284507579,250,230,dummy-242
816538.737205876,250,230,dummy-242
816674.22939807,250,230,dummy-242
816745.069559633,250,230,dummy-242
816498.09416842,250,230,dummy-578
816552.585461482,250,230,dummy-578
816581.698975588,250,230,dummy-578
816524.166089174,250,230,dummy-343
816628.188930471,250,230,dummy-343
816781.431665356,250,230,dummy-343
816530.491327231,250,230,dummy-685
816503.202905257,250,230,dummy-17
816513.036261323,250,230,dummy-17
816631.700549326,250,230,dummy-17
816635.744524375,250,230,dummy-17
816672.162053404,250,230,dummy-17
816505.560083577,250,230,dummy-695
816558.418230642,250,230,dummy-695
816510.807445019,250,230,dummy-66
816543.382089206,250,230,dummy-66
816569.454867347,250,230,dummy-66
816593.040864456,250,230,dummy-146
816725.083252937,250,230,dummy-146
816534.140491115,250,230,dummy-156
816560.516499527,250,230,dummy-156
816562.558407588,250,230,dummy-156
816590.950121311,250,230,dummy-156
816624.082448637,250,230,dummy-156
816639.601763095,250,230,dummy-156
816679.509057685,250,230,dummy-156
816757.734434453,250,230,dummy-156
816525.548125609,250,230,dummy-396
816546.747007998,250,230,dummy-396
816574.392693028,250,230,dummy-396
816639.759781303,250,230,dummy-396
816685.428554278,250,230,dummy-396
816715.512759016,250,230,dummy-396
816754.552457487,250,230,dummy-396
816521.283541157,250,230,dummy-691
816767.052411046,250,230,dummy-691
816594.926674888,250,230,dummy-1
816649.358634156,250,230,dummy-1
816509.621607679,250,230,dummy-70
816588.674245025,250,230,dummy-70
816629.604256433,250,230,dummy-70
816651.760494817,250,230,dummy-120
816657.382423979,250,230,dummy-120
816590.735157806,250,230,dummy-729
816743.953130472,250,230,dummy-729
816608.069256389,250,230,dummy-388
816638.390975446,250,230,dummy-388
816660.051212269,250,230,dummy-388
816718.497626736,250,230,dummy-388
816720.279793492,250,230,dummy-388
816733.546786252,250,230,dummy-388
816501.303762521,250,230,dummy-541
816536.006749823,250,230,dummy-541
816566.455723858,250,230,dummy-541
816628.222961936,250,230,dummy-541
816662.712324127,250,230,dummy-541
816673.376489221,250,230,dummy-541
816675.257444199,250,230,dummy-541
816691.236247824,250,230,dummy-541
816697.925027336,250,230,dummy-541
816773.559237416,250,230,dummy-541
816499.774346607,250,230,dummy-514
816552.612778564,250,230,dummy-514
816617.927070315,250,230,dummy-514
816618.670645686,250,230,dummy-514
816567.919250579,250,230,dummy-458
816569.230844522,250,230,dummy-458
816574.004016137,250,230,dummy-458
816691.767736666,250,230,dummy-458
816793.268372355,250,230,dummy-458
816518.877067721,250,230,dummy-219
816536.455845232,250,230,dummy-219
816616.862564499,250,230,dummy-219
816672.447890182,250,230,dummy-219
816699.604329442,250,230,dummy-219
816786.098197048,250,230,dummy-219
816553.873607059,250,230,dummy-667
816614.67197203,250,230,dummy-667
816689.42509603,250,230,dummy-667
816749.203941647,250,230,dummy-667
816783.241664648,250,230,dummy-667
816604.567295993,250,230,dummy-530
816636.114108727,250,230,dummy-530
816669.843645443,250,230,dummy-530
816721.940098854,250,230,dummy-530
816545.602555565,250,230,dummy-630
816581.193454811,250,230,dummy-630
816593.87520182,250,230,dummy-630
816609.042428764,250,230,dummy-630
816729.866384746,250,230,dummy-630
816687.482937197,250,230,dummy-97
816593.053268481,250,230,dummy-526
816625.510202677,250,230,dummy-272
816677.841196527,250,230,dummy-272
816524.476946684,250,230,dummy-196
816569.463659664,250,230,dummy-196
816630.121083919,250,230,dummy-196
816635.358687401,250,230,dummy-196
816743.105698663,250,230,dummy-196
816768.972952776,250,230,dummy-196
816752.336888955,250,230,dummy-11
816735.411160252,250,230,dummy-438
816783.605896485,250,230,dummy-438
816518.102509003,250,230,dummy-741
816523.83818796,250,230,dummy-741
816536.074313725,250,230,dummy-741
816676.342013347,250,230,dummy-741
816761.930626141,250,230,dummy-741
816776.367218899,250,230,dummy-741
816543.881823769,250,230,dummy-77
816614.455336785,250,230,dummy-77
816637.929092627,250,230,dummy-77
816533.00213155,250,230,dummy-666
816685.742432432,250,230,dummy-666
816725.430177932,250,230,dummy-170
816543.020121482,250,230,dummy-230
816587.270820304,250,230,dummy-230
816600.564736875,250,230,dummy-230
816616.266189054,250,230,dummy-230
816693.051862662,250,230,dummy-230
816751.620639249,250,230,dummy-230
816530.395619951,250,230,dummy-8
816644.228847748,250,230,dummy-8
816646.947837847,250,230,dummy-8
816653.659449003,250,230,dummy-8
816512.575804468,250,230,dummy-668
816697.719292561,250,230,dummy-668
816745.297150117,250,230,dummy-668
816752.733606543,250,230,dummy-668
816555.54684979,250,230,dummy-540
816654.023263899,250,230,dummy-540
816590.471730778,250,230,dummy-67
816610.501865323,250,230,dummy-67
816544.141152921,250,230,dummy-614
816533.157305451,250,230,dummy-290
816542.528817732,250,230,dummy-290
816560.744302045,250,230,dummy-290
816578.615580848,250,230,dummy-290
816602.469884285,250,230,dummy-290
816639.256232205,250,230,dummy-290
816670.809473709,250,230,dummy-290
816541.636261963,250,230,dummy-706
816554.485688913,250,230,dummy-706
816569.288929846,250,230,dummy-706
816596.845674416,250,230,dummy-706
816728.089860332,250,230,dummy-706
816573.311359469,250,230,dummy-528
816691.560517241,250,230,dummy-528
816535.525837841,250,230,dummy-652
816556.496127995,250,230,dummy-652
816614.571234888,250,230,dummy-652
816702.290766198,250,230,dummy-652
816720.988603783,250,230,dummy-652
816742.354796138,250,230,dummy-652
816755.298267239,250,230,dummy-652
816795.742324024,250,230,dummy-652
816564.773008779,250,230,dummy-367
816783.640695989,250,230,dummy-367
816783.863586855,250,230,dummy-367
816516.252746758,250,230,dummy-446
816535.891475428,250,230,dummy-446
816784.996222725,250,230,dummy-446
816758.314379665,250,230,dummy-746
816777.16618006,250,230,dummy-746
816628.571862082,250,230,dummy-195
816653.529657921,250,230,dummy-195
816713.965545787,250,230,dummy-195
816775.677041217,250,230,dummy-195
816508.296269898,250,230,dummy-567
816669.05756584,250,230,dummy-567
816502.646793388,250,230,dummy-468
816632.568116972,250,230,dummy-468
816672.590454244,250,230,dummy-468
816689.076077825,250,230,dummy-468
816724.312313309,250,230,dummy-468
816760.703018106,250,230,dummy-468
816775.438534808,250,230,dummy-468
816583.732093298,250,230,dummy-314
816760.395472727,250,230,dummy-314
816775.525426313,250,230,dummy-314
816527.4495391,250,230,dummy-560
816543.904164694,250,230,dummy-560
816611.289565643,250,230,dummy-560
816645.442177258,250,230,dummy-560
816676.107779173,250,230,dummy-560
816704.215471305,250,230,dummy-560
816517.027596112,250,230,dummy-19
816670.744641823,250,230,dummy-19
816503.803937075,250,230,dummy-117
816531.530304165,250,230,dummy-117
816536.999934831,250,230,dummy-117
816545.747718214,250,230,dummy-117
816663.368494423,250,230,dummy-117
816729.888977812,250,230,dummy-117
816753.614401457,250,230,dummy-117
816666.913243049,250,230,dummy-163
816615.829688716,250,230,dummy-175
816725.72741056,250,230,dummy-175
816766.210313373,250,230,dummy-175
816516.395549814,250,230,dummy-693
816615.491353407,250,230,dummy-113
816745.033803736,250,230,dummy-113
816787.426728369,250,230,dummy-113
816503.971557523,250,230,dummy-641
816604.407978416,250,230,dummy-641
816667.749653712,250,230,dummy-641
816712.364406173,250,230,dummy-641
816723.024101385,250,230,dummy-641
816607.35281083,250,230,dummy-335
816672.247866205,250,230,dummy-335
816696.78376405,250,230,dummy-335
816728.896639229,250,230,dummy-335
816780.294222509,250,230,dummy-335
816517.475515529,250,230,dummy-256
816595.494786029,250,230,dummy-256
816731.982051047,250,230,dummy-256
816744.002439306,250,230,dummy-256
816541.631201159,250,230,dummy-377
816556.520539457,250,230,dummy-377
816576.383611855,250,230,dummy-377
816646.98855528,250,230,dummy-377
816709.492724851,250,230,dummy-377
816759.52091845,250,230,dummy-377
816582.279538456,250,230,dummy-166
816722.782839037,250,230,dummy-166
816709.039898504,250,230,dummy-254
816498.330016027,250,230,dummy-629
816542.867056471,250,230,dummy-629
816552.783373336,250,230,dummy-629
816640.482451597,250,230,dummy-629
816764.520149572,250,230,dummy-629
816497.148581611,250,230,dummy-217
816587.233305721,250,230,dummy-217
816608.765666821,250,230,dummy-217
816532.8140948,250,230,dummy-26
816597.156019393,250,230,dummy-26
816614.184362954,250,230,dummy-26
816773.012055555,250,230,dummy-26
816522.849492239,250,230,dummy-289
816533.93164036,250,230,dummy-289
816551.67626545,250,230,dummy-289
816585.173822623,250,230,dummy-289
816593.76047685,250,230,dummy-289
816620.747669779,250,230,dummy-289
816545.72091454,250,230,dummy-626
816548.633555131,250,230,dummy-626
816576.515557795,250,230,dummy-626
816592.218013834,250,230,dummy-250
816621.931219301,250,230,dummy-250
816736.365764039,250,230,dummy-250
816757.722571285,250,230,dummy-250
816632.054204423,250,230,dummy-307
816745.502195292,250,230,dummy-307
816768.824860136,250,230,dummy-307
816589.883493702,250,230,dummy-735
816726.21767094,250,230,dummy-735
816617.296065699,250,230,dummy-535
816647.532200045,250,230,dummy-535
816750.411539983,250,230,dummy-535
816704.69403106,250,230,dummy-355
816551.934296311,250,230,dummy-273
816712.809992241,250,230,dummy-273
816508.166025799,250,230,dummy-678
816626.04551875,250,230,dummy-678
816649.116758493,250,230,dummy-678
816658.853543928,250,230,dummy-678
816691.31236808,250,230,dummy-678
816705.634906941,250,230,dummy-678
816755.990637944,250,230,dummy-678
816527.518328584,250,230,dummy-235
816513.031404622,250,230,dummy-365
816516.177357704,250,230,dummy-365
816651.256702131,250,230,dummy-365
816545.201153091,250,230,dummy-589
816743.681605083,250,230,dummy-589
816767.66533831,250,230,dummy-589
816628.106371213,250,230,dummy-609
816697.031861796,250,230,dummy-609
816704.813731614,250,230,dummy-609
816723.002406753,250,230,dummy-609
816763.957009987,250,230,dummy-609
816552.498462624,250,230,dummy-320
816748.10774266,250,230,dummy-320
816524.927931459,250,230,dummy-297
816568.365511102,250,230,dummy-450
816619.790774396,250,230,dummy-450
816578.389566793,250,230,dummy-329
816610.303181462,250,230,dummy-329
816637.117497819,250,230,dummy-329
816700.225791894,250,230,dummy-329
816634.460285481,250,230,dummy-435
816706.886185899,250,230,dummy-435
816762.252762547,250,230,dummy-435
816498.384449635,250,230,dummy-132
816507.028774417,250,230,dummy-132
816537.476207935,250,230,dummy-132
816576.811397955,250,230,dummy-132
816619.628889586,250,230,dummy-132
816624.612452035,250,230,dummy-132
816658.12518392,250,230,dummy-132
816716.271667627,250,230,dummy-132
816751.666154799,250,230,dummy-132
816765.822874354,250,230,dummy-132
816765.96289507,250,230,dummy-132
816771.015943855,250,230,dummy-132
816661.702228047,250,230,dummy-204
816725.212032777,250,230,dummy-204
816747.583309529,250,230,dummy-204
816753.977056859,250,230,dummy-204
816509.662129307,250,230,dummy-627
816552.785950092,250,230,dummy-627
816593.769565851,250,230,dummy-627
816608.362792147,250,230,dummy-627
816653.357984435,250,230,dummy-627
816534.787599202,250,230,dummy-498
816543.435164582,250,230,dummy-498
816558.275819831,250,230,dummy-498
816623.255049766,250,230,dummy-498
816634.36163252,250,230,dummy-498
816664.922202696,250,230,dummy-498
816709.131091461,250,230,dummy-498
816724.784882085,250,230,dummy-498
816498.152601328,250,230,dummy-658
816618.621863428,250,230,dummy-658
816766.70294833,250,230,dummy-658
816531.111727211,250,230,dummy-702
816597.62847565,250,230,dummy-15
816694.862106616,250,230,dummy-15
816795.264626606,250,230,dummy-15
816500.486809037,250,230,dummy-33
816542.467912864,250,230,dummy-33
816591.499423384,250,230,dummy-33
816775.428584156,250,230,dummy-33
816527.150624525,250,230,dummy-406
816540.344207814,250,230,dummy-406
816715.674488643,250,230,dummy-406
816698.376654017,250,230,dummy-622
816591.169193807,250,230,dummy-215
816721.124296226,250,230,dummy-215
816752.880146831,250,230,dummy-215
816768.526162523,250,230,dummy-215
816787.265981882,250,230,dummy-215
816592.183641902,250,230,dummy-221
816594.864191286,250,230,dummy-221
816602.772758714,250,230,dummy-221
816622.577906344,250,230,dummy-221
816636.723895881,250,230,dummy-221
816780.470846793,250,230,dummy-221
816546.661003714,250,230,dummy-756
816548.389033013,250,230,dummy-756
816634.82103895,250,230,dummy-756
816771.868270935,250,230,dummy-756
816538.423384773,250,230,dummy-491
816625.834456279,250,230,dummy-491
816685.080711657,250,230,dummy-491
816745.758162772,250,230,dummy-491
816748.951957072,250,230,dummy-491
816631.813771354,250,230,dummy-656
816537.235951094,250,230,dummy-145
816582.986334272,250,230,dummy-145
816599.021098173,250,230,dummy-145
816773.544264832,250,230,dummy-145
816508.205255647,250,230,dummy-679
816614.719242277,250,230,dummy-679
816713.442031975,250,230,dummy-679
816721.250394436,250,230,dummy-679
816588.339149221,250,230,dummy-463
816633.142498628,250,230,dummy-463
816700.319438079,250,230,dummy-463
816708.773906903,250,230,dummy-452
816723.342470802,250,230,dummy-452
816504.982733905,250,230,dummy-112
816547.157339237,250,230,dummy-112
816551.349846663,250,230,dummy-112
816627.664066655,250,230,dummy-112
816643.604901273,250,230,dummy-112
816743.535573253,250,230,dummy-112
816535.443760475,250,230,dummy-424
816537.434724533,250,230,dummy-424
816743.026295394,250,230,dummy-424
816529.535431156,250,230,dummy-581
816564.520033077,250,230,dummy-581
816613.970993432,250,230,dummy-581
816626.123299271,250,230,dummy-581
816700.44265796,250,230,dummy-581
816770.665343787,250,230,dummy-581
816529.773530885,250,230,dummy-642
816642.261563891,250,230,dummy-642
816704.303974495,250,230,dummy-642
816760.088459777,250,230,dummy-338
816762.984536872,250,230,dummy-338
816573.824576885,250,230,dummy-536
816530.958038505,250,230,dummy-765
816671.848377935,250,230,dummy-765
816684.089532487,250,230,dummy-765
816714.021630765,250,230,dummy-765
816731.714289474,250,230,dummy-765
816573.597117432,250,230,dummy-116
816616.227782179,250,230,dummy-116
816685.104285623,250,230,dummy-500
816768.947622679,250,230,dummy-500
816782.930202038,250,230,dummy-500
816522.04867213,250,230,dummy-431
816543.566587633,250,230,dummy-431
816674.53742243,250,230,dummy-431
816716.335846734,250,230,dummy-431
816501.647106789,250,230,dummy-304
816579.405969713,250,230,dummy-304
816734.757430928,250,230,dummy-304
816742.625889685,250,230,dummy-304
816747.563545253,250,230,dummy-304
816788.366273036,250,230,dummy-304
816703.165487503,250,230,dummy-402
816720.940131393,250,230,dummy-402
816775.971574483,250,230,dummy-402
816565.768937485,250,230,dummy-131
816691.578589457,250,230,dummy-131
816735.78111166,250,230,dummy-131
816500.830383072,250,230,dummy-744
816599.595555202,250,230,dummy-744
816696.08314202,250,230,dummy-744
816585.681057415,250,230,dummy-82
816602.077773773,250,230,dummy-82
816718.502282157,250,230,dummy-82
816520.200580579,250,230,dummy-34
816576.759827102,250,230,dummy-34
816727.107220067,250,230,dummy-34
816600.18704715,250,230,dummy-36
816677.991494509,250,230,dummy-36
816708.03729937,250,230,dummy-36
816729.21926012,250,230,dummy-36
816731.262933823,250,230,dummy-36
816532.607174575,250,230,dummy-703
816556.999184461,250,230,dummy-703
816722.287024003,250,230,dummy-703
816736.712042538,250,230,dummy-703
816792.758596827,250,230,dummy-703
816527.813867717,250,230,dummy-759
816586.645394936,250,230,dummy-759
816593.142564267,250,230,dummy-759
816602.96713,250,230,dummy-759
816615.428637013,250,230,dummy-759
816680.81904172,250,230,dummy-759
816758.178704552,250,230,dummy-759
816520.861870925,250,230,dummy-623
816521.672791526,250,230,dummy-623
816570.481082152,250,230,dummy-623
816656.285631424,250,230,dummy-623
816749.130796236,250,230,dummy-623
816506.826424575,250,230,dummy-517
816690.20711465,250,230,dummy-517
816745.767597784,250,230,dummy-517
816784.287097558,250,230,dummy-517
816784.670366384,250,230,dummy-517
816598.567279961,250,230,dummy-80
816722.83823513,250,230,dummy-80
816545.271079015,250,230,dummy-348
816569.292308597,250,230,dummy-348
816572.395801486,250,230,dummy-348
816626.885510731,250,230,dummy-348
816651.856035281,250,230,dummy-348
816500.03255419,250,230,dummy-687
816503.297952269,250,230,dummy-687
816584.468862781,250,230,dummy-687
816704.889440016,250,230,dummy-687
816739.726827421,250,230,dummy-687
816551.870743697,250,230,dummy-493
816690.61317491,250,230,dummy-493
816714.834160706,250,230,dummy-493
816742.41987823,250,230,dummy-493
816591.184540629,250,230,dummy-421
816707.882909872,250,230,dummy-421
816713.965044514,250,230,dummy-421
816786.044268884,250,230,dummy-421
816592.522564934,250,230,dummy-179
816627.467372833,250,230,dummy-179
816639.086506908,250,230,dummy-130
816660.077509437,250,230,dummy-130
816741.386395811,250,230,dummy-130
816538.500537966,250,230,dummy-598
816582.502110044,250,230,dummy-598
816621.141772048,250,230,dummy-598
816675.619118349,250,230,dummy-598
816725.325158826,250,230,dummy-598
816758.939762379,250,230,dummy-598
816523.417076768,250,230,dummy-711
816557.879638795,250,230,dummy-711
816591.71257784,250,230,dummy-711
816600.998910327,250,230,dummy-711
816646.228524107,250,230,dummy-711
816770.714611137,250,230,dummy-711
816600.287016042,250,230,dummy-634
816660.475647848,250,230,dummy-634
816721.636609521,250,230,dummy-634
816739.27646257,250,230,dummy-634
816531.991642448,250,230,dummy-635
816576.066807291,250,230,dummy-635
816672.863164182,250,230,dummy-635
816718.658361798,250,230,dummy-635
816766.968430224,250,230,dummy-635
816767.125925679,250,230,dummy-635
816794.976880862,250,230,dummy-635
816505.075377422,250,230,dummy-426
816542.487250413,250,230,dummy-426
816655.797540746,250,230,dummy-426
816775.755423525,250,230,dummy-426
816727.067177305,250,230,dummy-105
816753.819579125,250,230,dummy-105
816794.693121313,250,230,dummy-105
816571.603869744,250,230,dummy-660
816716.720234308,250,230,dummy-660
816728.575142312,250,230,dummy-660
816610.768364811,250,230,dummy-606
816622.200264965,250,230,dummy-606
816650.475071182,250,230,dummy-606
816763.62974502,250,230,dummy-606
816539.088811052,250,230,dummy-51
816575.99173394,250,230,dummy-51
816631.194171942,250,230,dummy-51
816658.321063529,250,230,dummy-51
816700.028154642,250,230,dummy-51
816706.428081939,250,230,dummy-51
816781.585740381,250,230,dummy-51
816567.092601124,250,230,dummy-3
816616.199686305,250,230,dummy-3
816713.76598627,250,230,dummy-3
816761.501488037,250,230,dummy-3
816543.514735135,250,230,dummy-157
816556.63279832,250,230,dummy-157
816582.281958277,250,230,dummy-157
816674.570040782,250,230,dummy-157
816678.212723637,250,230,dummy-157
816722.703378713,250,230,dummy-157
816743.45558004,250,230,dummy-157
816795.496339765,250,230,dummy-157
816505.075447742,250,230,dummy-154
816612.008512712,250,230,dummy-154
816775.288802118,250,230,dummy-154
816622.009321375,250,230,dummy-101
816570.967265094,250,230,dummy-576
816588.183971314,250,230,dummy-576
816636.921955803,250,230,dummy-576
816657.873265517,250,230,dummy-576
816758.029964864,250,230,dummy-576
816619.151331359,250,230,dummy-155
816631.970448032,250,230,dummy-155
816655.291242265,250,230,dummy-155
816529.608782079,250,230,dummy-595
816539.861933573,250,230,dummy-595
816569.377167082,250,230,dummy-595
816657.38720459,250,230,dummy-595
816752.731107229,250,230,dummy-595
816607.93081852,250,230,dummy-464
816766.269495927,250,230,dummy-464
816586.006526007,250,230,dummy-357
816644.722185095,250,230,dummy-357
816674.678094427,250,230,dummy-357
816697.463859076,250,230,dummy-357
816746.008060234,250,230,dummy-357
816678.325223492,250,230,dummy-462
816538.60543514,250,230,dummy-233
816622.485068591,250,230,dummy-233
816665.20883178,250,230,dummy-233
816720.916454548,250,230,dummy-233
816584.531418941,250,230,dummy-123
816613.93157856,250,230,dummy-123
816623.978796391,250,230,dummy-123
816726.39730475,250,230,dummy-123
816600.710814035,250,230,dummy-352
816615.730689846,250,230,dummy-352
816755.480796442,250,230,dummy-352
816781.281728852,250,230,dummy-352
816506.141763648,250,230,dummy-245
816532.738240582,250,230,dummy-245
816722.092687349,250,230,dummy-245
816658.403688543,250,230,dummy-59
816685.077292846,250,230,dummy-59
816556.257218786,250,230,dummy-151
816786.89636589,250,230,dummy-151
816667.194236251,250,230,dummy-305
816681.666828127,250,230,dummy-305
816719.915202052,250,230,dummy-305
816542.797736363,250,230,dummy-509
816551.649099219,250,230,dummy-509
816552.797654089,250,230,dummy-509
816669.746472338,250,230,dummy-509
816708.064774486,250,230,dummy-509
816761.812051368,250,230,dummy-509
816764.355775937,250,230,dummy-509
816498.806181502,250,230,dummy-185
816543.0302895,250,230,dummy-185
816630.329229439,250,230,dummy-185
816732.885045133,250,230,dummy-185
816741.15840154,250,230,dummy-185
816592.222547507,250,230,dummy-135
816650.183155865,250,230,dummy-135
816700.376103454,250,230,dummy-135
816739.893092102,250,230,dummy-135
816749.63989545,250,230,dummy-135
816502.312661613,250,230,dummy-299
816520.994717271,250,230,dummy-299
816619.687474136,250,230,dummy-299
816695.99976498,250,230,dummy-299
816788.545398061,250,230,dummy-299
816502.239238366,250,230,dummy-657
816502.283508356,250,230,dummy-657
816507.537174871,250,230,dummy-657
816542.910427079,250,230,dummy-657
816543.284101075,250,230,dummy-657
816550.460515048,250,230,dummy-657
816688.4953354,250,230,dummy-657
816568.600352678,250,230,dummy-95
816580.70769359,250,230,dummy-95
816691.166911339,250,230,dummy-95
816667.829273296,250,230,dummy-428
816688.374968473,250,230,dummy-428
816744.904849958,250,230,dummy-428
816508.480438434,250,230,dummy-460
816555.055998351,250,230,dummy-460
816590.247576324,250,230,dummy-460
816666.47396941,250,230,dummy-460
816734.272123043,250,230,dummy-460
816789.600772793,250,230,dummy-612
816502.139070133,250,230,dummy-745
816555.643758774,250,230,dummy-745
816672.254013384,250,230,dummy-745
816723.412544543,250,230,dummy-745
816509.633176094,250,230,dummy-654
816550.69085186,250,230,dummy-654
816647.151177739,250,230,dummy-654
816682.358603816,250,230,dummy-654
816771.10976928,250,230,dummy-654
816552.67164573,250,230,dummy-584
816538.272019492,250,230,dummy-534
816640.185501016,250,230,dummy-534
816612.799690468,250,230,dummy-552
816647.151206049,250,230,dummy-552
816557.330106116,250,230,dummy-189
816619.461259618,250,230,dummy-189
816668.370595838,250,230,dummy-189
816699.729781605,250,230,dummy-189
816518.792985904,250,230,dummy-709
816708.771438323,250,230,dummy-326
816517.11554322,250,230,dummy-49
816693.297719501,250,230,dummy-49
816525.882876556,250,230,dummy-557
816591.208165583,250,230,dummy-557
816649.400506167,250,230,dummy-557
816719.769333712,250,230,dummy-557
816509.21225335,250,230,dummy-439
816576.331381745,250,230,dummy-439
816735.097209779,250,230,dummy-439
816786.112820106,250,230,dummy-439
816593.012890372,250,230,dummy-71
816720.785119544,250,230,dummy-71
816731.286802823,250,230,dummy-71
816503.554942716,250,230,dummy-730
816555.774954319,250,230,dummy-730
816663.428339507,250,230,dummy-730
816671.059197855,250,230,dummy-730
816791.17538114,250,230,dummy-730
816772.111555647,250,230,dummy-150
816772.770003639,250,230,dummy-150
816678.49370405,250,230,dummy-637
816788.970105236,250,230,dummy-637
816516.831946987,250,230,dummy-193
816532.688628395,250,230,dummy-193
816535.552574737,250,230,dummy-193
816560.588727511,250,230,dummy-193
816743.713166804,250,230,dummy-193
816505.678205524,250,230,dummy-140
816541.256080981,250,230,dummy-140
816545.445047908,250,230,dummy-140
816594.722417046,250,230,dummy-140
816634.048771442,250,230,dummy-140
816692.506494642,250,230,dummy-140
816733.441154212,250,230,dummy-140
816537.591501513,250,230,dummy-92
816778.689382066,250,230,dummy-236
816523.307625785,250,230,dummy-211
816791.329393812,250,230,dummy-211
816582.948264834,250,230,dummy-316
816587.349747338,250,230,dummy-316
816647.466014685,250,230,dummy-316
816723.24491696,250,230,dummy-316
816762.604802246,250,230,dummy-316
816577.698355554,250,230,dummy-328
816641.025024309,250,230,dummy-328
816524.551724438,250,230,dummy-62
816609.025088315,250,230,dummy-62
816703.686831608,250,230,dummy-62
816751.206164091,250,230,dummy-62
816624.160608988,250,230,dummy-451
816508.295538605,250,230,dummy-495
816520.502373306,250,230,dummy-495
816743.487097902,250,230,dummy-495
816790.730877355,250,230,dummy-495
816538.673144088,250,230,dummy-708
816699.982204954,250,230,dummy-708
816742.129505598,250,230,dummy-708
816747.917869897,250,230,dummy-708
816502.017553669,250,230,dummy-570
816543.288359689,250,230,dummy-570
816548.468306021,250,230,dummy-570
816546.109686584,250,230,dummy-312
816574.718372826,250,230,dummy-312
816533.537396176,250,230,dummy-390
816506.945352264,250,230,dummy-751
816538.540377489,250,230,dummy-751
816636.712874627,250,230,dummy-751
816660.590122614,250,230,dummy-751
816694.404653325,250,230,dummy-751
816721.208444585,250,230,dummy-751
816765.878784639,250,230,dummy-751
816774.300562857,250,230,dummy-751
816501.22819714,250,230,dummy-518
816748.140720298,250,230,dummy-518
816498.351054353,250,230,dummy-22
816646.398754329,250,230,dummy-22
816788.248833828,250,230,dummy-22
816580.184654749,250,230,dummy-107
816688.058051829,250,230,dummy-107
816721.110504073,250,230,dummy-107
816584.902732231,250,230,dummy-241
816584.933121412,250,230,dummy-241
816610.520609714,250,230,dummy-241
816626.521401706,250,230,dummy-241
816669.691503995,250,230,dummy-241
816695.237158473,250,230,dummy-241
816517.15702764,250,230,dummy-239
816537.044848844,250,230,dummy-239
816538.506759589,250,230,dummy-239
816556.257533478,250,230,dummy-239
816559.249011373,250,230,dummy-239
816589.352341088,250,230,dummy-239
816627.244187887,250,230,dummy-239
816730.887295127,250,230,dummy-239
816522.281065469,250,230,dummy-162
816759.638247019,250,230,dummy-162
816515.182002823,250,230,dummy-371
816535.818486504,250,230,dummy-371
816664.67691346,250,230,dummy-371
816674.25104102,250,230,dummy-371
816792.736584578,250,230,dummy-371
816518.992800349,250,230,dummy-115
816548.00566902,250,230,dummy-115
816586.607199055,250,230,dummy-115
816511.066501638,250,230,dummy-43
816519.181337441,250,230,dummy-43
816590.718324329,250,230,dummy-43
816731.76373,250,230,dummy-43
816750.105286138,250,230,dummy-43
816522.011869998,250,230,dummy-653
816633.959620165,250,230,dummy-653
816675.991496497,250,230,dummy-653
816678.850906415,250,230,dummy-653
816750.003484059,250,230,dummy-653
816520.240326045,250,230,dummy-153
816627.044638868,250,230,dummy-153
816630.24524641,250,230,dummy-153
816672.436941886,250,230,dummy-153
816783.451446345,250,230,dummy-153
816642.419029056,250,230,dummy-639
816734.575867759,250,230,dummy-639
816576.154996281,250,230,dummy-677
816628.630325791,250,230,dummy-677
816766.396123011,250,230,dummy-677
816534.958197997,250,230,dummy-436
816560.868872632,250,230,dummy-436
816650.453782447,250,230,dummy-436
816660.121196617,250,230,dummy-436
816730.500729905,250,230,dummy-436
816785.172397043,250,230,dummy-436
816498.160722135,250,230,dummy-143
816646.915294598,250,230,dummy-143
816733.636587147,250,230,dummy-143
816755.378135773,250,230,dummy-143
816777.725774449,250,230,dummy-143
816562.458355857,250,230,dummy-447
816592.905998752,250,230,dummy-447
816765.669646941,250,230,dummy-447
816513.751257595,250,230,dummy-683
816650.946060169,250,230,dummy-683
816732.228145828,250,230,dummy-683
816766.220534567,250,230,dummy-683
816521.416291008,250,230,dummy-160
816591.259586241,250,230,dummy-160
816542.003540475,250,230,dummy-474
816542.875072085,250,230,dummy-714
816578.283765801,250,230,dummy-714
816649.793195566,250,230,dummy-714
816733.82634264,250,230,dummy-714
816736.928040552,250,230,dummy-714
816519.255846329,250,230,dummy-550
816723.052916311,250,230,dummy-550
816757.34806324,250,230,dummy-550
816758.845968184,250,230,dummy-588
816497.901712016,250,230,dummy-591
816546.180942641,250,230,dummy-591
816675.256652432,250,230,dummy-591
816568.10553409,250,230,dummy-308
816650.46342154,250,230,dummy-308
816659.077238865,250,230,dummy-308
816685.322007772,250,230,dummy-308
816712.289040964,250,230,dummy-308
816741.881247801,250,230,dummy-308
816654.439796043,250,230,dummy-327
816665.683855525,250,230,dummy-327
816687.067719842,250,230,dummy-327
816728.911309874,250,230,dummy-330
816773.668940843,250,230,dummy-330
816667.620334567,250,230,dummy-582
816500.604139615,250,230,dummy-466
816538.513306957,250,230,dummy-466
816575.156926733,250,230,dummy-466
816764.735960166,250,230,dummy-466
816766.997757287,250,230,dummy-466
816514.344774662,250,230,dummy-203
816542.672647733,250,230,dummy-203
816559.118500807,250,230,dummy-203
816733.748795804,250,230,dummy-203
816790.574515551,250,230,dummy-203
816540.9471268,250,230,dummy-392
816676.037251693,250,230,dummy-392
816794.963860662,250,230,dummy-392
816561.106337293,250,230,dummy-331
816585.151835402,250,230,dummy-331
816666.521783751,250,230,dummy-331
816772.107800435,250,230,dummy-331
816795.969314536,250,230,dummy-369
816588.119898307,250,230,dummy-555
816751.450028869,250,230,dummy-555
816758.180109207,250,230,dummy-555
816567.537548351,250,230,dummy-42
816658.168330907,250,230,dummy-42
816776.954146442,250,230,dummy-42
816785.055182683,250,230,dummy-42
816521.153456538,250,230,dummy-441
816541.485320546,250,230,dummy-441
816597.331285677,250,230,dummy-441
816673.939292955,250,230,dummy-441
816692.270996491,250,230,dummy-441
816726.213672212,250,230,dummy-441
816565.707975947,250,230,dummy-6
816642.127420857,250,230,dummy-6
816777.913707863,250,230,dummy-6
816515.676441299,250,230,dummy-69
816617.122792781,250,230,dummy-69
816652.319241215,250,230,dummy-69
816696.023356994,250,230,dummy-69
816796.732944298,250,230,dummy-69
816579.457503195,250,230,dummy-191
816681.388953452,250,230,dummy-191
816725.459035053,250,230,dummy-191
816728.477923302,250,230,dummy-191
816507.871726599,250,230,dummy-362
816613.137771858,250,230,dummy-362
816686.478905774,250,230,dummy-362
816706.600286535,250,230,dummy-362
816596.913498442,250,230,dummy-52
816605.994829907,250,230,dummy-52
816659.513156137,250,230,dummy-52
816706.952401236,250,230,dummy-52
816545.617787822,250,230,dummy-618
816720.545656989,250,230,dummy-618
816753.220972288,250,230,dummy-618
816545.459311167,250,230,dummy-300
816793.629993965,250,230,dummy-300
816526.151463506,250,230,dummy-144
816623.800784551,250,230,dummy-144
816624.185578348,250,230,dummy-144
816726.321698126,250,230,dummy-144
816731.934818677,250,230,dummy-144
816537.493978223,250,230,dummy-599
816590.779492608,250,230,dummy-599
816613.173580358,250,230,dummy-599
816633.566260225,250,230,dummy-599
816673.376460051,250,230,dummy-599
816677.435126718,250,230,dummy-384
816747.725162708,250,230,dummy-384
816714.542914783,250,230,dummy-333
816771.677192915,250,230,dummy-333
816507.078872115,250,230,dummy-208
816554.454352438,250,230,dummy-208
816676.02022164,250,230,dummy-208
816505.891749404,250,230,dummy-161
816711.328251945,250,230,dummy-161
816545.698101091,250,230,dummy-98
816590.667312419,250,230,dummy-98
816680.000239573,250,230,dummy-98
816671.239235807,250,230,dummy-302
816721.203925172,250,230,dummy-302
816503.601453503,250,230,dummy-734
816700.681913607,250,230,dummy-734
816729.69835379,250,230,dummy-734
816502.122148157,250,230,dummy-258
816562.00135566,250,230,dummy-258
816566.063739303,250,230,dummy-258
816618.912560004,250,230,dummy-258
816657.369906133,250,230,dummy-258
816675.322812165,250,230,dummy-258
816790.751746081,250,230,dummy-258
816517.514194438,250,230,dummy-733
816526.972532709,250,230,dummy-733
816683.693983331,250,230,dummy-733
816764.066132021,250,230,dummy-733
816528.602194896,250,230,dummy-728
816540.759313185,250,230,dummy-728
816625.434986241,250,230,dummy-728
816727.615517657,250,230,dummy-728
816773.713138048,250,230,dummy-728
816568.145239456,250,230,dummy-701
816614.942944014,250,230,dummy-701
816624.514020574,250,230,dummy-701
816729.835422523,250,230,dummy-701
816537.338621237,250,230,dummy-243
816665.571451832,250,230,dummy-243
816721.109963202,250,230,dummy-243
816792.979089322,250,230,dummy-243
816544.103658044,250,230,dummy-587
816601.512640709,250,230,dummy-587
816607.67475321,250,230,dummy-587
816637.791574265,250,230,dummy-587
816745.541582831,250,230,dummy-587
816588.444365696,250,230,dummy-313
816631.601315122,250,230,dummy-313
816567.835033205,250,230,dummy-403
816715.942713877,250,230,dummy-403
816747.864224688,250,230,dummy-403
816770.71800983,250,230,dummy-403
816567.696341619,250,230,dummy-546
816585.194121751,250,230,dummy-546
816674.678116182,250,230,dummy-546
816691.821216407,250,230,dummy-546
816752.934455395,250,230,dummy-546
816795.546881352,250,230,dummy-546
816647.626673883,250,230,dummy-324
816619.861028207,250,230,dummy-707
816633.836016146,250,230,dummy-707
816733.801780868,250,230,dummy-707
816537.677576066,250,230,dummy-88
816633.287416802,250,230,dummy-88
816780.310571984,250,230,dummy-88
816670.775821231,250,230,dummy-134
816707.986217197,250,230,dummy-134
816779.891464593,250,230,dummy-134
816506.903351263,250,230,dummy-206
816567.760846418,250,230,dummy-206
816656.825904691,250,230,dummy-206
816737.716435315,250,230,dummy-206
816542.631432323,250,230,dummy-89
816609.467061825,250,230,dummy-89
816628.597250765,250,230,dummy-89
816633.708755721,250,230,dummy-89
816764.417713887,250,230,dummy-89
816540.980289473,250,230,dummy-173
816670.167782547,250,230,dummy-173
816691.308996239,250,230,dummy-173
816747.992576892,250,230,dummy-173
816544.244110486,250,230,dummy-137
816668.306551691,250,230,dummy-137
816691.485476237,250,230,dummy-137
816727.929140744,250,230,dummy-137
816760.198884151,250,230,dummy-137
816509.353206155,250,230,dummy-479
816564.514798809,250,230,dummy-479
816650.127581838,250,230,dummy-479
816706.531234983,250,230,dummy-479
816720.296083263,250,230,dummy-479
816498.834199387,250,230,dummy-186
816507.94394522,250,230,dummy-186
816535.33394536,250,230,dummy-186
816633.380151707,250,230,dummy-186
816688.39221695,250,230,dummy-186
816698.178827306,250,230,dummy-186
816775.007215339,250,230,dummy-186
816529.294363204,250,230,dummy-334
816724.904708296,250,230,dummy-334
816556.289958521,250,230,dummy-387
816569.048926125,250,230,dummy-387
816668.882029357,250,230,dummy-387
816573.922993283,250,230,dummy-40
816638.867027911,250,230,dummy-40
816776.257635734,250,230,dummy-40
816678.42548649,250,230,dummy-315
816701.859597757,250,230,dummy-315
816702.727405015,250,230,dummy-315
816758.885206971,250,230,dummy-315
816784.568269857,250,230,dummy-315
816796.756701399,250,230,dummy-499
816507.409106175,250,230,dummy-106
816552.812393226,250,230,dummy-106
816612.827226173,250,230,dummy-106
816630.101192677,250,230,dummy-106
816703.795669315,250,230,dummy-106
816507.875687853,250,230,dummy-378
816611.899900612,250,230,dummy-378
816670.438833682,250,230,dummy-378
816694.841508755,250,230,dummy-378
816599.261293087,250,230,dummy-266
816686.981820647,250,230,dummy-266
816684.294909391,250,230,dummy-404
816708.163099805,250,230,dummy-404
816523.903814857,250,230,dummy-349
816554.373837247,250,230,dummy-349
816649.132673862,250,230,dummy-349
816711.294111894,250,230,dummy-349
816719.235673422,250,230,dummy-349
816745.346964281,250,230,dummy-349
816514.649543649,250,230,dummy-263
816546.720860928,250,230,dummy-263
816555.356847184,250,230,dummy-263
816671.754760691,250,230,dummy-263
816693.041604565,250,230,dummy-263
816701.76034558,250,230,dummy-263
816707.461468786,250,230,dummy-263
816770.609231149,250,230,dummy-263
816519.357599076,250,230,dummy-55
816650.247526373,250,230,dummy-55
816673.269829297,250,230,dummy-78
816675.840005895,250,230,dummy-78
816676.282636134,250,230,dummy-78
816684.420018422,250,230,dummy-78
816790.095020603,250,230,dummy-78
816545.559854426,250,230,dummy-149
816555.859998997,250,230,dummy-432
816517.921578611,250,230,dummy-675
816549.050087843,250,230,dummy-675
816771.327232745,250,230,dummy-675
816646.711882058,250,230,dummy-247
816690.467143659,250,230,dummy-247
816697.981219557,250,230,dummy-247
816559.810024287,250,230,dummy-459
816542.227875769,250,230,dummy-461
816552.329852654,250,230,dummy-461
816557.717267777,250,230,dummy-461
816640.691331639,250,230,dummy-461
816739.192551878,250,230,dummy-461
816753.722022968,250,230,dummy-461
816510.061475036,250,230,dummy-246
816544.303051024,250,230,dummy-246
816609.13081671,250,230,dummy-246
816663.085514365,250,230,dummy-246
816541.06177623,250,230,dummy-571
816676.671161351,250,230,dummy-571
816583.866781324,250,230,dummy-659
816670.847316074,250,230,dummy-659
816729.023584711,250,230,dummy-659
816727.960671563,250,230,dummy-27
816768.939710073,250,230,dummy-27
816502.728608417,250,230,dummy-2
816577.183111611,250,230,dummy-2
816611.67952606,250,230,dummy-2
816563.721868479,250,230,dummy-704
816624.804005356,250,230,dummy-704
816660.396878912,250,230,dummy-704
816521.50746291,250,230,dummy-405
816548.630932666,250,230,dummy-405
816710.093037715,250,230,dummy-405
816716.676766976,250,230,dummy-405
816774.504349082,250,230,dummy-405
816555.888620002,250,230,dummy-398
816581.946539592,250,230,dummy-398
816590.95501555,250,230,dummy-398
816607.688376939,250,230,dummy-398
816665.151299863,250,230,dummy-398
816692.154205173,250,230,dummy-398
816553.233643116,250,230,dummy-318
816574.929351339,250,230,dummy-318
816628.949478408,250,230,dummy-318
816641.524840504,250,230,dummy-318
816659.717108429,250,230,dummy-318
816648.044159542,250,230,dummy-416
816649.598673802,250,230,dummy-416
816564.185020609,250,230,dummy-368
816606.231357522,250,230,dummy-368
816530.726753919,250,230,dummy-295
816558.799885728,250,230,dummy-295
816635.681887215,250,230,dummy-295
816733.428376307,250,230,dummy-295
816506.673602752,250,230,dummy-767
816519.46936095,250,230,dummy-767
816584.998263448,250,230,dummy-767
816634.605395406,250,230,dummy-767
816687.942813677,250,230,dummy-767
816746.385635259,250,230,dummy-767
816779.862257428,250,230,dummy-767
816782.052116117,250,230,dummy-767
816637.963342862,250,230,dummy-448
816680.778780635,250,230,dummy-448
816741.986367563,250,230,dummy-448
816625.252489747,250,230,dummy-212
816668.068809135,250,230,dummy-212
816720.553457505,250,230,dummy-212
816729.428089833,250,230,dummy-212
816547.725716226,250,230,dummy-601
816696.95236369,250,230,dummy-601
816745.574329653,250,230,dummy-601
816784.186499846,250,230,dummy-601
816496.949039489,250,230,dummy-265
816767.809746503,250,230,dummy-265
816794.125283147,250,230,dummy-265
816687.607393493,250,230,dummy-558
816779.584667795,250,230,dummy-558
816540.928570503,250,230,dummy-47
816604.605023529,250,230,dummy-47
816660.459692472,250,230,dummy-47
816729.309700563,250,230,dummy-344
816688.451767589,250,230,dummy-532
816525.374384524,250,230,dummy-523
816549.0447968,250,230,dummy-523
816639.579449838,250,230,dummy-523
816738.159190446,250,230,dummy-523
816498.914226451,250,230,dummy-638
816566.101949347,250,230,dummy-638
816736.519823339,250,230,dummy-638
816701.278904807,250,230,dummy-253
816725.296442162,250,230,dummy-253
816757.527288672,250,230,dummy-253
816539.624473257,250,230,dummy-750
816566.655013064,250,230,dummy-750
816531.231681029,250,230,dummy-374
816589.781856201,250,230,dummy-374
816568.56119471,250,230,dummy-366
816626.412296397,250,230,dummy-366
816640.31069519,250,230,dummy-366
816676.767979735,250,230,dummy-366
816689.766252086,250,230,dummy-366
816786.13942194,250,230,dummy-366
816734.694151665,250,230,dummy-280
816771.03065443,250,230,dummy-280
816506.836988437,250,230,dummy-521
816523.253531509,250,230,dummy-521
816753.633208118,250,230,dummy-521
816512.67271123,250,230,dummy-400
816577.384293877,250,230,dummy-400
816753.221036608,250,230,dummy-766
816638.54609599,250,230,dummy-713
816750.995816007,250,230,dummy-713
816545.178632173,250,230,dummy-737
816639.846797134,250,230,dummy-737
816681.925106078,250,230,dummy-737
816776.819130507,250,230,dummy-737
816658.330958171,250,230,dummy-188
816515.57780231,250,230,dummy-710
816613.433991672,250,230,dummy-710
816645.109597368,250,230,dummy-710
816671.161676611,250,230,dummy-710
816681.678594568,250,230,dummy-710
816755.309416852,250,230,dummy-710
816643.038783595,250,230,dummy-257
816708.972850546,250,230,dummy-257
816769.7105059,250,230,dummy-257
816770.52932398,250,230,dummy-257
816547.069607216,250,230,dummy-164
816579.180642795,250,230,dummy-164
816696.380103607,250,230,dummy-164
816566.477198216,250,230,dummy-700
816595.607428106,250,230,dummy-700
816602.318118791,250,230,dummy-700
816627.099268313,250,230,dummy-700
816652.446505597,250,230,dummy-700
816676.209005014,250,230,dummy-700
816718.324417151,250,230,dummy-700
816538.377979798,250,230,dummy-427
816746.022112546,250,230,dummy-427
816768.81769449,250,230,dummy-427
816512.204616916,250,230,dummy-183
816570.47890493,250,230,dummy-183
816608.499578334,250,230,dummy-183
816553.90598739,250,230,dummy-681
816651.079980212,250,230,dummy-681
816711.750537201,250,230,dummy-681
816652.500661995,250,230,dummy-209
816677.347098572,250,230,dummy-209
816742.94931043,250,230,dummy-209
816741.089407385,250,230,dummy-177
816780.534149134,250,230,dummy-177
816519.432138842,250,230,dummy-174
816622.403705111,250,230,dummy-174
816636.956975398,250,230,dummy-174
816681.464572129,250,230,dummy-174
816789.853132696,250,230,dummy-174
816513.411032914,250,230,dummy-12
816545.817575762,250,230,dummy-12
816601.607953491,250,230,dummy-12
816719.742188442,250,230,dummy-12
816587.05734515,250,230,dummy-45
816592.571882225,250,230,dummy-45
816592.870512618,250,230,dummy-45
816616.449450805,250,230,dummy-45
816791.471980877,250,230,dummy-45
816520.057927468,250,230,dummy-674
816551.245980835,250,230,dummy-674
816498.459422778,250,230,dummy-218
816512.064975684,250,230,dummy-218
816542.283266773,250,230,dummy-218
816765.064554174,250,230,dummy-218
816777.808235867,250,230,dummy-218
816741.016733424,250,230,dummy-664
816562.036562231,250,230,dummy-604
816570.631120296,250,230,dummy-604
816755.133288624,250,230,dummy-604
816501.662790734,250,230,dummy-625
816528.901493528,250,230,dummy-625
816605.817479496,250,230,dummy-625
816680.685195916,250,230,dummy-625
816533.907386067,250,230,dummy-232
816534.074024113,250,230,dummy-232
816566.165915903,250,230,dummy-232
816764.72122575,250,230,dummy-232
816768.534335123,250,230,dummy-232
816577.245626008,250,230,dummy-669
816779.043455282,250,230,dummy-669
816631.307402274,250,230,dummy-63
816638.254350548,250,230,dummy-63
816654.541905501,250,230,dummy-63
816680.467780318,250,230,dummy-63
816729.852732963,250,230,dummy-63
816730.48018118,250,230,dummy-63
816777.510647028,250,230,dummy-63
816785.137541445,250,230,dummy-63
816623.107656158,250,230,dummy-383
816672.521887739,250,230,dummy-383
816727.174986,250,230,dummy-383
816722.18926182,250,230,dummy-360
816750.926114506,250,230,dummy-360
816513.677811068,250,230,dummy-202
816565.316669915,250,230,dummy-202
816605.785815867,250,230,dummy-202
816583.180499089,250,230,dummy-201
816592.704100617,250,230,dummy-201
816610.971271419,250,230,dummy-201
816653.431623377,250,230,dummy-475
816673.059149428,250,230,dummy-475
816732.88266796,250,230,dummy-475
816785.995284511,250,230,dummy-475
816531.116949109,250,230,dummy-486
816653.492559277,250,230,dummy-486
816656.871555846,250,230,dummy-486
816688.104261453,250,230,dummy-486
816793.631378832,250,230,dummy-673
816795.618511871,250,230,dummy-673
816502.266329244,250,230,dummy-738
816546.593472459,250,230,dummy-738
816636.539316293,250,230,dummy-738
816664.229385787,250,230,dummy-738
816720.503869877,250,230,dummy-738
816513.262619396,250,230,dummy-670
816700.03049361,250,230,dummy-670
816793.54570506,250,230,dummy-670
816587.837861731,250,230,dummy-288
816505.792018674,250,230,dummy-294
816727.110625357,250,230,dummy-294
816537.931600845,250,230,dummy-394
816769.423668728,250,230,dummy-394
816786.239980828,250,230,dummy-394
816578.033755507,250,230,dummy-91
816583.719363886,250,230,dummy-91
816689.104152841,250,230,dummy-91
816564.344985815,250,230,dummy-353
816592.438439667,250,230,dummy-353
816657.855789755,250,230,dummy-93
816720.468594416,250,230,dummy-93
816752.199935813,250,230,dummy-93
816782.874346272,250,230,dummy-93
816565.505668978,250,230,dummy-631
816756.295392527,250,230,dummy-631
816704.022770971,250,230,dummy-455
816743.416845745,250,230,dummy-455
816499.526760605,250,230,dummy-57
816539.308230403,250,230,dummy-57
816605.068934042,250,230,dummy-57
816770.967207892,250,230,dummy-57
816785.551440075,250,230,dummy-332
816525.07592798,250,230,dummy-119
816526.164493584,250,230,dummy-119
816569.556260876,250,230,dummy-119
816699.143955646,250,230,dummy-119
816558.080540857,250,230,dummy-255
816588.743288504,250,230,dummy-255
816683.831530559,250,230,dummy-255
816624.812091663,250,230,dummy-705
816701.510944529,250,230,dummy-705
816788.276059789,250,230,dummy-705
816701.035971336,250,230,dummy-401
816662.737101876,250,230,dummy-279
816732.184772928,250,230,dummy-279
816537.464238366,250,230,dummy-590
816565.903193145,250,230,dummy-590
816710.362630904,250,230,dummy-590
816541.861530406,250,230,dummy-682
816660.578591288,250,230,dummy-682
816661.843347279,250,230,dummy-682
816750.883332668,250,230,dummy-682
816789.027810752,250,230,dummy-682
816555.248010744,250,230,dummy-194
816561.510034488,250,230,dummy-194
816566.467477168,250,230,dummy-194
816788.483940895,250,230,dummy-194
816791.533096716,250,230,dummy-194
816634.965600343,250,230,dummy-128
816688.590486595,250,230,dummy-128
816534.346371891,250,230,dummy-35
816543.505126178,250,230,dummy-35
816630.992295376,250,230,dummy-76
816723.862812833,250,230,dummy-76
816775.421849122,250,230,dummy-76
816655.313993642,250,230,dummy-617
816743.713141031,250,230,dummy-617
816515.730378938,250,230,dummy-425
816548.486506868,250,230,dummy-425
816556.937412265,250,230,dummy-425
816653.747969178,250,230,dummy-425
816523.427091823,250,230,dummy-603
816546.911109327,250,230,dummy-603
816558.954988538,250,230,dummy-603
816591.903089228,250,230,dummy-58
816696.199306074,250,230,dummy-58
816752.950410631,250,230,dummy-58
816534.28378463,250,230,dummy-126
816566.280673655,250,230,dummy-126
816591.62870417,250,230,dummy-126
816686.945431017,250,230,dummy-126
816756.53617117,250,230,dummy-126
816763.140716791,250,230,dummy-126
816757.548697297,250,230,dummy-129
816510.831140183,250,230,dummy-104
816526.257210006,250,230,dummy-104
816527.171636855,250,230,dummy-104
816527.225008981,250,230,dummy-104
816553.319779503,250,230,dummy-104
816578.640353424,250,230,dummy-104
816686.482427229,250,230,dummy-104
816750.995793008,250,230,dummy-104
816765.25734806,250,230,dummy-104
816539.707859975,250,230,dummy-64
816580.470870639,250,230,dummy-64
816598.008810943,250,230,dummy-64
816551.648505637,250,230,dummy-276
816554.6773954,250,230,dummy-276
816582.743450406,250,230,dummy-276
816794.424749924,250,230,dummy-276
816504.916499906,250,230,dummy-341
816610.644240565,250,230,dummy-341
816651.696474372,250,230,dummy-341
816720.26975469,250,230,dummy-341
816748.528988663,250,230,dummy-341
816762.643805809,250,230,dummy-341
816516.028684183,250,230,dummy-100
816620.117962737,250,230,dummy-100
816724.750173992,250,230,dummy-100
816750.435625429,250,230,dummy-100
816768.525551853,250,230,dummy-100
816762.026245148,250,230,dummy-758
816498.50385765,250,230,dummy-397
816504.7720498,250,230,dummy-397
816675.932351346,250,230,dummy-397
816752.695903624,250,230,dummy-370
816609.938173075,250,230,dummy-547
816661.733854999,250,230,dummy-547
816792.803391651,250,230,dummy-547
816747.461582354,250,230,dummy-382
816553.52141102,250,230,dummy-544
816577.400584825,250,230,dummy-544
816659.259419354,250,230,dummy-544
816707.72017009,250,230,dummy-544
816718.785406689,250,230,dummy-544
816764.365652493,250,230,dummy-544
816565.160168324,250,230,dummy-481
816576.45757124,250,230,dummy-481
816610.757836857,250,230,dummy-481
816510.835358138,250,230,dummy-373
816520.690652091,250,230,dummy-373
816541.460371177,250,230,dummy-373
816620.389329836,250,230,dummy-373
816620.888250357,250,230,dummy-373
816703.581587105,250,230,dummy-373
816760.368484859,250,230,dummy-373
816786.380257904,250,230,dummy-373
816787.490965483,250,230,dummy-373
816594.195442861,250,230,dummy-602
816625.248948336,250,230,dummy-602
816711.634432599,250,230,dummy-602
816725.669645664,250,230,dummy-602
816794.777262573,250,230,dummy-602
816581.532850558,250,230,dummy-752
816623.964611419,250,230,dummy-752
816633.638575449,250,230,dummy-752
816646.076180084,250,230,dummy-752
816713.444633785,250,230,dummy-752
816499.716068594,250,230,dummy-4
816522.773401922,250,230,dummy-4
816539.173892361,250,230,dummy-4
816577.404017622,250,230,dummy-4
816670.751367767,250,230,dummy-4
816699.125105324,250,230,dummy-4
816703.920803775,250,230,dummy-4
816506.190251436,250,230,dummy-628
816539.387524406,250,230,dummy-628
816627.650990327,250,230,dummy-628
816630.519909819,250,230,dummy-628
816522.151512452,250,230,dummy-138
816599.664372153,250,230,dummy-138
816747.184380222,250,230,dummy-138
816511.020306268,250,230,dummy-44
816540.487637259,250,230,dummy-742
816697.954529265,250,230,dummy-742
816524.5765825,250,230,dummy-605
816678.096831888,250,230,dummy-605
816746.851271662,250,230,dummy-605
816723.767546447,250,230,dummy-393
816674.714930439,250,230,dummy-516
816694.100107194,250,230,dummy-516
816741.88361918,250,230,dummy-516
816796.219502208,250,230,dummy-516
816572.592945902,250,230,dummy-671
816784.901210691,250,230,dummy-671
816509.783904133,250,230,dummy-662
816642.996815163,250,230,dummy-662
816793.570115302,250,230,dummy-662
816536.718899947,250,230,dummy-429
816550.28587287,250,230,dummy-429
816590.650533029,250,230,dummy-429
816635.797360782,250,230,dummy-429
816676.054504831,250,230,dummy-429
816711.616393988,250,230,dummy-429
816730.10819546,250,230,dummy-429
816760.730056448,250,230,dummy-429
816576.473126838,250,230,dummy-287
816727.623543404,250,230,dummy-287
816764.936009658,250,230,dummy-287
816526.728129981,250,230,dummy-649
816530.923537597,250,230,dummy-649
816555.653859643,250,230,dummy-649
816582.733709714,250,230,dummy-649
816753.407689382,250,230,dummy-649
816767.47370479,250,230,dummy-649
816558.295809837,250,230,dummy-698
816588.917705577,250,230,dummy-698
816741.330127604,250,230,dummy-698
816501.617022698,250,230,dummy-554
816536.999896995,250,230,dummy-554
816715.575621243,250,230,dummy-554
816741.154939262,250,230,dummy-554
816592.469915019,250,230,dummy-83
816620.342503649,250,230,dummy-83
816636.720043457,250,230,dummy-83
816688.024776334,250,230,dummy-83
816522.322326389,250,230,dummy-684
816642.828393422,250,230,dummy-684
816710.804244682,250,230,dummy-684
816720.741747756,250,230,dummy-684
816760.640621102,250,230,dummy-684
816578.548535372,250,230,dummy-147
816581.888096415,250,230,dummy-147
816667.452991788,250,230,dummy-147
816745.450183445,250,230,dummy-147
816793.910015633,250,230,dummy-147
816542.055028738,250,230,dummy-722
816584.746261026,250,230,dummy-148
816588.242969446,250,230,dummy-148
816660.787914699,250,230,dummy-148
816501.393389271,250,230,dummy-264
816683.659137354,250,230,dummy-264
816779.338404429,250,230,dummy-244
816536.267467773,250,230,dummy-267
816545.05231979,250,230,dummy-267
816666.76088373,250,230,dummy-267
816675.03464595,250,230,dummy-267
816555.359296742,250,230,dummy-727
816648.715131262,250,230,dummy-727
816511.897860898,250,230,dummy-548
816545.424690664,250,230,dummy-548
816658.995118349,250,230,dummy-548
816674.509871981,250,230,dummy-548
816676.97139682,250,230,dummy-548
816789.195641861,250,230,dummy-548
816728.387657177,250,230,dummy-231
816599.077784223,250,230,dummy-50
816613.558110581,250,230,dummy-50
816622.418756473,250,230,dummy-50
816686.779254966,250,230,dummy-50
816760.892766096,250,230,dummy-50
816785.081935086,250,230,dummy-50
816560.504111023,250,230,dummy-167
816570.58124381,250,230,dummy-167
816606.216686193,250,230,dummy-167
816680.782883243,250,230,dummy-167
816682.777611878,250,230,dummy-167
816779.722832206,250,230,dummy-167
816781.595011317,250,230,dummy-167
816615.895435335,250,230,dummy-418
816673.348414556,250,230,dummy-418
816748.50545128,250,230,dummy-418
816550.774149671,250,230,dummy-68
816670.017703585,250,230,dummy-68
816544.560506115,250,230,dummy-619
816617.528595504,250,230,dummy-619
816642.570474714,250,230,dummy-619
816704.410085239,250,230,dummy-619
816731.96301449,250,230,dummy-619
816503.464920513,250,230,dummy-75
816637.144431169,250,230,dummy-75
816520.315173814,250,230,dummy-395
816578.191236339,250,230,dummy-395
816613.643479781,250,230,dummy-395
816620.622636418,250,230,dummy-395
816681.381867806,250,230,dummy-395
816525.417898332,250,230,dummy-127
816664.271960501,250,230,dummy-127
816716.398304567,250,230,dummy-127
816753.255193563,250,230,dummy-127
816765.444410571,250,230,dummy-127
816497.210433568,250,230,dummy-94
816519.682569427,250,230,dummy-94
816538.930578488,250,230,dummy-94
816564.806592857,250,230,dummy-94
816737.670110639,250,230,dummy-94
816764.765486086,250,230,dummy-94
816522.544035808,250,230,dummy-133
816576.477681861,250,230,dummy-133
816707.208611458,250,230,dummy-133
816780.92860162,250,230,dummy-133
816791.672436586,250,230,dummy-133
816567.485773354,250,230,dummy-480
816684.730102761,250,230,dummy-480
816704.236910929,250,230,dummy-480
816793.773238817,250,230,dummy-480
816638.094142975,250,230,dummy-72
816673.222129939,250,230,dummy-72
816518.019284697,250,230,dummy-561
816570.732251244,250,230,dummy-561
816573.204377515,250,230,dummy-561
816646.764101315,250,230,dummy-561
816610.465500637,250,230,dummy-686
816657.515007374,250,230,dummy-686
816694.014390589,250,230,dummy-686
816699.12247056,250,230,dummy-686
816534.186245988,250,230,dummy-564
816770.434655336,250,230,dummy-564
816536.730585414,250,230,dummy-361
816581.141339066,250,230,dummy-361
816778.734710594,250,230,dummy-361
816547.722190585,250,230,dummy-184
816782.429357289,250,230,dummy-184
816664.159325406,250,230,dummy-645
816763.329144414,250,230,dummy-645
816581.608943351,250,230,dummy-762
816653.887909575,250,230,dummy-165
816724.182520403,250,230,dummy-165
816729.953049919,250,230,dummy-165
816796.481688012,250,230,dummy-165
816540.916993448,250,230,dummy-158
816574.680889361,250,230,dummy-158
816779.963838515,250,230,dummy-158
816501.802539533,250,230,dummy-444
816511.344441422,250,230,dummy-444
816578.215597476,250,230,dummy-444
816623.912233097,250,230,dummy-444
816688.465608627,250,230,dummy-444
816723.325192969,250,230,dummy-444
816770.815533219,250,230,dummy-444
816795.531217233,250,230,dummy-444
816647.548947438,250,230,dummy-764
816674.82585214,250,230,dummy-764
816707.961211475,250,230,dummy-764
816721.352048386,250,230,dummy-764
816554.119979339,250,230,dummy-271
816792.636564356,250,230,dummy-271
816625.272474746,250,230,dummy-593
816750.614397882,250,230,dummy-593
816763.59566362,250,230,dummy-593
816764.096612051,250,230,dummy-593
816781.916730877,250,230,dummy-593
816592.689570517,250,230,dummy-417
816606.148390547,250,230,dummy-417
816607.221927705,250,230,dummy-417
816631.259581716,250,230,dummy-579
816748.486477391,250,230,dummy-579
816508.613015202,250,230,dummy-663
816561.919980452,250,230,dummy-663
816654.453628615,250,230,dummy-663
816677.301427809,250,230,dummy-663
816778.876331419,250,230,dummy-663
816618.156429074,250,230,dummy-21
816532.128889883,250,230,dummy-139
816567.552294081,250,230,dummy-139
816598.387247975,250,230,dummy-139
816616.996432456,250,230,dummy-139
816644.001513205,250,230,dummy-139
816505.230387059,250,230,dummy-79
816505.644697216,250,230,dummy-79
816517.740190168,250,230,dummy-79
816566.883579669,250,230,dummy-79
816752.815735939,250,230,dummy-79
816504.726489031,250,230,dummy-470
816555.994432696,250,230,dummy-470
816642.292730353,250,230,dummy-470
816692.167493294,250,230,dummy-470
816723.363866874,250,230,dummy-470
816573.744045661,250,230,dummy-124
816672.790745693,250,230,dummy-124
816689.490809114,250,230,dummy-124
816690.673006259,250,230,dummy-124
816732.349202611,250,230,dummy-124
816739.175080169,250,230,dummy-124
816615.623135574,250,230,dummy-60
816617.758066618,250,230,dummy-60
816686.353738811,250,230,dummy-60
816722.968926715,250,230,dummy-60
816545.560287423,250,230,dummy-739
816703.764134254,250,230,dummy-739
816522.400890263,250,230,dummy-592
816673.293724628,250,230,dummy-592
816740.518395793,250,230,dummy-592
816770.803774045,250,230,dummy-592
816508.114187644,250,230,dummy-763
816635.125071557,250,230,dummy-763
816787.231756572,250,230,dummy-763
816595.959896859,250,230,dummy-721
816739.905180909,250,230,dummy-721
816512.82491826,250,230,dummy-99
816653.118492286,250,230,dummy-99
816653.970663279,250,230,dummy-99
816686.004901444,250,230,dummy-99
816621.136426848,250,230,dummy-511
816721.362170528,250,230,dummy-511
816756.613177117,250,230,dummy-511
816758.081169497,250,230,dummy-511
816563.988003152,250,230,dummy-747
816794.870698455,250,230,dummy-747
816768.27284724,250,230,dummy-293
816504.338646524,250,230,dummy-278
816519.530475798,250,230,dummy-278
816723.922841916,250,230,dummy-278
816561.088090029,250,230,dummy-611
816571.504990827,250,230,dummy-611
816618.867879895,250,230,dummy-611
816622.341840339,250,230,dummy-611
816518.568102396,250,230,dummy-281
816742.530710476,250,230,dummy-281
816760.136828045,250,230,dummy-281
816550.39856854,250,230,dummy-411
816565.058807819,250,230,dummy-411
816618.877652094,250,230,dummy-411
816628.882311751,250,230,dummy-411
816555.116971459,250,230,dummy-583
816624.060177525,250,230,dummy-583
816719.877874139,250,230,dummy-583
816744.673118234,250,230,dummy-583
816568.355598597,250,230,dummy-81
816599.382889482,250,230,dummy-81
816606.421113444,250,230,dummy-81
816639.735954585,250,230,dummy-81
816642.113276297,250,230,dummy-81
816672.944425456,250,230,dummy-81
816780.278869099,250,230,dummy-81
816571.425893562,250,230,dummy-220
816592.101529856,250,230,dummy-220
816743.706469163,250,230,dummy-220
816783.537061857,250,230,dummy-220
816674.827377876,250,230,dummy-525
816700.821985482,250,230,dummy-525
816729.439474605,250,230,dummy-525
816744.339756678,250,230,dummy-525
816502.012804694,250,230,dummy-48
816518.185936502,250,230,dummy-48
816687.258923368,250,230,dummy-48
816737.312847395,250,230,dummy-48
816517.977033712,250,230,dummy-529
816548.420204209,250,230,dummy-529
816561.645206382,250,230,dummy-529
816573.000043731,250,230,dummy-529
816644.067944265,250,230,dummy-529
816644.653355873,250,230,dummy-529
816716.036145795,250,230,dummy-529
816725.585822545,250,230,dummy-529
816731.718112092,250,230,dummy-529
816786.04566151,250,230,dummy-529
816604.632838914,250,230,dummy-489
816606.935407177,250,230,dummy-489
816620.130324118,250,230,dummy-489
816695.273888301,250,230,dummy-489
816505.289984799,250,230,dummy-577
816604.446004191,250,230,dummy-577
816632.253998425,250,230,dummy-577
816632.260492504,250,230,dummy-577
816655.729503448,250,230,dummy-577
816691.77012219,250,230,dummy-577
816648.094202341,250,230,dummy-118
816715.588546143,250,230,dummy-118
816734.51911677,250,230,dummy-118
816769.110636431,250,230,dummy-118
816502.476095717,250,230,dummy-594
816521.883458436,250,230,dummy-594
816592.946590214,250,230,dummy-594
816611.446565535,250,230,dummy-594
816659.882322082,250,230,dummy-594
816789.062473956,250,230,dummy-594
816686.465982536,250,230,dummy-743
816519.789234357,250,230,dummy-54
816520.769184283,250,230,dummy-54
816611.213068441,250,230,dummy-54
816630.032083402,250,230,dummy-54
816670.391562721,250,230,dummy-54
816705.27852652,250,230,dummy-54
816773.806733066,250,230,dummy-54
816571.112336131,250,230,dummy-336
816580.637697792,250,230,dummy-336
816588.956831886,250,230,dummy-336
816706.906695256,250,230,dummy-336
816718.629548378,250,230,dummy-336
816716.537792074,250,230,dummy-32
816796.622669357,250,230,dummy-32
816732.392925649,250,230,dummy-651
816639.832067087,250,230,dummy-180
816574.714995762,250,230,dummy-322
816583.598694549,250,230,dummy-322
816640.103396256,250,230,dummy-322
816672.411051401,250,230,dummy-322
816548.899265983,250,230,dummy-537
816675.858573826,250,230,dummy-537
816510.157707049,250,230,dummy-502
816529.163272996,250,230,dummy-502
816532.672318589,250,230,dummy-502
816591.735588996,250,230,dummy-502
816658.484452621,250,230,dummy-502
816682.907247886,250,230,dummy-502
816769.72613399,250,230,dummy-502
816586.026858524,250,230,dummy-238
816634.117676443,250,230,dummy-238
816721.652151948,250,230,dummy-238
816732.05111177,250,230,dummy-238
816656.358370486,250,230,dummy-731
816558.426272982,250,230,dummy-661
816635.860300186,250,230,dummy-661
816656.831553353,250,230,dummy-661
816663.33569058,250,230,dummy-661
816740.920061073,250,230,dummy-661
816769.457888708,250,230,dummy-661
816783.966469266,250,230,dummy-661
816597.307593865,250,230,dummy-607
816622.53693361,250,230,dummy-607
816635.678654797,250,230,dummy-607
816663.680214979,250,230,dummy-607
816686.253703126,250,230,dummy-607
816735.792020024,250,230,dummy-607
816737.814067609,250,230,dummy-607
816764.644317593,250,230,dummy-607
816502.568984837,250,230,dummy-380
816658.914365714,250,230,dummy-380
816596.01212625,250,230,dummy-96
816617.754236838,250,230,dummy-96
816622.6038308,250,230,dummy-96
816506.654150282,250,230,dummy-719
816770.829134502,250,230,dummy-719
816519.715499187,250,230,dummy-490
816637.717695059,250,230,dummy-490
816728.965494132,250,230,dummy-490
816751.745921023,250,230,dummy-490
816769.056876048,250,230,dummy-490
816525.881309359,250,230,dummy-726
816626.343750728,250,230,dummy-726
816641.220003908,250,230,dummy-726
816650.987802036,250,230,dummy-726
816689.987239907,250,230,dummy-726
816712.732178462,250,230,dummy-726
816758.314350789,250,230,dummy-726
816759.418812305,250,230,dummy-726
816770.292959888,250,230,dummy-726
816572.980858019,250,230,dummy-492
816535.123644259,250,230,dummy-615
816569.575098674,250,230,dummy-615
816607.100985881,250,230,dummy-615
816716.089332929,250,230,dummy-615
816778.368784451,250,230,dummy-615
816529.853862381,250,230,dummy-568
816702.896422539,250,230,dummy-568
816733.49993322,250,230,dummy-568
816766.448157382,250,230,dummy-568
816597.779833416,250,230,dummy-510
816627.777728634,250,230,dummy-510
816660.840260308,250,230,dummy-510
816704.779625446,250,230,dummy-510
816564.061682294,250,230,dummy-86
816604.47783404,250,230,dummy-86
816624.994683641,250,230,dummy-86
816746.87211158,250,230,dummy-222
816739.551463795,250,230,dummy-359
816757.420748939,250,230,dummy-359
816601.577850765,250,230,dummy-676
816750.452520986,250,230,dummy-676
816783.036326568,250,230,dummy-676
816539.678889486,250,230,dummy-520
816541.251755349,250,230,dummy-520
816673.091222964,250,230,dummy-520
816573.085557902,250,230,dummy-350
816576.812967944,250,230,dummy-350
816587.724956932,250,230,dummy-350
816638.564650184,250,230,dummy-350
816699.974435557,250,230,dummy-350
816713.782473407,250,230,dummy-350
816726.842185309,250,230,dummy-350
816499.270273411,250,230,dummy-84
816509.272993252,250,230,dummy-84
816586.927204996,250,230,dummy-84
816717.681558924,250,230,dummy-84
816498.197910568,250,230,dummy-61
816510.178018308,250,230,dummy-61
816515.07620478,250,230,dummy-61
816527.178503627,250,230,dummy-61
816754.507538839,250,230,dummy-61
816769.809359821,250,230,dummy-61
816756.032273906,250,230,dummy-507
816530.652520826,250,230,dummy-379
816594.968923921,250,230,dummy-379
816734.744836686,250,230,dummy-379
816759.669034411,250,230,dummy-379
816796.344439161,250,230,dummy-379
816604.373181071,250,230,dummy-323
816630.439097197,250,230,dummy-323
816652.26204488,250,230,dummy-323
816656.390548166,250,230,dummy-323
816765.920136429,250,230,dummy-323
816523.507567208,250,230,dummy-5
816548.172276558,250,230,dummy-5
816550.179900423,250,230,dummy-5
816554.598755771,250,230,dummy-5
816592.080208838,250,230,dummy-5
816709.610512432,250,230,dummy-5
816725.954678401,250,230,dummy-5
816660.058134839,250,230,dummy-207
816687.945505079,250,230,dummy-207
816703.633730918,250,230,dummy-207
