arrival_time,input_tokens,output_tokens,adapter
817992.969339553,250,230,dummy-772
818223.350416712,250,230,dummy-772
818252.512710462,250,230,dummy-772
817978.689111651,250,230,dummy-283
818082.712967745,250,230,dummy-283
818147.073175225,250,230,dummy-283
818183.517119557,250,230,dummy-283
818238.188919124,250,230,dummy-283
818046.458367631,250,230,dummy-448
818075.597011928,250,230,dummy-448
818099.071344935,250,230,dummy-448
818223.108538224,250,230,dummy-448
818252.32774119,250,230,dummy-448
818051.772064137,250,230,dummy-683
818092.701200608,250,230,dummy-683
818105.138293579,250,230,dummy-683
818256.392311483,250,230,dummy-683
818012.149119092,250,230,dummy-323
818082.721754726,250,230,dummy-323
818125.445611239,250,230,dummy-323
818135.932187072,250,230,dummy-228
818174.37271005,250,230,dummy-228
817974.234270709,250,230,dummy-414
818171.314412197,250,230,dummy-414
818173.096389356,250,230,dummy-414
818235.869899518,250,230,dummy-796
818032.131396349,250,230,dummy-749
818091.954963208,250,230,dummy-749
818131.976374869,250,230,dummy-749
818202.816965298,250,230,dummy-749
818215.798132094,250,230,dummy-749
818268.900434181,250,230,dummy-749
817998.498934909,250,230,dummy-321
817999.876578086,250,230,dummy-321
818014.17761319,250,230,dummy-321
818049.76850341,250,230,dummy-321
818097.858989741,250,230,dummy-321
818129.412465179,250,230,dummy-321
818187.589508157,250,230,dummy-321
818238.604655702,250,230,dummy-321
817977.095503135,250,230,dummy-350
818000.852419704,250,230,dummy-350
818010.222835344,250,230,dummy-350
818023.072241516,250,230,dummy-350
818070.100656438,250,230,dummy-350
818088.149380149,250,230,dummy-350
818157.074593947,250,230,dummy-350
818251.701720433,250,230,dummy-350
817995.981137741,250,230,dummy-662
817996.407406557,250,230,dummy-662
817996.460670852,250,230,dummy-662
818022.555678096,250,230,dummy-662
818253.19466744,250,230,dummy-662
818000.588486685,250,230,dummy-603
818153.329626925,250,230,dummy-603
818167.137128895,250,230,dummy-603
818188.922591934,250,230,dummy-603
818133.382306017,250,230,dummy-365
818266.363583943,250,230,dummy-365
818269.642534557,250,230,dummy-365
817995.650600983,250,230,dummy-653
818120.972548687,250,230,dummy-653
818229.361627797,250,230,dummy-618
818259.217431391,250,230,dummy-618
818020.538830847,250,230,dummy-243
818055.731178359,250,230,dummy-243
818240.48053427,250,230,dummy-243
818247.74636618,250,230,dummy-243
818249.141747373,250,230,dummy-243
818009.632299136,250,230,dummy-212
818017.93857444,250,230,dummy-212
818032.598328936,250,230,dummy-212
818081.704686516,250,230,dummy-212
818249.234323971,250,230,dummy-212
817980.653176053,250,230,dummy-106
818181.271717028,250,230,dummy-106
817997.216470091,250,230,dummy-226
818155.150004757,250,230,dummy-226
818160.851259102,250,230,dummy-226
818231.830787506,250,230,dummy-226
818032.572015053,250,230,dummy-587
818218.50279642,250,230,dummy-587
817998.307972239,250,230,dummy-142
818006.760060821,250,230,dummy-142
818094.171289025,250,230,dummy-142
818162.623427317,250,230,dummy-142
818130.912735986,250,230,dummy-477
818238.247603598,250,230,dummy-477
818059.973682977,250,230,dummy-510
818069.054837316,250,230,dummy-510
818082.249483032,250,230,dummy-510
818035.32043812,250,230,dummy-384
818061.925314745,250,230,dummy-4
818149.646757433,250,230,dummy-4
818250.357331742,250,230,dummy-4
818254.677938407,250,230,dummy-4
818257.042166805,250,230,dummy-4
818041.050463589,250,230,dummy-98
818137.846134569,250,230,dummy-98
818032.708495594,250,230,dummy-136
818149.952289033,250,230,dummy-136
818069.546995414,250,230,dummy-738
818122.402401998,250,230,dummy-738
818177.941180942,250,230,dummy-738
818010.562629779,250,230,dummy-439
817999.177570839,250,230,dummy-568
818023.907743847,250,230,dummy-568
818088.886535041,250,230,dummy-568
818093.998575931,250,230,dummy-568
818147.623270244,250,230,dummy-568
818178.727131258,250,230,dummy-656
818212.341737738,250,230,dummy-656
818226.779053717,250,230,dummy-656
818125.06905966,250,230,dummy-251
818007.678472253,250,230,dummy-229
818168.98781541,250,230,dummy-229
818205.84466037,250,230,dummy-229
818222.819158806,250,230,dummy-229
818231.335204649,250,230,dummy-229
818247.502983208,250,230,dummy-229
818106.455214851,250,230,dummy-28
818073.938749962,250,230,dummy-367
818148.893683263,250,230,dummy-367
818078.642275999,250,230,dummy-262
818095.119297004,250,230,dummy-262
818118.996240342,250,230,dummy-262
818208.036933225,250,230,dummy-262
817982.507891795,250,230,dummy-421
818047.219693132,250,230,dummy-421
818139.508020824,250,230,dummy-421
818143.047139349,250,230,dummy-421
818229.867946421,250,230,dummy-421
818099.369260345,250,230,dummy-682
818118.967560181,250,230,dummy-682
818250.037646978,250,230,dummy-682
818032.141419233,250,230,dummy-222
818093.90808309,250,230,dummy-222
818147.246020744,250,230,dummy-222
818191.448383932,250,230,dummy-222
818086.963762159,250,230,dummy-614
818098.252685664,250,230,dummy-614
817978.542912835,250,230,dummy-706
818023.945875833,250,230,dummy-706
818054.56830891,250,230,dummy-706
818184.523322186,250,230,dummy-706
818202.864922903,250,230,dummy-706
818217.196034295,250,230,dummy-706
818129.052683635,250,230,dummy-518
818166.262457962,250,230,dummy-518
818213.998504591,250,230,dummy-518
818250.676565851,250,230,dummy-518
818259.529432317,250,230,dummy-518
818264.315668727,250,230,dummy-518
818228.893309464,250,230,dummy-553
818258.033702494,250,230,dummy-553
818014.259932649,250,230,dummy-263
818059.230560409,250,230,dummy-263
818195.717156803,250,230,dummy-263
818091.427325935,250,230,dummy-187
818114.747119664,250,230,dummy-187
818214.903731724,250,230,dummy-187
818218.716937194,250,230,dummy-187
818058.556823979,250,230,dummy-680
818089.611622885,250,230,dummy-680
818151.214578099,250,230,dummy-680
818158.996086762,250,230,dummy-680
818204.583950358,250,230,dummy-680
818235.257951483,250,230,dummy-680
818081.397089096,250,230,dummy-437
818181.622332439,250,230,dummy-437
818218.439992659,250,230,dummy-437
818030.931031619,250,230,dummy-161
818156.741363798,250,230,dummy-161
818204.260483551,250,230,dummy-161
817977.855084086,250,230,dummy-538
818038.712863168,250,230,dummy-538
818156.477616189,250,230,dummy-538
818193.930198832,250,230,dummy-538
818259.60006696,250,230,dummy-538
817983.697288121,250,230,dummy-640
818120.891953462,250,230,dummy-640
818128.522817478,250,230,dummy-640
818164.202686522,250,230,dummy-640
818174.139890448,250,230,dummy-640
818055.531768786,250,230,dummy-466
818064.816034076,250,230,dummy-466
818101.601341348,250,230,dummy-466
818102.18661768,250,230,dummy-466
818169.555774814,250,230,dummy-466
818253.330007985,250,230,dummy-466
817982.816653157,250,230,dummy-825
817985.964407432,250,230,dummy-825
818035.106897478,250,230,dummy-825
818073.127092416,250,230,dummy-825
818121.563088047,250,230,dummy-825
818143.934547838,250,230,dummy-825
818220.383847746,250,230,dummy-825
817994.180673387,250,230,dummy-118
818039.168444011,250,230,dummy-118
818034.083913849,250,230,dummy-74
818037.187398881,250,230,dummy-74
818101.245771495,250,230,dummy-74
818094.32063544,250,230,dummy-601
818041.796183096,250,230,dummy-605
818076.094955227,250,230,dummy-605
818211.83819349,250,230,dummy-605
818252.394717853,250,230,dummy-605
818048.450699998,250,230,dummy-635
818077.851020032,250,230,dummy-635
818133.436545187,250,230,dummy-635
818205.41251554,250,230,dummy-363
818219.47893433,250,230,dummy-363
818220.298584353,250,230,dummy-363
818008.986446496,250,230,dummy-764
818049.749735763,250,230,dummy-764
818108.465433616,250,230,dummy-764
818114.087392772,250,230,dummy-764
818145.319994808,250,230,dummy-764
818196.221074724,250,230,dummy-764
818271.594034297,250,230,dummy-764
818009.24595062,250,230,dummy-467
818093.92243688,250,230,dummy-467
818188.280249246,250,230,dummy-467
818231.222219826,250,230,dummy-467
818269.506560748,250,230,dummy-467
818001.576023798,250,230,dummy-774
818019.319150414,250,230,dummy-774
818080.117291612,250,230,dummy-774
818129.02700789,250,230,dummy-774
818157.400673802,250,230,dummy-774
817982.916098983,250,230,dummy-743
818101.580953412,250,230,dummy-743
818271.917326068,250,230,dummy-743
817988.390519804,250,230,dummy-227
818106.392707591,250,230,dummy-227
818028.89616485,250,230,dummy-534
818114.508830428,250,230,dummy-534
818151.007227405,250,230,dummy-534
818199.629138621,250,230,dummy-534
818240.432207033,250,230,dummy-534
818254.192529161,250,230,dummy-534
818111.48445741,250,230,dummy-210
818140.425379587,250,230,dummy-210
817999.426120299,250,230,dummy-408
818004.894982594,250,230,dummy-408
818076.337850978,250,230,dummy-408
818141.729295404,250,230,dummy-408
818168.697426981,250,230,dummy-408
818179.425742583,250,230,dummy-408
818185.038131388,250,230,dummy-408
818212.834414716,250,230,dummy-408
818043.502251059,250,230,dummy-445
818049.187991795,250,230,dummy-445
818178.673754962,250,230,dummy-445
818201.045578632,250,230,dummy-445
818011.070378777,250,230,dummy-559
818060.101656407,250,230,dummy-559
818077.130573416,250,230,dummy-559
818187.027919143,250,230,dummy-559
818191.620818188,250,230,dummy-559
818060.430349034,250,230,dummy-810
818137.037812556,250,230,dummy-810
818215.263143984,250,230,dummy-810
818261.995435994,250,230,dummy-810
817984.89671014,250,230,dummy-449
818088.986632829,250,230,dummy-449
818226.752382624,250,230,dummy-449
817995.001747825,250,230,dummy-646
818273.436854519,250,230,dummy-646
817987.859720933,250,230,dummy-665
818090.832360965,250,230,dummy-665
818183.701889794,250,230,dummy-665
818006.878039079,250,230,dummy-581
818024.62927248,250,230,dummy-581
818140.507898125,250,230,dummy-581
818170.440351454,250,230,dummy-581
818264.190356616,250,230,dummy-581
818161.098685151,250,230,dummy-14
818216.464927492,250,230,dummy-14
818255.952233651,250,230,dummy-14
817981.940641463,250,230,dummy-423
817990.055058736,250,230,dummy-423
818088.746811851,250,230,dummy-423
818241.989348875,250,230,dummy-423
818253.573776729,250,230,dummy-423
818271.014850782,250,230,dummy-423
817992.5456501,250,230,dummy-450
818143.438978887,250,230,dummy-450
818153.701526479,250,230,dummy-450
818160.101077772,250,230,dummy-450
818173.866825639,250,230,dummy-450
818206.541030094,250,230,dummy-450
818221.745253692,250,230,dummy-450
817978.826494246,250,230,dummy-832
818047.792225159,250,230,dummy-832
818052.195508832,250,230,dummy-832
818204.608407899,250,230,dummy-832
818022.585508041,250,230,dummy-660
818025.578122053,250,230,dummy-660
818208.703528997,250,230,dummy-660
818193.562283969,250,230,dummy-736
818262.557005818,250,230,dummy-736
817993.378322101,250,230,dummy-594
818016.862313426,250,230,dummy-594
818143.821019156,250,230,dummy-594
818159.509181339,250,230,dummy-594
818271.393033825,250,230,dummy-594
818022.745426937,250,230,dummy-380
818048.395895262,250,230,dummy-380
818197.731432676,250,230,dummy-380
818032.384331149,250,230,dummy-699
818050.767933679,250,230,dummy-606
818139.872291868,250,230,dummy-606
818156.886005239,250,230,dummy-606
818035.106420759,250,230,dummy-376
818070.040596202,250,230,dummy-376
818086.639856446,250,230,dummy-376
818129.809683322,250,230,dummy-376
818165.73832524,250,230,dummy-376
818211.320903989,250,230,dummy-376
818248.901167355,250,230,dummy-376
818019.821649497,250,230,dummy-225
818034.625547726,250,230,dummy-225
818164.213041487,250,230,dummy-225
818250.471906098,250,230,dummy-225
818259.505244227,250,230,dummy-225
817984.433414833,250,230,dummy-347
818017.18912083,250,230,dummy-347
818025.424908033,250,230,dummy-347
818027.466445747,250,230,dummy-347
818057.914214632,250,230,dummy-347
818084.901934576,250,230,dummy-347
818161.600130421,250,230,dummy-347
818001.080134523,250,230,dummy-745
818015.524362073,250,230,dummy-99
818047.633939126,250,230,dummy-99
818087.588476786,250,230,dummy-99
818103.529366485,250,230,dummy-99
818138.735037926,250,230,dummy-99
818265.090240974,250,230,dummy-99
818180.191127525,250,230,dummy-121
817987.084937852,250,230,dummy-180
818043.554024416,250,230,dummy-180
818064.35008727,250,230,dummy-180
818070.380198531,250,230,dummy-180
818124.334891181,250,230,dummy-180
818270.060254196,250,230,dummy-180
817991.417502142,250,230,dummy-327
818013.760936264,250,230,dummy-327
818261.932440495,250,230,dummy-327
817974.078985861,250,230,dummy-526
818107.758725998,250,230,dummy-526
818140.95791489,250,230,dummy-526
818229.574989796,250,230,dummy-526
818268.417864833,250,230,dummy-526
818022.142499011,250,230,dummy-823
818273.627391922,250,230,dummy-823
818011.353839599,250,230,dummy-169
818021.27010621,250,230,dummy-169
818137.880398533,250,230,dummy-169
818199.088356062,250,230,dummy-169
818044.94379192,250,230,dummy-817
818002.196998056,250,230,dummy-370
818034.193889549,250,230,dummy-370
818237.113598085,250,230,dummy-504
817982.047877514,250,230,dummy-165
818015.574600733,250,230,dummy-165
818019.767553143,250,230,dummy-165
818141.333305307,250,230,dummy-165
818225.1771541,250,230,dummy-165
818078.8601666,250,230,dummy-156
818140.487667715,250,230,dummy-156
818153.893449165,250,230,dummy-156
818224.116039772,250,230,dummy-156
818010.206505274,250,230,dummy-333
818025.096075195,250,230,dummy-333
818043.074791126,250,230,dummy-333
818136.421536268,250,230,dummy-333
818142.988350002,250,230,dummy-333
818217.101346934,250,230,dummy-333
818243.977227719,250,230,dummy-333
818265.960482468,250,230,dummy-333
818033.411297204,250,230,dummy-506
818064.438098875,250,230,dummy-506
818180.862752132,250,230,dummy-506
818185.798586295,250,230,dummy-244
818074.332142328,250,230,dummy-319
818077.969868626,250,230,dummy-319
818104.975389591,250,230,dummy-319
818106.529828413,250,230,dummy-319
817996.017263802,250,230,dummy-116
817996.931748575,250,230,dummy-116
818009.087016775,250,230,dummy-116
818237.128322098,250,230,dummy-116
817997.224090427,250,230,dummy-457
818074.14024315,250,230,dummy-457
818116.778988322,250,230,dummy-457
818144.666238819,250,230,dummy-457
818179.902797944,250,230,dummy-457
818206.655126403,250,230,dummy-457
818229.002606042,250,230,dummy-457
818200.790637595,250,230,dummy-573
818214.905325875,250,230,dummy-573
818217.166864449,250,230,dummy-573
817982.972632192,250,230,dummy-10
818002.529602832,250,230,dummy-10
818094.622094998,250,230,dummy-10
818134.879058468,250,230,dummy-10
818187.952625747,250,230,dummy-10
818139.836842416,250,230,dummy-532
818242.92208292,250,230,dummy-532
818269.055868604,250,230,dummy-532
818006.634173088,250,230,dummy-547
818214.279794693,250,230,dummy-547
818244.69856925,250,230,dummy-547
818070.065502961,250,230,dummy-490
818165.78010318,250,230,dummy-490
818075.592082734,250,230,dummy-657
818234.420293816,250,230,dummy-657
817992.461416353,250,230,dummy-405
818112.96873705,250,230,dummy-405
818149.009291979,250,230,dummy-405
818267.75186709,250,230,dummy-405
818271.442301486,250,230,dummy-405
818002.905584107,250,230,dummy-766
818059.379382168,250,230,dummy-766
818203.324611788,250,230,dummy-766
818028.355034357,250,230,dummy-717
818037.380842159,250,230,dummy-717
818041.108212831,250,230,dummy-717
818058.361354044,250,230,dummy-717
818067.655904551,250,230,dummy-717
818233.553869615,250,230,dummy-717
818233.936573507,250,230,dummy-717
818248.712844597,250,230,dummy-144
818258.595420762,250,230,dummy-144
818266.43882404,250,230,dummy-144
817997.265309498,250,230,dummy-137
818000.774919561,250,230,dummy-137
818263.225459981,250,230,dummy-137
817996.048812291,250,230,dummy-349
818053.317389249,250,230,dummy-349
818073.347883072,250,230,dummy-349
818110.178532321,250,230,dummy-373
818111.030765014,250,230,dummy-373
818171.466878061,250,230,dummy-373
818013.755713787,250,230,dummy-392
818081.948762953,250,230,dummy-392
818110.223496157,250,230,dummy-392
818065.104575537,250,230,dummy-795
818077.566481131,250,230,dummy-795
818174.220842811,250,230,dummy-795
818195.587207703,250,230,dummy-795
818237.209086699,250,230,dummy-795
818240.99638988,250,230,dummy-795
818022.723570696,250,230,dummy-159
818042.588335186,250,230,dummy-159
818189.516848874,250,230,dummy-159
818216.347115773,250,230,dummy-159
818221.399582502,250,230,dummy-159
818001.190611725,250,230,dummy-216
818012.150642907,250,230,dummy-216
818079.53588462,250,230,dummy-216
818252.926671748,250,230,dummy-216
818260.971891369,250,230,dummy-216
817983.712253631,250,230,dummy-744
817996.803627593,250,230,dummy-744
818055.634497406,250,230,dummy-744
818159.931347683,250,230,dummy-744
818235.089531058,250,230,dummy-744
818252.757900858,250,230,dummy-744
818105.596940031,250,230,dummy-362
818115.333399652,250,230,dummy-362
818139.756729957,250,230,dummy-362
818228.508632956,250,230,dummy-362
818189.389318296,250,230,dummy-454
818216.484548727,250,230,dummy-454
818018.19069654,250,230,dummy-293
818023.578147459,250,230,dummy-293
818032.106423757,250,230,dummy-293
818106.933527414,250,230,dummy-293
817996.512336713,250,230,dummy-284
818012.966695691,250,230,dummy-284
818085.934310257,250,230,dummy-284
818114.801972003,250,230,dummy-284
818172.947929631,250,230,dummy-284
818209.621465672,250,230,dummy-284
818056.840482533,250,230,dummy-636
818057.13811915,250,230,dummy-636
818229.902542085,250,230,dummy-636
818245.994354286,250,230,dummy-636
818269.020612797,250,230,dummy-636
818094.517310795,250,230,dummy-470
818130.933757471,250,230,dummy-470
818190.756590111,250,230,dummy-470
818200.502402643,250,230,dummy-470
818178.059671823,250,230,dummy-192
818207.635003067,250,230,dummy-192
817976.5703535,250,230,dummy-336
818009.767822932,250,230,dummy-336
818138.954946782,250,230,dummy-336
818247.342211828,250,230,dummy-336
818264.315623465,250,230,dummy-336
817990.036985773,250,230,dummy-826
817990.846886747,250,230,dummy-826
818017.970623342,250,230,dummy-826
818001.10234085,250,230,dummy-486
818075.073275814,250,230,dummy-486
818083.934773121,250,230,dummy-486
818099.454039101,250,230,dummy-486
818202.464498033,250,230,dummy-486
818206.407377029,250,230,dummy-486
818221.708905937,250,230,dummy-486
818256.353612307,250,230,dummy-486
817973.908021073,250,230,dummy-496
818078.032359493,250,230,dummy-496
818104.889918402,250,230,dummy-496
818092.854715218,250,230,dummy-458
818192.820333412,250,230,dummy-458
818212.677906393,250,230,dummy-458
818213.793555899,250,230,dummy-458
818069.208310272,250,230,dummy-668
818191.828665177,250,230,dummy-668
818272.264252673,250,230,dummy-668
818033.741263121,250,230,dummy-443
818085.166151328,250,230,dummy-443
818127.98131467,250,230,dummy-443
818163.824739805,250,230,dummy-443
818214.347375145,250,230,dummy-443
818232.167479155,250,230,dummy-443
818259.319058537,250,230,dummy-443
817980.132135218,250,230,dummy-619
818023.257436307,250,230,dummy-619
818085.388373199,250,230,dummy-619
818137.719804478,250,230,dummy-619
818187.104006111,250,230,dummy-619
818006.560154251,250,230,dummy-765
818108.474019662,250,230,dummy-765
817992.206974855,250,230,dummy-287
818073.85559456,250,230,dummy-287
818237.134962219,250,230,dummy-287
818022.628248088,250,230,dummy-790
818135.570391059,250,230,dummy-790
818208.968728934,250,230,dummy-790
818220.776119439,250,230,dummy-800
818003.754185694,250,230,dummy-213
818132.611857473,250,230,dummy-213
818158.607490096,250,230,dummy-213
818176.795773457,250,230,dummy-213
817982.307880513,250,230,dummy-374
818040.582101938,250,230,dummy-374
818147.782177973,250,230,dummy-374
818181.723378835,250,230,dummy-374
818191.62885001,250,230,dummy-374
818231.072991993,250,230,dummy-374
818078.602531906,250,230,dummy-286
818147.198758775,250,230,dummy-286
818255.99955942,250,230,dummy-286
817989.230056017,250,230,dummy-275
818096.035221759,250,230,dummy-275
818203.784930066,250,230,dummy-275
817974.829271789,250,230,dummy-498
818018.14770172,250,230,dummy-498
818038.112892003,250,230,dummy-624
818068.644938804,250,230,dummy-624
818143.211744946,250,230,dummy-624
818193.265671436,250,230,dummy-624
818198.203621448,250,230,dummy-624
818231.680870821,250,230,dummy-624
818264.399923096,250,230,dummy-624
817978.671234424,250,230,dummy-451
818083.937144178,250,230,dummy-451
818230.245094246,250,230,dummy-7
818008.564835901,250,230,dummy-372
818035.595831956,250,230,dummy-372
818082.958348946,250,230,dummy-372
818097.104752379,250,230,dummy-372
818158.51462856,250,230,dummy-372
818069.494581357,250,230,dummy-400
818078.038412787,250,230,dummy-400
818113.234353744,250,230,dummy-400
818206.081446239,250,230,dummy-400
818271.504452016,250,230,dummy-400
818138.186409468,250,230,dummy-831
818146.513082884,250,230,dummy-831
818194.982271988,250,230,dummy-831
818218.964960929,250,230,dummy-831
817986.236219375,250,230,dummy-776
818016.679395405,250,230,dummy-776
817977.129626479,250,230,dummy-487
818142.567526166,250,230,dummy-487
818162.688734477,250,230,dummy-487
818031.669962767,250,230,dummy-446
818230.2257178,250,230,dummy-446
818240.969280991,250,230,dummy-446
818242.956079843,250,230,dummy-446
818021.128312302,250,230,dummy-378
818058.256826638,250,230,dummy-378
818072.850482991,250,230,dummy-378
818079.614022767,250,230,dummy-378
818218.591459069,250,230,dummy-378
818232.573897382,250,230,dummy-378
817998.736361688,250,230,dummy-37
818063.052401461,250,230,dummy-37
818177.039146769,250,230,dummy-37
818217.993343482,250,230,dummy-37
817982.255571783,250,230,dummy-355
818012.472857985,250,230,dummy-355
817983.406465706,250,230,dummy-303
817991.812416176,250,230,dummy-303
818069.326084902,250,230,dummy-303
818235.580776589,250,230,dummy-303
818246.955808879,250,230,dummy-303
818072.628509898,250,230,dummy-664
818272.591602201,250,230,dummy-664
818024.746692745,250,230,dummy-808
818054.849867597,250,230,dummy-808
818113.042248871,250,230,dummy-808
818232.999840604,250,230,dummy-808
817996.63217847,250,230,dummy-3
818021.226157362,250,230,dummy-3
818114.582429462,250,230,dummy-3
818174.845001645,250,230,dummy-3
818206.600677171,250,230,dummy-3
818247.044100012,250,230,dummy-3
818259.312592927,250,230,dummy-3
818271.833770758,250,230,dummy-3
817977.511106701,250,230,dummy-358
818031.676381197,250,230,dummy-358
818057.024034538,250,230,dummy-358
818075.291201281,250,230,dummy-358
818085.338643776,250,230,dummy-358
818187.519509769,250,230,dummy-358
818195.387606234,250,230,dummy-358
818081.657470181,250,230,dummy-397
818092.465450523,250,230,dummy-397
818180.670470751,250,230,dummy-397
818256.157282011,250,230,dummy-397
818263.673066118,250,230,dummy-397
818038.131989286,250,230,dummy-679
817993.276565941,250,230,dummy-360
818027.738591859,250,230,dummy-360
817987.797033044,250,230,dummy-476
818059.333606639,250,230,dummy-476
818132.884510542,250,230,dummy-476
818148.86372547,250,230,dummy-476
818229.005039442,250,230,dummy-476
818230.877616971,250,230,dummy-476
818264.918439829,250,230,dummy-476
818008.558437526,250,230,dummy-329
818096.821826966,250,230,dummy-329
818118.482497576,250,230,dummy-329
818162.421790595,250,230,dummy-329
818210.703278293,250,230,dummy-329
818216.271537375,250,230,dummy-329
818224.692745726,250,230,dummy-329
818018.400582571,250,230,dummy-578
818022.048582511,250,230,dummy-578
818129.701614329,250,230,dummy-578
818150.988347167,250,230,dummy-578
817997.806937473,250,230,dummy-387
818032.791788533,250,230,dummy-387
818063.625992118,250,230,dummy-387
818108.854675245,250,230,dummy-387
818152.559936622,250,230,dummy-387
818157.356341621,250,230,dummy-387
818246.89257559,250,230,dummy-387
818080.158266093,250,230,dummy-340
818162.874842605,250,230,dummy-340
818223.613100195,250,230,dummy-340
818244.118459967,250,230,dummy-340
817982.045571479,250,230,dummy-65
818018.744853934,250,230,dummy-65
818084.059094289,250,230,dummy-65
818186.19576736,250,230,dummy-65
818207.93698496,250,230,dummy-65
818010.02637644,250,230,dummy-655
818014.214963295,250,230,dummy-655
818095.63962438,250,230,dummy-655
818084.377507481,250,230,dummy-751
818189.698272472,250,230,dummy-751
818229.676026681,250,230,dummy-381
818256.909484473,250,230,dummy-381
818000.332875003,250,230,dummy-607
818059.395304662,250,230,dummy-607
818081.13818238,250,230,dummy-607
818141.898348345,250,230,dummy-607
818036.224684331,250,230,dummy-456
818056.289571019,250,230,dummy-456
818114.249914844,250,230,dummy-456
818111.991134484,250,230,dummy-388
818147.80207541,250,230,dummy-330
818188.736674185,250,230,dummy-330
818210.093751053,250,230,dummy-330
817978.328611187,250,230,dummy-562
818008.776607216,250,230,dummy-562
818010.349754327,250,230,dummy-562
818129.06571259,250,230,dummy-562
818015.236369881,250,230,dummy-667
818023.871791655,250,230,dummy-667
818038.59961135,250,230,dummy-667
818146.861277319,250,230,dummy-667
818158.903202078,250,230,dummy-667
818193.740766428,250,230,dummy-667
817985.843183361,250,230,dummy-620
817995.300748256,250,230,dummy-620
818018.970510465,250,230,dummy-620
818059.897363362,250,230,dummy-620
818191.141384148,250,230,dummy-620
818221.426154372,250,230,dummy-620
818156.128639077,250,230,dummy-631
818199.652526266,250,230,dummy-631
818206.046138484,250,230,dummy-631
818246.918844218,250,230,dummy-631
818009.839134454,250,230,dummy-511
818145.448999981,250,230,dummy-511
818008.141857784,250,230,dummy-432
818046.371806043,250,230,dummy-432
818088.804348575,250,230,dummy-432
818123.29218649,250,230,dummy-432
818131.566478207,250,230,dummy-432
818133.447889516,250,230,dummy-432
818136.308137723,250,230,dummy-432
817983.865566744,250,230,dummy-493
817989.574558602,250,230,dummy-493
817997.797491883,250,230,dummy-493
818057.282398707,250,230,dummy-493
818266.689397613,250,230,dummy-493
818272.118082582,250,230,dummy-493
818272.124038284,250,230,dummy-493
818051.021840522,250,230,dummy-338
818117.07782934,250,230,dummy-338
818121.385196136,250,230,dummy-338
818173.511283873,250,230,dummy-338
818205.241107649,250,230,dummy-338
817987.854956425,250,230,dummy-540
818118.745350383,250,230,dummy-540
818256.676373763,250,230,dummy-540
818018.886881876,250,230,dummy-572
818007.751520496,250,230,dummy-38
818143.244240257,250,230,dummy-38
818144.64464116,250,230,dummy-591
817987.468164523,250,230,dummy-317
818005.046274088,250,230,dummy-317
818050.797024747,250,230,dummy-317
818101.63719193,250,230,dummy-317
818104.356112427,250,230,dummy-317
818131.633780623,250,230,dummy-317
818192.223917554,250,230,dummy-317
818199.391539613,250,230,dummy-317
817985.138642777,250,230,dummy-789
817999.312738024,250,230,dummy-789
818121.688637454,250,230,dummy-789
818224.142996437,250,230,dummy-789
818099.034576725,250,230,dummy-135
818107.644646552,250,230,dummy-135
818220.799485199,250,230,dummy-135
818257.307899371,250,230,dummy-135
817978.252362835,250,230,dummy-291
818009.847303212,250,230,dummy-291
818141.688405244,250,230,dummy-291
818168.365337536,250,230,dummy-291
818193.942102149,250,230,dummy-291
818245.982971658,250,230,dummy-291
817982.314803895,250,230,dummy-58
818035.397535511,250,230,dummy-58
818044.923131952,250,230,dummy-58
818146.852795783,250,230,dummy-58
818022.700237,250,230,dummy-200
818080.7753492,250,230,dummy-200
818097.152361701,250,230,dummy-200
818185.275550317,250,230,dummy-200
818272.644864046,250,230,dummy-200
818036.647867213,250,230,dummy-514
818248.955178458,250,230,dummy-514
818015.403772067,250,230,dummy-541
818010.643500937,250,230,dummy-24
817999.036638824,250,230,dummy-420
818027.109685129,250,230,dummy-420
818119.643295194,250,230,dummy-420
818189.09094617,250,230,dummy-420
818191.177366119,250,230,dummy-420
818246.751006729,250,230,dummy-420
818255.133454612,250,230,dummy-420
818262.494113478,250,230,dummy-420
818032.750638647,250,230,dummy-56
818123.381262445,250,230,dummy-56
817989.601022705,250,230,dummy-820
818047.476966429,250,230,dummy-820
818086.116680268,250,230,dummy-820
818100.992430015,250,230,dummy-820
818121.361553208,250,230,dummy-820
818220.531304579,250,230,dummy-820
818245.246437315,250,230,dummy-820
818060.891767877,250,230,dummy-146
818090.89016989,250,230,dummy-146
818118.016882969,250,230,dummy-146
818151.830831409,250,230,dummy-146
818244.723130847,250,230,dummy-419
817975.177989981,250,230,dummy-555
818111.189000576,250,230,dummy-555
818067.761321427,250,230,dummy-435
818165.351488135,250,230,dummy-435
818181.179823933,250,230,dummy-435
818184.565530624,250,230,dummy-435
818251.679194163,250,230,dummy-435
818029.521878927,250,230,dummy-290
818083.34021159,250,230,dummy-290
818132.754406803,250,230,dummy-290
818024.44495777,250,230,dummy-551
818078.819479266,250,230,dummy-268
818079.563429016,250,230,dummy-268
818092.381419308,250,230,dummy-268
818159.558722512,250,230,dummy-268
818160.036018062,250,230,dummy-268
818166.373377885,250,230,dummy-268
818228.084495429,250,230,dummy-268
818056.482185808,250,230,dummy-124
818077.523770566,250,230,dummy-124
818047.243096955,250,230,dummy-827
818090.454457002,250,230,dummy-827
818112.276929806,250,230,dummy-827
818135.124871882,250,230,dummy-827
818247.349252961,250,230,dummy-827
818270.384338187,250,230,dummy-827
818027.42339248,250,230,dummy-162
818038.949917913,250,230,dummy-162
818104.318703676,250,230,dummy-162
818207.198012397,250,230,dummy-162
817980.228010186,250,230,dummy-203
818113.440540584,250,230,dummy-203
818222.970010463,250,230,dummy-203
818224.48715593,250,230,dummy-725
818261.90115005,250,230,dummy-725
817979.116789841,250,230,dummy-501
818085.629587562,250,230,dummy-501
818137.344592108,250,230,dummy-501
818228.833535398,250,230,dummy-501
818230.490536671,250,230,dummy-501
818002.398889095,250,230,dummy-232
818011.557318782,250,230,dummy-232
818011.93166169,250,230,dummy-232
818026.772466489,250,230,dummy-232
818045.616512903,250,230,dummy-232
818063.154252238,250,230,dummy-232
818078.855284817,250,230,dummy-232
818025.814571069,250,230,dummy-382
818043.686305286,250,230,dummy-382
818079.138539199,250,230,dummy-382
818082.612760809,250,230,dummy-382
818097.166602156,250,230,dummy-382
818234.557128684,250,230,dummy-382
817981.149858845,250,230,dummy-96
817996.577245311,250,230,dummy-96
818090.663678337,250,230,dummy-96
818103.785341749,250,230,dummy-762
818104.88629113,250,230,dummy-762
818261.911342145,250,230,dummy-762
818063.947606424,250,230,dummy-101
818182.082116163,250,230,dummy-101
818193.582292745,250,230,dummy-101
818225.707304604,250,230,dummy-101
818044.72092819,250,230,dummy-108
818161.920714465,250,230,dummy-108
818184.402894589,250,230,dummy-108
818270.776853175,250,230,dummy-108
818053.179617213,250,230,dummy-684
818129.40573696,250,230,dummy-684
818233.674602639,250,230,dummy-684
818019.1527088,250,230,dummy-508
818040.848119239,250,230,dummy-508
818169.55088911,250,230,dummy-508
818181.405506569,250,230,dummy-508
817982.585949827,250,230,dummy-248
818122.879487844,250,230,dummy-248
818190.677316347,250,230,dummy-248
818268.702839178,250,230,dummy-248
817979.501628593,250,230,dummy-407
818057.155019783,250,230,dummy-407
818075.654631265,250,230,dummy-407
818163.372686166,250,230,dummy-407
818238.513082511,250,230,dummy-407
818023.686018073,250,230,dummy-649
818054.349296578,250,230,dummy-649
818076.743603329,250,230,dummy-649
818206.285856457,250,230,dummy-649
818236.211792298,250,230,dummy-649
818015.297515287,250,230,dummy-566
818042.942945002,250,230,dummy-566
818024.093328796,250,230,dummy-208
818064.470258322,250,230,dummy-260
818089.251356685,250,230,dummy-260
818018.655445075,250,230,dummy-224
818214.264689167,250,230,dummy-224
818242.024858273,250,230,dummy-224
818041.411860011,250,230,dummy-759
818200.177211863,250,230,dummy-759
818223.031069248,250,230,dummy-759
818248.08553512,250,230,dummy-759
818258.807570547,250,230,dummy-759
818019.08037092,250,230,dummy-383
818136.029114916,250,230,dummy-383
818204.783685953,250,230,dummy-383
818273.395606075,250,230,dummy-383
818006.798695619,250,230,dummy-298
818050.883034563,250,230,dummy-298
818011.309570357,250,230,dummy-205
818020.162681802,250,230,dummy-205
818048.229812091,250,230,dummy-205
818224.89315255,250,230,dummy-205
818232.99178651,250,230,dummy-205
818233.214350884,250,230,dummy-205
818235.249855999,250,230,dummy-205
818059.409070572,250,230,dummy-100
818174.223384318,250,230,dummy-100
818246.091953144,250,230,dummy-100
818042.734287895,250,230,dummy-536
818077.230866723,250,230,dummy-536
818126.233861244,250,230,dummy-536
818174.042566262,250,230,dummy-536
818184.544479686,250,230,dummy-536
818076.897335778,250,230,dummy-577
818178.415910185,250,230,dummy-577
818068.585634731,250,230,dummy-474
818069.658965018,250,230,dummy-474
818127.122123288,250,230,dummy-474
818165.440435252,250,230,dummy-474
817984.102180952,250,230,dummy-670
818013.886002063,250,230,dummy-670
818011.774015525,250,230,dummy-351
818052.866117357,250,230,dummy-351
818079.309109901,250,230,dummy-351
818117.766684805,250,230,dummy-351
818119.031273884,250,230,dummy-351
818162.942876987,250,230,dummy-351
818089.824183409,250,230,dummy-53
818095.062447718,250,230,dummy-53
818117.651409718,250,230,dummy-53
818045.585614946,250,230,dummy-183
818082.93827602,250,230,dummy-183
818096.080182954,250,230,dummy-183
817985.230137171,250,230,dummy-356
818019.141730504,250,230,dummy-356
818079.15639963,250,230,dummy-356
818089.161160995,250,230,dummy-356
818156.968407224,250,230,dummy-356
818196.361993847,250,230,dummy-356
818101.185056034,250,230,dummy-249
818201.115603863,250,230,dummy-249
818217.07452445,250,230,dummy-249
818217.232011093,250,230,dummy-249
818251.881334622,250,230,dummy-249
818041.209220672,250,230,dummy-292
818093.685766304,250,230,dummy-292
818095.89227332,250,230,dummy-292
818187.140374833,250,230,dummy-292
818198.723975153,250,230,dummy-292
818253.066738999,250,230,dummy-292
817985.120759184,250,230,dummy-674
818091.636154467,250,230,dummy-757
818091.643066958,250,230,dummy-757
818115.111948447,250,230,dummy-757
818156.819113914,250,230,dummy-757
818239.050341963,250,230,dummy-438
818058.636031233,250,230,dummy-9
818066.54499768,250,230,dummy-9
818055.414612604,250,230,dummy-644
818069.667387571,250,230,dummy-644
818098.397245027,250,230,dummy-644
818140.475840039,250,230,dummy-644
818164.591954105,250,230,dummy-644
818193.846655577,250,230,dummy-644
818217.994779309,250,230,dummy-644
818244.309744888,250,230,dummy-644
818055.572007574,250,230,dummy-281
818099.183481329,250,230,dummy-281
818197.685492858,250,230,dummy-281
818241.951503839,250,230,dummy-281
818050.883097185,250,230,dummy-322
818166.106256731,250,230,dummy-322
818173.913679645,250,230,dummy-322
818182.787722559,250,230,dummy-322
818022.295367132,250,230,dummy-182
818108.594970082,250,230,dummy-182
818168.672009295,250,230,dummy-182
818230.951653727,250,230,dummy-182
818048.628500309,250,230,dummy-769
818215.428730668,250,230,dummy-769
817990.056347327,250,230,dummy-385
817993.654420449,250,230,dummy-385
818004.547089776,250,230,dummy-385
818048.958436913,250,230,dummy-385
818057.545329528,250,230,dummy-385
818166.209468452,250,230,dummy-385
818003.591691159,250,230,dummy-609
818028.627457462,250,230,dummy-609
818070.673712219,250,230,dummy-609
818122.46884389,250,230,dummy-609
818143.852551038,250,230,dummy-609
818176.906133163,250,230,dummy-609
818203.344522529,250,230,dummy-609
818217.565246844,250,230,dummy-609
818028.95918697,250,230,dummy-792
818078.411253815,250,230,dummy-792
818103.451778204,250,230,dummy-792
818110.163938593,250,230,dummy-792
818156.513480661,250,230,dummy-792
818019.253196,250,230,dummy-17
818043.132229575,250,230,dummy-17
818046.603365562,250,230,dummy-17
818130.799415399,250,230,dummy-17
818147.499589218,250,230,dummy-17
818042.719126052,250,230,dummy-642
818047.649465584,250,230,dummy-642
818118.922987411,250,230,dummy-642
818210.662203484,250,230,dummy-642
817995.585480855,250,230,dummy-379
818016.783715199,250,230,dummy-379
818062.508717827,250,230,dummy-379
818069.547026239,250,230,dummy-379
818099.662799673,250,230,dummy-379
818115.160432411,250,230,dummy-379
818141.833618329,250,230,dummy-379
818116.111079983,250,230,dummy-242
818168.62732027,250,230,dummy-242
818200.548635522,250,230,dummy-242
818048.136565642,250,230,dummy-52
818153.521095095,250,230,dummy-52
818195.668062024,250,230,dummy-52
818267.590268157,250,230,dummy-52
817982.702474639,250,230,dummy-25
818086.148747339,250,230,dummy-25
818100.047114242,250,230,dummy-25
818103.802104655,250,230,dummy-25
818179.580416941,250,230,dummy-25
818012.468603279,250,230,dummy-235
818069.877748103,250,230,dummy-235
818143.097421839,250,230,dummy-235
818007.419796917,250,230,dummy-575
818105.592149065,250,230,dummy-575
818167.519876441,250,230,dummy-575
818195.10554453,250,230,dummy-575
818032.272842764,250,230,dummy-819
818254.289188118,250,230,dummy-819
818254.435857254,250,230,dummy-819
818161.370204714,250,230,dummy-703
818235.0898131,250,230,dummy-703
818257.441133178,250,230,dummy-703
818060.204400484,250,230,dummy-740
818085.4342077,250,230,dummy-740
818168.030228509,250,230,dummy-740
818181.576246525,250,230,dummy-740
817990.287414653,250,230,dummy-686
817992.780305216,250,230,dummy-686
818043.791616278,250,230,dummy-686
818089.486646981,250,230,dummy-686
818210.295328352,250,230,dummy-686
818255.58559371,250,230,dummy-686
818179.297973657,250,230,dummy-704
818219.78001173,250,230,dummy-704
818264.908934827,250,230,dummy-704
817994.140322164,250,230,dummy-829
817996.106992472,250,230,dummy-829
818003.064909632,250,230,dummy-829
818101.111521248,250,230,dummy-829
818167.045363538,250,230,dummy-829
818200.31667749,250,230,dummy-829
818252.205652035,250,230,dummy-829
818012.550030556,250,230,dummy-528
818136.611897316,250,230,dummy-528
818247.087918014,250,230,dummy-528
818011.687058011,250,230,dummy-220
818098.986315515,250,230,dummy-220
818135.4428583,250,230,dummy-220
818143.100156829,250,230,dummy-220
818258.567984426,250,230,dummy-220
817977.698946171,250,230,dummy-214
817994.117026634,250,230,dummy-214
818098.140058579,250,230,dummy-214
818100.517389453,250,230,dummy-214
818168.493347997,250,230,dummy-214
817975.83137313,250,230,dummy-311
818070.606484969,250,230,dummy-311
818089.737469947,250,230,dummy-311
818130.097105476,250,230,dummy-311
818018.005350798,250,230,dummy-595
818094.319286408,250,230,dummy-595
818191.891130854,250,230,dummy-595
817996.707309358,250,230,dummy-813
818175.401879008,250,230,dummy-641
818193.041617795,250,230,dummy-641
818210.648119813,250,230,dummy-641
818269.685434483,250,230,dummy-641
818007.309491083,250,230,dummy-337
818043.953438244,250,230,dummy-337
818146.478994286,250,230,dummy-337
818170.70033028,250,230,dummy-337
818179.494809176,250,230,dummy-337
818137.083914062,250,230,dummy-637
818175.067152297,250,230,dummy-637
817991.368485465,250,230,dummy-66
818045.151880455,250,230,dummy-66
818047.941758732,250,230,dummy-66
818065.130158796,250,230,dummy-66
818211.745209508,250,230,dummy-66
818232.639808093,250,230,dummy-66
817976.447474804,250,230,dummy-491
818181.882062814,250,230,dummy-491
818004.509480612,250,230,dummy-430
818115.744612703,250,230,dummy-430
818164.205278212,250,230,dummy-430
818209.540808723,250,230,dummy-430
817986.646091097,250,230,dummy-294
817992.382135949,250,230,dummy-294
818229.739085704,250,230,dummy-294
818125.118902426,250,230,dummy-197
818156.477587922,250,230,dummy-197
818241.9879228,250,230,dummy-197
818254.185615297,250,230,dummy-197
818014.517840954,250,230,dummy-626
818137.93088786,250,230,dummy-626
818139.925521466,250,230,dummy-626
818161.415470482,250,230,dummy-626
818224.563161986,250,230,dummy-626
817996.739406793,250,230,dummy-732
818078.352460187,250,230,dummy-732
818170.413988154,250,230,dummy-732
818044.509151318,250,230,dummy-691
818068.363278941,250,230,dummy-691
818121.882023732,250,230,dummy-691
817984.900312396,250,230,dummy-339
818119.978733578,250,230,dummy-339
818077.311619518,250,230,dummy-171
818141.090422603,250,230,dummy-171
818160.597741885,250,230,dummy-171
818267.874232679,250,230,dummy-171
818273.371928494,250,230,dummy-171
817996.921694151,250,230,dummy-261
818116.07713821,250,230,dummy-261
818253.588483693,250,230,dummy-261
818266.096288969,250,230,dummy-261
818017.996742325,250,230,dummy-708
818015.697148101,250,230,dummy-485
818164.923963902,250,230,dummy-485
818245.298330623,250,230,dummy-471
818011.211288867,250,230,dummy-741
818029.426541507,250,230,dummy-741
818202.290596451,250,230,dummy-741
818269.333745584,250,230,dummy-741
818273.60850601,250,230,dummy-741
817983.845853513,250,230,dummy-565
818015.916216761,250,230,dummy-565
818017.923802458,250,230,dummy-565
818058.288420225,250,230,dummy-565
818073.455731002,250,230,dummy-565
818131.995277294,250,230,dummy-565
818250.48093976,250,230,dummy-565
818004.714903387,250,230,dummy-442
818183.290849056,250,230,dummy-442
818207.01620973,250,230,dummy-442
818228.927485686,250,230,dummy-442
817974.801646027,250,230,dummy-120
818075.238106616,250,230,dummy-120
818014.617550486,250,230,dummy-301
818140.840330472,250,230,dummy-301
818253.961209728,250,230,dummy-301
818202.455196537,250,230,dummy-79
818251.495849508,250,230,dummy-79
818270.674729541,250,230,dummy-79
818191.566929529,250,230,dummy-462
818220.105570763,250,230,dummy-462
818062.892202192,250,230,dummy-411
818114.717553588,250,230,dummy-411
818177.329772441,250,230,dummy-411
818211.62493564,250,230,dummy-411
818129.525784427,250,230,dummy-11
818249.64243903,250,230,dummy-11
818271.813779489,250,230,dummy-11
818251.689109217,250,230,dummy-239
818077.73733793,250,230,dummy-537
818083.400594049,250,230,dummy-537
818094.507494767,250,230,dummy-537
818192.253735749,250,230,dummy-537
818053.163853967,250,230,dummy-775
818189.498372008,250,230,dummy-775
818011.64189799,250,230,dummy-549
818055.89308957,250,230,dummy-549
818058.573212409,250,230,dummy-549
818060.561793893,250,230,dummy-549
818157.794349825,250,230,dummy-549
818185.347625352,250,230,dummy-549
818197.042201243,250,230,dummy-549
818245.502835188,250,230,dummy-549
818258.037257638,250,230,dummy-549
818042.489307397,250,230,dummy-770
818085.306800573,250,230,dummy-770
818210.648443763,250,230,dummy-770
818247.323330451,250,230,dummy-770
818251.251204194,250,230,dummy-770
818251.910384742,250,230,dummy-770
818045.357421557,250,230,dummy-688
818056.644630134,250,230,dummy-688
817976.23322577,250,230,dummy-520
817988.328828007,250,230,dummy-520
818007.576322794,250,230,dummy-520
818218.037596247,250,230,dummy-520
818226.282411692,250,230,dummy-520
817985.32184568,250,230,dummy-678
818044.403753274,250,230,dummy-678
818045.995740943,250,230,dummy-678
818247.229910199,250,230,dummy-678
818261.493810555,250,230,dummy-678
818273.128955103,250,230,dummy-678
817979.085783032,250,230,dummy-585
818096.964308717,250,230,dummy-585
818209.414098602,250,230,dummy-585
818210.51762136,250,230,dummy-585
818273.094477769,250,230,dummy-585
818108.0166306,250,230,dummy-461
818147.015346008,250,230,dummy-461
818153.704796909,250,230,dummy-461
818114.989149056,250,230,dummy-31
818233.774663343,250,230,dummy-31
818012.093807527,250,230,dummy-478
818143.066092374,250,230,dummy-478
818212.656965089,250,230,dummy-478
818215.90540384,250,230,dummy-478
818033.281078557,250,230,dummy-768
818034.59422072,250,230,dummy-768
818095.251932027,250,230,dummy-768
818238.999349905,250,230,dummy-768
818249.218396747,250,230,dummy-768
818155.518191385,250,230,dummy-57
818174.216053575,250,230,dummy-57
818229.247573789,250,230,dummy-57
818231.437620875,250,230,dummy-57
818261.810413946,250,230,dummy-57
818029.486873849,250,230,dummy-391
818126.334322153,250,230,dummy-391
818146.946035501,250,230,dummy-391
818045.170741273,250,230,dummy-791
818215.059113808,250,230,dummy-77
818058.579461051,250,230,dummy-720
818097.90622469,250,230,dummy-720
818196.486572351,250,230,dummy-720
818238.879594755,250,230,dummy-720
817992.693974642,250,230,dummy-170
818009.093852436,250,230,dummy-170
818184.424029119,250,230,dummy-170
818063.051102956,250,230,dummy-230
818113.749299394,250,230,dummy-230
818194.640688205,250,230,dummy-230
818250.840289222,250,230,dummy-230
818255.52814745,250,230,dummy-230
818042.45640285,250,230,dummy-70
818192.803498923,250,230,dummy-70
818198.591227276,250,230,dummy-70
818204.986228585,250,230,dummy-70
818247.598768385,250,230,dummy-70
818094.331512746,250,230,dummy-722
818122.332920968,250,230,dummy-722
818132.339578394,250,230,dummy-21
818135.982675078,250,230,dummy-21
818166.028674772,250,230,dummy-21
818173.673711476,250,230,dummy-21
818270.913290649,250,230,dummy-21
818217.024898194,250,230,dummy-484
818263.715906845,250,230,dummy-484
818013.744532746,250,230,dummy-702
818063.021706803,250,230,dummy-702
818140.826824994,250,230,dummy-702
818164.6963766,250,230,dummy-702
818247.814843119,250,230,dummy-702
818009.015642139,250,230,dummy-730
818038.530657064,250,230,dummy-730
818208.820723384,250,230,dummy-730
818248.116097063,250,230,dummy-730
818270.108857731,250,230,dummy-730
818030.898622094,250,230,dummy-687
818107.317508122,250,230,dummy-687
818116.984857196,250,230,dummy-687
818187.364612175,250,230,dummy-687
818223.701107452,250,230,dummy-687
818019.899687813,250,230,dummy-418
818057.380827115,250,230,dummy-418
818076.979535995,250,230,dummy-418
818216.729439949,250,230,dummy-418
818108.839205569,250,230,dummy-818
818112.968708398,250,230,dummy-818
818138.833995632,250,230,dummy-818
818203.331490815,250,230,dummy-818
818011.236259813,250,230,dummy-650
818027.682950588,250,230,dummy-650
818138.760106218,250,230,dummy-650
818182.831325583,250,230,dummy-650
818259.677863731,250,230,dummy-650
817976.551946924,250,230,dummy-273
818003.148812557,250,230,dummy-273
818005.140117813,250,230,dummy-273
818133.372733897,250,230,dummy-273
818133.81638857,250,230,dummy-273
818252.743015901,250,230,dummy-273
818009.153080863,250,230,dummy-483
818166.620365829,250,230,dummy-483
818240.534025728,250,230,dummy-483
818257.634259647,250,230,dummy-483
817980.488877183,250,230,dummy-822
817999.494753253,250,230,dummy-822
818050.650993982,250,230,dummy-822
818110.766697432,250,230,dummy-822
818130.394120025,250,230,dummy-822
818265.654155527,250,230,dummy-822
818070.03680919,250,230,dummy-195
818261.87114344,250,230,dummy-195
818087.490262372,250,230,dummy-80
818139.019359303,250,230,dummy-80
818212.65107527,250,230,dummy-80
818162.127623156,250,230,dummy-755
818237.95649506,250,230,dummy-755
818257.190999897,250,230,dummy-755
818045.390418677,250,230,dummy-132
818183.027596007,250,230,dummy-132
818015.134898201,250,230,dummy-375
818105.080880487,250,230,dummy-375
818172.575741603,250,230,dummy-375
818060.757401821,250,230,dummy-279
818074.177960361,250,230,dummy-279
818133.367991643,250,230,dummy-279
818183.073893773,250,230,dummy-279
817999.87409414,250,230,dummy-494
818035.297796664,250,230,dummy-494
818070.932946546,250,230,dummy-494
818101.953860475,250,230,dummy-494
818132.619443427,250,230,dummy-494
817996.456632171,250,230,dummy-238
818223.785834488,250,230,dummy-238
818094.053277184,250,230,dummy-163
818105.588577199,250,230,dummy-163
818185.74779304,250,230,dummy-163
818188.52432029,250,230,dummy-163
818092.649086862,250,230,dummy-685
818132.459068979,250,230,dummy-685
818149.60250275,250,230,dummy-685
818242.148392397,250,230,dummy-685
818004.473608472,250,230,dummy-469
818013.258493967,250,230,dummy-469
818134.967120144,250,230,dummy-469
818147.963344652,250,230,dummy-469
818156.682297334,250,230,dummy-469
818000.038427003,250,230,dummy-576
818024.430423218,250,230,dummy-576
818101.312322269,250,230,dummy-576
818146.029865054,250,230,dummy-576
818152.01586377,250,230,dummy-576
818100.131727299,250,230,dummy-307
818192.288591847,250,230,dummy-307
818085.094873628,250,230,dummy-278
818087.339027783,250,230,dummy-278
818136.909887761,250,230,dummy-278
818014.202312165,250,230,dummy-812
818189.12961494,250,230,dummy-812
818069.24355316,250,230,dummy-693
818178.23090487,250,230,dummy-693
818199.510853382,250,230,dummy-544
818058.326939818,250,230,dummy-256
818110.880715993,250,230,dummy-256
818114.259640124,250,230,dummy-256
818132.212336974,250,230,dummy-256
818174.011989228,250,230,dummy-256
818238.172535118,250,230,dummy-256
817996.599362996,250,230,dummy-460
818005.824597063,250,230,dummy-460
818076.793329569,250,230,dummy-460
818078.927591711,250,230,dummy-460
818086.688433994,250,230,dummy-460
818131.213852785,250,230,dummy-460
818273.399308071,250,230,dummy-460
818069.247006701,250,230,dummy-166
818155.447305533,250,230,dummy-348
818175.376911617,250,230,dummy-348
818261.101914731,250,230,dummy-348
818096.886197197,250,230,dummy-302
818113.10572234,250,230,dummy-302
818129.858879826,250,230,dummy-647
818168.313776065,250,230,dummy-647
818207.352811634,250,230,dummy-647
818213.957876451,250,230,dummy-647
818074.804877446,250,230,dummy-415
818220.086644684,250,230,dummy-415
818010.660412813,250,230,dummy-643
818020.761788941,250,230,dummy-643
818153.74772553,250,230,dummy-643
818036.626372314,250,230,dummy-259
818091.11605911,250,230,dummy-259
818098.064019116,250,230,dummy-259
818137.971651281,250,230,dummy-259
818215.330844122,250,230,dummy-259
817988.090756688,250,230,dummy-652
818153.702978612,250,230,dummy-652
818247.217783115,250,230,dummy-652
818051.622206942,250,230,dummy-289
818116.431850222,250,230,dummy-289
818245.611751321,250,230,dummy-289
817983.845892467,250,230,dummy-250
818118.357223787,250,230,dummy-250
818064.083911051,250,230,dummy-754
818126.89142351,250,230,dummy-754
818152.436771391,250,230,dummy-754
818257.568582271,250,230,dummy-754
817985.320287769,250,230,dummy-54
818037.644726277,250,230,dummy-54
818155.893625419,250,230,dummy-54
818212.050647241,250,230,dummy-54
817998.530981587,250,230,dummy-505
818271.564590453,250,230,dummy-505
818033.11839431,250,230,dummy-522
818181.225771729,250,230,dummy-522
818222.204500895,250,230,dummy-522
817979.263801653,250,230,dummy-785
818025.838498142,250,230,dummy-785
818115.423321711,250,230,dummy-785
818147.882239142,250,230,dummy-785
818190.218227378,250,230,dummy-785
817978.417149474,250,230,dummy-733
818025.791692104,250,230,dummy-733
818087.424307777,250,230,dummy-733
818191.066531805,250,230,dummy-733
818220.516503347,250,230,dummy-733
817985.190535915,250,230,dummy-133
818001.04777091,250,230,dummy-133
818212.435403204,250,230,dummy-805
818069.020163553,250,230,dummy-148
818102.335640865,250,230,dummy-148
818250.42342259,250,230,dummy-148
818109.0810691,250,230,dummy-633
818133.928319687,250,230,dummy-633
818032.883445811,250,230,dummy-750
818050.381191537,250,230,dummy-750
818071.914022085,250,230,dummy-750
818148.400262974,250,230,dummy-750
818270.939376041,250,230,dummy-750
818108.332662276,250,230,dummy-332
817987.832549227,250,230,dummy-22
818191.628874471,250,230,dummy-22
818071.220511789,250,230,dummy-236
818071.363122419,250,230,dummy-107
818112.415009968,250,230,dummy-107
818199.213884668,250,230,dummy-97
818165.474941697,250,230,dummy-546
818176.134393527,250,230,dummy-546
817986.574535033,250,230,dummy-255
818091.2720564,250,230,dummy-255
818144.637053954,250,230,dummy-797
817990.777417789,250,230,dummy-634
817999.874066627,250,230,dummy-634
818043.950012011,250,230,dummy-634
818115.459530653,250,230,dummy-634
818183.409590054,250,230,dummy-634
818196.75787692,250,230,dummy-634
818204.194515826,250,230,dummy-634
818221.505805544,250,230,dummy-634
818249.600002584,250,230,dummy-634
818264.227183246,250,230,dummy-634
818037.190242548,250,230,dummy-692
818027.044487454,250,230,dummy-75
818044.222928595,250,230,dummy-75
818076.136869107,250,230,dummy-75
818266.626231583,250,230,dummy-49
818041.370202039,250,230,dummy-712
818069.70429469,250,230,dummy-712
818228.042809707,250,230,dummy-712
818068.92772002,250,230,dummy-548
818205.272484623,250,230,dummy-548
818050.948355635,250,230,dummy-689
818214.279818447,250,230,dummy-689
817987.731181382,250,230,dummy-33
818015.159283024,250,230,dummy-33
818016.886836028,250,230,dummy-33
818107.42213933,250,230,dummy-33
818116.03605607,250,230,dummy-33
818163.475194427,250,230,dummy-33
818002.002105672,250,230,dummy-482
818238.249955634,250,230,dummy-482
817988.946187684,250,230,dummy-579
818009.811194204,250,230,dummy-579
818013.176674419,250,230,dummy-579
818023.306090179,250,230,dummy-579
818106.281165831,250,230,dummy-579
818186.2352472,250,230,dummy-579
818243.06056676,250,230,dummy-579
817993.858150216,250,230,dummy-82
818053.550582781,250,230,dummy-82
818194.596485653,250,230,dummy-82
818208.144989101,250,230,dummy-82
818009.499217567,250,230,dummy-221
818043.263170902,250,230,dummy-221
818101.067027319,250,230,dummy-221
818251.640310603,250,230,dummy-221
818108.285614755,250,230,dummy-556
818168.955465803,250,230,dummy-556
817979.428594213,250,230,dummy-608
818046.546610888,250,230,dummy-608
818055.555998896,250,230,dummy-608
818122.305060555,250,230,dummy-608
818178.013005301,250,230,dummy-608
818229.571455542,250,230,dummy-608
818262.576204677,250,230,dummy-300
818033.965172257,250,230,dummy-809
818133.797471789,250,230,dummy-809
817983.677808398,250,230,dummy-427
818035.317089283,250,230,dummy-427
818219.819681897,250,230,dummy-427
818204.984875169,250,230,dummy-734
818220.631754635,250,230,dummy-734
818032.913026073,250,230,dummy-345
818121.977441661,250,230,dummy-345
818183.150599299,250,230,dummy-345
818183.77897907,250,230,dummy-345
818187.244966799,250,230,dummy-345
817995.592233811,250,230,dummy-125
818025.351425022,250,230,dummy-125
818219.922959518,250,230,dummy-125
818265.519196438,250,230,dummy-125
818019.451626291,250,230,dummy-444
818116.624585177,250,230,dummy-444
818175.070656473,250,230,dummy-444
818210.319748215,250,230,dummy-444
818253.433856532,250,230,dummy-444
817994.500426975,250,230,dummy-802
818078.97384115,250,230,dummy-802
817980.997072394,250,230,dummy-503
818013.571663982,250,230,dummy-503
818037.593863117,250,230,dummy-503
818111.153426902,250,230,dummy-503
818071.04490703,250,230,dummy-629
818097.858957576,250,230,dummy-629
818118.848938288,250,230,dummy-629
818182.359496258,250,230,dummy-629
818184.402824572,250,230,dummy-629
818065.839136259,250,230,dummy-512
818131.72261857,250,230,dummy-512
818150.054392314,250,230,dummy-512
818199.512186685,250,230,dummy-512
818002.907971552,250,230,dummy-201
818037.35889187,250,230,dummy-201
818108.426569488,250,230,dummy-201
818184.65653867,250,230,dummy-201
818196.676555604,250,230,dummy-201
818010.932120273,250,230,dummy-727
818033.370268319,250,230,dummy-727
818080.168229629,250,230,dummy-727
818085.15092311,250,230,dummy-727
818171.535533891,250,230,dummy-727
818219.845490709,250,230,dummy-727
818011.165184589,250,230,dummy-570
818124.474834805,250,230,dummy-570
818136.726530401,250,230,dummy-570
818179.332486589,250,230,dummy-570
818204.122788983,250,230,dummy-570
818218.280026525,250,230,dummy-570
818237.0195906,250,230,dummy-570
817995.817275496,250,230,dummy-353
818096.279111499,250,230,dummy-353
818099.868622231,250,230,dummy-353
818235.654891996,250,230,dummy-353
818016.113242241,250,230,dummy-297
818102.544757182,250,230,dummy-297
818146.299036369,250,230,dummy-297
818153.814369531,250,230,dummy-297
818193.330736039,250,230,dummy-297
818222.117787536,250,230,dummy-297
818237.493657155,250,230,dummy-297
817985.505010773,250,230,dummy-464
818161.686867312,250,230,dummy-464
818172.751274627,250,230,dummy-464
818197.546381078,250,230,dummy-464
818236.159094306,250,230,dummy-464
818254.320052943,250,230,dummy-464
817983.228455463,250,230,dummy-516
818015.634592477,250,230,dummy-516
818046.526695606,250,230,dummy-516
818021.586172799,250,230,dummy-30
818048.665906999,250,230,dummy-30
818052.163849168,250,230,dummy-30
818066.738331129,250,230,dummy-30
818087.253581785,250,230,dummy-30
818089.298921024,250,230,dummy-30
818089.427262786,250,230,dummy-30
818102.002410963,250,230,dummy-30
818206.439337509,250,230,dummy-30
818258.223227195,250,230,dummy-30
818262.751718512,250,230,dummy-30
818132.486177708,250,230,dummy-475
818151.871588945,250,230,dummy-475
818102.296591677,250,230,dummy-168
818244.146418195,250,230,dummy-168
818066.260799064,250,230,dummy-433
818094.06926055,250,230,dummy-433
818246.174803531,250,230,dummy-433
817997.08279198,250,230,dummy-102
818270.806100159,250,230,dummy-102
818006.274826661,250,230,dummy-517
818045.759776134,250,230,dummy-517
818145.82261075,250,230,dummy-517
818176.092922504,250,230,dummy-517
818225.046340655,250,230,dummy-517
817981.370228629,250,230,dummy-34
818165.472577389,250,230,dummy-34
818195.064540654,250,230,dummy-34
818234.895628365,250,230,dummy-34
818256.527018148,250,230,dummy-34
818269.091103137,250,230,dummy-34
818144.759645144,250,230,dummy-88
818257.978289879,250,230,dummy-88
818027.798471819,250,230,dummy-328
818258.681349147,250,230,dummy-328
818020.043302124,250,230,dummy-500
818062.768365777,250,230,dummy-500
818129.670465764,250,230,dummy-500
818139.7371931,250,230,dummy-500
818177.64956656,250,230,dummy-500
818027.776152539,250,230,dummy-763
818088.858690369,250,230,dummy-763
818113.81573071,250,230,dummy-763
818120.319279435,250,230,dummy-763
818263.495063241,250,230,dummy-763
817983.968793571,250,230,dummy-571
818024.202661971,250,230,dummy-571
818101.637217182,250,230,dummy-571
818173.02013155,250,230,dummy-571
818186.287442176,250,230,dummy-571
818261.246919947,250,230,dummy-571
817979.147725278,250,230,dummy-600
817991.354117576,250,230,dummy-600
818033.78497139,250,230,dummy-600
818045.892131723,250,230,dummy-600
818058.573191606,250,230,dummy-600
818103.067029829,250,230,dummy-600
818189.788611057,250,230,dummy-600
818271.853420652,250,230,dummy-86
817999.34683429,250,230,dummy-739
818057.896951356,250,230,dummy-739
818075.349782044,250,230,dummy-739
818087.501187797,250,230,dummy-739
817996.335319451,250,230,dummy-269
818153.056956842,250,230,dummy-269
818239.550609764,250,230,dummy-269
818001.600494686,250,230,dummy-306
818251.710702406,250,230,dummy-306
818259.798886031,250,230,dummy-306
818084.337788805,250,230,dummy-402
818183.156980825,250,230,dummy-402
818254.292685506,250,230,dummy-402
818001.951769726,250,230,dummy-155
818028.328783543,250,230,dummy-155
818068.745086814,250,230,dummy-155
818045.380583994,250,230,dummy-524
818153.254343795,250,230,dummy-524
818215.290529846,250,230,dummy-524
818269.803639928,250,230,dummy-524
818095.179921452,250,230,dummy-219
818146.482953751,250,230,dummy-219
818188.158954284,250,230,dummy-219
818250.566499423,250,230,dummy-219
818268.209826024,250,230,dummy-219
818001.500936621,250,230,dummy-167
818001.666784685,250,230,dummy-167
818033.75784503,250,230,dummy-167
818091.608776134,250,230,dummy-167
818205.056617902,250,230,dummy-167
818007.982966317,250,230,dummy-359
818201.919557385,250,230,dummy-359
818008.256967452,250,230,dummy-60
818074.018057291,250,230,dummy-60
818108.369475303,250,230,dummy-60
818176.942647335,250,230,dummy-60
818270.806550285,250,230,dummy-60
818022.880465333,250,230,dummy-582
818119.691691661,250,230,dummy-582
818005.506263776,250,230,dummy-786
818211.097232826,250,230,dummy-786
818225.834126633,250,230,dummy-786
818260.808947845,250,230,dummy-786
818014.955946813,250,230,dummy-91
818066.250923296,250,230,dummy-91
818129.592329072,250,230,dummy-91
818179.556066925,250,230,dummy-91
818040.746520012,250,230,dummy-756
818230.326096132,250,230,dummy-756
818008.136608739,250,230,dummy-409
818034.011215682,250,230,dummy-409
818038.784633285,250,230,dummy-409
818229.878425047,250,230,dummy-409
817983.927377811,250,230,dummy-431
818081.782971337,250,230,dummy-431
818196.217232243,250,230,dummy-431
818034.071093263,250,230,dummy-632
818061.628832821,250,230,dummy-632
818087.174112749,250,230,dummy-632
818090.374939669,250,230,dummy-632
818132.566951356,250,230,dummy-632
818165.703185964,250,230,dummy-632
818215.259147357,250,230,dummy-632
818228.002971992,250,230,dummy-632
817974.173397777,250,230,dummy-218
818026.393753062,250,230,dummy-218
818036.811895742,250,230,dummy-218
818124.833141343,250,230,dummy-218
818145.379535029,250,230,dummy-218
818241.752815093,250,230,dummy-218
818031.143797143,250,230,dummy-598
818175.602792026,250,230,dummy-598
818186.001381834,250,230,dummy-598
818055.475889086,250,230,dummy-206
818150.792550544,250,230,dummy-206
818216.241523467,250,230,dummy-206
818216.381817217,250,230,dummy-206
818255.012483045,250,230,dummy-206
818262.130248947,250,230,dummy-206
818039.484089619,250,230,dummy-527
818045.619997053,250,230,dummy-527
818053.939368093,250,230,dummy-527
818207.156565968,250,230,dummy-527
818205.936268872,250,230,dummy-410
817999.072859576,250,230,dummy-154
818211.008755449,250,230,dummy-154
818041.011550732,250,230,dummy-46
818096.214239857,250,230,dummy-46
818131.341945403,250,230,dummy-46
818133.911677038,250,230,dummy-46
818169.473007587,250,230,dummy-46
818227.300444066,250,230,dummy-46
818251.039345771,250,230,dummy-46
817996.279866905,250,230,dummy-428
818265.662881108,250,230,dummy-428
817988.046399779,250,230,dummy-567
818042.286030477,250,230,dummy-567
818173.017520208,250,230,dummy-567
818201.276437446,250,230,dummy-567
818205.180426281,250,230,dummy-567
818026.701645743,250,230,dummy-215
818031.659470845,250,230,dummy-215
818202.077337641,250,230,dummy-215
817979.041912932,250,230,dummy-672
818012.835145799,250,230,dummy-672
818261.755905724,250,230,dummy-672
817974.926070965,250,230,dummy-816
817990.118379321,250,230,dummy-816
818159.421478111,250,230,dummy-816
818209.777569331,250,230,dummy-816
818235.460644886,250,230,dummy-816
818029.696680949,250,230,dummy-452
818070.166600075,250,230,dummy-452
818164.828742333,250,230,dummy-452
818178.864303309,250,230,dummy-452
818184.997410058,250,230,dummy-452
818218.989843302,250,230,dummy-452
818235.806625682,250,230,dummy-452
818043.468959595,250,230,dummy-413
818076.722758705,250,230,dummy-413
818178.044592243,250,230,dummy-413
818042.794266706,250,230,dummy-92
818244.59203408,250,230,dummy-92
818253.478002565,250,230,dummy-92
818102.277340925,250,230,dummy-158
818226.763319315,250,230,dummy-158
818021.26803041,250,230,dummy-87
818119.744132125,250,230,dummy-87
818163.170489523,250,230,dummy-87
818213.198585909,250,230,dummy-87
817979.292181059,250,230,dummy-123
818032.59875474,250,230,dummy-123
818168.659172889,250,230,dummy-123
818178.20870836,250,230,dummy-123
818214.599865693,250,230,dummy-123
818014.48847011,250,230,dummy-729
818132.108780093,250,230,dummy-729
818251.393793003,250,230,dummy-729
817988.922821727,250,230,dummy-245
818020.109712692,250,230,dummy-245
818112.877250356,250,230,dummy-245
818113.318775528,250,230,dummy-245
817998.177766668,250,230,dummy-274
818171.220015791,250,230,dummy-274
818266.030238308,250,230,dummy-274
818099.434884503,250,230,dummy-151
818109.20190807,250,230,dummy-151
818234.61053433,250,230,dummy-151
818272.994230787,250,230,dummy-788
818229.721132621,250,230,dummy-252
818186.064717923,250,230,dummy-179
818196.024743228,250,230,dummy-179
818256.36269198,250,230,dummy-185
818041.084435531,250,230,dummy-473
818053.006028968,250,230,dummy-473
818090.898278792,250,230,dummy-473
818208.125414099,250,230,dummy-473
817983.166369267,250,230,dummy-299
818169.934231623,250,230,dummy-299
818010.513289902,250,230,dummy-615
818076.286024913,250,230,dummy-535
818085.857127303,250,230,dummy-535
818160.176226962,250,230,dummy-535
818247.687524051,250,230,dummy-535
818249.08736064,250,230,dummy-535
817986.808322001,250,230,dummy-597
818210.770756455,250,230,dummy-597
817994.5389532,250,230,dummy-709
818148.05924234,250,230,dummy-709
818156.20468448,250,230,dummy-709
818173.981101463,250,230,dummy-709
818213.879200718,250,230,dummy-709
818214.380387286,250,230,dummy-709
817975.354500875,250,230,dummy-62
818081.082331481,250,230,dummy-62
818081.829102107,250,230,dummy-62
817990.703098185,250,230,dummy-782
818060.546898851,250,230,dummy-782
818099.343441119,250,230,dummy-782
817979.338296581,250,230,dummy-270
818026.929396576,250,230,dummy-270
818038.283453837,250,230,dummy-270
818122.191696253,250,230,dummy-270
818166.401492733,250,230,dummy-270
818184.094393041,250,230,dummy-270
818270.32851214,250,230,dummy-270
818151.852238463,250,230,dummy-627
818228.680230554,250,230,dummy-627
818049.617067171,250,230,dummy-574
818092.526858383,250,230,dummy-574
818147.537439689,250,230,dummy-574
818208.650453379,250,230,dummy-574
817980.266480058,250,230,dummy-630
818014.508046277,250,230,dummy-630
818070.297926115,250,230,dummy-630
818191.12132702,250,230,dummy-630
818236.018170486,250,230,dummy-630
818181.718150971,250,230,dummy-189
818226.475626217,250,230,dummy-189
818015.844885202,250,230,dummy-184
818054.44544539,250,230,dummy-184
818071.178984397,250,230,dummy-184
818118.229719604,250,230,dummy-184
818171.852245073,250,230,dummy-184
818217.432749693,250,230,dummy-184
818245.283687991,250,230,dummy-184
818003.17692793,250,230,dummy-223
818083.584498313,250,230,dummy-223
818148.139164596,250,230,dummy-223
818195.922552054,250,230,dummy-223
818207.547572288,250,230,dummy-223
818229.561021287,250,230,dummy-223
818024.750124813,250,230,dummy-89
818061.149830271,250,230,dummy-89
818233.708250496,250,230,dummy-89
818258.080653646,250,230,dummy-89
818092.516448466,250,230,dummy-139
818239.540805044,250,230,dummy-139
818020.907472142,250,230,dummy-315
818027.168748689,250,230,dummy-315
818031.230736921,250,230,dummy-315
818084.079427216,250,230,dummy-315
818112.382258664,250,230,dummy-315
818162.130186241,250,230,dummy-315
818183.31118926,250,230,dummy-315
818249.839514815,250,230,dummy-315
818273.780121389,250,230,dummy-519
818074.067382918,250,230,dummy-150
818091.34133034,250,230,dummy-150
818095.385847707,250,230,dummy-150
818116.337492286,250,230,dummy-150
818209.352479835,250,230,dummy-150
818238.411666986,250,230,dummy-150
818239.395546631,250,230,dummy-150
818175.704578022,250,230,dummy-131
817986.378147559,250,230,dummy-557
818039.09166382,250,230,dummy-557
818047.975952078,250,230,dummy-557
818082.023447102,250,230,dummy-557
818102.624458598,250,230,dummy-557
818023.371567636,250,230,dummy-39
818057.204394187,250,230,dummy-39
818184.976206551,250,230,dummy-39
817988.013659295,250,230,dummy-742
818192.404556483,250,230,dummy-742
818246.740335548,250,230,dummy-742
817994.034549318,250,230,dummy-669
818024.504856941,250,230,dummy-669
818199.136801129,250,230,dummy-669
818067.497400415,250,230,dummy-377
818123.35271011,250,230,dummy-377
818159.824661054,250,230,dummy-377
818192.774241271,250,230,dummy-377
817990.248875398,250,230,dummy-207
818048.982004157,250,230,dummy-207
818138.408503006,250,230,dummy-207
818139.784248547,250,230,dummy-207
818236.72924151,250,230,dummy-207
818025.9238723,250,230,dummy-507
818108.600738508,250,230,dummy-507
818237.867199922,250,230,dummy-507
818259.462233101,250,230,dummy-507
818269.904617514,250,230,dummy-507
818063.030489988,250,230,dummy-44
818123.218876306,250,230,dummy-44
818228.804370938,250,230,dummy-44
818272.216565534,250,230,dummy-44
817993.271998056,250,230,dummy-18
818094.93602839,250,230,dummy-18
818122.626519245,250,230,dummy-18
818139.510438115,250,230,dummy-18
818268.571307114,250,230,dummy-18
818035.226433647,250,230,dummy-828
818121.030277261,250,230,dummy-828
818143.604244483,250,230,dummy-828
818235.58127011,250,230,dummy-828
818010.138064138,250,230,dummy-463
818089.067443312,250,230,dummy-463
818127.268418449,250,230,dummy-463
817986.657966182,250,230,dummy-42
818155.730327303,250,230,dummy-42
818013.292277318,250,230,dummy-533
818107.960635985,250,230,dummy-533
818189.243005748,250,230,dummy-533
818254.990569711,250,230,dummy-533
818017.093895118,250,230,dummy-316
818094.741462043,250,230,dummy-316
818128.471039884,250,230,dummy-316
818136.973433695,250,230,dummy-316
818015.94294426,250,230,dummy-29
818158.186573562,250,230,dummy-29
817979.036750265,250,230,dummy-497
818106.047842993,250,230,dummy-497
818168.20994406,250,230,dummy-497
818194.556977702,250,230,dummy-497
818241.801195303,250,230,dummy-497
818256.866128192,250,230,dummy-497
818015.630743476,250,230,dummy-6
818047.821437374,250,230,dummy-6
818063.857738037,250,230,dummy-6
818212.731840193,250,230,dummy-6
818004.174976884,250,230,dummy-779
818144.442723427,250,230,dummy-779
818051.578594132,250,230,dummy-152
818124.123060715,250,230,dummy-152
818202.120878554,250,230,dummy-152
818207.182475157,250,230,dummy-152
818189.586724617,250,230,dummy-178
818252.783134415,250,230,dummy-178
818218.040951015,250,230,dummy-697
818273.691735362,250,230,dummy-697
818131.465744414,250,230,dummy-51
818206.623564698,250,230,dummy-51
818252.054024131,250,230,dummy-51
818132.411438211,250,230,dummy-282
818155.196257841,250,230,dummy-282
818156.063935896,250,230,dummy-282
818186.667486692,250,230,dummy-282
818197.661578476,250,230,dummy-282
818236.181455992,250,230,dummy-282
818018.661027977,250,230,dummy-23
818047.774134017,250,230,dummy-23
818259.455286668,250,230,dummy-23
817976.296160815,250,230,dummy-707
818011.875414696,250,230,dummy-707
818017.056257042,250,230,dummy-707
818239.332092185,250,230,dummy-707
818249.170635739,250,230,dummy-707
818002.576635161,250,230,dummy-711
818043.048038526,250,230,dummy-711
818124.906341842,250,230,dummy-711
818148.083950341,250,230,dummy-711
818153.191949975,250,230,dummy-711
818268.921819112,250,230,dummy-711
818045.131434139,250,230,dummy-488
818116.101244546,250,230,dummy-488
818148.26323401,250,230,dummy-354
818175.06719225,250,230,dummy-354
817974.780318924,250,230,dummy-495
818002.506457876,250,230,dummy-495
818022.510448039,250,230,dummy-495
818141.801917359,250,230,dummy-495
818158.744159194,250,230,dummy-495
818268.303981289,250,230,dummy-495
818002.100443436,250,230,dummy-778
818106.421407747,250,230,dummy-778
818176.789870695,250,230,dummy-778
817993.418305737,250,230,dummy-199
818018.082567478,250,230,dummy-199
818019.231659618,250,230,dummy-199
818044.552882076,250,230,dummy-199
818152.394605143,250,230,dummy-199
818223.96216609,250,230,dummy-199
818256.76264207,250,230,dummy-199
818000.930009249,250,230,dummy-129
818080.650578715,250,230,dummy-129
818155.794697027,250,230,dummy-129
818240.242999484,250,230,dummy-129
818249.098068194,250,230,dummy-129
818235.339715761,250,230,dummy-371
818236.450109058,250,230,dummy-371
818239.498848462,250,230,dummy-371
818272.215185908,250,230,dummy-371
817976.798909772,250,230,dummy-196
818240.973671227,250,230,dummy-196
818050.11171264,250,230,dummy-55
818056.608421176,250,230,dummy-55
818086.047959638,250,230,dummy-55
818154.934084466,250,230,dummy-55
818241.698938983,250,230,dummy-55
818184.436308196,250,230,dummy-204
818238.763636231,250,230,dummy-204
817997.297107169,250,230,dummy-304
818093.844786905,250,230,dummy-304
818124.405961024,250,230,dummy-304
818068.20964895,250,230,dummy-15
818207.313692477,250,230,dummy-15
817997.886493735,250,230,dummy-12
818008.139124494,250,230,dummy-12
818045.042738576,250,230,dummy-12
818115.733014542,250,230,dummy-12
818185.454767236,250,230,dummy-12
818238.567454224,250,230,dummy-12
817974.494990852,250,230,dummy-50
817978.544421329,250,230,dummy-50
818013.917224698,250,230,dummy-50
818172.121488798,250,230,dummy-50
818172.528691645,250,230,dummy-50
817975.408825517,250,230,dummy-324
818033.403094328,250,230,dummy-324
818216.095609991,250,230,dummy-324
817989.697232938,250,230,dummy-638
818010.466877512,250,230,dummy-638
818077.556713,250,230,dummy-638
818252.579389957,250,230,dummy-638
818258.479052048,250,230,dummy-638
817975.529295179,250,230,dummy-412
817975.943529872,250,230,dummy-412
817991.528750496,250,230,dummy-412
818062.593296978,250,230,dummy-412
818159.080680341,250,230,dummy-412
818227.609349669,250,230,dummy-412
818216.576199468,250,230,dummy-639
818065.144886403,250,230,dummy-723
818151.822728568,250,230,dummy-723
818164.508033024,250,230,dummy-105
818172.448560413,250,230,dummy-105
818188.943063971,250,230,dummy-105
818244.989752236,250,230,dummy-105
818101.837375134,250,230,dummy-389
818127.889606439,250,230,dummy-389
818152.292125101,250,230,dummy-389
818207.526716765,250,230,dummy-389
818242.309842045,250,230,dummy-389
818272.299934409,250,230,dummy-389
818122.615907203,250,230,dummy-202
818155.513036949,250,230,dummy-202
818185.497171849,250,230,dummy-202
818193.77025188,250,230,dummy-202
818219.63803108,250,230,dummy-202
818241.370409015,250,230,dummy-202
818262.043558091,250,230,dummy-202
817975.858243307,250,230,dummy-715
818177.42594734,250,230,dummy-715
818216.786485418,250,230,dummy-715
817993.053380714,250,230,dummy-479
818261.075090275,250,230,dummy-479
818262.659998233,250,230,dummy-479
817994.945876988,250,230,dummy-424
818046.544322477,250,230,dummy-424
818132.108812056,250,230,dummy-424
818134.569880206,250,230,dummy-424
818142.707727823,250,230,dummy-424
818207.221003275,250,230,dummy-424
818214.884958432,250,230,dummy-424
817980.626884054,250,230,dummy-334
818147.642795453,250,230,dummy-334
818178.838760333,250,230,dummy-334
817995.579291212,250,230,dummy-5
818134.433154757,250,230,dummy-5
818176.549088101,250,230,dummy-5
818273.270575047,250,230,dummy-5
818144.854874366,250,230,dummy-721
818011.81369099,250,230,dummy-718
818018.990672201,250,230,dummy-718
818106.689992707,250,230,dummy-718
818156.882565021,250,230,dummy-718
817976.31738901,250,230,dummy-752
818197.636713397,250,230,dummy-752
818200.830712509,250,230,dummy-752
818226.271478965,250,230,dummy-752
817989.21953617,250,230,dummy-310
818045.779003583,250,230,dummy-310
818243.373927027,250,230,dummy-310
818092.917791055,250,230,dummy-781
818151.37533529,250,230,dummy-781
818155.34932097,250,230,dummy-264
818001.267089069,250,230,dummy-266
818071.278580605,250,230,dummy-266
818087.280566273,250,230,dummy-266
818112.628066727,250,230,dummy-266
818201.026709499,250,230,dummy-266
818222.967489367,250,230,dummy-266
818266.635476342,250,230,dummy-266
818255.714985815,250,230,dummy-645
818138.724811795,250,230,dummy-416
818195.989808629,250,230,dummy-416
818154.695213722,250,230,dummy-90
818029.749858197,250,230,dummy-539
818127.251262123,250,230,dummy-539
818195.726083754,250,230,dummy-539
818238.511768274,250,230,dummy-539
818251.943152183,250,230,dummy-539
818014.596373424,250,230,dummy-198
818124.870297589,250,230,dummy-198
818177.354869105,250,230,dummy-198
818186.485181095,250,230,dummy-198
818189.586678587,250,230,dummy-198
817977.629464096,250,230,dummy-113
818161.010185293,250,230,dummy-113
818102.534366007,250,230,dummy-140
818145.37805133,250,230,dummy-140
818146.640393125,250,230,dummy-140
818130.208729684,250,230,dummy-677
818181.366887401,250,230,dummy-677
818265.004245117,250,230,dummy-677
818074.652352113,250,230,dummy-111
818147.992886804,250,230,dummy-111
818206.561005133,250,230,dummy-111
818256.216827807,250,230,dummy-111
818077.53364608,250,230,dummy-459
818154.319334148,250,230,dummy-459
818182.937339109,250,230,dummy-459
818197.838347023,250,230,dummy-459
818022.938266157,250,230,dummy-545
818025.39189228,250,230,dummy-545
818035.470345761,250,230,dummy-545
818056.146187116,250,230,dummy-545
818085.854795851,250,230,dummy-545
818108.925510838,250,230,dummy-545
818132.688361905,250,230,dummy-545
818167.448787029,250,230,dummy-545
818224.583284883,250,230,dummy-545
818230.890718882,250,230,dummy-545
818063.183504771,250,230,dummy-153
818078.204571643,250,230,dummy-153
818147.340544736,250,230,dummy-153
818248.840358159,250,230,dummy-153
818034.35453505,250,230,dummy-676
818206.334404976,250,230,dummy-661
818136.764426447,250,230,dummy-777
818207.917115708,250,230,dummy-777
818000.442274517,250,230,dummy-760
818189.79732532,250,230,dummy-760
818232.54727318,250,230,dummy-760
818261.165741276,250,230,dummy-760
818116.856993333,250,230,dummy-285
818198.165714673,250,230,dummy-285
818220.960083922,250,230,dummy-285
818080.789853742,250,230,dummy-398
818081.288714764,250,230,dummy-398
818163.982269698,250,230,dummy-398
818196.755538231,250,230,dummy-398
818238.764677317,250,230,dummy-398
817999.306144087,250,230,dummy-318
818204.090988431,250,230,dummy-177
818154.459789057,250,230,dummy-368
818261.712786157,250,230,dummy-368
818089.567518568,250,230,dummy-295
818220.401380202,250,230,dummy-295
818083.307235236,250,230,dummy-396
818089.597548877,250,230,dummy-396
818206.911056399,250,230,dummy-396
818232.712341962,250,230,dummy-396
818253.147977656,250,230,dummy-396
817975.118928027,250,230,dummy-19
817984.191795023,250,230,dummy-19
818085.638333537,250,230,dummy-19
818144.884593081,250,230,dummy-19
818204.664542554,250,230,dummy-19
817996.813791823,250,230,dummy-403
818037.403402575,250,230,dummy-403
818055.053918434,250,230,dummy-403
817999.849118167,250,230,dummy-147
818017.981281694,250,230,dummy-147
818137.224822741,250,230,dummy-147
818003.770140186,250,230,dummy-651
818252.874685549,250,230,dummy-651
817975.491445623,250,230,dummy-47
818082.424533563,250,230,dummy-47
818203.878222063,250,230,dummy-47
818144.218624388,250,230,dummy-344
818154.004888432,250,230,dummy-344
818216.310022791,250,230,dummy-344
818252.474008514,250,230,dummy-344
818249.942744203,250,230,dummy-141
818251.477235152,250,230,dummy-141
818264.681436491,250,230,dummy-141
817983.698638369,250,230,dummy-552
818012.027068327,250,230,dummy-552
818025.145466395,250,230,dummy-552
818078.567867753,250,230,dummy-552
818089.687865973,250,230,dummy-552
818049.783529431,250,230,dummy-531
818178.470929451,250,230,dummy-531
818195.729400505,250,230,dummy-531
818231.463880225,250,230,dummy-531
818020.286083013,250,230,dummy-429
818049.197612802,250,230,dummy-429
818065.594518024,250,230,dummy-429
818176.090620507,250,230,dummy-429
818190.515676948,250,230,dummy-429
818195.350282321,250,230,dummy-429
818181.047378998,250,230,dummy-586
818121.911062636,250,230,dummy-811
818271.251578737,250,230,dummy-811
818142.974541059,250,230,dummy-386
818159.953069834,250,230,dummy-386
818040.529612475,250,230,dummy-701
818141.673500102,250,230,dummy-701
818197.236279136,250,230,dummy-701
818220.558875575,250,230,dummy-701
817980.581191609,250,230,dummy-308
817985.479641277,250,230,dummy-308
818139.196812706,250,230,dummy-308
818234.090617287,250,230,dummy-308
817992.601974677,250,230,dummy-521
818046.535704857,250,230,dummy-521
818064.278588226,250,230,dummy-521
817994.051378781,250,230,dummy-164
818072.882709284,250,230,dummy-164
818121.380223104,250,230,dummy-164
818177.654465692,250,230,dummy-164
818084.955667411,250,230,dummy-404
818100.170667324,250,230,dummy-404
818162.010679419,250,230,dummy-404
818233.916597704,250,230,dummy-404
818135.427740449,250,230,dummy-807
818205.71846813,250,230,dummy-807
818213.533646963,250,230,dummy-807
818030.547260489,250,230,dummy-357
818221.337962235,250,230,dummy-357
818022.202999401,250,230,dummy-671
818048.26082642,250,230,dummy-671
818036.834884184,250,230,dummy-625
818164.825276085,250,230,dummy-625
818183.316814034,250,230,dummy-625
818213.93913304,250,230,dummy-625
818257.100473472,250,230,dummy-625
817988.256257663,250,230,dummy-583
818131.909545895,250,230,dummy-583
818136.323069958,250,230,dummy-583
818159.757111163,250,230,dummy-583
818205.380138385,250,230,dummy-583
818217.568662798,250,230,dummy-583
818252.164604986,250,230,dummy-583
818266.32567225,250,230,dummy-583
817991.71054204,250,230,dummy-529
818013.229296977,250,230,dummy-529
818056.469152907,250,230,dummy-529
818099.491915331,250,230,dummy-529
818117.684561136,250,230,dummy-529
818178.844976591,250,230,dummy-529
818181.864716852,250,230,dummy-529
818204.645331365,250,230,dummy-529
818047.715334316,250,230,dummy-257
818218.389138488,250,230,dummy-257
818021.166294803,250,230,dummy-122
818137.563865027,250,230,dummy-122
818151.607223188,250,230,dummy-122
818152.763944284,250,230,dummy-122
818200.229676182,250,230,dummy-122
817981.485065069,250,230,dummy-480
817986.170799076,250,230,dummy-480
818017.300384931,250,230,dummy-480
818134.582199442,250,230,dummy-480
818220.170255077,250,230,dummy-480
818251.337394793,250,230,dummy-480
818271.367186659,250,230,dummy-480
818054.445422596,250,230,dummy-305
818087.577755483,250,230,dummy-305
818090.44661433,250,230,dummy-305
818193.00168229,250,230,dummy-305
818266.537783302,250,230,dummy-305
818081.591940994,250,230,dummy-472
818151.353182948,250,230,dummy-472
818199.897691322,250,230,dummy-472
818219.199273806,250,230,dummy-472
818233.708285046,250,230,dummy-472
818081.487094505,250,230,dummy-277
818135.964665236,250,230,dummy-277
818014.704090832,250,230,dummy-209
818143.779851844,250,230,dummy-209
818202.222181269,250,230,dummy-209
818270.231522839,250,230,dummy-209
817983.852584779,250,230,dummy-390
817995.955143925,250,230,dummy-390
818093.605486505,250,230,dummy-390
818108.013011545,250,230,dummy-390
818182.077350187,250,230,dummy-390
818183.940322883,250,230,dummy-390
818212.607384783,250,230,dummy-390
818141.770122418,250,230,dummy-343
818171.853589528,250,230,dummy-343
818197.964180722,250,230,dummy-343
818014.363836618,250,230,dummy-59
818017.276108495,250,230,dummy-59
818189.859035542,250,230,dummy-59
818269.316879633,250,230,dummy-59
818017.941091159,250,230,dummy-254
818155.975918046,250,230,dummy-254
818221.229456662,250,230,dummy-254
818251.653055203,250,230,dummy-254
817996.382134515,250,230,dummy-780
818009.576065726,250,230,dummy-780
818144.666195537,250,230,dummy-780
818004.838923898,250,230,dummy-658
818006.300836714,250,230,dummy-658
818030.798628812,250,230,dummy-658
818129.568163812,250,230,dummy-658
818140.084787204,250,230,dummy-658
818253.6510757,250,230,dummy-658
818055.058726108,250,230,dummy-716
818067.503935105,250,230,dummy-716
818069.806519895,250,230,dummy-716
818100.128014409,250,230,dummy-716
818150.003133607,250,230,dummy-716
818206.752798421,250,230,dummy-716
818218.452452804,250,230,dummy-716
818249.395969396,250,230,dummy-716
818257.303901095,250,230,dummy-716
818005.660701122,250,230,dummy-681
818058.945789318,250,230,dummy-681
818198.722503254,250,230,dummy-681
818178.303481431,250,230,dummy-611
818203.988707278,250,230,dummy-611
818210.718036372,250,230,dummy-611
818213.613500127,250,230,dummy-611
818120.063395305,250,230,dummy-455
818176.081823171,250,230,dummy-455
818204.818450626,250,230,dummy-455
817998.440411466,250,230,dummy-666
818112.272939613,250,230,dummy-666
818123.516990735,250,230,dummy-666
818130.575147725,250,230,dummy-666
818147.060464033,250,230,dummy-666
818161.382257284,250,230,dummy-666
818232.792625418,250,230,dummy-666
818263.816200008,250,230,dummy-666
817989.84944701,250,230,dummy-563
818080.293006903,250,230,dummy-563
818094.266895059,250,230,dummy-563
818202.013908749,250,230,dummy-563
818141.184842358,250,230,dummy-63
817975.483124439,250,230,dummy-115
818151.385404052,250,230,dummy-115
818198.964393864,250,230,dummy-115
817998.049990986,250,230,dummy-172
818110.538629222,250,230,dummy-172
818150.29463147,250,230,dummy-313
818044.116723539,250,230,dummy-309
818074.691947679,250,230,dummy-309
818095.08457627,250,230,dummy-309
818165.085415323,250,230,dummy-309
818192.150338445,250,230,dummy-309
818204.965959981,250,230,dummy-309
818227.299022366,250,230,dummy-309
818050.883081096,250,230,dummy-694
818072.869140897,250,230,dummy-694
818125.297702306,250,230,dummy-694
818071.95188823,250,230,dummy-783
818087.793982023,250,230,dummy-393
818120.855905983,250,230,dummy-393
818187.37544551,250,230,dummy-393
818212.299147001,250,230,dummy-393
818214.843195537,250,230,dummy-393
818231.227082121,250,230,dummy-393
817983.86215791,250,230,dummy-728
818004.498528473,250,230,dummy-728
818084.904656035,250,230,dummy-728
818269.441137607,250,230,dummy-728
817985.164311484,250,230,dummy-798
818012.659645796,250,230,dummy-798
818077.488053133,250,230,dummy-798
818175.054259493,250,230,dummy-798
818219.724037119,250,230,dummy-798
818261.016808311,250,230,dummy-798
818121.870452237,250,230,dummy-41
818131.445147908,250,230,dummy-41
818198.669414549,250,230,dummy-41
817987.1824333,250,230,dummy-731
817978.641866999,250,230,dummy-69
818175.822960334,250,230,dummy-69
818070.077197175,250,230,dummy-335
818021.95457294,250,230,dummy-441
818085.526451579,250,230,dummy-441
818219.027837202,250,230,dummy-441
818271.925197739,250,230,dummy-441
818111.386336379,250,230,dummy-713
818181.680671729,250,230,dummy-713
818233.077707012,250,230,dummy-713
817990.046340172,250,230,dummy-654
818041.722759667,250,230,dummy-654
818112.328560741,250,230,dummy-654
818122.878795682,250,230,dummy-654
817976.21399827,250,230,dummy-369
818029.071418555,250,230,dummy-369
818247.939038661,250,230,dummy-369
818016.702440501,250,230,dummy-130
818025.152232651,250,230,dummy-130
818037.527726764,250,230,dummy-331
818079.033635898,250,230,dummy-331
818126.658973615,250,230,dummy-331
818246.468037772,250,230,dummy-331
817987.931181953,250,230,dummy-621
818053.459945291,250,230,dummy-621
818098.607361231,250,230,dummy-621
818000.450826085,250,230,dummy-821
818136.035906844,250,230,dummy-821
818180.526457499,250,230,dummy-821
818019.02807333,250,230,dummy-119
818060.012353765,250,230,dummy-119
818060.74092439,250,230,dummy-119
818095.583602627,250,230,dummy-119
818158.691974362,250,230,dummy-119
818226.219394029,250,230,dummy-119
818067.561233746,250,230,dummy-280
818133.103680719,250,230,dummy-280
818138.169114037,250,230,dummy-280
818163.480125729,250,230,dummy-280
818170.063677425,250,230,dummy-280
818177.891919895,250,230,dummy-280
817973.974262694,250,230,dummy-761
818055.145326951,250,230,dummy-761
818239.075077747,250,230,dummy-761
818044.490018992,250,230,dummy-401
818047.829329843,250,230,dummy-401
818057.353719242,250,230,dummy-401
818067.178780233,250,230,dummy-401
818098.724269289,250,230,dummy-401
818181.443832003,250,230,dummy-401
818190.426146717,250,230,dummy-401
818142.408015674,250,230,dummy-237
817979.594006658,250,230,dummy-737
818034.755297812,250,230,dummy-737
818072.281013887,250,230,dummy-737
818083.712639497,250,230,dummy-737
818093.387098948,250,230,dummy-737
818180.921453164,250,230,dummy-737
818218.234360757,250,230,dummy-737
817985.755924784,250,230,dummy-543
818063.774862452,250,230,dummy-543
818094.716843315,250,230,dummy-543
818115.688919101,250,230,dummy-543
818141.93446908,250,230,dummy-543
818191.47307165,250,230,dummy-543
818267.168713044,250,230,dummy-543
817982.468354113,250,230,dummy-194
818167.612003561,250,230,dummy-194
818187.709300271,250,230,dummy-194
818235.903365954,250,230,dummy-194
818268.105878875,250,230,dummy-194
818271.991506003,250,230,dummy-194
818012.545934158,250,230,dummy-558
818048.731275203,250,230,dummy-558
818048.761387521,250,230,dummy-558
818074.348780448,250,230,dummy-558
818086.960968822,250,230,dummy-558
818111.932062243,250,230,dummy-558
818143.965827451,250,230,dummy-558
818200.49555521,250,230,dummy-558
818268.095220743,250,230,dummy-558
818059.304888821,250,230,dummy-128
818066.014658309,250,230,dummy-128
818210.913624003,250,230,dummy-128
818236.924852344,250,230,dummy-128
818273.64594979,250,230,dummy-128
818112.124346715,250,230,dummy-550
818166.272968812,250,230,dummy-550
818179.332507071,250,230,dummy-550
817990.34202972,250,230,dummy-803
818010.674316943,250,230,dummy-803
818233.455764123,250,230,dummy-803
818016.733116365,250,230,dummy-617
818178.19472198,250,230,dummy-617
818183.966972366,250,230,dummy-617
818037.655546371,250,230,dummy-784
818080.286088319,250,230,dummy-784
818069.714260356,250,230,dummy-436
818218.514242476,250,230,dummy-436
817987.707843077,250,230,dummy-425
818048.950598349,250,230,dummy-425
818130.320641216,250,230,dummy-425
818263.763089897,250,230,dummy-425
817995.126662257,250,230,dummy-530
818048.021007891,250,230,dummy-530
818127.44532173,250,230,dummy-530
818148.585370574,250,230,dummy-530
818248.988286339,250,230,dummy-530
818066.908934533,250,230,dummy-399
818068.179186642,250,230,dummy-399
818006.375129552,250,230,dummy-525
818018.028429236,250,230,dummy-525
818021.055879557,250,230,dummy-525
818027.574919179,250,230,dummy-525
818051.132307433,250,230,dummy-525
818099.870245058,250,230,dummy-525
818161.913876086,250,230,dummy-525
818175.304399466,250,230,dummy-525
818176.737710685,250,230,dummy-525
818197.489573342,250,230,dummy-525
818073.037127171,250,230,dummy-104
818107.188126419,250,230,dummy-104
818109.481837923,250,230,dummy-104
818187.707825039,250,230,dummy-104
818011.878882793,250,230,dummy-64
818037.951288799,250,230,dummy-64
818162.75366377,250,230,dummy-64
818177.323339703,250,230,dummy-64
817982.293795376,250,230,dummy-45
818067.97065604,250,230,dummy-45
818146.005036007,250,230,dummy-45
818201.565613064,250,230,dummy-45
818030.258027474,250,230,dummy-341
818039.042524523,250,230,dummy-341
818083.785466692,250,230,dummy-341
818186.203365295,250,230,dummy-341
818163.490601233,250,230,dummy-276
818054.722775362,250,230,dummy-186
818171.420659845,250,230,dummy-186
818017.954288551,250,230,dummy-513
818114.413969309,250,230,dummy-513
818262.836523035,250,230,dummy-513
818016.648596516,250,230,dummy-815
818029.87414098,250,230,dummy-815
818056.699919977,250,230,dummy-815
818084.572357654,250,230,dummy-815
818118.084691362,250,230,dummy-815
818221.170439788,250,230,dummy-815
818248.9516857,250,230,dummy-815
818272.766859602,250,230,dummy-815
818072.985125273,250,230,dummy-181
818091.803622292,250,230,dummy-181
818152.604279761,250,230,dummy-181
818271.867926847,250,230,dummy-181
818042.529490023,250,230,dummy-746
818053.441965022,250,230,dummy-746
818057.063453,250,230,dummy-746
818080.643095994,250,230,dummy-746
818185.275575642,250,230,dummy-746
818013.64330449,250,230,dummy-622
818127.213178845,250,230,dummy-622
818179.309520409,250,230,dummy-622
818259.477943752,250,230,dummy-622
818044.562578185,250,230,dummy-145
818123.739238975,250,230,dummy-145
818202.294800229,250,230,dummy-145
818220.384317571,250,230,dummy-145
818014.702565404,250,230,dummy-241
818043.311463822,250,230,dummy-241
818106.637923291,250,230,dummy-241
818163.041007417,250,230,dummy-241
818178.694805124,250,230,dummy-241
818210.925509514,250,230,dummy-241
818226.055101548,250,230,dummy-241
818069.381293639,250,230,dummy-72
818134.275851174,250,230,dummy-72
818162.383809368,250,230,dummy-72
818215.016262166,250,230,dummy-72
818055.318010416,250,230,dummy-602
818065.224729845,250,230,dummy-602
818070.091933388,250,230,dummy-602
818085.509388233,250,230,dummy-602
818141.246193503,250,230,dummy-602
818135.356798131,250,230,dummy-592
818200.957654851,250,230,dummy-592
818050.005916336,250,230,dummy-719
817982.02963015,250,230,dummy-628
818048.900135791,250,230,dummy-628
818098.50735208,250,230,dummy-628
818130.815269514,250,230,dummy-628
818176.609112414,250,230,dummy-628
818018.086911837,250,230,dummy-422
818051.583773305,250,230,dummy-422
818096.388370203,250,230,dummy-422
818112.676048773,250,230,dummy-422
818118.69542379,250,230,dummy-422
818150.333724802,250,230,dummy-422
818015.449417441,250,230,dummy-663
818027.492210153,250,230,dummy-663
818055.88434867,250,230,dummy-663
818207.488965814,250,230,dummy-663
818208.956661127,250,230,dummy-663
818128.78528777,250,230,dummy-623
817982.097981612,250,230,dummy-190
818095.393898969,250,230,dummy-190
818139.901153879,250,230,dummy-190
818226.71930639,250,230,dummy-190
818006.320922514,250,230,dummy-588
818237.812451893,250,230,dummy-588
818035.388935567,250,230,dummy-78
818052.605487156,250,230,dummy-78
818170.555917383,250,230,dummy-78
818015.689128727,250,230,dummy-247
818250.396734452,250,230,dummy-247
818209.417563956,250,230,dummy-73
818228.267482047,250,230,dummy-73
818257.080606693,250,230,dummy-73
818017.970599736,250,230,dummy-361
818189.671097776,250,230,dummy-361
818220.951666687,250,230,dummy-361
818228.971435898,250,230,dummy-361
817981.750013255,250,230,dummy-32
817979.672545672,250,230,dummy-13
818140.939143954,250,230,dummy-13
818246.612959541,250,230,dummy-13
817980.829283325,250,230,dummy-724
817991.067172159,250,230,dummy-724
818039.875636185,250,230,dummy-724
818093.89641724,250,230,dummy-724
818166.322286706,250,230,dummy-724
818238.401614909,250,230,dummy-724
818185.797073001,250,230,dummy-569
818273.168848912,250,230,dummy-569
818039.06180605,250,230,dummy-735
818244.343845775,250,230,dummy-735
818009.559850451,250,230,dummy-84
818073.236870177,250,230,dummy-84
818233.560996542,250,230,dummy-84
818262.231466452,250,230,dummy-84
818249.137249602,250,230,dummy-312
817975.93984857,250,230,dummy-103
818075.096082018,250,230,dummy-103
818082.075365092,250,230,dummy-103
818092.773516285,250,230,dummy-103
818223.48232533,250,230,dummy-103
818134.880585306,250,230,dummy-675
818226.83799417,250,230,dummy-675
818251.162945828,250,230,dummy-675
818187.545802149,250,230,dummy-85
818213.904935444,250,230,dummy-85
818096.175694762,250,230,dummy-804
818138.990634317,250,230,dummy-804
818048.437986241,250,230,dummy-700
818168.858823497,250,230,dummy-700
818204.252645605,250,230,dummy-700
818064.861994237,250,230,dummy-83
818084.665834346,250,230,dummy-83
818122.341773683,250,230,dummy-83
818148.069777069,250,230,dummy-83
818022.226203211,250,230,dummy-35
818148.3399385,250,230,dummy-35
818161.801248818,250,230,dummy-35
818167.883530401,250,230,dummy-35
817979.74324854,250,230,dummy-394
818058.795613444,250,230,dummy-394
818113.227134624,250,230,dummy-394
818152.453511825,250,230,dummy-394
817975.22348644,250,230,dummy-515
818146.382764367,250,230,dummy-515
818190.11509614,250,230,dummy-515
818123.735184834,250,230,dummy-499
818138.20754514,250,230,dummy-499
818179.463130625,250,230,dummy-499
818010.182582316,250,230,dummy-406
818066.028469431,250,230,dummy-406
818092.093872144,250,230,dummy-406
818129.765254195,250,230,dummy-406
818142.0065675,250,230,dummy-406
818178.622545382,250,230,dummy-406
818210.762134027,250,230,dummy-406
818254.377200023,250,230,dummy-406
818022.643342158,250,230,dummy-271
818029.644964579,250,230,dummy-271
818040.941829966,250,230,dummy-271
818070.735355353,250,230,dummy-271
818080.246122443,250,230,dummy-271
818156.558269675,250,230,dummy-271
818213.345592872,250,230,dummy-271
818226.887436507,250,230,dummy-271
818234.989728335,250,230,dummy-271
818258.943847193,250,230,dummy-271
818019.656351097,250,230,dummy-149
818258.171448123,250,230,dummy-149
818115.116972132,250,230,dummy-267
818211.719115485,250,230,dummy-824
818235.908502527,250,230,dummy-824
818257.017960187,250,230,dummy-824
818260.516691431,250,230,dummy-824
818218.114396531,250,230,dummy-584
818151.739681574,250,230,dummy-793
818227.37403877,250,230,dummy-793
817999.220929994,250,230,dummy-27
818140.111074981,250,230,dummy-27
818220.483637146,250,230,dummy-27
818257.111245472,250,230,dummy-27
818270.655969479,250,230,dummy-109
818001.723754237,250,230,dummy-26
818083.099761672,250,230,dummy-26
817995.055942057,250,230,dummy-253
817996.14423074,250,230,dummy-253
818000.339254713,250,230,dummy-253
818003.203918136,250,230,dummy-253
818024.173177413,250,230,dummy-253
818032.278075002,250,230,dummy-599
818061.40827351,250,230,dummy-599
818080.015040116,250,230,dummy-599
818081.222409154,250,230,dummy-599
818061.556139054,250,230,dummy-806
818185.827013017,250,230,dummy-806
818218.774971875,250,230,dummy-806
818266.785145565,250,230,dummy-806
818051.73978969,250,230,dummy-272
818094.897212685,250,230,dummy-272
817975.374801329,250,230,dummy-395
818017.549008361,250,230,dummy-395
818021.968929123,250,230,dummy-395
818084.677022839,250,230,dummy-395
818120.269215051,250,230,dummy-395
818197.854005691,250,230,dummy-395
818215.702280023,250,230,dummy-395
818045.626025846,250,230,dummy-758
818156.085085408,250,230,dummy-758
818232.275256172,250,230,dummy-758
818248.847718184,250,230,dummy-758
818139.760216641,250,230,dummy-94
818190.802741723,250,230,dummy-94
818264.779207351,250,230,dummy-94
818143.937901348,250,230,dummy-176
818002.443997489,250,230,dummy-794
818042.292655176,250,230,dummy-794
818005.626957426,250,230,dummy-81
818044.963263728,250,230,dummy-81
818228.237370699,250,230,dummy-81
818254.383695617,250,230,dummy-81
818115.569856773,250,230,dummy-561
818022.585543404,250,230,dummy-612
818035.343884605,250,230,dummy-612
818037.816553777,250,230,dummy-612
818136.864118456,250,230,dummy-612
818139.005448848,250,230,dummy-612
818177.253502761,250,230,dummy-612
818204.678725612,250,230,dummy-612
818271.472715,250,230,dummy-612
818119.443284884,250,230,dummy-613
818130.108118299,250,230,dummy-613
818154.644843682,250,230,dummy-613
818178.662698484,250,230,dummy-613
818027.369096938,250,230,dummy-16
818035.96384985,250,230,dummy-16
818181.080926665,250,230,dummy-16
818213.350160528,250,230,dummy-16
818265.143844745,250,230,dummy-16
818062.533751296,250,230,dummy-265
818061.770617063,250,230,dummy-320
818076.249693981,250,230,dummy-320
818174.972876843,250,230,dummy-320
818271.685634475,250,230,dummy-320
818033.314638815,250,230,dummy-695
818115.672372255,250,230,dummy-695
818131.187210674,250,230,dummy-695
818085.010534383,250,230,dummy-696
818251.49412565,250,230,dummy-696
818048.318690695,250,230,dummy-801
818135.299076384,250,230,dummy-801
818236.873689116,250,230,dummy-801
818076.102893517,250,230,dummy-1
818150.855632682,250,230,dummy-1
818182.968506512,250,230,dummy-1
818183.479265092,250,230,dummy-509
818230.509777091,250,230,dummy-509
818267.668099249,250,230,dummy-509
818053.497345091,250,230,dummy-231
818142.8312496,250,230,dummy-231
818147.314618903,250,230,dummy-231
818014.896201465,250,230,dummy-173
818078.57248822,250,230,dummy-173
818083.421490974,250,230,dummy-173
818083.806234889,250,230,dummy-173
818179.624409601,250,230,dummy-173
818190.179105782,250,230,dummy-173
817999.87659732,250,230,dummy-211
818046.458691627,250,230,dummy-211
817993.883393496,250,230,dummy-191
818006.119091723,250,230,dummy-191
818044.859231482,250,230,dummy-233
818200.212575786,250,230,dummy-233
818050.336272898,250,230,dummy-616
818055.850003661,250,230,dummy-616
818173.38060792,250,230,dummy-616
818057.209150246,250,230,dummy-830
818189.250994384,250,230,dummy-830
818196.138891885,250,230,dummy-830
818226.592173722,250,230,dummy-830
818233.863599971,250,230,dummy-830
818261.7447813,250,230,dummy-830
817982.007186687,250,230,dummy-193
818141.304658968,250,230,dummy-193
818201.980557977,250,230,dummy-193
818227.574826184,250,230,dummy-193
818022.484614174,250,230,dummy-234
818091.930716809,250,230,dummy-234
818101.700325635,250,230,dummy-234
818131.554442631,250,230,dummy-234
817985.638911672,250,230,dummy-580
818005.527574398,250,230,dummy-580
818033.965197944,250,230,dummy-580
818175.946750308,250,230,dummy-580
818201.11177107,250,230,dummy-580
818235.149995407,250,230,dummy-580
818035.452073073,250,230,dummy-110
818038.915608665,250,230,dummy-110
818051.951792317,250,230,dummy-110
818147.03830951,250,230,dummy-110
818203.721831412,250,230,dummy-110
818056.910395638,250,230,dummy-593
818206.097249332,250,230,dummy-593
818077.210534607,250,230,dummy-40
818134.664389656,250,230,dummy-40
818137.069055016,250,230,dummy-40
818138.444322221,250,230,dummy-40
818203.950543076,250,230,dummy-40
818214.584890791,250,230,dummy-40
818050.621424515,250,230,dummy-8
818068.226109552,250,230,dummy-8
818143.093876646,250,230,dummy-8
818007.515848077,250,230,dummy-748
818091.395524794,250,230,dummy-748
818002.879340303,250,230,dummy-160
818028.788431077,250,230,dummy-160
818083.193032788,250,230,dummy-160
818112.296787625,250,230,dummy-160
818138.2222431,250,230,dummy-160
818203.632934006,250,230,dummy-160
818161.321074813,250,230,dummy-434
818254.065407413,250,230,dummy-434
817995.965315593,250,230,dummy-726
818039.356740628,250,230,dummy-726
818206.001822969,250,230,dummy-726
818062.705882006,250,230,dummy-447
818210.225965023,250,230,dummy-447
818221.101147588,250,230,dummy-447
818260.590786571,250,230,dummy-447
818261.008910763,250,230,dummy-447
818263.66774833,250,230,dummy-447
818068.193410986,250,230,dummy-175
817977.056725919,250,230,dummy-787
817989.851981291,250,230,dummy-787
818061.744898168,250,230,dummy-787
818236.26821147,250,230,dummy-787
818252.741592545,250,230,dummy-787
818223.896690828,250,230,dummy-589
818023.13371902,250,230,dummy-590
818078.970365112,250,230,dummy-590
818227.051204232,250,230,dummy-590
818234.67824785,250,230,dummy-590
817990.435569094,250,230,dummy-126
818236.203389729,250,230,dummy-126
817992.701437666,250,230,dummy-364
818028.672911069,250,230,dummy-771
818056.766533251,250,230,dummy-771
818091.71192989,250,230,dummy-771
818202.32917275,250,230,dummy-771
818234.912691915,250,230,dummy-771
818022.948557373,250,230,dummy-814
818188.23575458,250,230,dummy-814
818190.257256329,250,230,dummy-814
818204.787090318,250,230,dummy-814
818233.46879079,250,230,dummy-814
818250.075063292,250,230,dummy-814
817983.213994563,250,230,dummy-690
817986.724612971,250,230,dummy-690
818002.260752311,250,230,dummy-690
818127.787223197,250,230,dummy-690
818162.673108457,250,230,dummy-690
818213.720109251,250,230,dummy-690
818214.464409758,250,230,dummy-690
818018.087597628,250,230,dummy-659
818156.829763806,250,230,dummy-659
817988.675024919,250,230,dummy-767
817989.655313211,250,230,dummy-767
818212.639011825,250,230,dummy-767
817995.902466211,250,230,dummy-489
818061.227593189,250,230,dummy-489
817991.674451213,250,230,dummy-710
818103.622557228,250,230,dummy-710
818164.631226599,250,230,dummy-465
818095.533616182,250,230,dummy-127
818170.963575055,250,230,dummy-127
818200.151493018,250,230,dummy-127
818156.533551062,250,230,dummy-747
818199.479844677,250,230,dummy-747
818225.189692515,250,230,dummy-747
818124.652014427,250,230,dummy-258
818124.725274443,250,230,dummy-258
818130.515363539,250,230,dummy-258
818157.672193769,250,230,dummy-258
818184.887521882,250,230,dummy-258
818234.573707568,250,230,dummy-352
818042.185294416,250,230,dummy-326
818193.335728527,250,230,dummy-326
818000.532943494,250,230,dummy-296
818064.874903802,250,230,dummy-296
818189.362141615,250,230,dummy-296
818240.943988628,250,230,dummy-296
818233.057441186,250,230,dummy-48
818253.51895736,250,230,dummy-48
817979.752584653,250,230,dummy-67
818020.809457033,250,230,dummy-67
818089.752092129,250,230,dummy-67
818163.446389023,250,230,dummy-67
818179.790068521,250,230,dummy-67
818248.447305548,250,230,dummy-67
817997.339749341,250,230,dummy-698
818192.950402978,250,230,dummy-698
818205.893805252,250,230,dummy-698
818065.454072263,250,230,dummy-366
818144.511381438,250,230,dummy-366
818179.370732307,250,230,dummy-366
818054.270358476,250,230,dummy-36
818056.937245582,250,230,dummy-36
818070.396570899,250,230,dummy-36
818145.66130304,250,230,dummy-36
818168.406202669,250,230,dummy-36
818187.336716371,250,230,dummy-36
817978.808016842,250,230,dummy-554
818006.198522335,250,230,dummy-554
818101.808201023,250,230,dummy-554
818124.640140383,250,230,dummy-554
818169.254626941,250,230,dummy-554
818249.339702799,250,230,dummy-554
818047.992490678,250,230,dummy-492
818104.497457521,250,230,dummy-492
817976.74072577,250,230,dummy-564
818050.087481078,250,230,dummy-564
818178.425385989,250,230,dummy-564
818065.468715851,250,230,dummy-314
818253.764432499,250,230,dummy-314
817992.754444074,250,230,dummy-453
818003.837295446,250,230,dummy-453
818034.286618569,250,230,dummy-453
818122.297247589,250,230,dummy-453
818149.299899938,250,230,dummy-453
818157.046091355,250,230,dummy-453
818226.462715607,250,230,dummy-453
818130.457510685,250,230,dummy-134
818241.471324295,250,230,dummy-134
818098.160567741,250,230,dummy-542
818143.829272153,250,230,dummy-542
818083.256546029,250,230,dummy-240
818017.512963262,250,230,dummy-648
818117.061435235,250,230,dummy-648
818038.57906255,250,230,dummy-468
818103.523157652,250,230,dummy-468
818166.028193146,250,230,dummy-468
818177.557011765,250,230,dummy-468
818225.047753224,250,230,dummy-468
818249.524787281,250,230,dummy-468
818011.982179455,250,230,dummy-342
818051.966052284,250,230,dummy-481
818059.762867617,250,230,dummy-481
818236.903837309,250,230,dummy-481
818254.726836934,250,230,dummy-481
818264.526503225,250,230,dummy-481
818124.57313271,250,230,dummy-560
818148.5947908,250,230,dummy-560
818161.216248077,250,230,dummy-560
818172.939025666,250,230,dummy-560
818004.543313314,250,230,dummy-93
818018.111062158,250,230,dummy-93
818178.986966575,250,230,dummy-93
818248.093658101,250,230,dummy-93
818065.364142158,250,230,dummy-523
818198.637990988,250,230,dummy-523
818203.194318566,250,230,dummy-523
818241.339175054,250,230,dummy-523
818249.791359466,250,230,dummy-523
818267.725719624,250,230,dummy-523
818050.126378775,250,230,dummy-117
818180.881303771,250,230,dummy-117
818226.97968264,250,230,dummy-117
817985.099038317,250,230,dummy-288
818004.737276806,250,230,dummy-288
818013.485833858,250,230,dummy-288
818211.966366463,250,230,dummy-288
818011.372316491,250,230,dummy-417
818046.780903599,250,230,dummy-417
818187.283556038,250,230,dummy-417
818221.874737743,250,230,dummy-417
818222.533453211,250,230,dummy-417
818224.925426385,250,230,dummy-417
818262.261646392,250,230,dummy-417
817999.569978332,250,230,dummy-753
818045.707484273,250,230,dummy-753
818093.922457635,250,230,dummy-753
818230.970691635,250,230,dummy-753
817986.686805004,250,230,dummy-705
818092.874195612,250,230,dummy-705
818134.907276206,250,230,dummy-705
818272.643456923,250,230,dummy-705
817987.752762958,250,230,dummy-76
818016.765700325,250,230,dummy-76
818044.648263463,250,230,dummy-76
818162.149764724,250,230,dummy-76
818215.89695896,250,230,dummy-76
817978.904178152,250,230,dummy-217
818099.737488379,250,230,dummy-217
818130.569898501,250,230,dummy-217
818185.221953786,250,230,dummy-217
818192.047678774,250,230,dummy-217
817981.362636595,250,230,dummy-799
817991.218015543,250,230,dummy-799
817992.912428415,250,230,dummy-799
817998.555037547,250,230,dummy-799
818074.928786427,250,230,dummy-799
818106.603615917,250,230,dummy-799
818190.635844168,250,230,dummy-799
818208.50467894,250,230,dummy-799
817975.407487594,250,230,dummy-20
818012.818110462,250,230,dummy-20
818053.10505435,250,230,dummy-20
818261.429101852,250,230,dummy-20
818105.130491399,250,230,dummy-68
818133.056311336,250,230,dummy-68
818248.485168635,250,230,dummy-68
817975.18495114,250,230,dummy-138
818026.451354818,250,230,dummy-138
818050.497055568,250,230,dummy-138
818063.791537298,250,230,dummy-138
818069.953778837,250,230,dummy-138
818114.949405608,250,230,dummy-138
818126.373946372,250,230,dummy-138
818153.96199573,250,230,dummy-138
818182.978620799,250,230,dummy-138
818002.572693159,250,230,dummy-114
818011.220346977,250,230,dummy-114
818078.054880737,250,230,dummy-114
818108.290853472,250,230,dummy-114
818191.174014162,250,230,dummy-114
818196.995019785,250,230,dummy-114
818260.979114739,250,230,dummy-114
817979.161618419,250,230,dummy-2
818139.924073581,250,230,dummy-2
817995.044060852,250,230,dummy-61
818019.744828502,250,230,dummy-61
818114.503071824,250,230,dummy-61
818209.8471647,250,230,dummy-61
818255.42444697,250,230,dummy-61
