arrival_time,input_tokens,output_tokens,adapter
816685.493193545,250,230,dummy-715
816851.105358403,250,230,dummy-715
816877.783029122,250,230,dummy-715
816904.84789968,250,230,dummy-715
816667.947534459,250,230,dummy-644
816777.340964386,250,230,dummy-644
816937.666215398,250,230,dummy-644
816694.522947401,250,230,dummy-109
816749.292827902,250,230,dummy-270
816783.33989864,250,230,dummy-270
816852.476746021,250,230,dummy-270
816856.962055123,250,230,dummy-270
816677.807940849,250,230,dummy-760
816791.104047047,250,230,dummy-760
816793.348631048,250,230,dummy-760
816844.878490754,250,230,dummy-760
816847.018567875,250,230,dummy-760
816848.393854476,250,230,dummy-760
816899.436059038,250,230,dummy-760
816909.395619495,250,230,dummy-760
816922.944537266,250,230,dummy-760
816689.450117673,250,230,dummy-408
816700.343046844,250,230,dummy-408
816740.19208562,250,230,dummy-408
816753.227193661,250,230,dummy-408
816770.832090306,250,230,dummy-408
816836.374156508,250,230,dummy-408
816872.216876611,250,230,dummy-408
816917.839880425,250,230,dummy-408
816844.30882966,250,230,dummy-376
816867.743475873,250,230,dummy-376
816868.611004082,250,230,dummy-376
816924.76845888,250,230,dummy-376
816950.451277049,250,230,dummy-376
816710.815813027,250,230,dummy-754
816754.055535201,250,230,dummy-754
816820.110962961,250,230,dummy-754
816874.260049455,250,230,dummy-754
816925.306479027,250,230,dummy-754
816683.988708467,250,230,dummy-192
816689.725193546,250,230,dummy-192
816701.961120233,250,230,dummy-192
816842.228886317,250,230,dummy-192
816927.817302113,250,230,dummy-192
816942.254571207,250,230,dummy-192
816766.173655806,250,230,dummy-643
816826.36244838,250,230,dummy-643
816887.522551873,250,230,dummy-643
816905.161906375,250,230,dummy-643
816773.817502177,250,230,dummy-494
816932.15605905,250,230,dummy-494
816853.368810013,250,230,dummy-381
816667.765994799,250,230,dummy-65
816686.871608333,250,230,dummy-65
816738.546920475,250,230,dummy-65
816826.567973071,250,230,dummy-65
816880.190618414,250,230,dummy-65
816954.105528833,250,230,dummy-65
816714.676327337,250,230,dummy-692
816760.40132779,250,230,dummy-692
816762.391147513,250,230,dummy-692
816877.206067172,250,230,dummy-692
816906.460435047,250,230,dummy-692
816912.281406824,250,230,dummy-692
816918.677101473,250,230,dummy-692
816947.359185665,250,230,dummy-692
816740.601548844,250,230,dummy-740
816749.485230217,250,230,dummy-740
816805.990060271,250,230,dummy-740
816838.29830729,250,230,dummy-740
816756.358399653,250,230,dummy-476
816776.389447988,250,230,dummy-476
816919.107324924,250,230,dummy-504
816753.966246212,250,230,dummy-190
816869.19090045,250,230,dummy-190
816906.644036227,250,230,dummy-190
816845.396012572,250,230,dummy-585
816718.557635643,250,230,dummy-391
816701.329611368,250,230,dummy-226
816703.321099084,250,230,dummy-226
816908.91353109,250,230,dummy-226
816751.891907233,250,230,dummy-725
816810.60898771,250,230,dummy-725
816840.462861915,250,230,dummy-725
816863.247737741,250,230,dummy-725
816911.791893059,250,230,dummy-725
816929.640644492,250,230,dummy-725
816697.118552368,250,230,dummy-549
816755.668459089,250,230,dummy-549
816669.351629302,250,230,dummy-187
816803.032443702,250,230,dummy-187
816691.305264716,250,230,dummy-268
816830.159779923,250,230,dummy-268
816882.286768582,250,230,dummy-268
816919.144132594,250,230,dummy-268
816931.333979562,250,230,dummy-268
816722.175918502,250,230,dummy-600
816734.934592159,250,230,dummy-600
816834.767481511,250,230,dummy-600
816693.336617593,250,230,dummy-90
816709.790710887,250,230,dummy-90
816777.176245956,250,230,dummy-90
816811.327953703,250,230,dummy-90
816841.995406136,250,230,dummy-90
816870.103341677,250,230,dummy-90
816833.620597436,250,230,dummy-73
816857.642356464,250,230,dummy-73
816665.603123417,250,230,dummy-487
816688.661559668,250,230,dummy-487
816705.061991852,250,230,dummy-487
816743.291621829,250,230,dummy-487
816836.638415888,250,230,dummy-487
816865.011811224,250,230,dummy-487
816869.807961484,250,230,dummy-487
816721.433544943,250,230,dummy-573
816819.909927915,250,230,dummy-573
816819.318528331,250,230,dummy-25
816838.94551906,250,230,dummy-25
816898.768871812,250,230,dummy-25
816951.881033062,250,230,dummy-25
816764.455196083,250,230,dummy-632
816888.726721387,250,230,dummy-632
816773.199188734,250,230,dummy-252
816939.454772363,250,230,dummy-252
816696.282287108,250,230,dummy-152
816810.114622949,250,230,dummy-152
816812.83353205,250,230,dummy-152
816819.545032002,250,230,dummy-152
816668.534992765,250,230,dummy-224
816798.456571204,250,230,dummy-224
816838.478388258,250,230,dummy-224
816854.962995612,250,230,dummy-224
816890.199597019,250,230,dummy-224
816926.590724776,250,230,dummy-224
816941.327264576,250,230,dummy-224
816769.02143396,250,230,dummy-608
816915.636790584,250,230,dummy-608
816738.987522504,250,230,dummy-485
816756.637752834,250,230,dummy-485
816759.304611069,250,230,dummy-485
816867.968175685,250,230,dummy-485
816794.458581734,250,230,dummy-285
816819.416303989,250,230,dummy-285
816879.852235572,250,230,dummy-285
816941.563511674,250,230,dummy-285
816704.097637178,250,230,dummy-768
816715.751535442,250,230,dummy-768
816888.334837433,250,230,dummy-768
816671.448470149,250,230,dummy-28
816724.306739984,250,230,dummy-28
816670.232459174,250,230,dummy-443
816679.305814745,250,230,dummy-443
816687.712032855,250,230,dummy-443
816741.496019261,250,230,dummy-443
816771.289220702,250,230,dummy-443
816849.324153103,250,230,dummy-443
816870.814090303,250,230,dummy-443
816916.402345694,250,230,dummy-443
816920.345090153,250,230,dummy-443
816765.759925223,250,230,dummy-755
816832.66096489,250,230,dummy-755
816869.132829072,250,230,dummy-755
816954.643244474,250,230,dummy-755
816893.847943615,250,230,dummy-553
816897.233771074,250,230,dummy-553
816689.942115031,250,230,dummy-757
816768.774433597,250,230,dummy-757
816893.261082158,250,230,dummy-757
816704.551050388,250,230,dummy-610
816915.011996504,250,230,dummy-610
816936.95237115,250,230,dummy-610
816944.972211311,250,230,dummy-610
816946.629085096,250,230,dummy-610
816924.201891799,250,230,dummy-672
816943.05270389,250,230,dummy-672
816706.375161812,250,230,dummy-478
816863.84282017,250,230,dummy-478
816665.156588623,250,230,dummy-597
816675.160457802,250,230,dummy-597
816752.815101571,250,230,dummy-597
816883.569735907,250,230,dummy-597
816667.115162117,250,230,dummy-182
816914.029093681,250,230,dummy-182
816665.919562767,250,230,dummy-665
816669.185028384,250,230,dummy-665
816750.355921499,250,230,dummy-665
816870.7769995,250,230,dummy-665
816905.614525209,250,230,dummy-665
816754.225671219,250,230,dummy-761
816799.029001496,250,230,dummy-761
816866.206361693,250,230,dummy-761
816921.918667861,250,230,dummy-172
816695.236813268,250,230,dummy-205
816754.721385887,250,230,dummy-205
816769.296191061,250,230,dummy-205
816855.973391603,250,230,dummy-205
816886.243705233,250,230,dummy-205
816787.896634435,250,230,dummy-410
816898.28005503,250,230,dummy-142
816687.393531826,250,230,dummy-562
816714.517695495,250,230,dummy-562
816875.979585303,250,230,dummy-562
816882.563565355,250,230,dummy-562
816940.391213666,250,230,dummy-562
816743.307552731,250,230,dummy-488
816746.778492444,250,230,dummy-488
816794.993381052,250,230,dummy-488
816912.306294283,250,230,dummy-488
816916.862872656,250,230,dummy-488
816712.234371485,250,230,dummy-325
816775.910790027,250,230,dummy-325
816806.932135324,250,230,dummy-325
816826.530360316,250,230,dummy-325
816929.61690844,250,230,dummy-325
816722.934335127,250,230,dummy-248
816769.9628068,250,230,dummy-248
816835.845769643,250,230,dummy-248
816904.321565522,250,230,dummy-248
816935.601028123,250,230,dummy-248
816957.333093849,250,230,dummy-248
816958.317561873,250,230,dummy-248
816763.515447661,250,230,dummy-586
816860.747258116,250,230,dummy-586
816961.149926686,250,230,dummy-586
816683.917944251,250,230,dummy-689
816788.614153568,250,230,dummy-689
816794.904995518,250,230,dummy-689
816915.714229402,250,230,dummy-689
816941.308869826,250,230,dummy-689
816678.463697899,250,230,dummy-169
816863.606395064,250,230,dummy-169
816911.184617657,250,230,dummy-169
816918.620467285,250,230,dummy-169
816703.38146218,250,230,dummy-386
816756.666647081,250,230,dummy-386
816779.060779853,250,230,dummy-386
816799.453486436,250,230,dummy-386
816839.263258661,250,230,dummy-386
816841.144240265,250,230,dummy-386
816857.12295905,250,230,dummy-386
816863.812679813,250,230,dummy-386
816939.447178839,250,230,dummy-386
816742.358896652,250,230,dummy-41
816893.50904355,250,230,dummy-41
816930.821126018,250,230,dummy-41
816693.700234818,250,230,dummy-375
816752.531825547,250,230,dummy-375
816759.028413799,250,230,dummy-375
816768.852773934,250,230,dummy-375
816781.314782389,250,230,dummy-375
816846.705230542,250,230,dummy-375
816872.015850681,250,230,dummy-375
816719.793561308,250,230,dummy-472
816816.966864323,250,230,dummy-472
816877.636783069,250,230,dummy-472
816793.993367833,250,230,dummy-543
816862.918094434,250,230,dummy-543
816870.699696125,250,230,dummy-543
816888.888737805,250,230,dummy-543
816929.842719117,250,230,dummy-543
816760.082196984,250,230,dummy-580
816791.137029552,250,230,dummy-580
816877.521698336,250,230,dummy-580
816891.55739704,250,230,dummy-580
816960.663298742,250,230,dummy-580
816686.20243589,250,230,dummy-249
816744.078543031,250,230,dummy-249
816779.531486664,250,230,dummy-249
816786.510336316,250,230,dummy-249
816847.27022955,250,230,dummy-249
816711.742097322,250,230,dummy-356
816835.155781014,250,230,dummy-356
816855.767891409,250,230,dummy-356
816716.660700172,250,230,dummy-473
816835.904163665,250,230,dummy-473
816783.37919143,250,230,dummy-14
816875.440246897,250,230,dummy-14
816950.581090809,250,230,dummy-14
816824.217877021,250,230,dummy-159
816663.641561496,250,230,dummy-216
816678.169433809,250,230,dummy-216
816731.251853116,250,230,dummy-216
816828.752363145,250,230,dummy-216
816923.435160001,250,230,dummy-572
816707.51788906,250,230,dummy-430
816722.407121927,250,230,dummy-430
816742.270068399,250,230,dummy-430
816812.875953267,250,230,dummy-430
816875.380315355,250,230,dummy-430
816925.408523551,250,230,dummy-430
816906.903371333,250,230,dummy-223
816734.487512685,250,230,dummy-647
816746.594660598,250,230,dummy-647
816857.054972435,250,230,dummy-647
816688.081249349,250,230,dummy-469
816769.730368418,250,230,dummy-469
816958.026282347,250,230,dummy-469
816703.565665576,250,230,dummy-457
816743.050990552,250,230,dummy-457
816747.981674028,250,230,dummy-457
816832.177764381,250,230,dummy-457
816849.061827339,250,230,dummy-457
816670.224858205,250,230,dummy-688
816685.416678646,250,230,dummy-688
816889.808899264,250,230,dummy-688
816743.92086458,250,230,dummy-351
816749.606127581,250,230,dummy-351
816854.99085848,250,230,dummy-351
816664.391137811,250,230,dummy-616
816670.660328655,250,230,dummy-616
816841.819253169,250,230,dummy-616
816690.439339484,250,230,dummy-354
816774.912973942,250,230,dummy-354
816869.574698931,250,230,dummy-354
816917.094183283,250,230,dummy-354
816688.208947316,250,230,dummy-613
816808.715031819,250,230,dummy-613
816876.69079069,250,230,dummy-613
816886.628320265,250,230,dummy-613
816926.527260895,250,230,dummy-613
816692.452565314,250,230,dummy-413
816749.721040489,250,230,dummy-413
816681.465139409,250,230,dummy-484
816779.320816852,250,230,dummy-484
816810.995612737,250,230,dummy-484
816837.047811219,250,230,dummy-484
816847.564761907,250,230,dummy-484
816921.19596399,250,230,dummy-484
816703.122774983,250,230,dummy-319
816748.873606158,250,230,dummy-319
816764.90857094,250,230,dummy-319
816939.431371302,250,230,dummy-319
816817.647026023,250,230,dummy-340
816823.268659363,250,230,dummy-340
816766.074377283,250,230,dummy-407
816843.878856288,250,230,dummy-407
816873.924792949,250,230,dummy-407
816895.105942591,250,230,dummy-407
816897.149530959,250,230,dummy-407
816668.15270103,250,230,dummy-108
816712.480569977,250,230,dummy-108
816802.426809019,250,230,dummy-108
816830.117249856,250,230,dummy-108
816886.391573201,250,230,dummy-108
816721.140065731,250,230,dummy-347
816727.658761979,250,230,dummy-347
816744.837509618,250,230,dummy-347
816824.014273965,250,230,dummy-347
816835.438774359,250,230,dummy-347
816955.247290508,250,230,dummy-347
816669.128926187,250,230,dummy-538
816773.252677575,250,230,dummy-538
816781.796454208,250,230,dummy-538
816830.79956046,250,230,dummy-538
816891.973350389,250,230,dummy-538
816916.764740452,250,230,dummy-538
816931.095478317,250,230,dummy-538
816827.048076997,250,230,dummy-596
816858.68619808,250,230,dummy-596
816901.022170016,250,230,dummy-596
816726.993141015,250,230,dummy-422
816751.038641271,250,230,dummy-422
816832.408224874,250,230,dummy-422
816937.994459572,250,230,dummy-422
816888.075919831,250,230,dummy-753
816916.812912926,250,230,dummy-753
816758.576383089,250,230,dummy-389
816772.03552559,250,230,dummy-389
816773.108457813,250,230,dummy-389
816711.584572727,250,230,dummy-372
816756.554181355,250,230,dummy-372
816845.887832089,250,230,dummy-372
816668.009582547,250,230,dummy-575
816727.887051281,250,230,dummy-575
816731.948980963,250,230,dummy-575
816784.7977954,250,230,dummy-575
816823.254875506,250,230,dummy-575
816841.207428485,250,230,dummy-575
816956.637160474,250,230,dummy-575
816669.488726055,250,230,dummy-566
816866.568900343,250,230,dummy-566
816895.586043943,250,230,dummy-566
816711.447370762,250,230,dummy-87
816869.65130756,250,230,dummy-87
816844.380430192,250,230,dummy-85
816954.856097689,250,230,dummy-85
816864.565896803,250,230,dummy-364
816919.801281675,250,230,dummy-364
816665.660055026,250,230,dummy-505
816718.499055446,250,230,dummy-505
816783.813360717,250,230,dummy-505
816784.557029521,250,230,dummy-505
816882.423971123,250,230,dummy-298
816962.50952445,250,230,dummy-298
816812.597888625,250,230,dummy-414
816856.352575384,250,230,dummy-414
816863.867007128,250,230,dummy-414
816668.290551059,250,230,dummy-620
816883.815306697,250,230,dummy-620
816674.617278112,250,230,dummy-269
816722.207627295,250,230,dummy-269
816835.149020084,250,230,dummy-269
816882.956526295,250,230,dummy-269
816686.9105585,250,230,dummy-524
816856.214311616,250,230,dummy-524
816862.199404337,250,230,dummy-524
816911.657346206,250,230,dummy-524
816955.86068018,250,230,dummy-524
816672.713161976,250,230,dummy-30
816856.094019646,250,230,dummy-30
816911.655049494,250,230,dummy-30
816950.175142464,250,230,dummy-30
816950.558549462,250,230,dummy-30
816698.998452399,250,230,dummy-551
816961.449741744,250,230,dummy-551
816734.032065295,250,230,dummy-506
816780.829429313,250,230,dummy-506
816790.400337435,250,230,dummy-506
816895.721941866,250,230,dummy-506
816764.963933713,250,230,dummy-23
816779.442783604,250,230,dummy-23
816788.303589276,250,230,dummy-23
816852.663755399,250,230,dummy-23
816926.776841843,250,230,dummy-23
816950.965783897,250,230,dummy-23
816669.514275793,250,230,dummy-210
816673.563731973,250,230,dummy-210
816870.745206334,250,230,dummy-210
816938.272515178,250,230,dummy-210
816953.646649211,250,230,dummy-210
816747.190416383,250,230,dummy-508
816948.424808867,250,230,dummy-508
816819.774084816,250,230,dummy-337
816890.069522428,250,230,dummy-337
816895.840138157,250,230,dummy-337
816962.369407824,250,230,dummy-337
816703.350153224,250,230,dummy-449
816731.787862696,250,230,dummy-449
816876.246781497,250,230,dummy-449
816864.263710812,250,230,dummy-228
816690.46275831,250,230,dummy-453
816844.001644547,250,230,dummy-453
816912.756313545,250,230,dummy-453
816700.502649087,250,230,dummy-533
816720.504835506,250,230,dummy-533
816763.230688306,250,230,dummy-533
816802.028740361,250,230,dummy-533
816713.608003482,250,230,dummy-345
816948.315261867,250,230,dummy-345
816894.797901393,250,230,dummy-178
816939.555569187,250,230,dummy-178
816684.87919623,250,230,dummy-176
816713.892374843,250,230,dummy-176
816752.493684582,250,230,dummy-176
816880.831435903,250,230,dummy-176
816683.362660487,250,230,dummy-303
816761.382516735,250,230,dummy-303
816897.86874501,250,230,dummy-303
816909.888961545,250,230,dummy-303
816668.0249175,250,230,dummy-415
816721.52977899,250,230,dummy-415
816838.139607906,250,230,dummy-415
816889.297851717,250,230,dummy-415
816669.690475664,250,230,dummy-696
816697.417118246,250,230,dummy-696
816702.885990744,250,230,dummy-696
816711.633796551,250,230,dummy-696
816829.253183301,250,230,dummy-696
816895.772643897,250,230,dummy-696
816919.498553075,250,230,dummy-696
816843.557018367,250,230,dummy-136
816916.955514609,250,230,dummy-136
816702.606051298,250,230,dummy-111
816716.173307832,250,230,dummy-111
816756.537936278,250,230,dummy-111
816801.685669447,250,230,dummy-111
816841.943562118,250,230,dummy-111
816877.505131352,250,230,dummy-111
816895.997388932,250,230,dummy-111
816926.619549901,250,230,dummy-111
816828.623341089,250,230,dummy-717
816898.071855324,250,230,dummy-717
816745.702091519,250,230,dummy-471
816816.672345259,250,230,dummy-471
816849.872033737,250,230,dummy-471
816873.987999145,250,230,dummy-471
816926.620947244,250,230,dummy-471
816709.991167499,250,230,dummy-513
816767.40044651,250,230,dummy-513
816773.562392046,250,230,dummy-513
816803.677643322,250,230,dummy-513
816911.427511688,250,230,dummy-513
816726.516873203,250,230,dummy-311
816788.148904969,250,230,dummy-311
816808.750962839,250,230,dummy-311
816829.120120912,250,230,dummy-311
816885.139018032,250,230,dummy-311
816885.544515811,250,230,dummy-311
816902.038469728,250,230,dummy-311
816944.981186704,250,230,dummy-311
816719.408186416,250,230,dummy-251
816743.287954416,250,230,dummy-251
816825.146597454,250,230,dummy-251
816873.6079764,250,230,dummy-251
816884.671667162,250,230,dummy-251
816930.252151598,250,230,dummy-251
816665.075890089,250,230,dummy-227
816687.725050619,250,230,dummy-227
816710.068476932,250,230,dummy-227
816746.253987939,250,230,dummy-227
816883.890785026,250,230,dummy-227
816892.685574744,250,230,dummy-227
816674.183014435,250,230,dummy-197
816834.944558324,250,230,dummy-197
816804.97315619,250,230,dummy-440
816825.963369089,250,230,dummy-440
816907.271314557,250,230,dummy-440
816693.370164617,250,230,dummy-277
816702.594909231,250,230,dummy-277
816813.831363755,250,230,dummy-277
816781.510178154,250,230,dummy-110
816783.644246509,250,230,dummy-110
816852.240453459,250,230,dummy-110
816888.8560602,250,230,dummy-110
816758.104136888,250,230,dummy-38
816787.81254751,250,230,dummy-38
816902.247522457,250,230,dummy-38
816923.604321501,250,230,dummy-38
816695.495323642,250,230,dummy-275
816705.747524825,250,230,dummy-275
816735.26257999,250,230,dummy-275
816823.272791831,250,230,dummy-275
816918.616636238,250,230,dummy-275
816759.905169851,250,230,dummy-527
816812.459575821,250,230,dummy-527
816960.547584481,250,230,dummy-527
816776.655150438,250,230,dummy-650
816788.087167334,250,230,dummy-650
816816.361855805,250,230,dummy-650
816929.516610611,250,230,dummy-650
816718.384563153,250,230,dummy-680
816913.994779923,250,230,dummy-680
816685.602219777,250,230,dummy-310
816803.605586943,250,230,dummy-310
816894.853300857,250,230,dummy-310
816917.634713367,250,230,dummy-310
816934.946581665,250,230,dummy-310
816683.399976189,250,230,dummy-624
816692.858452978,250,230,dummy-624
816849.580286001,250,230,dummy-624
816929.952669675,250,230,dummy-624
816664.269074611,250,230,dummy-24
816800.584005012,250,230,dummy-24
816894.941542004,250,230,dummy-24
816896.804958101,250,230,dummy-24
816900.271010609,250,230,dummy-24
816686.128195384,250,230,dummy-477
816792.931967015,250,230,dummy-477
816796.132322677,250,230,dummy-477
816838.324286115,250,230,dummy-477
816949.338046717,250,230,dummy-477
816696.998834539,250,230,dummy-56
816742.025337775,250,230,dummy-496
816759.279453368,250,230,dummy-496
816778.87883253,250,230,dummy-496
816782.516287585,250,230,dummy-496
816788.179743008,250,230,dummy-496
816798.87744484,250,230,dummy-496
816836.548842997,250,230,dummy-496
816872.228903578,250,230,dummy-496
816905.177662629,250,230,dummy-496
816910.011628236,250,230,dummy-496
816952.798614616,250,230,dummy-496
816700.096640123,250,230,dummy-346
816804.418491675,250,230,dummy-346
816820.638238819,250,230,dummy-346
816831.19000313,250,230,dummy-346
816724.251036053,250,230,dummy-53
816739.630720134,250,230,dummy-531
816838.677750435,250,230,dummy-531
816855.378590518,250,230,dummy-531
816856.561620179,250,230,dummy-531
816898.237533697,250,230,dummy-531
816905.063647497,250,230,dummy-531
816738.869351095,250,230,dummy-467
816709.768547311,250,230,dummy-259
816780.341140194,250,230,dummy-259
816803.815401764,250,230,dummy-259
816765.147682205,250,230,dummy-482
816852.867893522,250,230,dummy-482
816721.61190692,250,230,dummy-20
816784.320507795,250,230,dummy-20
816845.947507569,250,230,dummy-20
816937.435838594,250,230,dummy-20
816701.01049657,250,230,dummy-261
816735.460818738,250,230,dummy-261
816772.98701394,250,230,dummy-261
816881.974908695,250,230,dummy-261
816944.253893603,250,230,dummy-261
816722.945912286,250,230,dummy-420
816778.783357806,250,230,dummy-420
816821.421307269,250,230,dummy-420
816847.28758049,250,230,dummy-420
816911.784166858,250,230,dummy-420
816687.595701557,250,230,dummy-171
816689.290369864,250,230,dummy-171
816790.955192465,250,230,dummy-171
816806.170974059,250,230,dummy-171
816888.891264831,250,230,dummy-171
816916.316324879,250,230,dummy-171
816737.490272906,250,230,dummy-723
816882.607905968,250,230,dummy-723
816894.462939852,250,230,dummy-723
816934.158907096,250,230,dummy-114
816850.991143196,250,230,dummy-122
816934.833945636,250,230,dummy-122
816948.816312899,250,230,dummy-122
816683.863714846,250,230,dummy-214
816714.307416196,250,230,dummy-214
816727.532155016,250,230,dummy-214
816738.886218159,250,230,dummy-214
816809.953962689,250,230,dummy-214
816810.539098127,250,230,dummy-214
816881.92187001,250,230,dummy-214
816891.471216158,250,230,dummy-214
816897.604181218,250,230,dummy-214
816951.931925797,250,230,dummy-214
816673.762290051,250,230,dummy-465
816777.786603594,250,230,dummy-465
816836.326294822,250,230,dummy-465
816860.728586799,250,230,dummy-465
816733.582893923,250,230,dummy-456
816751.081134224,250,230,dummy-456
816840.50748028,250,230,dummy-456
816857.651068641,250,230,dummy-456
816959.150938509,250,230,dummy-456
816674.052681296,250,230,dummy-522
816791.931883644,250,230,dummy-522
816815.003066619,250,230,dummy-522
816824.739956981,250,230,dummy-522
816857.19865008,250,230,dummy-522
816871.5219852,250,230,dummy-522
816921.877928077,250,230,dummy-522
816700.740283678,250,230,dummy-296
816741.211733408,250,230,dummy-296
816869.913105809,250,230,dummy-296
816939.329508264,250,230,dummy-296
816704.805139888,250,230,dummy-181
816898.741667026,250,230,dummy-181
816910.436343943,250,230,dummy-181
816940.889332739,250,230,dummy-181
816947.196672391,250,230,dummy-181
816677.536546779,250,230,dummy-437
816714.236350427,250,230,dummy-437
816856.480427828,250,230,dummy-437
816900.212991925,250,230,dummy-437
816911.796224616,250,230,dummy-437
816734.219163867,250,230,dummy-501
816916.911226392,250,230,dummy-501
816664.3461265,250,230,dummy-274
816677.951383256,250,230,dummy-274
816708.169672876,250,230,dummy-274
816930.950869577,250,230,dummy-274
816943.694409763,250,230,dummy-274
816685.569411279,250,230,dummy-301
816829.222146973,250,230,dummy-301
816906.807244811,250,230,dummy-301
816935.345482548,250,230,dummy-301
816949.853316941,250,230,dummy-301
816695.181868261,250,230,dummy-363
816890.792286373,250,230,dummy-363
816689.313845662,250,230,dummy-321
816712.797938112,250,230,dummy-321
816724.841246672,250,230,dummy-321
816733.72176877,250,230,dummy-237
816881.829780447,250,230,dummy-237
816913.751237206,250,230,dummy-237
816936.605284053,250,230,dummy-237
816689.304776201,250,230,dummy-199
816723.767151891,250,230,dummy-199
816757.600375047,250,230,dummy-199
816766.885007194,250,230,dummy-199
816812.11453423,250,230,dummy-199
816936.60078896,250,230,dummy-199
816687.039510351,250,230,dummy-621
816707.372438103,250,230,dummy-621
816763.218712924,250,230,dummy-621
816839.826900606,250,230,dummy-621
816858.15832823,250,230,dummy-621
816892.099975303,250,230,dummy-621
816699.043696464,250,230,dummy-542
816708.413876971,250,230,dummy-542
816726.628793553,250,230,dummy-542
816744.500359262,250,230,dummy-542
816768.354162543,250,230,dummy-542
816805.139946167,250,230,dummy-542
816836.693896177,250,230,dummy-542
816697.003516346,250,230,dummy-712
816819.379722538,250,230,dummy-712
816822.758787807,250,230,dummy-712
816853.992059038,250,230,dummy-712
816892.9534798,250,230,dummy-445
816919.70650834,250,230,dummy-445
816960.580221862,250,230,dummy-445
816839.156617401,250,230,dummy-515
816841.726604494,250,230,dummy-515
816842.169638597,250,230,dummy-515
816850.307631862,250,230,dummy-515
816955.982095977,250,230,dummy-515
816709.147367294,250,230,dummy-31
816750.240234776,250,230,dummy-31
816899.575440935,250,230,dummy-31
816800.985670607,250,230,dummy-225
816812.520677769,250,230,dummy-225
816855.363938218,250,230,dummy-225
816906.265431836,250,230,dummy-225
816951.161036071,250,230,dummy-225
816751.39510293,250,230,dummy-240
816880.879983075,250,230,dummy-240
816894.42616872,250,230,dummy-240
816903.409185712,250,230,dummy-240
816954.991544582,250,230,dummy-240
816925.975147337,250,230,dummy-103
816928.870953494,250,230,dummy-103
816675.437055168,250,230,dummy-569
816836.70289272,250,230,dummy-569
816940.971993702,250,230,dummy-569
816949.069020992,250,230,dummy-569
816679.638179244,250,230,dummy-748
816816.833040764,250,230,dummy-748
816898.115601004,250,230,dummy-748
816932.107712014,250,230,dummy-748
816685.676328075,250,230,dummy-141
816686.656198842,250,230,dummy-141
816777.100440527,250,230,dummy-141
816795.918561448,250,230,dummy-141
816836.278593774,250,230,dummy-141
816871.164540998,250,230,dummy-141
816939.692752331,250,230,dummy-141
816844.212470506,250,230,dummy-574
816736.85408233,250,230,dummy-234
816754.071268546,250,230,dummy-234
816802.809497816,250,230,dummy-234
816823.760450399,250,230,dummy-234
816923.916792943,250,230,dummy-234
816900.580045812,250,230,dummy-720
816936.91654255,250,230,dummy-720
816818.721270836,250,230,dummy-454
816865.072435421,250,230,dummy-454
816912.537695656,250,230,dummy-454
816740.633847511,250,230,dummy-286
816907.278683784,250,230,dummy-286
816920.093472076,250,230,dummy-286
816950.019301421,250,230,dummy-286
816952.054509156,250,230,dummy-286
816687.302786743,250,230,dummy-125
816757.146094433,250,230,dummy-125
816684.842859711,250,230,dummy-282
816712.270763374,250,230,dummy-282
816763.564878935,250,230,dummy-282
816798.407971997,250,230,dummy-282
816808.178106312,250,230,dummy-282
816811.934520508,250,230,dummy-282
816916.370335559,250,230,dummy-282
816888.372701308,250,230,dummy-317
816797.941389043,250,230,dummy-284
816911.388923335,250,230,dummy-284
816934.71214774,250,230,dummy-284
816714.786012517,250,230,dummy-39
816841.744858468,250,230,dummy-39
816674.000478704,250,230,dummy-200
816801.011433359,250,230,dummy-200
816953.117560873,250,230,dummy-200
816775.825139316,250,230,dummy-121
816827.620987457,250,230,dummy-121
816958.69051453,250,230,dummy-121
816784.395763793,250,230,dummy-399
816792.156382286,250,230,dummy-399
816861.041047571,250,230,dummy-399
816941.182137514,250,230,dummy-399
816663.356705209,250,230,dummy-13
816682.871887047,250,230,dummy-13
816735.196268592,250,230,dummy-13
816662.835099022,250,230,dummy-423
816933.694772106,250,230,dummy-423
816960.010393052,250,230,dummy-423
816730.2319203,250,230,dummy-262
816758.324928552,250,230,dummy-262
816704.975665908,250,230,dummy-640
816741.878991329,250,230,dummy-640
816797.08193197,250,230,dummy-640
816824.208918911,250,230,dummy-640
816865.916713063,250,230,dummy-640
816872.31703239,250,230,dummy-640
816947.475185826,250,230,dummy-640
816724.313380712,250,230,dummy-7
816801.748494331,250,230,dummy-7
816822.720263428,250,230,dummy-7
816829.223734219,250,230,dummy-7
816757.445456309,250,230,dummy-229
816771.69762018,250,230,dummy-229
816710.446954811,250,230,dummy-559
816783.414525188,250,230,dummy-559
816808.454919208,250,230,dummy-559
816870.296155241,250,230,dummy-559
816897.849090144,250,230,dummy-559
816703.45865021,250,230,dummy-292
816774.427234034,250,230,dummy-292
816791.025325085,250,230,dummy-292
816957.508681475,250,230,dummy-292
816676.717899484,250,230,dummy-291
816692.144015752,250,230,dummy-291
816693.058600894,250,230,dummy-291
816693.111967391,250,230,dummy-291
816719.207466942,250,230,dummy-291
816744.528225881,250,230,dummy-291
816852.3703557,250,230,dummy-291
816916.884040011,250,230,dummy-291
816671.331357382,250,230,dummy-358
816686.91689912,250,230,dummy-358
816745.64907404,250,230,dummy-358
816816.340311955,250,230,dummy-358
816818.634030436,250,230,dummy-358
816896.859432085,250,230,dummy-358
816925.52574436,250,230,dummy-358
816703.478263447,250,230,dummy-433
816767.721986579,250,230,dummy-519
816773.751815804,250,230,dummy-519
816802.481387669,250,230,dummy-519
816872.483517584,250,230,dummy-519
816959.993362382,250,230,dummy-519
816682.718359519,250,230,dummy-283
816698.574721696,250,230,dummy-283
816701.438865979,250,230,dummy-283
816726.474902493,250,230,dummy-283
816909.59949816,250,230,dummy-283
816678.08028577,250,230,dummy-694
816763.757160741,250,230,dummy-694
816936.314789691,250,230,dummy-694
816670.908508973,250,230,dummy-306
816728.903182473,250,230,dummy-306
816752.460533334,250,230,dummy-306
816720.993004968,250,230,dummy-636
816853.979918851,250,230,dummy-636
816930.429972916,250,230,dummy-636
816946.815199295,250,230,dummy-636
816700.956251743,250,230,dummy-385
816757.429776846,250,230,dummy-385
816767.336438642,250,230,dummy-385
816798.277745519,250,230,dummy-385
816859.078540137,250,230,dummy-385
816867.224275879,250,230,dummy-385
816769.650084222,250,230,dummy-37
816848.707230816,250,230,dummy-37
816951.792534481,250,230,dummy-37
816731.595513312,250,230,dummy-442
816808.015056139,250,230,dummy-442
816943.800719758,250,230,dummy-442
816737.299543855,250,230,dummy-46
816740.763342606,250,230,dummy-46
816746.899083862,250,230,dummy-46
816846.962389142,250,230,dummy-46
816888.219225371,250,230,dummy-46
816937.172963652,250,230,dummy-46
816679.111072751,250,230,dummy-10
816698.668361145,250,230,dummy-10
816834.253105104,250,230,dummy-10
816740.439655139,250,230,dummy-724
816785.182112428,250,230,dummy-724
816786.390440279,250,230,dummy-724
816787.138488103,250,230,dummy-724
816856.89946374,250,230,dummy-724
816747.420045818,250,230,dummy-690
816789.852582264,250,230,dummy-690
816799.526852745,250,230,dummy-690
816811.964317752,250,230,dummy-690
816879.333300858,250,230,dummy-690
816694.369018412,250,230,dummy-736
816734.958613132,250,230,dummy-736
816876.93999863,250,230,dummy-736
816666.716801609,250,230,dummy-74
816765.482206355,250,230,dummy-74
816861.970228624,250,230,dummy-74
816685.318444266,250,230,dummy-646
816788.290312603,250,230,dummy-646
816802.844196149,250,230,dummy-646
816847.351248137,250,230,dummy-646
816955.738399147,250,230,dummy-646
816699.93127259,250,230,dummy-339
816950.04097586,250,230,dummy-339
816770.260152201,250,230,dummy-697
816796.324429659,250,230,dummy-697
816818.147340213,250,230,dummy-697
816822.276629552,250,230,dummy-697
816931.805659318,250,230,dummy-697
816690.053275727,250,230,dummy-483
816794.076469406,250,230,dummy-483
816947.319927062,250,230,dummy-483
816676.571060413,250,230,dummy-16
816843.58716903,250,230,dummy-16
816882.027418434,250,230,dummy-16
816892.755668944,250,230,dummy-16
816903.310944359,250,230,dummy-16
816910.200526622,250,230,dummy-16
816675.670669172,250,230,dummy-539
816808.883237061,250,230,dummy-539
816959.456887515,250,230,dummy-539
816754.331383349,250,230,dummy-497
816797.488260422,250,230,dummy-497
816836.661861404,250,230,dummy-342
816873.871355242,250,230,dummy-342
816945.777100123,250,230,dummy-342
816678.090976521,250,230,dummy-168
816736.364867185,250,230,dummy-168
816774.385600979,250,230,dummy-168
816945.223746459,250,230,dummy-198
816684.447093419,250,230,dummy-419
816699.983468246,250,230,dummy-419
816781.359460045,250,230,dummy-419
816882.680926533,250,230,dummy-419
816723.217162187,250,230,dummy-260
816785.348810143,250,230,dummy-260
816834.258807711,250,230,dummy-260
816865.618087256,250,230,dummy-260
816797.700252958,250,230,dummy-242
816808.926572302,250,230,dummy-578
816874.861814493,250,230,dummy-578
816935.600555698,250,230,dummy-578
816936.419368992,250,230,dummy-578
816781.378673269,250,230,dummy-343
816910.920925186,250,230,dummy-343
816953.314585094,250,230,dummy-343
816823.743298457,250,230,dummy-685
816886.356370477,250,230,dummy-685
816918.086602025,250,230,dummy-685
816948.76103071,250,230,dummy-685
816681.069009493,250,230,dummy-17
816701.706546013,250,230,dummy-17
816830.565040814,250,230,dummy-17
816840.13935076,250,230,dummy-17
816958.624673668,250,230,dummy-17
816752.04533941,250,230,dummy-695
816880.732506517,250,230,dummy-695
816900.829472147,250,230,dummy-695
816927.188909533,250,230,dummy-695
816727.441341849,250,230,dummy-146
816746.286030924,250,230,dummy-146
816783.638863365,250,230,dummy-146
816794.758604562,250,230,dummy-146
816862.566175507,250,230,dummy-146
816928.016058164,250,230,dummy-146
816931.264629335,250,230,dummy-146
816800.248074746,250,230,dummy-156
816802.454572643,250,230,dummy-156
816825.043885221,250,230,dummy-156
816894.765793367,250,230,dummy-156
816931.583060569,250,230,dummy-156
816682.282465054,250,230,dummy-396
816938.804169171,250,230,dummy-691
816941.194775804,250,230,dummy-691
816711.157608593,250,230,dummy-1
816735.179501234,250,230,dummy-1
816738.283191845,250,230,dummy-1
816792.772393434,250,230,dummy-1
816817.743575198,250,230,dummy-1
816722.143392251,250,230,dummy-70
816952.783841047,250,230,dummy-70
816676.722155413,250,230,dummy-120
816686.577495891,250,230,dummy-120
816707.346725552,250,230,dummy-120
816786.276486145,250,230,dummy-120
816786.775386155,250,230,dummy-120
816869.469162646,250,230,dummy-120
816926.255684021,250,230,dummy-120
816952.267165871,250,230,dummy-120
816953.377773315,250,230,dummy-120
816671.170354492,250,230,dummy-729
816872.738977748,250,230,dummy-729
816711.799284114,250,230,dummy-388
816822.073343283,250,230,dummy-388
816861.300250821,250,230,dummy-388
816869.046236414,250,230,dummy-388
816912.569951874,250,230,dummy-388
816837.125805987,250,230,dummy-541
816887.090401017,250,230,dummy-541
816903.920838239,250,230,dummy-514
816666.374908517,250,230,dummy-219
816708.356789801,250,230,dummy-219
816821.666648553,250,230,dummy-219
816941.623715132,250,230,dummy-219
816758.899863569,250,230,dummy-667
816886.672201349,250,230,dummy-667
816897.174593595,250,230,dummy-667
816753.331544269,250,230,dummy-530
816842.435610815,250,230,dummy-530
816895.509003105,250,230,dummy-530
816750.633809728,250,230,dummy-630
816754.131304938,250,230,dummy-630
816826.675578433,250,230,dummy-630
816717.821210915,250,230,dummy-97
816878.695542471,250,230,dummy-97
816890.225625717,250,230,dummy-97
816705.594764354,250,230,dummy-526
816746.357354314,250,230,dummy-526
816763.895477591,250,230,dummy-526
816673.982512337,250,230,dummy-272
816794.815585044,250,230,dummy-272
816794.943792181,250,230,dummy-272
816925.777435285,250,230,dummy-272
816711.810317319,250,230,dummy-196
816838.033916336,250,230,dummy-196
816876.489919646,250,230,dummy-196
816909.263127395,250,230,dummy-196
816933.410949444,250,230,dummy-196
816673.960889723,250,230,dummy-11
816742.926130211,250,230,dummy-11
816889.85420235,250,230,dummy-11
816919.430010909,250,230,dummy-11
816936.404739606,250,230,dummy-11
816791.396282009,250,230,dummy-438
816843.728200829,250,230,dummy-438
816831.836342489,250,230,dummy-741
816864.733577641,250,230,dummy-741
816936.300758574,250,230,dummy-741
816674.499946002,250,230,dummy-77
816727.807982554,250,230,dummy-77
816820.342338367,250,230,dummy-77
816843.190103325,250,230,dummy-77
816944.764572572,250,230,dummy-77
816796.878792423,250,230,dummy-666
816889.748764438,250,230,dummy-666
816941.307511989,250,230,dummy-666
816718.612082862,250,230,dummy-170
816759.538547348,250,230,dummy-170
816776.992186514,250,230,dummy-170
816783.756017858,250,230,dummy-170
816800.233119489,250,230,dummy-170
816814.640954007,250,230,dummy-170
816894.800263612,250,230,dummy-170
816904.705610691,250,230,dummy-170
816947.456142836,250,230,dummy-170
816891.317172479,250,230,dummy-230
816675.54916904,250,230,dummy-8
816718.672476361,250,230,dummy-8
816759.656395182,250,230,dummy-8
816774.249736316,250,230,dummy-8
816819.245599875,250,230,dummy-8
816718.34669881,250,230,dummy-668
816721.994654638,250,230,dummy-668
816841.285212642,250,230,dummy-668
816846.350688984,250,230,dummy-668
816860.394857837,250,230,dummy-668
816873.856945258,250,230,dummy-668
816896.340592626,250,230,dummy-668
816909.688182789,250,230,dummy-668
816951.309459873,250,230,dummy-668
816758.108624518,250,230,dummy-540
816816.069688243,250,230,dummy-540
816866.26290049,250,230,dummy-540
816905.778943926,250,230,dummy-540
816915.525583146,250,230,dummy-540
816688.736425023,250,230,dummy-67
816699.818878537,250,230,dummy-67
816717.56180244,250,230,dummy-67
816751.059292357,250,230,dummy-67
816759.647238323,250,230,dummy-67
816786.635929684,250,230,dummy-67
816707.523509403,250,230,dummy-614
816720.373025735,250,230,dummy-614
816735.176133741,250,230,dummy-614
816762.732814495,250,230,dummy-614
816893.976772783,250,230,dummy-614
816734.242389754,250,230,dummy-290
816765.269254394,250,230,dummy-290
816772.307690199,250,230,dummy-290
816805.623079552,250,230,dummy-290
816808.00040538,250,230,dummy-290
816838.831294726,250,230,dummy-290
816946.166634789,250,230,dummy-290
816682.895562968,250,230,dummy-706
816741.977774325,250,230,dummy-706
816753.898901888,250,230,dummy-706
816775.885722342,250,230,dummy-706
816785.395261869,250,230,dummy-706
816868.111205524,250,230,dummy-706
816888.040719343,250,230,dummy-706
816913.207214463,250,230,dummy-706
816672.831958048,250,230,dummy-528
816704.42628851,250,230,dummy-528
816802.59848227,250,230,dummy-528
816826.475226116,250,230,dummy-528
816860.289517464,250,230,dummy-528
816887.093806191,250,230,dummy-528
816931.763953722,250,230,dummy-528
816940.185630665,250,230,dummy-528
816667.503988316,250,230,dummy-652
816702.88595714,250,230,dummy-652
816881.461954898,250,230,dummy-652
816907.038742634,250,230,dummy-652
816683.001558018,250,230,dummy-367
816859.183608734,250,230,dummy-367
816849.960732382,250,230,dummy-446
816863.366573844,250,230,dummy-446
816869.908840919,250,230,dummy-746
816909.302797441,250,230,dummy-746
816662.940615898,250,230,dummy-195
816788.512271159,250,230,dummy-195
816817.617365772,250,230,dummy-195
816893.847976074,250,230,dummy-195
816934.826705565,250,230,dummy-195
816700.027337237,250,230,dummy-567
816726.404186942,250,230,dummy-567
816728.445585974,250,230,dummy-567
816756.837271842,250,230,dummy-567
816789.96961084,250,230,dummy-567
816805.490381114,250,230,dummy-567
816845.397690624,250,230,dummy-567
816923.623576982,250,230,dummy-567
816725.087607996,250,230,dummy-468
816840.96702085,250,230,dummy-468
816875.726861229,250,230,dummy-468
816708.114187329,250,230,dummy-314
816718.215901472,250,230,dummy-314
816723.604226672,250,230,dummy-314
816806.578405221,250,230,dummy-314
816905.079776626,250,230,dummy-314
816919.610383017,250,230,dummy-314
816699.521391481,250,230,dummy-560
816769.53299561,250,230,dummy-560
816902.806641916,250,230,dummy-560
816904.893347598,250,230,dummy-560
816679.204239972,250,230,dummy-19
816682.71576538,250,230,dummy-19
816710.211585375,250,230,dummy-19
816750.498737586,250,230,dummy-19
816917.298825443,250,230,dummy-19
816927.933280657,250,230,dummy-19
816665.310072319,250,230,dummy-117
816881.033385776,250,230,dummy-117
816907.379475999,250,230,dummy-117
816914.546222319,250,230,dummy-117
816939.987131308,250,230,dummy-117
816700.548824549,250,230,dummy-163
816792.641229796,250,230,dummy-163
816837.16741252,250,230,dummy-163
816847.234550396,250,230,dummy-163
816904.499752329,250,230,dummy-163
816821.348461998,250,230,dummy-175
816821.791580576,250,230,dummy-175
816853.493721678,250,230,dummy-693
816945.47140631,250,230,dummy-693
816705.955105919,250,230,dummy-113
816933.995597934,250,230,dummy-113
816669.858202909,250,230,dummy-641
816770.294827497,250,230,dummy-641
816833.635811553,250,230,dummy-641
816878.251258001,250,230,dummy-641
816888.911192966,250,230,dummy-641
816665.094175894,250,230,dummy-335
816737.689219851,250,230,dummy-335
816757.753974666,250,230,dummy-335
816801.364799324,250,230,dummy-335
816731.317574858,250,230,dummy-256
816758.143548815,250,230,dummy-256
816801.16586603,250,230,dummy-256
816869.617554104,250,230,dummy-256
816713.307762765,250,230,dummy-377
816745.499352429,250,230,dummy-377
816928.772165403,250,230,dummy-377
816942.313117234,250,230,dummy-377
816710.130906516,250,230,dummy-166
816834.193185854,250,230,dummy-166
816857.371118057,250,230,dummy-166
816893.814779398,250,230,dummy-166
816926.083628648,250,230,dummy-166
816736.999059807,250,230,dummy-254
816746.524831714,250,230,dummy-254
816754.843877579,250,230,dummy-254
816872.794139286,250,230,dummy-254
816884.5169027,250,230,dummy-254
816840.713918903,250,230,dummy-629
816866.709226027,250,230,dummy-629
816895.327315006,250,230,dummy-629
816910.227431234,250,230,dummy-629
816703.5641146,250,230,dummy-217
816799.174017144,250,230,dummy-217
816946.19770497,250,230,dummy-217
816872.341893967,250,230,dummy-26
816711.607284783,250,230,dummy-289
816714.520088347,250,230,dummy-289
816742.40210438,250,230,dummy-289
816663.691302247,250,230,dummy-626
816691.551763389,250,230,dummy-626
816816.873556704,250,230,dummy-626
816890.937543748,250,230,dummy-626
816923.077590661,250,230,dummy-626
816787.022736626,250,230,dummy-250
816887.248793558,250,230,dummy-250
816922.498019127,250,230,dummy-250
816923.965823086,250,230,dummy-250
816678.559301002,250,230,dummy-307
816743.270214748,250,230,dummy-307
816895.196593877,250,230,dummy-735
816670.013004526,250,230,dummy-535
816713.331860862,250,230,dummy-535
816744.224004388,250,230,dummy-535
816774.799924134,250,230,dummy-535
816790.216958871,250,230,dummy-535
816818.520066803,250,230,dummy-535
816943.92844159,250,230,dummy-535
816680.23130086,250,230,dummy-355
816708.560316083,250,230,dummy-355
816725.006950557,250,230,dummy-355
816899.637290264,250,230,dummy-355
816956.463118172,250,230,dummy-355
816678.711953728,250,230,dummy-273
816819.005970488,250,230,dummy-273
816819.858232112,250,230,dummy-273
816851.892965695,250,230,dummy-273
816697.419696123,250,230,dummy-678
816748.575533375,250,230,dummy-678
816819.847406361,250,230,dummy-678
816848.788419173,250,230,dummy-678
816865.802403438,250,230,dummy-678
816927.83902028,250,230,dummy-678
816700.072447738,250,230,dummy-235
816936.32078808,250,230,dummy-235
816676.906981871,250,230,dummy-365
816671.679225726,250,230,dummy-589
816892.997757711,250,230,dummy-589
816937.573296465,250,230,dummy-609
816709.400610601,250,230,dummy-320
816722.519422174,250,230,dummy-320
816748.168870072,250,230,dummy-320
816840.457269638,250,230,dummy-320
816844.100173648,250,230,dummy-320
816888.590692421,250,230,dummy-320
816909.343025321,250,230,dummy-320
816961.383543096,250,230,dummy-320
816690.129036371,250,230,dummy-297
816692.095728687,250,230,dummy-297
816692.5221913,250,230,dummy-297
816699.479669726,250,230,dummy-297
816773.451081985,250,230,dummy-297
816826.305924763,250,230,dummy-297
816830.613134347,250,230,dummy-297
816747.496382199,250,230,dummy-450
816704.559107311,250,230,dummy-329
816865.868160958,250,230,dummy-329
816908.015438529,250,230,dummy-329
816913.803856364,250,230,dummy-329
816704.158204177,250,230,dummy-435
816806.072831075,250,230,dummy-435
816726.052942005,250,230,dummy-132
816920.624220813,250,230,dummy-132
816935.82753833,250,230,dummy-132
816682.140044842,250,230,dummy-204
816701.777997451,250,230,dummy-204
816950.883008061,250,230,dummy-204
816687.935095079,250,230,dummy-627
816709.453673091,250,230,dummy-627
816840.424975056,250,230,dummy-627
816882.223987314,250,230,dummy-627
816721.003720368,250,230,dummy-498
816789.946988274,250,230,dummy-498
816885.765117627,250,230,dummy-498
816910.561658276,250,230,dummy-498
816692.038282012,250,230,dummy-658
816789.688159873,250,230,dummy-658
816790.07394737,250,230,dummy-658
816892.210592937,250,230,dummy-658
816897.823185813,250,230,dummy-658
816833.498976553,250,230,dummy-702
816731.047353991,250,230,dummy-18
816742.344126079,250,230,dummy-18
816776.643456992,250,230,dummy-18
816944.576154866,250,230,dummy-15
816791.158517386,250,230,dummy-33
816916.500729537,250,230,dummy-33
816929.482170523,250,230,dummy-33
816929.982947,250,230,dummy-33
816947.801988448,250,230,dummy-33
816729.947721672,250,230,dummy-406
816770.364349831,250,230,dummy-406
816790.881100162,250,230,dummy-406
816708.518243239,250,230,dummy-622
816775.353505898,250,230,dummy-622
816794.484300446,250,230,dummy-622
816799.595789546,250,230,dummy-622
816930.304319376,250,230,dummy-622
816880.429686555,250,230,dummy-215
816937.563577001,250,230,dummy-215
816874.926313524,250,230,dummy-221
816698.015273466,250,230,dummy-756
816733.439171899,250,230,dummy-756
816764.273988746,250,230,dummy-756
816782.880856427,250,230,dummy-756
816809.885568342,250,230,dummy-756
816711.088806687,250,230,dummy-491
816909.569064696,250,230,dummy-491
816933.551753633,250,230,dummy-491
816831.268254514,250,230,dummy-656
816856.995854754,250,230,dummy-656
816869.037777374,250,230,dummy-656
816945.227688347,250,230,dummy-656
816874.660809736,250,230,dummy-145
816889.230453042,250,230,dummy-145
816870.580509885,250,230,dummy-679
816731.580442493,250,230,dummy-463
816830.350487384,250,230,dummy-463
816932.805566948,250,230,dummy-463
816730.65857325,250,230,dummy-452
816949.526167143,250,230,dummy-452
816949.74908462,250,230,dummy-452
816703.225361162,250,230,dummy-112
816831.458726437,250,230,dummy-112
816886.997341792,250,230,dummy-112
816958.866436955,250,230,dummy-112
816721.246043744,250,230,dummy-424
816814.602707803,250,230,dummy-424
816711.504517517,250,230,dummy-581
816886.433176543,250,230,dummy-581
816919.107364435,250,230,dummy-581
816754.701960182,250,230,dummy-642
816762.498375577,250,230,dummy-642
816939.640192466,250,230,dummy-642
816813.513116475,250,230,dummy-338
816820.326757309,250,230,dummy-536
816831.570864961,250,230,dummy-536
816852.954542362,250,230,dummy-536
816721.981760413,250,230,dummy-765
816791.42840195,250,230,dummy-765
816874.025922044,250,230,dummy-765
816922.30765609,250,230,dummy-765
816739.484176143,250,230,dummy-116
816782.11492252,250,230,dummy-116
816731.352290923,250,230,dummy-655
816740.137222391,250,230,dummy-655
816931.231495151,250,230,dummy-655
816749.618935654,250,230,dummy-500
816926.283671229,250,230,dummy-500
816941.413519407,250,230,dummy-500
816708.761827866,250,230,dummy-431
816744.17206279,250,230,dummy-431
816815.681324897,250,230,dummy-431
816899.713130489,250,230,dummy-431
816902.815021998,250,230,dummy-431
816770.455374452,250,230,dummy-304
816802.001161711,250,230,dummy-304
816835.73110325,250,230,dummy-304
816887.828575898,250,230,dummy-304
816719.76006987,250,230,dummy-131
816780.55816466,250,230,dummy-131
816855.311691975,250,230,dummy-131
816915.090652989,250,230,dummy-131
816949.128212896,250,230,dummy-131
816773.872234352,250,230,dummy-744
816922.6736044,250,230,dummy-744
816957.456973652,250,230,dummy-744
816683.043019639,250,230,dummy-82
816702.931220643,250,230,dummy-82
816704.392964661,250,230,dummy-82
816722.14369019,250,230,dummy-82
816725.134538169,250,230,dummy-82
816755.238153377,250,230,dummy-82
816793.130462882,250,230,dummy-82
816896.772728873,250,230,dummy-82
816762.930105886,250,230,dummy-34
816763.658461591,250,230,dummy-34
816777.078561149,250,230,dummy-34
816829.507050138,250,230,dummy-34
816813.436933378,250,230,dummy-36
816840.713411717,250,230,dummy-36
816873.8482741,250,230,dummy-36
816887.238845174,250,230,dummy-36
816758.356470859,250,230,dummy-703
816786.229740416,250,230,dummy-703
816802.607148445,250,230,dummy-703
816853.9110191,250,230,dummy-703
816711.447319733,250,230,dummy-434
816722.826184732,250,230,dummy-759
816725.279283707,250,230,dummy-759
816761.678382549,250,230,dummy-759
816835.228060907,250,230,dummy-759
816862.815890597,250,230,dummy-759
816726.973985715,250,230,dummy-623
816737.391859466,250,230,dummy-623
816784.753973008,250,230,dummy-623
816788.228031731,250,230,dummy-623
816704.387115645,250,230,dummy-517
816748.388521613,250,230,dummy-517
816787.028233294,250,230,dummy-517
816841.505252252,250,230,dummy-517
816891.21109782,250,230,dummy-517
816924.82572377,250,230,dummy-517
816676.043551005,250,230,dummy-80
816695.049767156,250,230,dummy-80
816698.55849106,250,230,dummy-80
816757.620912903,250,230,dummy-80
816824.370596356,250,230,dummy-80
816848.792720588,250,230,dummy-80
816935.611058304,250,230,dummy-80
816733.805793801,250,230,dummy-348
816735.117288611,250,230,dummy-348
816739.889765093,250,230,dummy-348
816857.654363462,250,230,dummy-348
816785.037931682,250,230,dummy-687
816797.855635191,250,230,dummy-687
816821.175553469,250,230,dummy-687
816664.084358663,250,230,dummy-493
816676.064786635,250,230,dummy-493
816680.963656279,250,230,dummy-493
816693.065783306,250,230,dummy-493
816920.395701816,250,230,dummy-493
816935.697002477,250,230,dummy-493
816744.434962253,250,230,dummy-421
816747.775675018,250,230,dummy-421
816833.340278616,250,230,dummy-421
816911.336714829,250,230,dummy-421
816959.796372378,250,230,dummy-421
816670.612787078,250,230,dummy-179
816721.879508797,250,230,dummy-179
816808.178146367,250,230,dummy-179
816858.052764105,250,230,dummy-179
816889.249080787,250,230,dummy-179
816790.698719139,250,230,dummy-130
816867.397488298,250,230,dummy-130
816954.163157554,250,230,dummy-130
816746.071155018,250,230,dummy-598
816853.94495645,250,230,dummy-598
816886.997368145,250,230,dummy-598
816667.40567915,250,230,dummy-711
816784.968582516,250,230,dummy-711
816958.35943969,250,230,dummy-711
816679.56452467,250,230,dummy-556
816731.203489496,250,230,dummy-556
816771.673441478,250,230,dummy-556
816717.757693455,250,230,dummy-634
816856.500094771,250,230,dummy-634
816880.720617329,250,230,dummy-634
816908.306951955,250,230,dummy-634
816687.170386598,250,230,dummy-635
816932.938064301,250,230,dummy-635
816913.348969923,250,230,dummy-426
816833.507814967,250,230,dummy-105
816663.980580698,250,230,dummy-660
816718.472353081,250,230,dummy-660
816747.586369327,250,230,dummy-660
816728.34533795,250,230,dummy-606
816758.792986318,250,230,dummy-606
816931.556958758,250,230,dummy-606
816672.789967531,250,230,dummy-51
816733.648509918,250,230,dummy-51
816822.712964322,250,230,dummy-51
816903.603140679,250,230,dummy-51
816704.492157313,250,230,dummy-3
816788.372652362,250,230,dummy-3
816831.096859494,250,230,dummy-3
816886.804820839,250,230,dummy-3
816675.947168859,250,230,dummy-157
816710.188337794,250,230,dummy-157
816775.016143941,250,230,dummy-157
816828.970278224,250,230,dummy-157
816739.810363325,250,230,dummy-154
816804.753842582,250,230,dummy-154
816942.144447323,250,230,dummy-154
816668.60329651,250,230,dummy-101
816682.471196402,250,230,dummy-101
816696.645023255,250,230,dummy-101
816908.58139911,250,230,dummy-101
816723.967493636,250,230,dummy-595
816754.630727886,250,230,dummy-595
816849.717911586,250,230,dummy-595
816711.489238619,250,230,dummy-464
816747.080290495,250,230,dummy-464
816759.761451717,250,230,dummy-464
816774.929241644,250,230,dummy-464
816895.753090964,250,230,dummy-464
816684.441372649,250,230,dummy-357
816790.627729026,250,230,dummy-357
816828.304420996,250,230,dummy-357
816872.216446517,250,230,dummy-357
816872.693613206,250,230,dummy-357
816943.672013351,250,230,dummy-357
816753.724565738,250,230,dummy-462
816691.435304737,250,230,dummy-565
816712.633910866,250,230,dummy-565
816740.27957725,250,230,dummy-565
816805.646729576,250,230,dummy-565
816851.315460342,250,230,dummy-565
816881.398916259,250,230,dummy-565
816920.438377442,250,230,dummy-565
816713.611900795,250,230,dummy-233
816862.839729801,250,230,dummy-233
816911.462254934,250,230,dummy-233
816950.076000471,250,230,dummy-233
816710.027447345,250,230,dummy-123
816671.117696284,250,230,dummy-352
816671.531491916,250,230,dummy-352
816683.627762712,250,230,dummy-352
816732.771035704,250,230,dummy-352
816918.702229519,250,230,dummy-352
816701.413628657,250,230,dummy-245
816722.382814382,250,230,dummy-245
816780.45707261,250,230,dummy-245
816868.175509502,250,230,dummy-245
816886.873270559,250,230,dummy-245
816908.239426541,250,230,dummy-245
816921.182504073,250,230,dummy-245
816961.626020773,250,230,dummy-245
816708.01488971,250,230,dummy-59
816672.707855533,250,230,dummy-151
816726.873846414,250,230,dummy-151
816809.550804766,250,230,dummy-151
816689.790251177,250,230,dummy-305
816720.260531549,250,230,dummy-305
816815.018097759,250,230,dummy-305
816877.179990922,250,230,dummy-305
816885.121937677,250,230,dummy-305
816911.232979939,250,230,dummy-305
816677.117912024,250,230,dummy-509
816836.415915128,250,230,dummy-509
816844.91677621,250,230,dummy-509
816676.794833222,250,230,dummy-9
816860.895378861,250,230,dummy-9
816873.517505912,250,230,dummy-9
816698.889235916,250,230,dummy-185
816851.629521407,250,230,dummy-185
816743.583977267,250,230,dummy-135
816806.910394547,250,230,dummy-135
816800.853132218,250,230,dummy-299
816854.477322688,250,230,dummy-299
816672.707816285,250,230,dummy-657
816838.144980426,250,230,dummy-657
816833.715927327,250,230,dummy-95
816854.262057059,250,230,dummy-95
816910.791795135,250,230,dummy-95
816698.701196506,250,230,dummy-428
816763.043658733,250,230,dummy-428
816780.072599278,250,230,dummy-428
816938.901240925,250,230,dummy-428
816668.12594822,250,230,dummy-460
816668.17005758,250,230,dummy-460
816673.423905477,250,230,dummy-460
816708.796656956,250,230,dummy-460
816709.170287207,250,230,dummy-460
816716.346765838,250,230,dummy-460
816854.382442814,250,230,dummy-460
816686.08704714,250,230,dummy-612
816742.64681896,250,230,dummy-612
816892.993932309,250,230,dummy-612
816693.576735132,250,230,dummy-745
816775.189993644,250,230,dummy-745
816850.455050685,250,230,dummy-745
816939.072818435,250,230,dummy-745
816699.424525218,250,230,dummy-654
816698.494812568,250,230,dummy-584
816722.886681779,250,230,dummy-584
816888.174824846,250,230,dummy-584
816902.600538262,250,230,dummy-584
816958.646572473,250,230,dummy-584
816854.336656108,250,230,dummy-534
816766.394967696,250,230,dummy-552
816817.094141993,250,230,dummy-552
816899.977934984,250,230,dummy-552
816910.971554443,250,230,dummy-552
816952.980356216,250,230,dummy-552
816830.629936911,250,230,dummy-189
816761.846384444,250,230,dummy-709
816905.791919091,250,230,dummy-709
816696.17108328,250,230,dummy-326
816704.623612494,250,230,dummy-326
816840.11601457,250,230,dummy-326
816910.955929324,250,230,dummy-326
816707.891169549,250,230,dummy-49
816767.465357435,250,230,dummy-557
816916.340149437,250,230,dummy-557
816948.923975694,250,230,dummy-557
816672.076831964,250,230,dummy-439
816705.274262016,250,230,dummy-439
816793.537206794,250,230,dummy-439
816796.405908384,250,230,dummy-439
816730.275236389,250,230,dummy-71
816784.679270342,250,230,dummy-71
816832.303891632,250,230,dummy-71
816758.409402328,250,230,dummy-730
816793.354794517,250,230,dummy-730
816817.91385039,250,230,dummy-150
816947.180432893,250,230,dummy-150
816711.345662383,250,230,dummy-637
816959.516857804,250,230,dummy-637
816699.067628898,250,230,dummy-193
816778.788096495,250,230,dummy-193
816837.978597257,250,230,dummy-193
816873.9081588,250,230,dummy-193
816949.737391706,250,230,dummy-193
816961.855700112,250,230,dummy-140
816758.927921459,250,230,dummy-92
816890.970939308,250,230,dummy-92
816733.352411168,250,230,dummy-236
816869.413206268,250,230,dummy-236
816708.906913438,250,230,dummy-211
816753.157913133,250,230,dummy-211
816766.451850964,250,230,dummy-211
816782.153450435,250,230,dummy-211
816858.938931862,250,230,dummy-211
816917.506894439,250,230,dummy-211
816766.598118765,250,230,dummy-316
816781.617968004,250,230,dummy-316
816921.368231716,250,230,dummy-316
816947.168896307,250,230,dummy-316
816778.430161154,250,230,dummy-328
816853.384807272,250,230,dummy-328
816863.647669874,250,230,dummy-328
816864.804735646,250,230,dummy-328
816901.298321783,250,230,dummy-62
816949.492831361,250,230,dummy-62
816830.046716824,250,230,dummy-451
816929.216715897,250,230,dummy-451
816695.421480997,250,230,dummy-495
816730.405968463,250,230,dummy-495
816779.85688599,250,230,dummy-495
816792.00793804,250,230,dummy-495
816866.326873456,250,230,dummy-495
816936.549247745,250,230,dummy-495
816697.849869761,250,230,dummy-708
816715.981689077,250,230,dummy-708
816815.530031439,250,230,dummy-708
816697.877743879,250,230,dummy-570
816741.954084716,250,230,dummy-570
816838.750719063,250,230,dummy-570
816884.544543699,250,230,dummy-570
816932.854363111,250,230,dummy-570
816933.011899806,250,230,dummy-570
816960.862946711,250,230,dummy-570
816684.827746853,250,230,dummy-312
816746.069788543,250,230,dummy-312
816757.356218635,250,230,dummy-312
816941.287015067,250,230,dummy-312
816692.614690817,250,230,dummy-390
816696.810037828,250,230,dummy-390
816721.539742714,250,230,dummy-390
816748.619939361,250,230,dummy-390
816919.294277231,250,230,dummy-390
816933.359039274,250,230,dummy-390
816688.038994498,250,230,dummy-751
816765.551466858,250,230,dummy-751
816913.071890809,250,230,dummy-751
816781.78123215,250,230,dummy-518
816839.234519066,250,230,dummy-518
816914.391488401,250,230,dummy-518
816688.430961869,250,230,dummy-22
816742.364913635,250,230,dummy-22
816873.09666149,250,230,dummy-22
816946.816763827,250,230,dummy-22
816957.560920371,250,230,dummy-22
816825.945014272,250,230,dummy-107
816853.83221345,250,230,dummy-107
816869.520834546,250,230,dummy-107
816711.561394671,250,230,dummy-241
816792.986185003,250,230,dummy-241
816818.33368476,250,230,dummy-241
816842.096665568,250,230,dummy-241
816884.212104905,250,230,dummy-241
816663.788150961,250,230,dummy-239
816712.067964168,250,230,dummy-239
816841.143785643,250,230,dummy-239
816725.509209083,250,230,dummy-162
816778.931355841,250,230,dummy-162
816791.542958088,250,230,dummy-162
816925.043967479,250,230,dummy-162
816680.279722339,250,230,dummy-371
816693.370132036,250,230,dummy-371
816787.456078428,250,230,dummy-371
816798.264741184,250,230,dummy-371
816908.881848625,250,230,dummy-371
816941.007448176,250,230,dummy-371
816758.243501564,250,230,dummy-115
816779.283854033,250,230,dummy-115
816924.565472319,250,230,dummy-115
816772.168750482,250,230,dummy-43
816908.513709675,250,230,dummy-43
816937.301000921,250,230,dummy-43
816824.793520796,250,230,dummy-153
816892.743641731,250,230,dummy-153
816716.284912457,250,230,dummy-639
816730.944970123,250,230,dummy-639
816784.763234462,250,230,dummy-639
816794.767502994,250,230,dummy-639
816664.354708928,250,230,dummy-677
816693.37018717,250,230,dummy-677
816717.963570541,250,230,dummy-677
816850.181239593,250,230,dummy-436
816874.049536187,250,230,dummy-436
816685.244599027,250,230,dummy-143
816816.134385837,250,230,dummy-143
816689.195039048,250,230,dummy-563
816957.217215605,250,230,dummy-563
816691.438779115,250,230,dummy-447
816721.197685204,250,230,dummy-447
816758.324889394,250,230,dummy-447
816787.765093242,250,230,dummy-447
816955.29476555,250,230,dummy-447
816959.08186513,250,230,dummy-447
816876.406906723,250,230,dummy-683
816926.930751615,250,230,dummy-683
816947.825679089,250,230,dummy-683
816738.480040038,250,230,dummy-160
816950.788186521,250,230,dummy-160
816737.313035072,250,230,dummy-474
816757.988116477,250,230,dummy-474
816909.592800104,250,230,dummy-474
816949.423871054,250,230,dummy-474
816797.195020657,250,230,dummy-714
816804.14193376,250,230,dummy-714
816820.430267554,250,230,dummy-714
816846.355453668,250,230,dummy-714
816895.739950236,250,230,dummy-714
816896.367673687,250,230,dummy-714
816943.398417826,250,230,dummy-714
816951.025588169,250,230,dummy-714
816698.362761041,250,230,dummy-550
816712.664620985,250,230,dummy-550
816783.182953545,250,230,dummy-588
816813.420171209,250,230,dummy-588
816916.299696373,250,230,dummy-588
816785.748177834,250,230,dummy-591
816799.721701053,250,230,dummy-591
816899.687394253,250,230,dummy-591
816707.748143916,250,230,dummy-308
816826.46466697,250,230,dummy-308
816827.729434619,250,230,dummy-308
816916.76981922,250,230,dummy-308
816954.914878865,250,230,dummy-308
816762.800906357,250,230,dummy-327
816771.883431746,250,230,dummy-327
816825.40203766,250,230,dummy-327
816872.840824446,250,230,dummy-327
816832.79957815,250,230,dummy-330
816672.540555825,250,230,dummy-582
816936.715558622,250,230,dummy-582
816674.366803075,250,230,dummy-466
816720.941859349,250,230,dummy-466
816756.13310684,250,230,dummy-466
816832.358767244,250,230,dummy-466
816900.156484457,250,230,dummy-466
816729.609825341,250,230,dummy-203
816790.692139457,250,230,dummy-203
816826.283803377,250,230,dummy-203
816693.40713313,250,230,dummy-392
816739.883479379,250,230,dummy-331
816848.144372608,250,230,dummy-331
816664.216869659,250,230,dummy-369
816708.7536318,250,230,dummy-369
816718.669018626,250,230,dummy-369
816806.368288787,250,230,dummy-369
816930.406067166,250,230,dummy-369
816818.386666667,250,230,dummy-555
816843.234510623,250,230,dummy-555
816908.836056481,250,230,dummy-555
816696.61497788,250,230,dummy-42
816724.688835611,250,230,dummy-42
816801.571371522,250,230,dummy-42
816899.317878789,250,230,dummy-42
816686.157430184,250,230,dummy-441
816694.380771826,250,230,dummy-441
816813.537488375,250,230,dummy-441
816681.324001274,250,230,dummy-6
816687.031563694,250,230,dummy-6
816689.523581023,250,230,dummy-6
816749.215592638,250,230,dummy-6
816766.403397877,250,230,dummy-6
816880.391580272,250,230,dummy-6
816902.175685243,250,230,dummy-6
816733.424383707,250,230,dummy-69
816824.055091142,250,230,dummy-69
816942.841047051,250,230,dummy-69
816950.942047497,250,230,dummy-69
816670.803381039,250,230,dummy-362
816776.531619159,250,230,dummy-362
816817.583679471,250,230,dummy-362
816886.156920619,250,230,dummy-362
816914.416515234,250,230,dummy-362
816928.531789837,250,230,dummy-362
816675.519997661,250,230,dummy-52
816716.577068494,250,230,dummy-52
816813.036963329,250,230,dummy-52
816848.244516443,250,230,dummy-52
816936.996091568,250,230,dummy-52
816790.048514357,250,230,dummy-618
816751.753340822,250,230,dummy-300
816794.662455119,250,230,dummy-300
816832.86433233,250,230,dummy-300
816839.922423623,250,230,dummy-300
816844.335802018,250,230,dummy-300
816850.90251445,250,230,dummy-300
816719.119022395,250,230,dummy-599
816740.816398218,250,230,dummy-599
816794.836592423,250,230,dummy-599
816807.41202478,250,230,dummy-599
816825.604216387,250,230,dummy-599
816669.089542665,250,230,dummy-384
816678.922950534,250,230,dummy-384
816797.586765513,250,230,dummy-384
816801.631161977,250,230,dummy-384
816838.048539881,250,230,dummy-384
816749.75405979,250,230,dummy-102
816836.734639991,250,230,dummy-102
816894.911274045,250,230,dummy-102
816758.0699028,250,230,dummy-333
816760.751756968,250,230,dummy-333
816768.660452439,250,230,dummy-333
816788.464089438,250,230,dummy-333
816802.610795196,250,230,dummy-333
816946.357590757,250,230,dummy-333
816670.869274152,250,230,dummy-208
816713.043401101,250,230,dummy-208
816717.236539413,250,230,dummy-208
816793.550364006,250,230,dummy-208
816809.491668549,250,230,dummy-208
816909.422964658,250,230,dummy-208
816672.090382518,250,230,dummy-161
816745.436452032,250,230,dummy-161
816705.565748182,250,230,dummy-98
816707.138499411,250,230,dummy-98
816838.978200048,250,230,dummy-98
816688.709965194,250,230,dummy-302
816730.072028458,250,230,dummy-734
816772.117252795,250,230,dummy-734
816955.487561499,250,230,dummy-258
816727.92365152,250,230,dummy-733
816736.518120513,250,230,dummy-733
816921.020327274,250,230,dummy-733
816685.460950142,250,230,dummy-728
816739.701545832,250,230,dummy-728
816770.233955035,250,230,dummy-728
816915.133122019,250,230,dummy-728
816931.093065569,250,230,dummy-728
816940.551946086,250,230,dummy-701
816740.827356844,250,230,dummy-749
816841.970576847,250,230,dummy-749
816733.370761544,250,230,dummy-243
816850.61466609,250,230,dummy-243
816870.121588879,250,230,dummy-243
816959.658478103,250,230,dummy-243
816674.182388494,250,230,dummy-587
816686.389881372,250,230,dummy-587
816909.373993378,250,230,dummy-587
816956.617922837,250,230,dummy-587
816673.758639896,250,230,dummy-313
816779.024150713,250,230,dummy-313
816852.3647687,250,230,dummy-313
816872.486134158,250,230,dummy-313
816757.05727707,250,230,dummy-403
816887.011579639,250,230,dummy-403
816918.767449352,250,230,dummy-403
816934.414056303,250,230,dummy-403
816953.153643296,250,230,dummy-403
816745.772898034,250,230,dummy-546
816748.562817201,250,230,dummy-546
816788.517840941,250,230,dummy-546
816696.377040648,250,230,dummy-324
816757.881805434,250,230,dummy-707
816942.631033693,250,230,dummy-707
816691.767809297,250,230,dummy-412
816792.230543137,250,230,dummy-412
816807.106321286,250,230,dummy-412
816816.873594359,250,230,dummy-412
816855.872932652,250,230,dummy-412
816878.617621398,250,230,dummy-412
816924.199527151,250,230,dummy-412
816925.30390764,250,230,dummy-412
816936.178629627,250,230,dummy-412
816729.392565373,250,230,dummy-88
816754.315393839,250,230,dummy-134
816819.125853645,250,230,dummy-134
816751.568176326,250,230,dummy-206
816767.966158202,250,230,dummy-206
816884.390773006,250,230,dummy-206
816725.696146285,250,230,dummy-89
816951.436886777,250,230,dummy-173
816732.363913896,250,230,dummy-479
816761.495020049,250,230,dummy-479
816768.204947246,250,230,dummy-479
816792.986218608,250,230,dummy-479
816842.557105554,250,230,dummy-479
816934.514399268,250,230,dummy-479
816674.091844921,250,230,dummy-186
816780.605297488,250,230,dummy-186
816879.328456306,250,230,dummy-186
816887.136100715,250,230,dummy-186
816667.903848044,250,230,dummy-334
816709.174929252,250,230,dummy-334
816714.354557531,250,230,dummy-334
816688.287777898,250,230,dummy-387
816839.180046761,250,230,dummy-387
816906.40453938,250,230,dummy-387
816936.690385314,250,230,dummy-387
816748.270699092,250,230,dummy-40
816791.482807809,250,230,dummy-40
816847.219358533,250,230,dummy-40
816912.72522898,250,230,dummy-40
816670.345902622,250,230,dummy-315
816806.356068681,250,230,dummy-315
816814.966054484,250,230,dummy-315
816876.894396146,250,230,dummy-315
816922.230071417,250,230,dummy-315
816929.892915883,250,230,dummy-315
816960.311277606,250,230,dummy-315
816675.239896457,250,230,dummy-499
816730.401742934,250,230,dummy-499
816816.014958555,250,230,dummy-499
816872.418254897,250,230,dummy-499
816886.182070167,250,230,dummy-499
816700.233148564,250,230,dummy-106
816709.391748717,250,230,dummy-106
816670.892184855,250,230,dummy-378
816708.302911148,250,230,dummy-378
816730.740968301,250,230,dummy-378
816827.588093309,250,230,dummy-378
816919.327389528,250,230,dummy-378
816927.142563914,250,230,dummy-378
816680.572388727,250,230,dummy-266
816815.082249538,250,230,dummy-266
816895.03598087,250,230,dummy-266
816906.535784819,250,230,dummy-266
816962.109716177,250,230,dummy-266
816767.6807346,250,230,dummy-404
816700.171135091,250,230,dummy-349
816732.168729624,250,230,dummy-349
816757.516090597,250,230,dummy-349
816852.8330792,250,230,dummy-349
816922.423446414,250,230,dummy-349
816929.028276475,250,230,dummy-349
816724.182511846,250,230,dummy-263
816754.805148675,250,230,dummy-263
816907.21683452,250,230,dummy-263
816676.658546597,250,230,dummy-55
816686.89800435,250,230,dummy-55
816690.495981748,250,230,dummy-55
816742.094696225,250,230,dummy-55
816770.429422416,250,230,dummy-55
816771.699142213,250,230,dummy-55
816910.802967292,250,230,dummy-55
816704.264632854,250,230,dummy-78
816911.909502477,250,230,dummy-78
816934.703894929,250,230,dummy-78
816670.959803974,250,230,dummy-149
816777.893442703,250,230,dummy-149
816941.173393757,250,230,dummy-149
816843.321420632,250,230,dummy-432
816913.611342907,250,230,dummy-432
816780.498463512,250,230,dummy-675
816916.240717978,250,230,dummy-675
816921.302626975,250,230,dummy-675
816933.002221013,250,230,dummy-675
816681.616826144,250,230,dummy-247
816714.373166781,250,230,dummy-247
816722.823540095,250,230,dummy-247
816819.634477515,250,230,dummy-247
816731.392729551,250,230,dummy-459
816922.182672505,250,230,dummy-459
816664.720714776,250,230,dummy-461
816673.830257692,250,230,dummy-461
816701.220490521,250,230,dummy-461
816799.266880218,250,230,dummy-461
816854.277906532,250,230,dummy-461
816864.064860607,250,230,dummy-461
816940.89289471,250,230,dummy-461
816671.778254288,250,230,dummy-246
816877.212595221,250,230,dummy-246
816667.279342024,250,230,dummy-571
816849.544340675,250,230,dummy-571
816686.748966934,250,230,dummy-659
816687.558812032,250,230,dummy-659
816736.367414397,250,230,dummy-659
816822.171392021,250,230,dummy-659
816915.016923255,250,230,dummy-659
816716.638503214,250,230,dummy-27
816888.338263007,250,230,dummy-27
816684.679738254,250,230,dummy-2
816682.914613204,250,230,dummy-704
816836.631596102,250,230,dummy-704
816833.081212012,250,230,dummy-405
816847.554355047,250,230,dummy-405
816885.802050838,250,230,dummy-405
816706.859098872,250,230,dummy-398
816715.165444277,250,230,dummy-398
816792.813602926,250,230,dummy-398
816804.102479936,250,230,dummy-398
816807.691082083,250,230,dummy-398
816823.188552373,250,230,dummy-398
816695.660290025,250,230,dummy-318
816808.148131446,250,230,dummy-318
816870.190579377,250,230,dummy-318
816708.68313241,250,230,dummy-416
816717.535487853,250,230,dummy-416
816718.684426988,250,230,dummy-416
816835.634941412,250,230,dummy-416
816873.953905144,250,230,dummy-416
816927.70069882,250,230,dummy-416
816930.244311299,250,230,dummy-416
816803.850188941,250,230,dummy-368
816846.666120108,250,230,dummy-368
816907.873763286,250,230,dummy-368
816852.353292676,250,230,dummy-295
816743.132402541,250,230,dummy-767
816944.92971614,250,230,dummy-767
816706.866824922,250,230,dummy-448
816836.053912496,250,230,dummy-448
816857.193830084,250,230,dummy-448
816913.87868381,250,230,dummy-448
816747.441510675,250,230,dummy-212
816776.580090585,250,230,dummy-212
816853.066153477,250,230,dummy-212
816690.814873026,250,230,dummy-601
816680.536187198,250,230,dummy-265
816712.606552666,250,230,dummy-265
816721.242657293,250,230,dummy-265
816837.640821967,250,230,dummy-265
816858.927242181,250,230,dummy-265
816867.647030514,250,230,dummy-265
816873.348491791,250,230,dummy-265
816936.49646055,250,230,dummy-265
816738.643475469,250,230,dummy-558
816866.634199731,250,230,dummy-558
816928.939692352,250,230,dummy-558
816668.363332029,250,230,dummy-47
816687.770467206,250,230,dummy-47
816758.83422732,250,230,dummy-47
816777.334405433,250,230,dummy-47
816825.769780641,250,230,dummy-47
816954.94976706,250,230,dummy-47
816873.298338863,250,230,dummy-344
816944.709194272,250,230,dummy-344
816905.885728162,250,230,dummy-532
816935.336392079,250,230,dummy-532
816738.972777628,250,230,dummy-523
816742.699678959,250,230,dummy-523
816753.611189666,250,230,dummy-523
816804.450960506,250,230,dummy-523
816865.86121108,250,230,dummy-523
816879.668970176,250,230,dummy-523
816892.728877569,250,230,dummy-523
816754.006841071,250,230,dummy-638
816917.337410726,250,230,dummy-638
816924.067610532,250,230,dummy-638
816813.981263209,250,230,dummy-253
816881.475986441,250,230,dummy-253
816900.406648998,250,230,dummy-253
816934.99761679,250,230,dummy-253
816758.939300683,250,230,dummy-750
816692.633091929,250,230,dummy-374
816962.015614268,250,230,dummy-374
816721.134344732,250,230,dummy-366
816727.396500407,250,230,dummy-366
816732.353956838,250,230,dummy-366
816954.370944565,250,230,dummy-366
816957.419955778,250,230,dummy-366
816677.78517532,250,230,dummy-280
816711.311679043,250,230,dummy-280
816824.881931427,250,230,dummy-280
816840.397010331,250,230,dummy-280
816842.85853451,250,230,dummy-280
816955.083750425,250,230,dummy-280
816708.313338617,250,230,dummy-521
816757.344178336,250,230,dummy-521
816769.790232442,250,230,dummy-521
816880.286607035,250,230,dummy-521
816913.556676042,250,230,dummy-521
816932.857732361,250,230,dummy-521
816959.735325938,250,230,dummy-521
816805.719382475,250,230,dummy-400
816666.491502797,250,230,dummy-766
816704.400695854,250,230,dummy-766
816741.045184728,250,230,dummy-766
816930.62404941,250,230,dummy-766
816932.885009666,250,230,dummy-766
816694.49051694,250,230,dummy-713
816706.646488746,250,230,dummy-713
816791.321996441,250,230,dummy-713
816893.502871234,250,230,dummy-713
816939.600764796,250,230,dummy-713
816756.423300936,250,230,dummy-737
816760.045036105,250,230,dummy-737
816769.340044233,250,230,dummy-737
816774.207516562,250,230,dummy-737
816847.428750666,250,230,dummy-737
816687.359778094,250,230,dummy-710
816696.456901862,250,230,dummy-710
816772.830974494,250,230,dummy-710
816895.452243326,250,230,dummy-710
816784.044673668,250,230,dummy-257
816673.296364347,250,230,dummy-164
816718.699879746,250,230,dummy-164
816778.714348802,250,230,dummy-164
816795.988100691,250,230,dummy-164
816869.681256647,250,230,dummy-164
816664.047162639,250,230,dummy-700
816812.80106963,250,230,dummy-700
816899.523989301,250,230,dummy-700
816921.265701774,250,230,dummy-700
816943.61273192,250,230,dummy-700
816825.625694191,250,230,dummy-427
816878.141817473,250,230,dummy-427
816717.534308591,250,230,dummy-183
816720.561380525,250,230,dummy-183
816748.627848858,250,230,dummy-183
816960.308813999,250,230,dummy-183
816703.817690611,250,230,dummy-681
816935.309437888,250,230,dummy-681
816952.125813839,250,230,dummy-681
816668.455142083,250,230,dummy-209
816824.800498939,250,230,dummy-209
816667.899147594,250,230,dummy-177
816684.072434536,250,230,dummy-177
816853.14469799,250,230,dummy-177
816903.197936463,250,230,dummy-177
816744.179859697,250,230,dummy-174
816846.705188332,250,230,dummy-174
816924.064212817,250,230,dummy-174
816918.223911967,250,230,dummy-12
816693.037158793,250,230,dummy-45
816706.230702906,250,230,dummy-45
816881.561299633,250,230,dummy-45
816683.808554284,250,230,dummy-674
816714.937048041,250,230,dummy-674
816937.212029909,250,230,dummy-674
816761.899266426,250,230,dummy-218
816783.64139159,250,230,dummy-218
816788.490765696,250,230,dummy-218
816906.976244013,250,230,dummy-664
816946.420993667,250,230,dummy-664
816700.675173046,250,230,dummy-604
816709.32206593,250,230,dummy-604
816724.16333205,250,230,dummy-604
816789.142409665,250,230,dummy-604
816800.249402159,250,230,dummy-604
816830.809815372,250,230,dummy-604
816875.020533342,250,230,dummy-604
816890.674586292,250,230,dummy-604
816686.669161855,250,230,dummy-625
816758.561700876,250,230,dummy-625
816907.748621471,250,230,dummy-625
816734.252851824,250,230,dummy-232
816785.677788435,250,230,dummy-232
816760.813827098,250,230,dummy-669
816815.245153702,250,230,dummy-669
816688.738797023,250,230,dummy-63
816739.750083569,250,230,dummy-63
816823.658496859,250,230,dummy-63
816883.920179476,250,230,dummy-63
816913.108045969,250,230,dummy-63
816938.819017804,250,230,dummy-63
816947.335613836,250,230,dummy-63
816822.244794386,250,230,dummy-383
816703.757087071,250,230,dummy-360
816728.254862556,250,230,dummy-360
816739.781518879,250,230,dummy-360
816910.071534468,250,230,dummy-360
816945.805731326,250,230,dummy-360
816791.139408535,250,230,dummy-202
816833.955215643,250,230,dummy-202
816886.439704911,250,230,dummy-202
816895.313725686,250,230,dummy-202
816671.565070072,250,230,dummy-309
816707.142796306,250,230,dummy-309
816711.332158778,250,230,dummy-309
816760.609269851,250,230,dummy-309
816799.935724912,250,230,dummy-309
816858.393382101,250,230,dummy-309
816899.328251618,250,230,dummy-309
816739.71131715,250,230,dummy-201
816703.064573001,250,230,dummy-475
816774.507187082,250,230,dummy-475
816870.222227608,250,230,dummy-475
816897.436183863,250,230,dummy-475
816706.815149241,250,230,dummy-486
816770.492180193,250,230,dummy-486
816826.346776195,250,230,dummy-486
816868.15865627,250,230,dummy-673
816898.142259565,250,230,dummy-673
816925.939334186,250,230,dummy-673
816931.508103878,250,230,dummy-673
816720.532568146,250,230,dummy-738
816813.299939531,250,230,dummy-738
816814.400271023,250,230,dummy-738
816842.3255711,250,230,dummy-738
816844.729973783,250,230,dummy-738
816887.335056513,250,230,dummy-738
816888.769605235,250,230,dummy-738
816915.208903713,250,230,dummy-738
816919.112736778,250,230,dummy-738
816732.979168256,250,230,dummy-670
816782.085572689,250,230,dummy-670
816879.652340734,250,230,dummy-670
816927.388709957,250,230,dummy-670
816679.149179394,250,230,dummy-288
816865.916751141,250,230,dummy-288
816959.432438358,250,230,dummy-288
816715.906260404,250,230,dummy-294
816833.187668856,250,230,dummy-294
816911.7435762,250,230,dummy-294
816782.915390915,250,230,dummy-394
816809.773636554,250,230,dummy-394
816854.491688334,250,230,dummy-394
816748.16622908,250,230,dummy-91
816888.66948399,250,230,dummy-91
816748.835268296,250,230,dummy-353
816753.237214393,250,230,dummy-353
816813.35328377,250,230,dummy-353
816889.130782307,250,230,dummy-353
816928.490706637,250,230,dummy-353
816867.166354248,250,230,dummy-93
816891.184767813,250,230,dummy-93
816923.415225924,250,230,dummy-93
816665.179710166,250,230,dummy-631
816695.13634062,250,230,dummy-455
816791.683225895,250,230,dummy-455
816843.397778658,250,230,dummy-455
816851.055176978,250,230,dummy-455
816906.618873242,250,230,dummy-455
816776.351849201,250,230,dummy-57
816823.401977651,250,230,dummy-57
816859.900141847,250,230,dummy-57
816865.008031953,250,230,dummy-57
816711.995497163,250,230,dummy-332
816740.604250886,250,230,dummy-332
816671.176248614,250,230,dummy-119
816770.332978431,250,230,dummy-119
816798.141215016,250,230,dummy-119
816798.14744195,250,230,dummy-119
816821.616005242,250,230,dummy-119
816857.656690522,250,230,dummy-119
816918.769741509,250,230,dummy-119
816961.382125076,250,230,dummy-119
816689.394692494,250,230,dummy-255
816714.059311238,250,230,dummy-255
816716.066804119,250,230,dummy-255
816720.486126188,250,230,dummy-255
816757.966817878,250,230,dummy-255
816875.497008205,250,230,dummy-255
816891.841582388,250,230,dummy-255
816810.731582841,250,230,dummy-705
816833.563350859,250,230,dummy-705
816845.815381637,250,230,dummy-705
816883.79818727,250,230,dummy-705
816760.225505398,250,230,dummy-401
816804.71984539,250,230,dummy-401
816892.842456541,250,230,dummy-401
816961.499219655,250,230,dummy-401
816663.096959082,250,230,dummy-279
816685.569448524,250,230,dummy-279
816704.81741605,250,230,dummy-279
816730.691982418,250,230,dummy-279
816903.556031509,250,230,dummy-279
816930.651423874,250,230,dummy-279
816733.992329483,250,230,dummy-590
816816.35025769,250,230,dummy-590
816824.964167601,250,230,dummy-590
816851.209571628,250,230,dummy-590
816878.176160156,250,230,dummy-590
816907.767740523,250,230,dummy-590
816850.231673061,250,230,dummy-682
816702.15432001,250,230,dummy-194
816710.939291286,250,230,dummy-194
816832.648213572,250,230,dummy-194
816840.922956204,250,230,dummy-194
816706.948264337,250,230,dummy-128
816842.557521584,250,230,dummy-128
816690.864768224,250,230,dummy-35
816715.564646742,250,230,dummy-35
816723.799684698,250,230,dummy-35
816732.327351084,250,230,dummy-35
816807.154709937,250,230,dummy-35
816910.16523208,250,230,dummy-35
816921.790493758,250,230,dummy-35
816943.701569462,250,230,dummy-35
816918.582571128,250,230,dummy-76
816663.033813561,250,230,dummy-617
816753.11926207,250,230,dummy-617
816774.651607469,250,230,dummy-617
816678.909597829,250,230,dummy-425
816782.356315765,250,230,dummy-425
816879.010823679,250,230,dummy-425
816886.655992252,250,230,dummy-425
816950.816827372,250,230,dummy-425
816800.348156969,250,230,dummy-603
816872.77353015,250,230,dummy-603
816928.140217275,250,230,dummy-603
816706.83358331,250,230,dummy-58
816841.9237101,250,230,dummy-58
816960.850261625,250,230,dummy-58
816763.195834039,250,230,dummy-126
816788.425415575,250,230,dummy-126
816801.567997931,250,230,dummy-126
816829.567641776,250,230,dummy-126
816852.141163764,250,230,dummy-126
816901.679722502,250,230,dummy-126
816903.700887845,250,230,dummy-126
816930.5312101,250,230,dummy-126
816770.519632538,250,230,dummy-129
816772.821801212,250,230,dummy-129
816786.016719401,250,230,dummy-129
816861.160646887,250,230,dummy-129
816821.274014058,250,230,dummy-104
816827.293075367,250,230,dummy-104
816691.769407236,250,230,dummy-64
816757.094810381,250,230,dummy-64
816815.286609948,250,230,dummy-64
816885.65568227,250,230,dummy-64
816757.790355511,250,230,dummy-276
816862.086917233,250,230,dummy-276
816918.836771204,250,230,dummy-276
816773.955955761,250,230,dummy-341
816804.278478088,250,230,dummy-341
816825.939853597,250,230,dummy-341
816884.385875537,250,230,dummy-341
816886.167575209,250,230,dummy-341
816899.434643867,250,230,dummy-341
816734.448043447,250,230,dummy-100
816792.299029282,250,230,dummy-100
816806.197613377,250,230,dummy-100
816842.654809754,250,230,dummy-100
816855.651733721,250,230,dummy-100
816952.024193896,250,230,dummy-100
816803.979854373,250,230,dummy-758
816839.108216302,250,230,dummy-758
816667.533283012,250,230,dummy-397
816745.292066059,250,230,dummy-397
816900.644326502,250,230,dummy-397
816908.512342751,250,230,dummy-397
816913.449918638,250,230,dummy-397
816954.252347594,250,230,dummy-397
816721.746361452,250,230,dummy-370
816729.87508124,250,230,dummy-547
816960.75773005,250,230,dummy-547
816804.431623317,250,230,dummy-382
816916.881742169,250,230,dummy-382
816931.102852653,250,230,dummy-382
816721.775550707,250,230,dummy-544
816747.833076553,250,230,dummy-544
816756.841952021,250,230,dummy-544
816773.575318477,250,230,dummy-544
816831.038554687,250,230,dummy-544
816858.040942382,250,230,dummy-544
816704.309861127,250,230,dummy-481
816791.721216708,250,230,dummy-481
816850.966834334,250,230,dummy-481
816911.643450836,250,230,dummy-481
816914.837952296,250,230,dummy-481
816667.190777759,250,230,dummy-373
816701.894126033,250,230,dummy-373
816732.343051319,250,230,dummy-373
816794.109237022,250,230,dummy-373
816828.597493261,250,230,dummy-373
816839.262516745,250,230,dummy-373
816695.740468505,250,230,dummy-602
816868.781962969,250,230,dummy-602
816899.385414269,250,230,dummy-602
816932.333759445,250,230,dummy-602
816808.306315274,250,230,dummy-752
816900.463223499,250,230,dummy-752
816962.642832442,250,230,dummy-4
816664.693291061,250,230,dummy-628
816708.918159627,250,230,dummy-628
816796.217050207,250,230,dummy-628
816898.772282928,250,230,dummy-628
816907.0448718,250,230,dummy-628
816685.142619752,250,230,dummy-138
816888.939867456,250,230,dummy-138
816923.235202961,250,230,dummy-138
816918.537394606,250,230,dummy-44
816684.763816297,250,230,dummy-742
816702.342217817,250,230,dummy-742
816782.748718264,250,230,dummy-742
816838.333966586,250,230,dummy-742
816865.490675559,250,230,dummy-742
816951.983918037,250,230,dummy-742
816664.040889094,250,230,dummy-605
816784.509732648,250,230,dummy-605
816932.590569672,250,230,dummy-605
816665.413988771,250,230,dummy-393
816705.194383298,250,230,dummy-393
816770.955600112,250,230,dummy-393
816936.85406122,250,230,dummy-393
816663.663843792,250,230,dummy-516
816868.528168896,250,230,dummy-516
816952.975710494,250,230,dummy-516
816664.271528681,250,230,dummy-671
816672.916121659,250,230,dummy-671
816703.363933851,250,230,dummy-671
816742.699646733,250,230,dummy-671
816785.517171684,250,230,dummy-671
816790.500405443,250,230,dummy-671
816824.012648619,250,230,dummy-671
816882.159484246,250,230,dummy-671
816917.553987785,250,230,dummy-671
816931.711119491,250,230,dummy-671
816931.851345304,250,230,dummy-671
816936.903728535,250,230,dummy-671
816927.91469693,250,230,dummy-633
816749.066732965,250,230,dummy-662
816758.589832425,250,230,dummy-662
816776.857865075,250,230,dummy-662
816894.274173377,250,230,dummy-716
816721.569419267,250,230,dummy-429
816785.141663981,250,230,dummy-429
816924.119207124,250,230,dummy-429
816953.178293602,250,230,dummy-429
816905.438091874,250,230,dummy-287
816923.307820571,250,230,dummy-287
816699.505758318,250,230,dummy-649
816710.465785133,250,230,dummy-649
816720.595104774,250,230,dummy-649
816749.506771938,250,230,dummy-649
816828.93088947,250,230,dummy-649
816872.357398513,250,230,dummy-649
816878.693999291,250,230,dummy-649
816688.900702061,250,230,dummy-698
816694.54271194,250,230,dummy-698
816852.476782951,250,230,dummy-698
816869.454269653,250,230,dummy-698
816912.400739824,250,230,dummy-698
816685.944959345,250,230,dummy-554
816717.132627097,250,230,dummy-554
816700.217213495,250,230,dummy-83
816825.743745222,250,230,dummy-83
816918.759632755,250,230,dummy-83
816941.093788688,250,230,dummy-83
816712.547595907,250,230,dummy-684
816714.275759891,250,230,dummy-684
816800.708577185,250,230,dummy-684
816937.755931782,250,230,dummy-684
816674.027564901,250,230,dummy-147
816707.820252315,250,230,dummy-147
816774.910635102,250,230,dummy-147
816792.959814319,250,230,dummy-147
816795.005237654,250,230,dummy-147
816856.609371456,250,230,dummy-147
816905.078426009,250,230,dummy-147
816778.686248853,250,230,dummy-722
816813.036994428,250,230,dummy-722
816670.909875626,250,230,dummy-148
816846.811537182,250,230,dummy-148
816855.138793601,250,230,dummy-148
816699.794414916,250,230,dummy-264
816699.960593792,250,230,dummy-264
816732.051908846,250,230,dummy-264
816930.607394375,250,230,dummy-264
816934.420785858,250,230,dummy-264
816751.912748087,250,230,dummy-244
816800.003628091,250,230,dummy-244
816887.537507876,250,230,dummy-244
816897.935529611,250,230,dummy-244
816672.573408002,250,230,dummy-267
816696.330089021,250,230,dummy-267
816697.707346636,250,230,dummy-267
816743.844767258,250,230,dummy-267
816777.09912601,250,230,dummy-267
816825.597085913,250,230,dummy-267
816683.905243732,250,230,dummy-727
816736.618198913,250,230,dummy-727
816739.091744635,250,230,dummy-727
816812.651989847,250,230,dummy-727
816824.290213096,250,230,dummy-548
816850.962564341,250,230,dummy-548
816724.08796965,250,230,dummy-231
816738.816505916,250,230,dummy-231
816802.874332657,250,230,dummy-231
816878.303848447,250,230,dummy-231
816927.860522752,250,230,dummy-231
816889.653297466,250,230,dummy-50
816666.5602029,250,230,dummy-167
816799.152662603,250,230,dummy-167
816887.35880895,250,230,dummy-167
816676.874898088,250,230,dummy-29
816681.560690722,250,230,dummy-29
816711.343351169,250,230,dummy-29
816779.536025779,250,230,dummy-29
816672.560801325,250,230,dummy-418
816685.356602121,250,230,dummy-418
816750.885592434,250,230,dummy-418
816800.492347345,250,230,dummy-418
816853.830139263,250,230,dummy-418
816912.272281465,250,230,dummy-418
816945.748741642,250,230,dummy-418
816947.93793171,250,230,dummy-418
816788.231510412,250,230,dummy-68
816909.684776178,250,230,dummy-68
816681.556107841,250,230,dummy-619
816721.789462843,250,230,dummy-619
816847.901702768,250,230,dummy-619
816851.441482699,250,230,dummy-619
816868.384079094,250,230,dummy-619
816866.923010925,250,230,dummy-75
816752.94434534,250,230,dummy-395
816758.458780725,250,230,dummy-395
816758.757017357,250,230,dummy-395
816782.335651486,250,230,dummy-395
816957.358261008,250,230,dummy-395
816770.348808557,250,230,dummy-127
816682.745056002,250,230,dummy-94
816716.657302613,250,230,dummy-94
816736.105355323,250,230,dummy-133
816771.039843709,250,230,dummy-133
816868.630088123,250,230,dummy-133
816933.883046688,250,230,dummy-133
816942.127515194,250,230,dummy-133
816949.398835582,250,230,dummy-133
816678.918058869,250,230,dummy-480
816682.065901363,250,230,dummy-480
816817.144399102,250,230,dummy-480
816731.65613689,250,230,dummy-72
816857.466937909,250,230,dummy-72
816901.670176403,250,230,dummy-72
816699.375238512,250,230,dummy-561
816827.587622719,250,230,dummy-686
816891.097635389,250,230,dummy-686
816913.468921719,250,230,dummy-686
816919.863773754,250,230,dummy-686
816742.041972918,250,230,dummy-564
816794.517103456,250,230,dummy-564
816932.282533233,250,230,dummy-564
816676.615422247,250,230,dummy-361
816877.235235078,250,230,dummy-361
816960.353714416,250,230,dummy-361
816739.683326169,250,230,dummy-184
816864.486464245,250,230,dummy-184
816669.441250309,250,230,dummy-645
816721.661603728,250,230,dummy-645
816829.315786616,250,230,dummy-645
816836.946465952,250,230,dummy-645
816957.063121751,250,230,dummy-645
816667.549664519,250,230,dummy-762
816694.78896637,250,230,dummy-762
816771.70444429,250,230,dummy-762
816846.571977579,250,230,dummy-762
816821.200526468,250,230,dummy-165
816909.59947049,250,230,dummy-165
816924.732959507,250,230,dummy-158
816874.658278016,250,230,dummy-444
816667.690546285,250,230,dummy-764
816677.232634616,250,230,dummy-764
816744.10389572,250,230,dummy-764
816789.79893671,250,230,dummy-764
816854.352414285,250,230,dummy-764
816889.211828102,250,230,dummy-764
816936.702584174,250,230,dummy-764
816961.417950608,250,230,dummy-764
816745.344785919,250,230,dummy-271
816847.273725777,250,230,dummy-271
816891.343894746,250,230,dummy-271
816894.36324632,250,230,dummy-271
816676.69393583,250,230,dummy-593
816709.268903456,250,230,dummy-593
816735.340558352,250,230,dummy-593
816691.26146706,250,230,dummy-417
816714.931811215,250,230,dummy-417
816805.466545927,250,230,dummy-417
816904.046153084,250,230,dummy-417
816696.539677999,250,230,dummy-579
816760.856934303,250,230,dummy-579
816900.633370745,250,230,dummy-579
816925.55745001,250,230,dummy-579
816962.232692221,250,230,dummy-579
816739.198259086,250,230,dummy-663
816857.448259429,250,230,dummy-663
816725.488378965,250,230,dummy-21
816743.467720155,250,230,dummy-21
816801.2716856,250,230,dummy-21
816898.843849681,250,230,dummy-21
816901.621287923,250,230,dummy-21
816736.578518862,250,230,dummy-139
816705.511897127,250,230,dummy-79
816732.54419372,250,230,dummy-79
816726.39051455,250,230,dummy-470
816736.468848632,250,230,dummy-470
816772.105529872,250,230,dummy-470
816846.671552867,250,230,dummy-470
816848.666067471,250,230,dummy-470
816945.610885222,250,230,dummy-470
816947.483801029,250,230,dummy-470
816675.099800202,250,230,dummy-124
816742.219743578,250,230,dummy-124
816900.984958355,250,230,dummy-124
816951.999646129,250,230,dummy-124
816869.052147272,250,230,dummy-60
816886.826613882,250,230,dummy-60
816941.858792383,250,230,dummy-60
816917.755162698,250,230,dummy-739
816744.336919597,250,230,dummy-592
816745.928862973,250,230,dummy-592
816681.562832185,250,230,dummy-763
816783.009171655,250,230,dummy-763
816818.205228839,250,230,dummy-763
816861.909545276,250,230,dummy-763
816962.619097703,250,230,dummy-763
816773.240857509,250,230,dummy-721
816838.135054661,250,230,dummy-721
816862.670978085,250,230,dummy-721
816894.783629048,250,230,dummy-721
816946.181957337,250,230,dummy-721
816690.363465467,250,230,dummy-99
816735.350153854,250,230,dummy-99
816796.006918568,250,230,dummy-99
816801.245205305,250,230,dummy-99
816908.992223421,250,230,dummy-99
816934.859253979,250,230,dummy-99
816701.408200759,250,230,dummy-511
816781.815271221,250,230,dummy-511
816845.594654475,250,230,dummy-511
816846.969323065,250,230,dummy-511
816912.379993455,250,230,dummy-511
816668.615498791,250,230,dummy-747
816743.069706772,250,230,dummy-747
816777.566514105,250,230,dummy-747
816755.122425442,250,230,dummy-293
816781.565519269,250,230,dummy-293
816883.083311786,250,230,dummy-293
816890.911457245,250,230,dummy-293
816908.170064597,250,230,dummy-293
816928.027678771,250,230,dummy-293
816929.143277977,250,230,dummy-293
816929.888053588,250,230,dummy-293
816957.648043377,250,230,dummy-293
816732.330727512,250,230,dummy-278
816792.153737616,250,230,dummy-278
816821.021678041,250,230,dummy-278
816870.770390141,250,230,dummy-278
816665.432041659,250,230,dummy-611
816687.617016832,250,230,dummy-611
816730.048041104,250,230,dummy-611
816739.073522322,250,230,dummy-611
816780.579593942,250,230,dummy-611
816684.454831218,250,230,dummy-281
816908.417044377,250,230,dummy-281
816926.023799964,250,230,dummy-281
816696.845120166,250,230,dummy-411
816837.735354914,250,230,dummy-411
816849.975564331,250,230,dummy-411
816879.907642971,250,230,dummy-411
816897.600726596,250,230,dummy-411
816667.669115738,250,230,dummy-583
816833.641620074,250,230,dummy-583
816833.714497732,250,230,dummy-583
816839.504973842,250,230,dummy-583
816900.095796204,250,230,dummy-583
816904.688897602,250,230,dummy-583
816700.844641223,250,230,dummy-81
816726.755736027,250,230,dummy-81
816816.340353925,250,230,dummy-81
816826.006973035,250,230,dummy-81
816896.387165273,250,230,dummy-81
816951.059249116,250,230,dummy-81
816702.617645485,250,230,dummy-220
816747.028798172,250,230,dummy-220
816944.622363868,250,230,dummy-220
816688.167146324,250,230,dummy-525
816925.524386504,250,230,dummy-525
816757.071583968,250,230,dummy-48
816873.769474239,250,230,dummy-48
816879.850848258,250,230,dummy-48
816951.930511449,250,230,dummy-48
816744.275678432,250,230,dummy-529
816776.19074895,250,230,dummy-529
816803.004774546,250,230,dummy-529
816866.11321723,250,230,dummy-529
816912.758777367,250,230,dummy-489
816672.96570902,250,230,dummy-577
816720.340067107,250,230,dummy-577
816841.906321466,250,230,dummy-577
816763.666225327,250,230,dummy-118
816793.664642018,250,230,dummy-118
816826.726407786,250,230,dummy-118
816870.665766731,250,230,dummy-118
816665.957720101,250,230,dummy-594
816747.624778256,250,230,dummy-594
816765.366433194,250,230,dummy-594
816679.297050559,250,230,dummy-743
816711.70337752,250,230,dummy-743
816767.493135336,250,230,dummy-743
816885.626940167,250,230,dummy-743
816813.930306721,250,230,dummy-54
816815.484933231,250,230,dummy-54
816672.724597507,250,230,dummy-336
816689.142553252,250,230,dummy-336
816919.522264072,250,230,dummy-336
816664.801746097,250,230,dummy-32
816731.9892262,250,230,dummy-32
816902.406873914,250,230,dummy-32
816668.199931455,250,230,dummy-651
816686.881448214,250,230,dummy-651
816785.573968047,250,230,dummy-651
816861.886361162,250,230,dummy-651
816954.432195772,250,230,dummy-651
816781.716381185,250,230,dummy-180
816891.613840379,250,230,dummy-180
816932.095990603,250,230,dummy-180
816711.064724868,250,230,dummy-322
816805.733954646,250,230,dummy-322
816847.813328536,250,230,dummy-322
816942.708005932,250,230,dummy-322
816664.238806492,250,230,dummy-537
816812.286913595,250,230,dummy-537
816954.136426608,250,230,dummy-537
816756.62207587,250,230,dummy-502
816909.839573866,250,230,dummy-502
816686.078597515,250,230,dummy-238
816706.944194119,250,230,dummy-238
816710.309182016,250,230,dummy-238
816959.231099794,250,230,dummy-238
816720.005935444,250,230,dummy-731
816958.521658237,250,230,dummy-731
816684.512475585,250,230,dummy-661
816740.981528576,250,230,dummy-661
816848.18161939,250,230,dummy-661
816886.094151025,250,230,dummy-661
816922.768136822,250,230,dummy-661
816944.781152629,250,230,dummy-661
816672.027567526,250,230,dummy-607
816698.624371511,250,230,dummy-607
816887.980097318,250,230,dummy-607
816698.421826629,250,230,dummy-380
816745.003994643,250,230,dummy-380
816862.505275228,250,230,dummy-380
816691.059437344,250,230,dummy-96
816743.955090275,250,230,dummy-96
816764.75153505,250,230,dummy-96
816790.297756422,250,230,dummy-96
816889.117118962,250,230,dummy-96
816898.247408728,250,230,dummy-96
816750.788233608,250,230,dummy-719
816750.818367905,250,230,dummy-719
816776.405927842,250,230,dummy-719
816792.406951024,250,230,dummy-719
816835.577538857,250,230,dummy-719
816861.122743721,250,230,dummy-719
816959.518457004,250,230,dummy-490
816961.504914662,250,230,dummy-490
816750.418439562,250,230,dummy-726
816779.819670676,250,230,dummy-726
816789.867093254,250,230,dummy-726
816892.285128407,250,230,dummy-726
816722.273469776,250,230,dummy-492
816729.275727978,250,230,dummy-492
816840.352595954,250,230,dummy-492
816959.638034166,250,230,dummy-492
816937.998312483,250,230,dummy-615
816938.658001245,250,230,dummy-615
816707.941043514,250,230,dummy-568
816755.770714488,250,230,dummy-86
816892.105295269,250,230,dummy-86
816788.995059805,250,230,dummy-222
816838.410706287,250,230,dummy-222
816893.062345572,250,230,dummy-222
816706.804217033,250,230,dummy-359
816740.567488565,250,230,dummy-359
816945.849459676,250,230,dummy-359
816690.963178727,250,230,dummy-676
816692.052672366,250,230,dummy-676
816735.444181963,250,230,dummy-676
816865.031622261,250,230,dummy-676
816687.898850039,250,230,dummy-520
816799.846603329,250,230,dummy-520
816841.879751952,250,230,dummy-520
816844.739326923,250,230,dummy-520
816915.892763603,250,230,dummy-520
816681.915423765,250,230,dummy-350
816786.005574012,250,230,dummy-350
816890.638154953,250,230,dummy-350
816916.323663508,250,230,dummy-350
816934.413999798,250,230,dummy-350
816797.146464327,250,230,dummy-84
816914.374593887,250,230,dummy-84
816675.50776523,250,230,dummy-61
816754.560521546,250,230,dummy-61
816795.489534521,250,230,dummy-61
816671.155032352,250,230,dummy-507
816765.931139449,250,230,dummy-507
816817.755139401,250,230,dummy-507
816877.831739893,250,230,dummy-507
816893.660302661,250,230,dummy-507
816676.952911089,250,230,dummy-379
816685.067911749,250,230,dummy-379
816756.604527999,250,230,dummy-379
816897.649512483,250,230,dummy-379
816915.99069814,250,230,dummy-379
816767.503996971,250,230,dummy-323
816830.312303508,250,230,dummy-323
816852.684158438,250,230,dummy-323
816939.504747725,250,230,dummy-323
816960.01042098,250,230,dummy-323
816840.602895934,250,230,dummy-5
816859.987995812,250,230,dummy-5
816907.771079651,250,230,dummy-5
816962.107252174,250,230,dummy-5
816712.955460323,250,230,dummy-207
816745.065593986,250,230,dummy-207
816862.264883552,250,230,dummy-207
