arrival_time,input_tokens,output_tokens,adapter
816677.744770212,250,230,dummy-715
816687.997429046,250,230,dummy-715
816717.513155669,250,230,dummy-715
816805.523290181,250,230,dummy-715
816900.866999383,250,230,dummy-715
816684.855805863,250,230,dummy-644
816698.42315119,250,230,dummy-644
816738.788150773,250,230,dummy-644
816783.934646158,250,230,dummy-644
816824.191338644,250,230,dummy-644
816859.753274475,250,230,dummy-644
816878.245420263,250,230,dummy-644
816908.867884703,250,230,dummy-644
816650.196963069,250,230,dummy-109
816759.590320529,250,230,dummy-109
816808.02635877,250,230,dummy-109
816937.207940865,250,230,dummy-109
816676.77191487,250,230,dummy-270
816673.511167283,250,230,dummy-760
816697.180917105,250,230,dummy-760
816787.716100502,250,230,dummy-760
816886.295867242,250,230,dummy-760
816852.159063494,250,230,dummy-408
816891.552577838,250,230,dummy-408
816687.760776504,250,230,dummy-376
816714.791772446,250,230,dummy-376
816740.492739947,250,230,dummy-754
816761.533187956,250,230,dummy-754
816906.815114649,250,230,dummy-754
816645.347450924,250,230,dummy-512
816667.819275141,250,230,dummy-512
816687.066880497,250,230,dummy-512
816712.942321842,250,230,dummy-512
816885.805033674,250,230,dummy-512
816912.900447661,250,230,dummy-512
816694.047924559,250,230,dummy-192
816804.323087281,250,230,dummy-192
816843.548701758,250,230,dummy-192
816851.295169984,250,230,dummy-192
816894.819049067,250,230,dummy-192
816721.880912363,250,230,dummy-643
816820.927644326,250,230,dummy-643
816837.627547171,250,230,dummy-643
816838.809674874,250,230,dummy-643
816880.485649835,250,230,dummy-643
816887.311143546,250,230,dummy-643
816658.196554134,250,230,dummy-381
816692.437673277,250,230,dummy-381
816757.265550753,250,230,dummy-381
816811.220400862,250,230,dummy-381
816752.703760303,250,230,dummy-65
816784.249534144,250,230,dummy-65
816817.979451417,250,230,dummy-65
816870.076810881,250,230,dummy-65
816732.66851865,250,230,dummy-692
816762.06859834,250,230,dummy-692
816772.115672312,250,230,dummy-692
816874.534042528,250,230,dummy-692
816734.163026666,250,230,dummy-740
816782.253643688,250,230,dummy-740
816869.787454073,250,230,dummy-740
816880.185651664,250,230,dummy-740
816715.601967749,250,230,dummy-476
816851.662617878,250,230,dummy-476
816709.243532632,250,230,dummy-504
816733.28978163,250,230,dummy-504
816814.659689809,250,230,dummy-504
816920.245829848,250,230,dummy-504
816666.761385477,250,230,dummy-190
816723.230304829,250,230,dummy-190
816830.430368138,250,230,dummy-190
816868.344089748,250,230,dummy-190
816905.017469453,250,230,dummy-190
816927.029951384,250,230,dummy-190
816694.484817597,250,230,dummy-585
816758.161214178,250,230,dummy-585
816789.182567121,250,230,dummy-585
816808.780980505,250,230,dummy-585
816911.866231729,250,230,dummy-585
816656.432877578,250,230,dummy-391
816817.19481351,250,230,dummy-391
816649.782697584,250,230,dummy-226
816727.542097985,250,230,dummy-226
816882.894819701,250,230,dummy-226
816890.762912158,250,230,dummy-226
816895.700339783,250,230,dummy-226
816936.503566928,250,230,dummy-226
816652.596019361,250,230,dummy-725
816788.606117297,250,230,dummy-725
816797.216036975,250,230,dummy-725
816859.144341841,250,230,dummy-725
816904.480174688,250,230,dummy-725
816912.142465057,250,230,dummy-725
816942.561033234,250,230,dummy-725
816756.068653279,250,230,dummy-549
816914.407156064,250,230,dummy-549
816648.740738142,250,230,dummy-187
816686.65011658,250,230,dummy-187
816723.293244237,250,230,dummy-187
816912.871844465,250,230,dummy-187
816915.132876098,250,230,dummy-187
816906.451519981,250,230,dummy-268
816925.302320795,250,230,dummy-268
816670.959791885,250,230,dummy-600
816682.182550351,250,230,dummy-90
816932.292524168,250,230,dummy-90
816698.53569415,250,230,dummy-73
816713.195664882,250,230,dummy-73
816767.014230763,250,230,dummy-73
816777.018911173,250,230,dummy-73
816658.908027121,250,230,dummy-487
816669.146033804,250,230,dummy-487
816672.744557334,250,230,dummy-487
816724.343305551,250,230,dummy-487
816752.678076278,250,230,dummy-487
816753.947520236,250,230,dummy-487
816763.628266497,250,230,dummy-573
816893.170396341,250,230,dummy-573
816935.562988651,250,230,dummy-573
816658.971277201,250,230,dummy-25
816668.826780606,250,230,dummy-25
816689.595846192,250,230,dummy-25
816768.525390941,250,230,dummy-25
816769.024058847,250,230,dummy-25
816851.718431386,250,230,dummy-25
816908.505509708,250,230,dummy-25
816934.516702243,250,230,dummy-25
816935.627997833,250,230,dummy-25
816686.347035583,250,230,dummy-632
816698.000940941,250,230,dummy-632
816870.5841645,250,230,dummy-632
816815.870273418,250,230,dummy-252
816839.891973446,250,230,dummy-252
816703.383585171,250,230,dummy-152
816709.645436068,250,230,dummy-152
816714.602626204,250,230,dummy-152
816936.619752514,250,230,dummy-152
816939.66836453,250,230,dummy-152
816800.636483942,250,230,dummy-224
816825.48328347,250,230,dummy-224
816891.083806799,250,230,dummy-224
816807.04393632,250,230,dummy-608
816874.994026919,250,230,dummy-608
816704.425674236,250,230,dummy-485
816717.183053416,250,230,dummy-485
816817.01595023,250,230,dummy-485
816668.452095532,250,230,dummy-285
816726.329922942,250,230,dummy-285
816761.781876473,250,230,dummy-285
816768.760694017,250,230,dummy-285
816829.52034145,250,230,dummy-285
816770.481098959,250,230,dummy-768
816891.934756453,250,230,dummy-768
816825.570948772,250,230,dummy-28
816895.861749313,250,230,dummy-28
816659.124400926,250,230,dummy-443
816663.809642137,250,230,dummy-443
816693.592938082,250,230,dummy-443
816761.785343684,250,230,dummy-443
816670.988424752,250,230,dummy-755
816722.000126657,250,230,dummy-755
816805.907648317,250,230,dummy-755
816866.170005087,250,230,dummy-755
816874.964558459,250,230,dummy-755
816734.002902872,250,230,dummy-553
816776.91257997,250,230,dummy-553
816815.113684474,250,230,dummy-553
816822.172851804,250,230,dummy-553
816826.587317152,250,230,dummy-553
816833.154268241,250,230,dummy-553
816656.009089872,250,230,dummy-757
816761.274429512,250,230,dummy-757
816834.615506507,250,230,dummy-757
816854.737192716,250,230,dummy-757
816674.881927879,250,230,dummy-610
816944.264568072,250,230,dummy-610
816660.809081585,250,230,dummy-672
816725.521660681,250,230,dummy-672
816712.482195636,250,230,dummy-478
816740.5750978,250,230,dummy-478
816690.933204628,250,230,dummy-597
816699.784716355,250,230,dummy-597
816700.934082743,250,230,dummy-597
816817.88319735,250,230,dummy-597
816856.20216876,250,230,dummy-597
816909.949842338,250,230,dummy-597
816912.493690565,250,230,dummy-597
816742.332589726,250,230,dummy-182
816773.385963439,250,230,dummy-182
816859.771456854,250,230,dummy-182
816873.807500309,250,230,dummy-182
816942.913470741,250,230,dummy-182
816650.864801023,250,230,dummy-665
816725.320758444,250,230,dummy-665
816759.81751236,250,230,dummy-665
816715.622135812,250,230,dummy-761
816832.866527268,250,230,dummy-761
816852.373615267,250,230,dummy-761
816941.910017486,250,230,dummy-761
816649.800236058,250,230,dummy-172
816677.038942111,250,230,dummy-172
816753.954003541,250,230,dummy-172
816828.822837715,250,230,dummy-172
816674.019031166,250,230,dummy-205
816739.345058351,250,230,dummy-205
816797.536850309,250,230,dummy-205
816867.905919738,250,230,dummy-205
816673.30846087,250,230,dummy-410
816726.202448784,250,230,dummy-410
816747.000278363,250,230,dummy-410
816772.545836629,250,230,dummy-410
816871.364890318,250,230,dummy-410
816880.494805327,250,230,dummy-410
816689.08337522,250,230,dummy-142
816824.173675931,250,230,dummy-142
816943.100485095,250,230,dummy-142
816701.370453119,250,230,dummy-562
816723.065397143,250,230,dummy-562
816777.086167855,250,230,dummy-562
816789.661323998,250,230,dummy-562
816807.853989839,250,230,dummy-562
816661.546869733,250,230,dummy-488
816693.953443847,250,230,dummy-488
816749.743817014,250,230,dummy-488
816867.878903136,250,230,dummy-488
816763.759323704,250,230,dummy-325
816765.893757092,250,230,dummy-325
816770.743185545,250,230,dummy-325
816661.15878471,250,230,dummy-248
816764.604709058,250,230,dummy-248
816861.25918448,250,230,dummy-248
816868.904323528,250,230,dummy-248
816933.064733078,250,230,dummy-248
816646.52077976,250,230,dummy-586
816655.164807856,250,230,dummy-586
816685.612749894,250,230,dummy-586
816724.94763492,250,230,dummy-586
816767.765764231,250,230,dummy-586
816772.74824345,250,230,dummy-586
816806.260610755,250,230,dummy-586
816864.40640092,250,230,dummy-586
816899.800441762,250,230,dummy-586
816913.957570146,250,230,dummy-586
816914.098097813,250,230,dummy-586
816919.150980281,250,230,dummy-586
816916.408453505,250,230,dummy-689
816763.966118539,250,230,dummy-169
816873.863303696,250,230,dummy-169
816914.34654073,250,230,dummy-169
816758.602199885,250,230,dummy-386
816805.652592796,250,230,dummy-386
816842.150967019,250,230,dummy-386
816847.258733735,250,230,dummy-386
816726.587174526,250,230,dummy-41
816728.179151145,250,230,dummy-41
816715.832925817,250,230,dummy-375
816733.331279002,250,230,dummy-375
816822.758455448,250,230,dummy-375
816839.901733136,250,230,dummy-375
816941.402028403,250,230,dummy-375
816650.274385615,250,230,dummy-472
816703.779029024,250,230,dummy-472
816820.38895377,250,230,dummy-472
816871.547718461,250,230,dummy-472
816663.31849583,250,230,dummy-543
816683.955021095,250,230,dummy-543
816812.812450626,250,230,dummy-543
816822.387241569,250,230,dummy-543
816940.872737675,250,230,dummy-543
816687.224525901,250,230,dummy-580
816724.127226167,250,230,dummy-580
816779.329281763,250,230,dummy-580
816806.456908054,250,230,dummy-580
816848.164150667,250,230,dummy-580
816854.56401211,250,230,dummy-580
816929.722956555,250,230,dummy-580
816669.609526377,250,230,dummy-249
816678.706508454,250,230,dummy-249
816755.080482028,250,230,dummy-249
816877.701121672,250,230,dummy-249
816722.883212,250,230,dummy-356
816889.528574719,250,230,dummy-356
816902.343558632,250,230,dummy-356
816932.270355799,250,230,dummy-356
816934.305465503,250,230,dummy-356
816796.179963071,250,230,dummy-473
816797.734480022,250,230,dummy-473
816689.997768425,250,230,dummy-14
816808.713990041,250,230,dummy-14
816809.978823448,250,230,dummy-14
816899.01931133,250,230,dummy-14
816937.16431325,250,230,dummy-14
816710.173291559,250,230,dummy-159
816718.767888291,250,230,dummy-159
816903.270078331,250,230,dummy-159
816749.929804738,250,230,dummy-216
816776.708900733,250,230,dummy-572
816801.666474307,250,230,dummy-572
816862.103148248,250,230,dummy-572
816923.814298525,250,230,dummy-572
816695.205836059,250,230,dummy-430
816727.315650035,250,230,dummy-430
816844.515297414,250,230,dummy-430
816682.346451644,250,230,dummy-223
816786.668590824,250,230,dummy-223
816802.887795848,250,230,dummy-223
816813.438021673,250,230,dummy-223
816826.462924532,250,230,dummy-647
816756.205427743,250,230,dummy-469
816786.527659218,250,230,dummy-469
816808.188204368,250,230,dummy-469
816866.634487188,250,230,dummy-469
816868.416233902,250,230,dummy-469
816881.682678438,250,230,dummy-469
816735.582137873,250,230,dummy-457
816824.687164119,250,230,dummy-457
816877.760201637,250,230,dummy-457
816663.806051523,250,230,dummy-688
816704.039557334,250,230,dummy-688
816830.152542309,250,230,dummy-688
816833.692363826,250,230,dummy-688
816850.635132991,250,230,dummy-688
816846.8142927,250,230,dummy-351
816902.049017532,250,230,dummy-351
816749.715021693,250,230,dummy-616
816898.589128696,250,230,dummy-616
816931.173033561,250,230,dummy-616
816661.167830863,250,230,dummy-354
816664.314967145,250,230,dummy-354
816799.393432965,250,230,dummy-354
816740.358574279,250,230,dummy-613
816798.319672853,250,230,dummy-613
816848.512065644,250,230,dummy-613
816888.028300381,250,230,dummy-613
816897.774842951,250,230,dummy-613
816657.757905304,250,230,dummy-413
816736.810137662,250,230,dummy-413
816777.740714086,250,230,dummy-413
816675.586005697,250,230,dummy-484
816692.039915074,250,230,dummy-484
816759.425715172,250,230,dummy-484
816793.57682778,250,230,dummy-484
816824.243663352,250,230,dummy-484
816852.351996731,250,230,dummy-484
816666.166844582,250,230,dummy-319
816770.863095967,250,230,dummy-319
816777.153692661,250,230,dummy-319
816897.962082065,250,230,dummy-319
816923.55653071,250,230,dummy-319
816656.276857848,250,230,dummy-340
816690.07131347,250,230,dummy-340
816757.161843794,250,230,dummy-340
816851.824258851,250,230,dummy-340
816899.343855892,250,230,dummy-340
816751.271460884,250,230,dummy-407
816897.886874048,250,230,dummy-407
816680.127538138,250,230,dummy-108
816724.203336882,250,230,dummy-108
816820.999246824,250,230,dummy-108
816866.79372345,250,230,dummy-108
816915.103284683,250,230,dummy-108
816915.260745318,250,230,dummy-108
816943.111214651,250,230,dummy-108
816646.296603548,250,230,dummy-347
816795.049486101,250,230,dummy-347
816881.771482637,250,230,dummy-347
816903.512766351,250,230,dummy-347
816925.860373366,250,230,dummy-347
816937.738004499,250,230,dummy-538
816658.864592625,250,230,dummy-648
816859.483046395,250,230,dummy-648
816942.600897952,250,230,dummy-648
816664.994380397,250,230,dummy-596
816698.906855495,250,230,dummy-596
816826.558119338,250,230,dummy-422
816849.992688476,250,230,dummy-422
816850.860349675,250,230,dummy-422
816907.017583522,250,230,dummy-422
816932.700356183,250,230,dummy-422
816737.372111073,250,230,dummy-753
816763.814539442,250,230,dummy-753
816865.333205403,250,230,dummy-753
816873.161569918,250,230,dummy-753
816890.420305696,250,230,dummy-753
816910.278100775,250,230,dummy-753
816911.393642866,250,230,dummy-753
816912.137942958,250,230,dummy-753
816939.898750681,250,230,dummy-753
816856.90828348,250,230,dummy-389
816650.375579385,250,230,dummy-372
816650.420077413,250,230,dummy-372
816655.673539402,250,230,dummy-372
816691.046693619,250,230,dummy-372
816691.421309526,250,230,dummy-372
816698.59797769,250,230,dummy-372
816836.6333034,250,230,dummy-372
816713.641705177,250,230,dummy-575
816904.431244769,250,230,dummy-575
816835.742396141,250,230,dummy-566
816927.719636869,250,230,dummy-566
816682.483432723,250,230,dummy-87
816691.643041169,250,230,dummy-87
816766.645872762,250,230,dummy-85
816774.406779246,250,230,dummy-85
816843.291744194,250,230,dummy-85
816923.432404602,250,230,dummy-85
816670.184379786,250,230,dummy-364
816691.702560949,250,230,dummy-364
816822.673970634,250,230,dummy-364
816864.472472677,250,230,dummy-364
816702.042642358,250,230,dummy-505
816799.217090357,250,230,dummy-505
816859.886512676,250,230,dummy-505
816695.862356233,250,230,dummy-545
816845.088558685,250,230,dummy-545
816893.710967994,250,230,dummy-545
816932.324689339,250,230,dummy-545
816748.847090348,250,230,dummy-298
816763.867121144,250,230,dummy-298
816903.617749704,250,230,dummy-298
816929.418074934,250,230,dummy-298
816708.301349038,250,230,dummy-414
816902.872681712,250,230,dummy-414
816918.07641605,250,230,dummy-414
816716.280886534,250,230,dummy-620
816763.078532306,250,230,dummy-620
816772.649137063,250,230,dummy-620
816877.971084352,250,230,dummy-620
816670.458269439,250,230,dummy-269
816790.965162976,250,230,dummy-269
816858.940555714,250,230,dummy-269
816868.878809725,250,230,dummy-269
816908.777451195,250,230,dummy-269
816708.766508489,250,230,dummy-524
816770.398683399,250,230,dummy-524
816790.999513811,250,230,dummy-524
816811.368905655,250,230,dummy-524
816867.38746004,250,230,dummy-524
816867.793799136,250,230,dummy-524
816884.288390668,250,230,dummy-524
816927.231092851,250,230,dummy-524
816661.887516677,250,230,dummy-30
816799.08247639,250,230,dummy-30
816880.365155908,250,230,dummy-30
816914.3572463,250,230,dummy-30
816662.785224753,250,230,dummy-551
816694.855799847,250,230,dummy-551
816703.491955497,250,230,dummy-551
816819.890549899,250,230,dummy-551
816841.177815417,250,230,dummy-551
816849.897434569,250,230,dummy-551
816855.59842251,250,230,dummy-551
816918.746529752,250,230,dummy-551
816680.098729231,250,230,dummy-506
816698.230906178,250,230,dummy-506
816797.779007125,250,230,dummy-506
816701.657670804,250,230,dummy-23
816725.537388719,250,230,dummy-23
816807.395379354,250,230,dummy-23
816855.856339574,250,230,dummy-23
816866.919904249,250,230,dummy-23
816912.500517844,250,230,dummy-23
816651.378481121,250,230,dummy-210
816755.502686997,250,230,dummy-210
816764.046322405,250,230,dummy-210
816813.049215011,250,230,dummy-210
816874.2230667,250,230,dummy-210
816899.01337147,250,230,dummy-210
816913.34456667,250,230,dummy-210
816748.323342699,250,230,dummy-508
816826.127952418,250,230,dummy-508
816856.174100174,250,230,dummy-508
816877.355211006,250,230,dummy-508
816879.398186017,250,230,dummy-508
816669.160945861,250,230,dummy-337
816838.464037345,250,230,dummy-337
816844.44904939,250,230,dummy-337
816893.906400456,250,230,dummy-337
816938.109473205,250,230,dummy-337
816650.612764903,250,230,dummy-449
816670.01953547,250,230,dummy-449
816692.363206332,250,230,dummy-449
816728.548672117,250,230,dummy-449
816765.901470202,250,230,dummy-449
816834.497041954,250,230,dummy-449
816871.111822581,250,230,dummy-449
816651.7640054,250,230,dummy-228
816655.813204746,250,230,dummy-228
816852.995109,250,230,dummy-228
816920.521923012,250,230,dummy-228
816935.896317817,250,230,dummy-228
816645.606314842,250,230,dummy-453
816665.121879967,250,230,dummy-453
816717.446286738,250,230,dummy-453
816731.541350996,250,230,dummy-345
816765.587889129,250,230,dummy-345
816834.724479558,250,230,dummy-345
816839.20852106,250,230,dummy-345
816877.048001808,250,230,dummy-178
816921.805167556,250,230,dummy-178
816849.414985134,250,230,dummy-176
816873.432500207,250,230,dummy-176
816905.662372314,250,230,dummy-176
816674.017439418,250,230,dummy-303
816774.479830099,250,230,dummy-303
816789.355508493,250,230,dummy-303
816799.123046779,250,230,dummy-303
816873.186892968,250,230,dummy-303
816905.325678727,250,230,dummy-303
816689.767901441,250,230,dummy-415
816704.657954415,250,230,dummy-415
816724.521361011,250,230,dummy-415
816795.12685214,250,230,dummy-415
816857.6323693,250,230,dummy-415
816907.661012117,250,230,dummy-415
816675.287128593,250,230,dummy-696
816688.480288558,250,230,dummy-696
816863.811104552,250,230,dummy-696
816645.084817008,250,230,dummy-503
816915.944867108,250,230,dummy-503
816942.260281669,250,230,dummy-503
816726.526036847,250,230,dummy-136
816758.440839978,250,230,dummy-136
816785.254946672,250,230,dummy-136
816848.362793893,250,230,dummy-136
816854.590524044,250,230,dummy-111
816721.932478205,250,230,dummy-717
816846.735089604,250,230,dummy-717
816683.094515387,250,230,dummy-409
816709.003803287,250,230,dummy-409
816798.58869863,250,230,dummy-409
816808.25491785,250,230,dummy-409
816878.634664092,250,230,dummy-409
816933.307509194,250,230,dummy-409
816685.63129896,250,230,dummy-471
816738.917134091,250,230,dummy-471
816761.311981873,250,230,dummy-471
816781.704550462,250,230,dummy-471
816821.514753666,250,230,dummy-471
816823.396088556,250,230,dummy-471
816839.374550636,250,230,dummy-471
816846.063521672,250,230,dummy-471
816921.699026286,250,230,dummy-471
816648.966908201,250,230,dummy-513
816747.731674744,250,230,dummy-513
816844.218733672,250,230,dummy-513
816673.554615483,250,230,dummy-311
816812.408343181,250,230,dummy-311
816864.534937669,250,230,dummy-311
816901.392957566,250,230,dummy-311
816913.582255179,250,230,dummy-311
816801.56847189,250,230,dummy-251
816821.195555441,250,230,dummy-251
816881.018195664,250,230,dummy-251
816934.130988172,250,230,dummy-251
816675.949643838,250,230,dummy-227
816734.781439189,250,230,dummy-227
816741.278800232,250,230,dummy-227
816751.103441448,250,230,dummy-227
816763.564888236,250,230,dummy-227
816828.954890405,250,230,dummy-227
816854.265865419,250,230,dummy-227
816749.97230174,250,230,dummy-197
816756.002850039,250,230,dummy-197
816784.731916099,250,230,dummy-197
816854.732241394,250,230,dummy-197
816942.242051772,250,230,dummy-197
816703.861611144,250,230,dummy-440
816766.569918072,250,230,dummy-440
816828.197083392,250,230,dummy-440
816919.686274112,250,230,dummy-440
816692.018459042,250,230,dummy-277
816762.591103527,250,230,dummy-277
816786.065354402,250,230,dummy-277
816647.325396788,250,230,dummy-110
816669.975040481,250,230,dummy-110
816723.758549896,250,230,dummy-110
816753.552968431,250,230,dummy-110
816831.5875859,250,230,dummy-110
816853.078110096,250,230,dummy-110
816898.665903533,250,230,dummy-110
816902.607856709,250,230,dummy-110
816679.248147016,250,230,dummy-38
816680.264981071,250,230,dummy-275
816715.68876069,250,230,dummy-275
816746.523490125,250,230,dummy-275
816765.130233087,250,230,dummy-275
816792.135239571,250,230,dummy-275
816812.880401945,250,230,dummy-527
816679.368357666,250,230,dummy-650
816737.919318443,250,230,dummy-650
816786.229310103,250,230,dummy-680
816821.357357724,250,230,dummy-680
816654.326677999,250,230,dummy-310
816687.524261486,250,230,dummy-310
816775.786992726,250,230,dummy-310
816778.657419611,250,230,dummy-310
816686.800744915,250,230,dummy-624
816897.261973626,250,230,dummy-624
816919.202232018,250,230,dummy-624
816927.222544863,250,230,dummy-624
816928.879310968,250,230,dummy-624
816729.691391968,250,230,dummy-24
816758.830183806,250,230,dummy-24
816835.316381994,250,230,dummy-24
816758.076711605,250,230,dummy-477
816809.872633054,250,230,dummy-477
816940.942665227,250,230,dummy-477
816700.007482358,250,230,dummy-56
816838.750816641,250,230,dummy-56
816862.971405522,250,230,dummy-56
816890.558495219,250,230,dummy-56
816688.624811294,250,230,dummy-496
816846.092056685,250,230,dummy-496
816647.406682851,250,230,dummy-699
816657.40934006,250,230,dummy-699
816735.06317836,250,230,dummy-699
816865.817869336,250,230,dummy-699
816693.738926223,250,230,dummy-346
816729.33014858,250,230,dummy-346
816742.011815017,250,230,dummy-346
816757.178686938,250,230,dummy-346
816878.002530435,250,230,dummy-346
816787.22316327,250,230,dummy-53
816808.213574712,250,230,dummy-53
816889.521857953,250,230,dummy-53
816667.56796928,250,230,dummy-467
816770.541284865,250,230,dummy-467
816785.095097329,250,230,dummy-467
816829.602185583,250,230,dummy-467
816937.989034872,250,230,dummy-467
816686.51491223,250,230,dummy-259
816894.159163949,250,230,dummy-259
816916.953501234,250,230,dummy-259
816665.292216665,250,230,dummy-482
816685.180385262,250,230,dummy-482
816686.642352471,250,230,dummy-482
816704.393947882,250,230,dummy-482
816707.385541197,250,230,dummy-482
816737.489705925,250,230,dummy-482
816775.381296247,250,230,dummy-482
816879.023372098,250,230,dummy-482
816713.83066475,250,230,dummy-20
816812.599603707,250,230,dummy-20
816915.054044652,250,230,dummy-20
816686.408370375,250,230,dummy-261
816788.322181949,250,230,dummy-261
816681.316853983,250,230,dummy-420
816761.038150146,250,230,dummy-420
816820.229902589,250,230,dummy-420
816856.159351667,250,230,dummy-420
816931.989158712,250,230,dummy-420
816700.596474445,250,230,dummy-732
816704.246048959,250,230,dummy-732
816823.536521926,250,230,dummy-732
816828.602149348,250,230,dummy-732
816842.645008071,250,230,dummy-732
816856.106453684,250,230,dummy-732
816878.589338462,250,230,dummy-732
816891.93717696,250,230,dummy-732
816933.558822889,250,230,dummy-732
816669.845451766,250,230,dummy-171
816671.540370281,250,230,dummy-171
816773.203552873,250,230,dummy-171
816788.419029757,250,230,dummy-171
816871.139538113,250,230,dummy-171
816912.094146049,250,230,dummy-171
816671.699486096,250,230,dummy-723
816682.592512981,250,230,dummy-723
816722.44145552,250,230,dummy-723
816735.476195907,250,230,dummy-723
816753.081362124,250,230,dummy-723
816818.623495951,250,230,dummy-723
816854.466835308,250,230,dummy-723
816900.089875329,250,230,dummy-723
816689.064455518,250,230,dummy-114
816752.741094674,250,230,dummy-114
816808.595801816,250,230,dummy-114
816667.710869626,250,230,dummy-122
816721.951413007,250,230,dummy-122
816752.483917241,250,230,dummy-122
816897.383069724,250,230,dummy-122
816913.341908344,250,230,dummy-122
816685.60005652,250,230,dummy-214
816714.038604982,250,230,dummy-214
816858.498591426,250,230,dummy-214
816815.330459375,250,230,dummy-465
816829.803005872,250,230,dummy-465
816868.051450527,250,230,dummy-465
816653.696785595,250,230,dummy-456
816706.555354142,250,230,dummy-456
816671.553765797,250,230,dummy-522
816706.016869688,250,230,dummy-522
816739.849264177,250,230,dummy-522
816749.134272133,250,230,dummy-522
816794.363644512,250,230,dummy-522
816918.849925884,250,230,dummy-522
816650.015204231,250,230,dummy-296
816669.121164032,250,230,dummy-296
816720.796276603,250,230,dummy-296
816808.817905244,250,230,dummy-296
816862.441608707,250,230,dummy-296
816936.355290039,250,230,dummy-296
816670.416830883,250,230,dummy-181
816907.773978129,250,230,dummy-181
816666.929533593,250,230,dummy-437
816870.62244269,250,230,dummy-501
816646.595889263,250,230,dummy-274
816660.200996175,250,230,dummy-274
816690.420169522,250,230,dummy-274
816913.202052801,250,230,dummy-274
816925.945672536,250,230,dummy-274
816685.709305565,250,230,dummy-301
816756.678220857,250,230,dummy-301
816773.276466873,250,230,dummy-301
816939.760117724,250,230,dummy-301
816813.517894527,250,230,dummy-363
816839.245840902,250,230,dummy-363
816851.287518289,250,230,dummy-363
816927.477419957,250,230,dummy-363
816698.888234012,250,230,dummy-321
816870.587973247,250,230,dummy-321
816877.445514105,250,230,dummy-237
816849.170872662,250,230,dummy-199
816682.465273227,250,230,dummy-621
816807.99197333,250,230,dummy-621
816901.006713363,250,230,dummy-621
816923.339825622,250,230,dummy-621
816731.085053229,250,230,dummy-542
816735.487048094,250,230,dummy-542
816795.603078307,250,230,dummy-542
816871.380598853,250,230,dummy-542
816910.739823873,250,230,dummy-542
816675.65575725,250,230,dummy-445
816650.448982799,250,230,dummy-515
816669.130970955,250,230,dummy-515
816767.822795765,250,230,dummy-515
816844.135050571,250,230,dummy-515
816936.680857089,250,230,dummy-515
816675.619682669,250,230,dummy-31
816684.844225211,250,230,dummy-31
816796.079913203,250,230,dummy-31
816681.293799574,250,230,dummy-225
816690.664778338,250,230,dummy-225
816708.879800265,250,230,dummy-225
816726.750988937,250,230,dummy-225
816750.605713792,250,230,dummy-225
816787.391490002,250,230,dummy-225
816818.945882949,250,230,dummy-225
816790.555892651,250,230,dummy-240
816882.712747071,250,230,dummy-240
816675.826840598,250,230,dummy-103
816757.440691829,250,230,dummy-103
816832.705798056,250,230,dummy-103
816921.322965352,250,230,dummy-103
816904.169310853,250,230,dummy-569
816651.738438268,250,230,dummy-748
816848.819102332,250,230,dummy-748
816877.834978022,250,230,dummy-748
816706.500797779,250,230,dummy-141
816706.337899789,250,230,dummy-574
816721.0660522,250,230,dummy-574
816785.123960509,250,230,dummy-574
816860.553571092,250,230,dummy-574
816910.109700175,250,230,dummy-574
816871.902580455,250,230,dummy-234
816665.145384676,250,230,dummy-720
816724.227245316,250,230,dummy-720
816736.149907897,250,230,dummy-720
816758.136273743,250,230,dummy-720
816767.64653888,250,230,dummy-720
816850.362203351,250,230,dummy-720
816870.291661991,250,230,dummy-720
816895.456553076,250,230,dummy-720
816722.689466668,250,230,dummy-454
816767.432089986,250,230,dummy-454
816768.64119469,250,230,dummy-454
816769.387712035,250,230,dummy-454
816839.148984353,250,230,dummy-454
816653.141437926,250,230,dummy-286
816690.552941296,250,230,dummy-286
816712.991324048,250,230,dummy-286
816809.838942232,250,230,dummy-286
816901.577801932,250,230,dummy-286
816909.39364743,250,230,dummy-286
816704.523574662,250,230,dummy-125
816711.524904167,250,230,dummy-125
816822.602428452,250,230,dummy-125
816941.887718664,250,230,dummy-125
816678.42053008,250,230,dummy-282
816686.872783937,250,230,dummy-282
816822.364482121,250,230,dummy-282
816893.204424285,250,230,dummy-282
816779.443936689,250,230,dummy-317
816786.390574257,250,230,dummy-317
816802.678555262,250,230,dummy-317
816828.604493522,250,230,dummy-317
816877.988154014,250,230,dummy-317
816878.616326338,250,230,dummy-317
816925.646650231,250,230,dummy-317
816933.273310586,250,230,dummy-317
816663.812962011,250,230,dummy-284
816765.259196555,250,230,dummy-284
816800.455817654,250,230,dummy-284
816844.159800778,250,230,dummy-284
816944.869443301,250,230,dummy-284
816883.547697129,250,230,dummy-39
816931.742068564,250,230,dummy-39
816736.565292025,250,230,dummy-200
816801.376527642,250,230,dummy-200
816800.163531647,250,230,dummy-121
816929.42983861,250,230,dummy-121
816812.296328576,250,230,dummy-399
816911.466645408,250,230,dummy-399
816690.139248111,250,230,dummy-13
816686.00716396,250,230,dummy-423
816710.504539982,250,230,dummy-423
816722.031957258,250,230,dummy-423
816892.321628089,250,230,dummy-423
816928.056110018,250,230,dummy-423
816703.389542788,250,230,dummy-262
816709.908576322,250,230,dummy-262
816727.087284003,250,230,dummy-262
816806.264230238,250,230,dummy-262
816817.690203717,250,230,dummy-262
816937.498863528,250,230,dummy-262
816653.81551213,250,230,dummy-640
816689.393406133,250,230,dummy-640
816693.582318833,250,230,dummy-640
816742.859104385,250,230,dummy-640
816782.184909875,250,230,dummy-640
816840.642795084,250,230,dummy-640
816881.577196519,250,230,dummy-640
816730.520824438,250,230,dummy-7
816773.732718256,250,230,dummy-7
816829.469164165,250,230,dummy-7
816894.974780666,250,230,dummy-7
816748.643883456,250,230,dummy-229
816799.341697846,250,230,dummy-229
816882.224595141,250,230,dummy-229
816893.219191002,250,230,dummy-229
816935.228533127,250,230,dummy-229
816647.909036233,250,230,dummy-559
816700.747521315,250,230,dummy-559
816766.061526206,250,230,dummy-559
816766.805758953,250,230,dummy-559
816833.2404854,250,230,dummy-292
816917.083879634,250,230,dummy-292
816931.066885432,250,230,dummy-292
816826.630288569,250,230,dummy-291
816937.105303849,250,230,dummy-291
816693.858256792,250,230,dummy-358
816696.770216243,250,230,dummy-358
816724.652731597,250,230,dummy-358
816659.787092999,250,230,dummy-433
816696.487176983,250,230,dummy-433
816838.731666877,250,230,dummy-433
816882.463415936,250,230,dummy-433
816894.046578474,250,230,dummy-433
816649.440373715,250,230,dummy-519
816684.143122469,250,230,dummy-519
816714.592006029,250,230,dummy-519
816776.358117091,250,230,dummy-519
816810.846704014,250,230,dummy-519
816821.511289564,250,230,dummy-519
816679.094800696,250,230,dummy-283
816819.984128709,250,230,dummy-283
816832.224331534,250,230,dummy-283
816862.155912766,250,230,dummy-283
816879.84905215,250,230,dummy-283
816667.014103652,250,230,dummy-694
816684.592921129,250,230,dummy-694
816765.000083747,250,230,dummy-694
816820.584689266,250,230,dummy-694
816847.740670756,250,230,dummy-694
816934.23428946,250,230,dummy-694
816685.815201264,250,230,dummy-306
816725.301844141,250,230,dummy-306
816730.233266405,250,230,dummy-306
816814.429149721,250,230,dummy-306
816831.314431653,250,230,dummy-306
816691.396700445,250,230,dummy-636
816732.490484787,250,230,dummy-636
816881.825756826,250,230,dummy-636
816806.467613808,250,230,dummy-385
816674.702888072,250,230,dummy-37
816731.97131459,250,230,dummy-37
816851.301701554,250,230,dummy-442
816869.076777289,250,230,dummy-442
816924.108685028,250,230,dummy-442
816670.148834184,250,230,dummy-46
816782.096468008,250,230,dummy-46
816824.128288958,250,230,dummy-46
816826.98787603,250,230,dummy-46
816898.140702511,250,230,dummy-46
816662.481153714,250,230,dummy-10
816690.809189927,250,230,dummy-10
816707.256343476,250,230,dummy-10
816881.888533398,250,230,dummy-10
816938.713919922,250,230,dummy-10
816656.616731051,250,230,dummy-724
816703.191938941,250,230,dummy-724
816738.383872552,250,230,dummy-724
816814.610251734,250,230,dummy-724
816882.408469268,250,230,dummy-724
816895.008124612,250,230,dummy-690
816677.670991219,250,230,dummy-213
816712.655883028,250,230,dummy-213
816762.107559371,250,230,dummy-213
816774.259612015,250,230,dummy-213
816848.579432045,250,230,dummy-213
816918.801517602,250,230,dummy-213
816818.912772274,250,230,dummy-736
816856.123528921,250,230,dummy-736
816928.028828968,250,230,dummy-736
816727.95151377,250,230,dummy-646
816798.922123097,250,230,dummy-646
816832.121994715,250,230,dummy-646
816856.237877404,250,230,dummy-646
816908.870223094,250,230,dummy-646
816710.595441095,250,230,dummy-339
816741.043164658,250,230,dummy-339
816913.806793421,250,230,dummy-339
816687.844692486,250,230,dummy-697
816728.608736418,250,230,dummy-697
816746.146943695,250,230,dummy-697
816733.818041298,250,230,dummy-483
816750.215373964,250,230,dummy-483
816866.639320861,250,230,dummy-483
816667.852131509,250,230,dummy-16
816785.854993303,250,230,dummy-16
816877.103289482,250,230,dummy-16
816899.883609003,250,230,dummy-16
816917.194542454,250,230,dummy-16
816654.02819161,250,230,dummy-539
816859.462619979,250,230,dummy-539
816665.164119042,250,230,dummy-497
816818.880686026,250,230,dummy-497
816694.245827274,250,230,dummy-342
816722.854650193,250,230,dummy-342
816680.950544782,250,230,dummy-198
816745.291795717,250,230,dummy-198
816762.320309093,250,230,dummy-198
816921.147970557,250,230,dummy-198
816651.690927432,250,230,dummy-419
816703.910991088,250,230,dummy-419
816811.564186944,250,230,dummy-419
816819.195757445,250,230,dummy-419
816939.312372496,250,230,dummy-419
816647.429689015,250,230,dummy-260
816738.020712706,250,230,dummy-242
816874.354728978,250,230,dummy-242
816706.217448472,250,230,dummy-578
816736.880781112,250,230,dummy-578
816831.967754184,250,230,dummy-578
816663.715506353,250,230,dummy-343
816761.571212331,250,230,dummy-343
816793.245439095,250,230,dummy-343
816819.29788475,250,230,dummy-343
816829.815205136,250,230,dummy-343
816903.44605223,250,230,dummy-343
816728.321165219,250,230,dummy-685
816836.194250457,250,230,dummy-685
816869.246853799,250,230,dummy-685
816736.475288141,250,230,dummy-17
816781.278826293,250,230,dummy-17
816848.456189215,250,230,dummy-17
816648.207476238,250,230,dummy-695
816729.87511012,250,230,dummy-695
816747.616761366,250,230,dummy-695
816731.86922731,250,230,dummy-66
816908.533044723,250,230,dummy-66
816923.664167097,250,230,dummy-66
816707.336546192,250,230,dummy-146
816823.214702105,250,230,dummy-146
816857.975134619,250,230,dummy-146
816688.204668335,250,230,dummy-156
816916.246574429,250,230,dummy-156
816678.864342003,250,230,dummy-396
816706.937039526,250,230,dummy-396
816783.819001393,250,230,dummy-396
816881.565586572,250,230,dummy-396
816726.171317473,250,230,dummy-691
816731.857416852,250,230,dummy-691
816837.242055237,250,230,dummy-691
816738.673538721,250,230,dummy-1
816742.294731567,250,230,dummy-1
816751.589546187,250,230,dummy-1
816756.457281988,250,230,dummy-1
816829.677914738,250,230,dummy-1
816662.822503924,250,230,dummy-120
816797.331850179,250,230,dummy-120
816877.286221365,250,230,dummy-120
816888.785658046,250,230,dummy-120
816944.359055746,250,230,dummy-120
816654.956848765,250,230,dummy-729
816820.393932345,250,230,dummy-729
816713.90594204,250,230,dummy-388
816839.715766215,250,230,dummy-388
816883.918371515,250,230,dummy-388
816645.913517981,250,230,dummy-541
816850.77716576,250,230,dummy-541
816935.225061358,250,230,dummy-541
816678.533124843,250,230,dummy-514
816792.365255523,250,230,dummy-514
816795.083982836,250,230,dummy-514
816801.796072272,250,230,dummy-514
816705.075541595,250,230,dummy-219
816707.528703297,250,230,dummy-219
816743.928160663,250,230,dummy-219
816817.478597997,250,230,dummy-219
816845.066175964,250,230,dummy-219
816681.755016541,250,230,dummy-667
816692.714971542,250,230,dummy-667
816702.844155887,250,230,dummy-667
816731.756811144,250,230,dummy-667
816811.18103371,250,230,dummy-667
816854.607212506,250,230,dummy-667
816860.944749441,250,230,dummy-667
816707.758776267,250,230,dummy-530
816761.181296633,250,230,dummy-530
816773.793508687,250,230,dummy-530
816907.294351946,250,230,dummy-530
816676.618139399,250,230,dummy-630
816717.207910412,250,230,dummy-630
816859.189760852,250,230,dummy-630
816656.249442623,250,230,dummy-97
816783.259971255,250,230,dummy-97
816935.365676072,250,230,dummy-97
816740.039816039,250,230,dummy-526
816844.336474363,250,230,dummy-526
816901.08635911,250,230,dummy-526
816762.748943994,250,230,dummy-272
816898.491146127,250,230,dummy-272
816903.552418133,250,230,dummy-272
816915.252178555,250,230,dummy-272
816693.338955589,250,230,dummy-196
816891.819257445,250,230,dummy-196
816915.802205885,250,230,dummy-196
816821.405400156,250,230,dummy-11
816823.976329549,250,230,dummy-11
816824.419386188,250,230,dummy-11
816832.557451033,250,230,dummy-11
816938.231771333,250,230,dummy-11
816736.215680818,250,230,dummy-438
816851.43952053,250,230,dummy-438
816888.891874314,250,230,dummy-438
816645.941002804,250,230,dummy-741
816673.801551573,250,230,dummy-741
816799.123083256,250,230,dummy-741
816838.122034354,250,230,dummy-741
816860.866964781,250,230,dummy-741
816906.449148409,250,230,dummy-741
816907.551969815,250,230,dummy-741
816918.426568517,250,230,dummy-741
816656.011996913,250,230,dummy-77
816760.035396894,250,230,dummy-77
816818.574391371,250,230,dummy-77
816842.976679807,250,230,dummy-77
816669.552206369,250,230,dummy-666
816739.395584393,250,230,dummy-666
816655.545798403,250,230,dummy-170
816700.950150294,250,230,dummy-170
816760.964317822,250,230,dummy-170
816778.237776632,250,230,dummy-170
816851.931321111,250,230,dummy-170
816682.322606154,250,230,dummy-230
816918.570789118,250,230,dummy-230
816729.439599593,250,230,dummy-8
816930.673974697,250,230,dummy-8
816703.820307857,250,230,dummy-668
816767.392333529,250,230,dummy-668
816906.370499545,250,230,dummy-668
816935.429352801,250,230,dummy-668
816692.277786886,250,230,dummy-540
816658.943252059,250,230,dummy-67
816691.517904952,250,230,dummy-67
816717.590195488,250,230,dummy-67
816667.076687966,250,230,dummy-614
816728.319443528,250,230,dummy-614
816739.606055996,250,230,dummy-614
816923.534851469,250,230,dummy-614
816665.612598218,250,230,dummy-290
816743.631055163,250,230,dummy-290
816880.117043249,250,230,dummy-290
816892.13796509,250,230,dummy-290
816668.194131701,250,230,dummy-706
816699.381630528,250,230,dummy-706
816919.822650238,250,230,dummy-528
816690.562721363,250,230,dummy-652
816739.594927318,250,230,dummy-652
816752.040426775,250,230,dummy-652
816862.537148633,250,230,dummy-652
816895.807010043,250,230,dummy-652
816915.107704883,250,230,dummy-652
816941.984135205,250,230,dummy-652
816733.038231042,250,230,dummy-367
816733.068488152,250,230,dummy-367
816758.6560985,250,230,dummy-367
816774.657064683,250,230,dummy-367
816817.827812913,250,230,dummy-367
816843.373119176,250,230,dummy-367
816702.781752683,250,230,dummy-446
816795.548050617,250,230,dummy-446
816796.650593828,250,230,dummy-446
816824.575852148,250,230,dummy-446
816826.980440372,250,230,dummy-446
816869.58576268,250,230,dummy-446
816871.018982359,250,230,dummy-446
816897.45783677,250,230,dummy-446
816901.361276607,250,230,dummy-446
816677.387853457,250,230,dummy-746
816773.93558441,250,230,dummy-746
816825.65071593,250,230,dummy-746
816833.308510855,250,230,dummy-746
816888.872060548,250,230,dummy-746
816809.297196153,250,230,dummy-195
816840.936625126,250,230,dummy-195
816883.272222957,250,230,dummy-195
816706.431906728,250,230,dummy-567
816737.054046364,250,230,dummy-567
816889.465619892,250,230,dummy-567
816683.205515284,250,230,dummy-468
816739.67983499,250,230,dummy-468
816749.586460447,250,230,dummy-468
816780.527792451,250,230,dummy-468
816841.328931434,250,230,dummy-468
816849.474951367,250,230,dummy-468
816721.222095443,250,230,dummy-314
816724.949249804,250,230,dummy-314
816735.861515125,250,230,dummy-314
816786.70079641,250,230,dummy-314
816848.110589219,250,230,dummy-314
816861.91914886,250,230,dummy-314
816874.979285137,250,230,dummy-314
816705.183721104,250,230,dummy-560
816752.21200186,250,230,dummy-560
816818.095597824,250,230,dummy-560
816886.570495371,250,230,dummy-560
816917.849884154,250,230,dummy-560
816939.582562354,250,230,dummy-560
816940.565605622,250,230,dummy-560
816666.237773038,250,230,dummy-19
816671.973802684,250,230,dummy-19
816684.209832502,250,230,dummy-19
816824.477715681,250,230,dummy-19
816910.067312464,250,230,dummy-19
816924.503903715,250,230,dummy-19
816650.705228763,250,230,dummy-117
816807.05011887,250,230,dummy-117
816682.79824635,250,230,dummy-163
816774.891019952,250,230,dummy-163
816819.416405249,250,230,dummy-163
816829.483314635,250,230,dummy-163
816886.748772739,250,230,dummy-163
816719.740093419,250,230,dummy-175
816864.857028922,250,230,dummy-175
816876.712414691,250,230,dummy-175
816741.189099538,250,230,dummy-693
816822.965066135,250,230,dummy-113
816848.959418364,250,230,dummy-113
816877.576748763,250,230,dummy-113
816892.476418163,250,230,dummy-113
816649.528991996,250,230,dummy-641
816831.794038375,250,230,dummy-641
816681.247705648,250,230,dummy-335
816943.699159026,250,230,dummy-335
816658.966463739,250,230,dummy-256
816674.39332161,250,230,dummy-256
816675.307465772,250,230,dummy-256
816675.361738075,250,230,dummy-256
816701.456451903,250,230,dummy-256
816726.777577932,250,230,dummy-256
816834.618961707,250,230,dummy-256
816899.132572742,250,230,dummy-256
816815.968789163,250,230,dummy-377
816836.514708633,250,230,dummy-377
816893.044431874,250,230,dummy-377
816660.7132931,250,230,dummy-166
816845.855503736,250,230,dummy-166
816893.433520991,250,230,dummy-166
816900.869907508,250,230,dummy-166
816652.473356076,250,230,dummy-254
816667.665610735,250,230,dummy-254
816872.056520627,250,230,dummy-254
816876.09683362,250,230,dummy-629
816917.076053104,250,230,dummy-629
816665.251188149,250,230,dummy-217
816841.433199934,250,230,dummy-217
816660.330300217,250,230,dummy-26
816746.00694854,250,230,dummy-26
816918.565044131,250,230,dummy-26
816691.649867711,250,230,dummy-289
816704.767425085,250,230,dummy-289
816730.417061759,250,230,dummy-289
816822.706302641,250,230,dummy-289
816826.349483915,250,230,dummy-289
816870.840127204,250,230,dummy-289
816891.592407279,250,230,dummy-289
816943.633112956,250,230,dummy-289
816752.769492486,250,230,dummy-626
816755.072620389,250,230,dummy-626
816768.267562338,250,230,dummy-626
816843.411187291,250,230,dummy-626
816666.697262346,250,230,dummy-250
816682.233381028,250,230,dummy-250
816763.609615921,250,230,dummy-250
816864.932503282,250,230,dummy-250
816667.093075576,250,230,dummy-307
816694.520845637,250,230,dummy-307
816745.815560467,250,230,dummy-307
816780.658756093,250,230,dummy-307
816790.429086152,250,230,dummy-307
816794.184904343,250,230,dummy-307
816898.62108921,250,230,dummy-307
816862.678861602,250,230,dummy-735
816919.813775592,250,230,dummy-735
816721.734299468,250,230,dummy-535
816764.365398768,250,230,dummy-535
816666.154816818,250,230,dummy-355
816718.868436587,250,230,dummy-355
816721.342399314,250,230,dummy-355
816794.902491953,250,230,dummy-355
816669.289448572,250,230,dummy-273
816689.620922784,250,230,dummy-273
816745.4670215,250,230,dummy-273
816822.075252464,250,230,dummy-273
816840.407513556,250,230,dummy-273
816874.349154079,250,230,dummy-273
816672.040127727,250,230,dummy-678
816702.50996257,250,230,dummy-678
816797.267869131,250,230,dummy-678
816859.429927971,250,230,dummy-678
816867.370632066,250,230,dummy-678
816893.482161666,250,230,dummy-678
816712.321034268,250,230,dummy-235
816754.366401036,250,230,dummy-235
816660.034749596,250,230,dummy-365
816693.562304306,250,230,dummy-365
816807.13357444,250,230,dummy-365
816822.647917422,250,230,dummy-365
816825.109777527,250,230,dummy-365
816937.333767938,250,230,dummy-365
816870.326279107,250,230,dummy-589
816899.06284614,250,230,dummy-589
816706.563237148,250,230,dummy-609
816783.997206188,250,230,dummy-609
816804.968796597,250,230,dummy-609
816811.47250225,250,230,dummy-609
816664.530538718,250,230,dummy-320
816659.042964625,250,230,dummy-297
816843.144203852,250,230,dummy-297
816855.766172122,250,230,dummy-297
816681.673724524,250,230,dummy-450
816687.81564436,250,230,dummy-329
816689.389792197,250,230,dummy-329
816821.230968252,250,230,dummy-329
816707.946171195,250,230,dummy-435
816745.444580924,250,230,dummy-132
816770.674030467,250,230,dummy-132
816783.816586457,250,230,dummy-132
816811.816661674,250,230,dummy-132
816834.39028586,250,230,dummy-132
816883.929259191,250,230,dummy-132
816885.950619968,250,230,dummy-132
816912.781395023,250,230,dummy-132
816704.231703191,250,230,dummy-204
816773.677995137,250,230,dummy-204
816856.274267312,250,230,dummy-204
816904.555232895,250,230,dummy-204
816656.211073581,250,230,dummy-627
816725.176826355,250,230,dummy-627
816872.105053695,250,230,dummy-627
816901.681133701,250,230,dummy-627
816918.655418893,250,230,dummy-627
816729.745720218,250,230,dummy-498
816667.493452265,250,230,dummy-658
816798.382726559,250,230,dummy-658
816649.364664323,250,230,dummy-702
816896.278129106,250,230,dummy-702
816755.448978499,250,230,dummy-18
816921.703888654,250,230,dummy-18
816659.202878065,250,230,dummy-15
816667.317572372,250,230,dummy-15
816738.854040374,250,230,dummy-15
816879.899805637,250,230,dummy-15
816898.24136845,250,230,dummy-15
816791.174452324,250,230,dummy-33
816857.108481705,250,230,dummy-33
816917.846120019,250,230,dummy-33
816918.665624282,250,230,dummy-33
816749.753905812,250,230,dummy-406
816812.561768518,250,230,dummy-406
816834.932933483,250,230,dummy-406
816921.753446562,250,230,dummy-406
816942.258944015,250,230,dummy-406
816672.687545078,250,230,dummy-622
816757.161805089,250,230,dummy-622
816775.210431117,250,230,dummy-622
816777.255911486,250,230,dummy-622
816838.858393038,250,230,dummy-622
816887.32646523,250,230,dummy-622
816690.191342322,250,230,dummy-215
816694.060923122,250,230,dummy-221
816820.284202292,250,230,dummy-221
816858.739445846,250,230,dummy-221
816891.512438309,250,230,dummy-221
816915.66108452,250,230,dummy-221
816779.951262367,250,230,dummy-756
816755.489964509,250,230,dummy-491
816820.384313261,250,230,dummy-491
816844.921127718,250,230,dummy-491
816877.033567086,250,230,dummy-491
816928.431258977,250,230,dummy-491
816780.190921269,250,230,dummy-656
816893.638697888,250,230,dummy-656
816916.961296778,250,230,dummy-656
816708.640115426,250,230,dummy-145
816718.71715191,250,230,dummy-145
816754.352164582,250,230,dummy-145
816828.917951794,250,230,dummy-145
816830.913084345,250,230,dummy-145
816927.884001388,250,230,dummy-145
816929.75692355,250,230,dummy-145
816653.053282252,250,230,dummy-679
816758.782054012,250,230,dummy-679
816799.834627953,250,230,dummy-679
816868.408406948,250,230,dummy-679
816896.66801188,250,230,dummy-679
816910.783434309,250,230,dummy-679
816693.314829118,250,230,dummy-463
816787.983836159,250,230,dummy-463
816830.062324164,250,230,dummy-463
816924.956827206,250,230,dummy-463
816926.826141144,250,230,dummy-452
816654.824000125,250,230,dummy-112
816678.580902105,250,230,dummy-112
816679.958451934,250,230,dummy-112
816726.095674166,250,230,dummy-112
816759.34959132,250,230,dummy-112
816807.847799167,250,230,dummy-112
816654.962881973,250,230,dummy-424
816838.343783744,250,230,dummy-424
816893.904356576,250,230,dummy-424
816932.424058444,250,230,dummy-424
816932.808109665,250,230,dummy-424
816920.248460513,250,230,dummy-581
816920.906914629,250,230,dummy-581
816645.891489014,250,230,dummy-642
816660.41946634,250,230,dummy-642
816713.501744622,250,230,dummy-642
816811.003045174,250,230,dummy-642
816782.597014347,250,230,dummy-338
816855.022340397,250,230,dummy-338
816910.388443027,250,230,dummy-338
816672.379119302,250,230,dummy-536
816674.345819471,250,230,dummy-536
816674.772554094,250,230,dummy-536
816681.73007693,250,230,dummy-536
816755.701776945,250,230,dummy-536
816808.556394198,250,230,dummy-536
816812.863681856,250,230,dummy-536
816649.939843486,250,230,dummy-765
816659.482084409,250,230,dummy-765
816726.352668513,250,230,dummy-765
816772.047418635,250,230,dummy-765
816836.601673738,250,230,dummy-765
816871.461320878,250,230,dummy-765
816918.951795307,250,230,dummy-765
816943.66746722,250,230,dummy-765
816656.232294039,250,230,dummy-116
816777.065516102,250,230,dummy-116
816777.193763028,250,230,dummy-116
816908.026816754,250,230,dummy-116
816693.835306103,250,230,dummy-655
816738.806288255,250,230,dummy-655
816828.139465724,250,230,dummy-655
816682.420415087,250,230,dummy-500
816714.418038407,250,230,dummy-500
816739.765911261,250,230,dummy-500
816835.082298107,250,230,dummy-500
816904.673157944,250,230,dummy-500
816911.277896339,250,230,dummy-500
816659.156783365,250,230,dummy-431
816703.4953471,250,230,dummy-304
816796.851522822,250,230,dummy-304
816687.055264326,250,230,dummy-402
816880.992203361,250,230,dummy-402
816892.686760916,250,230,dummy-402
816923.139769374,250,230,dummy-402
816929.446944535,250,230,dummy-402
816718.355099211,250,230,dummy-131
816753.289508361,250,230,dummy-131
816850.881404099,250,230,dummy-131
816916.135081312,250,230,dummy-131
816924.379499061,250,230,dummy-131
816931.651050864,250,230,dummy-131
816716.737572438,250,230,dummy-744
816728.844636363,250,230,dummy-744
816839.304081838,250,230,dummy-744
816668.328334584,250,230,dummy-82
816689.193638991,250,230,dummy-82
816692.558031675,250,230,dummy-82
816941.478743245,250,230,dummy-82
816756.121562095,250,230,dummy-34
816904.922384211,250,230,dummy-34
816939.707158473,250,230,dummy-34
816705.466426438,250,230,dummy-36
816767.597731627,250,230,dummy-36
816816.506837593,250,230,dummy-36
816847.864358659,250,230,dummy-36
816712.197237286,250,230,dummy-703
816752.61357959,250,230,dummy-703
816773.129291976,250,230,dummy-703
816647.343821665,250,230,dummy-434
816719.937449948,250,230,dummy-434
816740.002484385,250,230,dummy-434
816783.613342036,250,230,dummy-434
816805.993368623,250,230,dummy-759
816868.60603572,250,230,dummy-759
816900.336301835,250,230,dummy-759
816931.010094148,250,230,dummy-759
816672.192270561,250,230,dummy-623
816751.023864907,250,230,dummy-623
816875.510993281,250,230,dummy-623
816773.645635029,250,230,dummy-517
816825.97737097,250,230,dummy-517
816650.40245437,250,230,dummy-80
816694.729709398,250,230,dummy-80
816784.677212747,250,230,dummy-80
816812.367280018,250,230,dummy-80
816868.64171569,250,230,dummy-80
816855.54957684,250,230,dummy-348
816926.961830759,250,230,dummy-348
816734.295182137,250,230,dummy-687
816862.982713855,250,230,dummy-687
816883.080400679,250,230,dummy-687
816909.440024645,250,230,dummy-687
816729.669680369,250,230,dummy-493
816772.103039109,250,230,dummy-493
816781.777159976,250,230,dummy-493
816794.214855401,250,230,dummy-493
816861.583463172,250,230,dummy-493
816658.82099797,250,230,dummy-421
816825.836892895,250,230,dummy-421
816864.27692171,250,230,dummy-421
816875.00454319,250,230,dummy-421
816885.559494808,250,230,dummy-421
816892.447871962,250,230,dummy-421
816732.88329217,250,230,dummy-179
816736.380149613,250,230,dummy-179
816808.924851873,250,230,dummy-179
816681.771106484,250,230,dummy-130
816751.782580216,250,230,dummy-130
816885.05612799,250,230,dummy-130
816887.14358467,250,230,dummy-130
816653.366872148,250,230,dummy-598
816653.780600479,250,230,dummy-598
816665.877193993,250,230,dummy-598
816715.02036085,250,230,dummy-598
816900.951876047,250,230,dummy-598
816666.058055596,250,230,dummy-711
816697.186212031,250,230,dummy-711
816919.461405785,250,230,dummy-711
816649.753638597,250,230,dummy-556
816685.135573579,250,230,dummy-556
816693.883818831,250,230,dummy-556
816811.502805086,250,230,dummy-556
816878.022519361,250,230,dummy-556
816901.748523916,250,230,dummy-556
816693.59521707,250,230,dummy-634
816941.766196466,250,230,dummy-634
816835.619103628,250,230,dummy-635
816657.798298402,250,230,dummy-426
816700.921910902,250,230,dummy-426
816741.905899771,250,230,dummy-426
816756.499313229,250,230,dummy-426
816801.495679443,250,230,dummy-426
816668.376713413,250,230,dummy-105
816775.181059732,250,230,dummy-105
816778.383175571,250,230,dummy-105
816820.575245409,250,230,dummy-105
816931.589283303,250,230,dummy-105
816900.004423393,250,230,dummy-660
816731.316916532,250,230,dummy-606
816740.840227225,250,230,dummy-606
816759.108502194,250,230,dummy-606
816646.604164988,250,230,dummy-51
816675.619707974,250,230,dummy-51
816700.212914605,250,230,dummy-51
816646.334284718,250,230,dummy-3
816658.314448872,250,230,dummy-3
816663.21297632,250,230,dummy-3
816675.315126419,250,230,dummy-3
816902.643911515,250,230,dummy-3
816917.945638819,250,230,dummy-3
816689.198769668,250,230,dummy-157
816824.807737332,250,230,dummy-157
816767.288131087,250,230,dummy-154
816780.106599324,250,230,dummy-154
816803.427350144,250,230,dummy-154
816667.92539727,250,230,dummy-101
816668.907061191,250,230,dummy-101
816759.350925765,250,230,dummy-101
816778.169997004,250,230,dummy-101
816818.529392686,250,230,dummy-101
816853.415691062,250,230,dummy-101
816921.944937836,250,230,dummy-101
816646.640230712,250,230,dummy-576
816652.908386757,250,230,dummy-576
816824.068376506,250,230,dummy-576
816647.663213203,250,230,dummy-155
816687.444598086,250,230,dummy-155
816753.206004715,250,230,dummy-155
816919.104599051,250,230,dummy-155
816653.404400597,250,230,dummy-595
816748.179806048,250,230,dummy-595
816800.00347543,250,230,dummy-595
816860.079931013,250,230,dummy-595
816875.90869703,250,230,dummy-595
816693.696616484,250,230,dummy-464
816714.612991474,250,230,dummy-357
816743.743018127,250,230,dummy-357
816750.453018004,250,230,dummy-357
816775.233381647,250,230,dummy-357
816800.581628122,250,230,dummy-357
816824.34421694,250,230,dummy-357
816866.461250831,250,230,dummy-357
816716.492782068,250,230,dummy-462
816747.520335283,250,230,dummy-462
816754.558392855,250,230,dummy-462
816787.873389945,250,230,dummy-462
816790.250859728,250,230,dummy-462
816821.082234498,250,230,dummy-462
816928.416499391,250,230,dummy-462
816720.729686049,250,230,dummy-565
816933.036921255,250,230,dummy-565
816646.519366743,250,230,dummy-233
816782.834564547,250,230,dummy-233
816877.191355696,250,230,dummy-233
816879.053867358,250,230,dummy-233
816882.520779442,250,230,dummy-233
816734.141878173,250,230,dummy-123
816792.857733365,250,230,dummy-123
816822.712122897,250,230,dummy-123
816845.497468152,250,230,dummy-123
816894.041437635,250,230,dummy-123
816911.889997246,250,230,dummy-123
816722.060490423,250,230,dummy-352
816787.004237887,250,230,dummy-352
816924.394359844,250,230,dummy-352
816786.681314268,250,230,dummy-245
816899.132350274,250,230,dummy-245
816913.352748239,250,230,dummy-245
816699.784158647,250,230,dummy-59
816702.813136807,250,230,dummy-59
816730.8797877,250,230,dummy-59
816942.560994152,250,230,dummy-59
816702.010072036,250,230,dummy-151
816762.808477528,250,230,dummy-151
816837.562308614,250,230,dummy-151
816897.340845394,250,230,dummy-151
816931.379080653,250,230,dummy-151
816673.685040069,250,230,dummy-305
816694.883599724,250,230,dummy-305
816722.529147625,250,230,dummy-305
816787.89710485,250,230,dummy-305
816833.565553949,250,230,dummy-305
816863.648637782,250,230,dummy-305
816902.687773698,250,230,dummy-305
816677.989995236,250,230,dummy-509
816851.031449555,250,230,dummy-509
816881.636021546,250,230,dummy-509
816914.583560937,250,230,dummy-509
816652.107878427,250,230,dummy-9
816752.544781852,250,230,dummy-9
816815.88674366,250,230,dummy-9
816860.501673507,250,230,dummy-9
816871.161306344,250,230,dummy-9
816745.179362689,250,230,dummy-185
816745.908148722,250,230,dummy-185
816759.328189548,250,230,dummy-185
816811.757741821,250,230,dummy-185
816873.567299033,250,230,dummy-135
816677.487164774,250,230,dummy-299
816736.972139964,250,230,dummy-299
816751.547141738,250,230,dummy-299
816838.225184443,250,230,dummy-299
816868.49587673,250,230,dummy-299
816682.27723636,250,230,dummy-657
816708.654000121,250,230,dummy-657
816710.695646395,250,230,dummy-657
816739.087158888,250,230,dummy-657
816772.219508492,250,230,dummy-657
816787.738807793,250,230,dummy-657
816827.646785331,250,230,dummy-657
816905.872801024,250,230,dummy-657
816693.407039091,250,230,dummy-95
816717.428303365,250,230,dummy-95
816720.531696223,250,230,dummy-95
816775.021777271,250,230,dummy-95
816799.992388922,250,230,dummy-95
816666.113843334,250,230,dummy-428
816696.55702173,250,230,dummy-428
816709.78251987,250,230,dummy-428
816721.137734071,250,230,dummy-428
816792.205341347,250,230,dummy-428
816792.790709279,250,230,dummy-428
816864.174905017,250,230,dummy-428
816873.724180739,250,230,dummy-428
816879.856332772,250,230,dummy-428
816934.183863059,250,230,dummy-428
816690.264191935,250,230,dummy-612
816648.168308838,250,230,dummy-745
816651.43368993,250,230,dummy-745
816732.604421535,250,230,dummy-745
816853.025572192,250,230,dummy-745
816887.863625949,250,230,dummy-745
816682.752685972,250,230,dummy-654
816702.756426979,250,230,dummy-654
816745.482554338,250,230,dummy-654
816784.279798065,250,230,dummy-654
816703.683106293,250,230,dummy-584
816802.15856793,250,230,dummy-584
816770.146219837,250,230,dummy-534
816672.613276232,250,230,dummy-552
816717.600158459,250,230,dummy-552
816778.257129388,250,230,dummy-552
816783.495468757,250,230,dummy-552
816891.242639699,250,230,dummy-552
816917.109671068,250,230,dummy-552
816666.690348309,250,230,dummy-189
816772.877618738,250,230,dummy-189
816810.554256889,250,230,dummy-189
816854.465470859,250,230,dummy-189
816854.942771976,250,230,dummy-189
816925.922039476,250,230,dummy-189
816656.302350367,250,230,dummy-709
816774.18182903,250,230,dummy-709
816797.252334637,250,230,dummy-709
816806.9889857,250,230,dummy-709
816839.447733715,250,230,dummy-709
816853.769757088,250,230,dummy-709
816904.125568818,250,230,dummy-709
816647.852604416,250,230,dummy-326
816670.910647588,250,230,dummy-326
816687.311056256,250,230,dummy-326
816725.541104421,250,230,dummy-326
816818.88829531,250,230,dummy-326
816847.262278364,250,230,dummy-326
816852.058436185,250,230,dummy-326
816653.119426026,250,230,dummy-49
816695.294092993,250,230,dummy-49
816699.487549216,250,230,dummy-49
816775.800921009,250,230,dummy-49
816791.742399002,250,230,dummy-49
816891.674816893,250,230,dummy-49
816655.215270554,250,230,dummy-557
816702.590186392,250,230,dummy-557
816824.156000587,250,230,dummy-557
816650.259382072,250,230,dummy-439
816710.137106346,250,230,dummy-439
816714.198800682,250,230,dummy-439
816767.047225473,250,230,dummy-439
816805.504650532,250,230,dummy-439
816823.458774055,250,230,dummy-439
816938.887863384,250,230,dummy-439
816683.658068285,250,230,dummy-71
816764.065147561,250,230,dummy-71
816827.842948345,250,230,dummy-71
816829.217577919,250,230,dummy-71
816894.628193538,250,230,dummy-71
816681.138799625,250,230,dummy-730
816833.879739837,250,230,dummy-730
816740.826238436,250,230,dummy-150
816754.285733763,250,230,dummy-150
816755.359124213,250,230,dummy-150
816664.165245357,250,230,dummy-637
816768.254837176,250,230,dummy-637
816872.887462343,250,230,dummy-637
816898.573300358,250,230,dummy-637
816916.663077783,250,230,dummy-637
816935.402299064,250,230,dummy-637
816767.997397078,250,230,dummy-140
816781.970952233,250,230,dummy-140
816881.937174731,250,230,dummy-140
816714.579815339,250,230,dummy-92
816774.403258309,250,230,dummy-92
816803.27117869,250,230,dummy-92
816853.01892581,250,230,dummy-92
816698.910362347,250,230,dummy-236
816818.154097977,250,230,dummy-236
816723.076367932,250,230,dummy-211
816824.219754055,250,230,dummy-211
816765.43268389,250,230,dummy-316
816795.669240644,250,230,dummy-316
816898.550235399,250,230,dummy-316
816743.063211307,250,230,dummy-328
816797.495298994,250,230,dummy-328
816703.996311322,250,230,dummy-62
816889.153106891,250,230,dummy-451
816685.728543516,250,230,dummy-495
816864.674270514,250,230,dummy-708
816944.759177143,250,230,dummy-708
816933.686998469,250,230,dummy-570
816709.223655248,250,230,dummy-312
816719.640929185,250,230,dummy-312
816767.003437636,250,230,dummy-312
816770.477406637,250,230,dummy-312
816656.750315791,250,230,dummy-390
816710.057375409,250,230,dummy-390
816802.591311928,250,230,dummy-390
816825.439085271,250,230,dummy-390
816927.014148652,250,230,dummy-390
816787.969064701,250,230,dummy-751
816690.767293205,250,230,dummy-518
816757.602342699,250,230,dummy-518
816776.732775679,250,230,dummy-518
816781.844300885,250,230,dummy-518
816912.552323728,250,230,dummy-518
816674.865101109,250,230,dummy-22
816679.059457055,250,230,dummy-22
816703.789059995,250,230,dummy-22
816730.869461273,250,230,dummy-22
816901.543160199,250,230,dummy-22
816915.60819211,250,230,dummy-22
816852.82998516,250,230,dummy-107
816802.023978084,250,230,dummy-241
816872.317270421,250,230,dummy-241
816878.088541406,250,230,dummy-241
816944.616984837,250,230,dummy-241
816649.918612833,250,230,dummy-239
816815.891662661,250,230,dummy-239
816815.965061635,250,230,dummy-239
816821.755524259,250,230,dummy-239
816882.346341837,250,230,dummy-239
816886.939527959,250,230,dummy-239
816887.687662795,250,230,dummy-162
816905.556842866,250,230,dummy-162
816651.601175245,250,230,dummy-115
816785.280580321,250,230,dummy-115
816663.86700547,250,230,dummy-43
816696.622876958,250,230,dummy-43
816705.07315026,250,230,dummy-43
816801.884225303,250,230,dummy-43
816700.861982772,250,230,dummy-653
816741.788393837,250,230,dummy-653
816759.24198266,250,230,dummy-653
816766.004600368,250,230,dummy-653
816782.482348191,250,230,dummy-653
816796.890735797,250,230,dummy-653
816877.050419308,250,230,dummy-653
816886.955955384,250,230,dummy-653
816929.70618675,250,230,dummy-653
816736.581466774,250,230,dummy-153
816779.740213893,250,230,dummy-153
816739.321461985,250,230,dummy-639
816856.019379998,250,230,dummy-639
816862.101442084,250,230,dummy-639
816934.180397546,250,230,dummy-639
816686.560767265,250,230,dummy-677
816773.971853927,250,230,dummy-677
816833.217750089,250,230,dummy-677
816893.893814283,250,230,dummy-677
816897.088519355,250,230,dummy-677
816677.430808359,250,230,dummy-436
816873.041847305,250,230,dummy-436
816670.537613039,250,230,dummy-143
816821.429724632,250,230,dummy-143
816888.655722361,250,230,dummy-143
816918.941396159,250,230,dummy-143
816670.985891978,250,230,dummy-563
816682.068671255,250,230,dummy-563
816699.811690858,250,230,dummy-563
816733.30903162,250,230,dummy-563
816741.896354254,250,230,dummy-563
816768.883809232,250,230,dummy-563
816668.918816679,250,230,dummy-447
816740.811007314,250,230,dummy-447
816889.997902944,250,230,dummy-447
816721.237132817,250,230,dummy-683
816738.888577069,250,230,dummy-683
816741.555356918,250,230,dummy-683
816850.218698958,250,230,dummy-683
816752.599230331,250,230,dummy-160
816725.834176836,250,230,dummy-474
816789.160484751,250,230,dummy-474
816846.513002981,250,230,dummy-714
816650.148442396,250,230,dummy-550
816666.321557949,250,230,dummy-550
816835.393758808,250,230,dummy-550
816885.448736728,250,230,dummy-550
816741.177046112,250,230,dummy-588
816873.218890535,250,230,dummy-588
816807.876246292,250,230,dummy-591
816860.392498898,250,230,dummy-591
816922.801672835,250,230,dummy-308
816741.149310799,250,230,dummy-327
816868.922949384,250,230,dummy-327
816879.424996456,250,230,dummy-327
816815.048894351,250,230,dummy-330
816776.243243547,250,230,dummy-582
816845.169478622,250,230,dummy-582
816852.951155049,250,230,dummy-582
816871.139565616,250,230,dummy-582
816898.565066182,250,230,dummy-582
816875.202960797,250,230,dummy-466
816901.955676347,250,230,dummy-466
816942.828393063,250,230,dummy-466
816677.909277277,250,230,dummy-203
816790.397621399,250,230,dummy-203
816852.44026837,250,230,dummy-203
816659.367255828,250,230,dummy-392
816818.665328344,250,230,dummy-392
816827.167314586,250,230,dummy-392
816652.262665247,250,230,dummy-331
816695.581365726,250,230,dummy-331
816726.47344935,250,230,dummy-331
816757.049295991,250,230,dummy-331
816772.46663465,250,230,dummy-331
816800.769780719,250,230,dummy-331
816926.177921675,250,230,dummy-331
816744.148784512,250,230,dummy-369
816765.892178498,250,230,dummy-369
816777.01239712,250,230,dummy-369
816844.820058623,250,230,dummy-369
816910.269173373,250,230,dummy-369
816913.517502515,250,230,dummy-369
816779.397074943,250,230,dummy-555
816896.624348418,250,230,dummy-555
816772.297129662,250,230,dummy-42
816735.973982288,250,230,dummy-441
816681.625031328,250,230,dummy-6
816716.502435768,250,230,dummy-69
816767.927655899,250,230,dummy-69
816744.095815651,250,230,dummy-191
816888.041361411,250,230,dummy-191
816703.242500165,250,230,dummy-362
816836.228965279,250,230,dummy-362
816912.678861966,250,230,dummy-362
816929.062453027,250,230,dummy-362
816654.956889334,250,230,dummy-52
816709.122763394,250,230,dummy-52
816791.799944396,250,230,dummy-52
816657.68679303,250,230,dummy-618
816818.95275754,250,230,dummy-618
816923.220776484,250,230,dummy-618
816931.318562336,250,230,dummy-618
816672.304362966,250,230,dummy-300
816776.327730151,250,230,dummy-300
816929.571428043,250,230,dummy-300
816771.24353188,250,230,dummy-144
816820.659492502,250,230,dummy-144
816875.311490081,250,230,dummy-144
816647.559651122,250,230,dummy-599
816863.282693502,250,230,dummy-599
816889.629234195,250,230,dummy-599
816896.796406171,250,230,dummy-599
816922.236892839,250,230,dummy-599
816809.836517662,250,230,dummy-384
816873.346290977,250,230,dummy-384
816895.717383415,250,230,dummy-384
816902.110771385,250,230,dummy-384
816825.806163329,250,230,dummy-102
816899.204759418,250,230,dummy-102
816882.830030725,250,230,dummy-333
816919.166902843,250,230,dummy-333
816792.981613487,250,230,dummy-208
816815.813529161,250,230,dummy-208
816828.064775961,250,230,dummy-208
816866.047402567,250,230,dummy-208
816696.92659197,250,230,dummy-161
816742.652114126,250,230,dummy-161
816744.640781507,250,230,dummy-161
816859.456548349,250,230,dummy-161
816888.711223888,250,230,dummy-161
816894.532802098,250,230,dummy-161
816900.928082815,250,230,dummy-161
816929.610614653,250,230,dummy-161
816645.190232134,250,230,dummy-98
816770.761914282,250,230,dummy-98
816799.865699867,250,230,dummy-98
816876.096440747,250,230,dummy-98
816879.482425261,250,230,dummy-98
816691.011037779,250,230,dummy-302
816726.419854634,250,230,dummy-302
816797.930267186,250,230,dummy-302
816881.961961604,250,230,dummy-302
816885.063656631,250,230,dummy-302
816876.524656461,250,230,dummy-734
816722.134444698,250,230,dummy-258
816830.396889198,250,230,dummy-258
816739.695868611,250,230,dummy-733
816753.948047722,250,230,dummy-733
816893.051268437,250,230,dummy-733
816751.899964048,250,230,dummy-728
816830.957307085,250,230,dummy-728
816934.043202268,250,230,dummy-728
816827.644746891,250,230,dummy-701
816692.69647176,250,230,dummy-749
816765.66428492,250,230,dummy-749
816790.705616683,250,230,dummy-749
816852.545455385,250,230,dummy-749
816880.098356437,250,230,dummy-749
816921.054442728,250,230,dummy-243
816923.444956383,250,230,dummy-243
816766.292382213,250,230,dummy-587
816665.649854552,250,230,dummy-313
816675.10827863,250,230,dummy-313
816831.830269834,250,230,dummy-313
816912.20248863,250,230,dummy-313
816670.331278644,250,230,dummy-403
816751.980300983,250,230,dummy-403
816940.277184951,250,230,dummy-403
816719.249245498,250,230,dummy-546
816728.775620157,250,230,dummy-546
816737.094532362,250,230,dummy-546
816855.046124943,250,230,dummy-546
816866.769909408,250,230,dummy-546
816720.893737198,250,230,dummy-324
816848.884555308,250,230,dummy-324
816911.189327426,250,230,dummy-324
816715.228508843,250,230,dummy-707
816764.335913989,250,230,dummy-707
816861.90358979,250,230,dummy-707
816909.639734288,250,230,dummy-707
816786.099279571,250,230,dummy-412
816828.914580699,250,230,dummy-412
816890.12225988,250,230,dummy-412
816670.68015637,250,230,dummy-88
816724.61399871,250,230,dummy-88
816855.345062677,250,230,dummy-88
816929.064855626,250,230,dummy-88
816939.809130986,250,230,dummy-88
816705.194617877,250,230,dummy-134
816761.031024182,250,230,dummy-134
816803.668187636,250,230,dummy-134
816829.533571039,250,230,dummy-134
816894.030477656,250,230,dummy-134
816698.156035556,250,230,dummy-206
816815.43766494,250,230,dummy-206
816893.994097783,250,230,dummy-206
816736.951814827,250,230,dummy-89
816744.748534,250,230,dummy-89
816921.889177425,250,230,dummy-89
816656.867499625,250,230,dummy-173
816704.458486317,250,230,dummy-173
816817.400498172,250,230,dummy-173
816865.207755452,250,230,dummy-173
816654.27760339,250,230,dummy-137
816680.873991561,250,230,dummy-137
816870.228336111,250,230,dummy-137
816721.117355746,250,230,dummy-479
816900.473336773,250,230,dummy-186
816646.037352416,250,230,dummy-334
816694.316167429,250,230,dummy-334
816823.391453882,250,230,dummy-334
816782.497771859,250,230,dummy-387
816784.704296746,250,230,dummy-387
816807.293443004,250,230,dummy-387
816877.015239234,250,230,dummy-387
816913.832759726,250,230,dummy-387
816693.696658907,250,230,dummy-40
816851.900196327,250,230,dummy-40
816657.922080905,250,230,dummy-315
816791.134675287,250,230,dummy-315
816941.708629196,250,230,dummy-315
816834.603119373,250,230,dummy-499
816655.040111045,250,230,dummy-106
816715.899184303,250,230,dummy-106
816804.965201353,250,230,dummy-106
816885.855727957,250,230,dummy-106
816944.105207594,250,230,dummy-378
816728.02309017,250,230,dummy-266
816730.81348052,250,230,dummy-266
816770.768343054,250,230,dummy-266
816836.587009853,250,230,dummy-404
816908.225582434,250,230,dummy-349
816911.122445368,250,230,dummy-349
816804.494874821,250,230,dummy-263
816803.523359094,250,230,dummy-55
816809.543901561,250,230,dummy-55
816719.549761845,250,230,dummy-78
816723.01381462,250,230,dummy-78
816729.150020107,250,230,dummy-78
816829.213004435,250,230,dummy-78
816870.468707052,250,230,dummy-78
816919.421444267,250,230,dummy-78
816664.96805771,250,230,dummy-149
816680.824563422,250,230,dummy-149
816683.68855717,250,230,dummy-149
816708.724981148,250,230,dummy-149
816891.849662702,250,230,dummy-149
816647.681998231,250,230,dummy-432
816669.866939609,250,230,dummy-432
816712.297849625,250,230,dummy-432
816721.323675916,250,230,dummy-432
816762.829457745,250,230,dummy-432
816783.234961457,250,230,dummy-675
816794.770057908,250,230,dummy-675
816837.613364004,250,230,dummy-675
816888.514539409,250,230,dummy-675
816933.409733628,250,230,dummy-675
816680.744245398,250,230,dummy-247
816705.137051301,250,230,dummy-247
816870.424956937,250,230,dummy-247
816884.850654265,250,230,dummy-247
816940.896933369,250,230,dummy-247
816653.580672494,250,230,dummy-459
816669.165389487,250,230,dummy-459
816727.897388991,250,230,dummy-459
816798.588647079,250,230,dummy-459
816800.882510112,250,230,dummy-459
816879.108319268,250,230,dummy-459
816907.775342374,250,230,dummy-459
816889.226026909,250,230,dummy-461
816928.669951133,250,230,dummy-461
816663.574085014,250,230,dummy-571
816669.281985048,250,230,dummy-571
816671.775318154,250,230,dummy-571
816731.468071757,250,230,dummy-571
816748.656116854,250,230,dummy-571
816862.643977952,250,230,dummy-571
816884.428637313,250,230,dummy-571
816905.686021054,250,230,dummy-659
816693.065487037,250,230,dummy-27
816736.306968358,250,230,dummy-27
816802.362339536,250,230,dummy-27
816856.511770097,250,230,dummy-27
816907.558893559,250,230,dummy-27
816678.627287478,250,230,dummy-2
816686.741784435,250,230,dummy-704
816770.621589228,250,230,dummy-704
816813.345885992,250,230,dummy-704
816869.054472912,250,230,dummy-704
816669.419220182,250,230,dummy-405
816915.187326452,250,230,dummy-405
816691.15672539,250,230,dummy-398
816735.407579777,250,230,dummy-398
816748.701906363,250,230,dummy-398
816764.403161537,250,230,dummy-398
816841.189155977,250,230,dummy-398
816899.758515799,250,230,dummy-398
816669.643719452,250,230,dummy-318
816696.767336545,250,230,dummy-318
816858.230489065,250,230,dummy-318
816864.81412223,250,230,dummy-318
816922.642921372,250,230,dummy-318
816745.765529433,250,230,dummy-416
816842.997358592,250,230,dummy-416
816943.400064224,250,230,dummy-416
816711.641761935,250,230,dummy-368
816748.423270805,250,230,dummy-295
816808.611518351,250,230,dummy-295
816869.772704451,250,230,dummy-295
816887.411999506,250,230,dummy-295
816725.557026367,250,230,dummy-767
816729.028490517,250,230,dummy-767
816777.243167589,250,230,dummy-767
816894.557263469,250,230,dummy-767
816899.113572896,250,230,dummy-767
816733.644948061,250,230,dummy-448
816863.131552772,250,230,dummy-448
816876.678011221,250,230,dummy-448
816885.661000021,250,230,dummy-448
816937.242627619,250,230,dummy-448
816754.418156915,250,230,dummy-212
816890.762939116,250,230,dummy-212
816919.550144416,250,230,dummy-212
816693.755092881,250,230,dummy-601
816868.683208671,250,230,dummy-601
816901.357785114,250,230,dummy-601
816654.339467523,250,230,dummy-265
816727.686486228,250,230,dummy-265
816686.067499253,250,230,dummy-558
816917.55939091,250,230,dummy-558
816934.375867236,250,230,dummy-558
816941.767577038,250,230,dummy-47
816943.754931719,250,230,dummy-47
816740.606766277,250,230,dummy-344
816768.478807871,250,230,dummy-344
816784.856076106,250,230,dummy-344
816836.159849098,250,230,dummy-344
816660.057891705,250,230,dummy-532
816773.354220898,250,230,dummy-532
816775.598901227,250,230,dummy-532
816827.128920069,250,230,dummy-532
816829.268871228,250,230,dummy-532
816830.644159713,250,230,dummy-532
816881.686196056,250,230,dummy-532
816891.646454704,250,230,dummy-532
816905.195793969,250,230,dummy-532
816738.872748983,250,230,dummy-523
816892.090453987,250,230,dummy-523
816651.339974477,250,230,dummy-638
816661.174276328,250,230,dummy-638
816779.838640317,250,230,dummy-638
816783.882689753,250,230,dummy-638
816820.298999312,250,230,dummy-638
816740.353545782,250,230,dummy-253
816770.062428647,250,230,dummy-253
816884.496590066,250,230,dummy-253
816905.854822481,250,230,dummy-253
816760.935855413,250,230,dummy-750
816795.287127921,250,230,dummy-750
816713.602079756,250,230,dummy-374
816722.387166584,250,230,dummy-374
816913.481890723,250,230,dummy-374
816654.810058114,250,230,dummy-366
816667.60534218,250,230,dummy-366
816733.134997692,250,230,dummy-366
816782.742252993,250,230,dummy-366
816836.079684057,250,230,dummy-366
816894.522095069,250,230,dummy-366
816927.999037787,250,230,dummy-366
816930.188905606,250,230,dummy-366
816650.153158575,250,230,dummy-280
816691.424736036,250,230,dummy-280
816696.604185403,250,230,dummy-280
816715.673740695,250,230,dummy-521
816806.304248391,250,230,dummy-521
816925.089340383,250,230,dummy-521
816933.19027173,250,230,dummy-521
816736.257647588,250,230,dummy-400
816899.588022237,250,230,dummy-400
816906.31760221,250,230,dummy-400
816704.392357643,250,230,dummy-766
816935.031350769,250,230,dummy-766
816660.340766095,250,230,dummy-713
816718.614914072,250,230,dummy-713
816756.635551783,250,230,dummy-713
816650.853420962,250,230,dummy-737
816664.720979123,250,230,dummy-737
816678.895072192,250,230,dummy-737
816890.831441847,250,230,dummy-737
816803.598066136,250,230,dummy-188
816804.039800421,250,230,dummy-188
816815.748955637,250,230,dummy-710
816752.510904718,250,230,dummy-257
816778.575507897,250,230,dummy-257
816800.398461108,250,230,dummy-257
816804.52697735,250,230,dummy-257
816914.056107886,250,230,dummy-257
816657.350048625,250,230,dummy-164
816724.469395793,250,230,dummy-164
816883.234798517,250,230,dummy-164
816934.248961481,250,230,dummy-164
816666.704013355,250,230,dummy-700
816890.666520998,250,230,dummy-700
816908.27329463,250,230,dummy-700
816746.703305098,250,230,dummy-427
816870.974226954,250,230,dummy-427
816655.081513507,250,230,dummy-183
816686.676253535,250,230,dummy-183
816784.848104181,250,230,dummy-183
816808.72554977,250,230,dummy-183
816842.539603883,250,230,dummy-183
816869.343369397,250,230,dummy-183
816914.013315633,250,230,dummy-183
816922.434703099,250,230,dummy-183
816689.108075114,250,230,dummy-681
816697.414090329,250,230,dummy-681
816775.061933028,250,230,dummy-681
816786.350613421,250,230,dummy-681
816789.939315013,250,230,dummy-681
816805.437057624,250,230,dummy-681
816726.430373892,250,230,dummy-209
816828.954614662,250,230,dummy-209
816906.314190147,250,230,dummy-209
816901.3563659,250,230,dummy-177
816683.661885275,250,230,dummy-174
816704.630687346,250,230,dummy-174
816762.705182732,250,230,dummy-174
816850.42359061,250,230,dummy-174
816869.121277218,250,230,dummy-174
816890.487440345,250,230,dummy-174
816903.43182547,250,230,dummy-174
816943.875112455,250,230,dummy-174
816653.209133588,250,230,dummy-12
816760.142427364,250,230,dummy-12
816923.422536138,250,230,dummy-12
816680.611132469,250,230,dummy-45
816694.911251975,250,230,dummy-45
816667.129114884,250,230,dummy-674
816696.142885541,250,230,dummy-674
816734.743491973,250,230,dummy-674
816863.081855179,250,230,dummy-674
816703.253161007,250,230,dummy-218
816772.195909089,250,230,dummy-218
816868.014774832,250,230,dummy-218
816892.810133979,250,230,dummy-218
816850.407908001,250,230,dummy-664
816880.391533986,250,230,dummy-664
816908.187958067,250,230,dummy-664
816913.756719272,250,230,dummy-664
816661.453616597,250,230,dummy-604
816664.96538517,250,230,dummy-604
816692.461412531,250,230,dummy-604
816732.747719171,250,230,dummy-604
816899.548198837,250,230,dummy-604
816910.182074949,250,230,dummy-604
816900.833035005,250,230,dummy-625
816857.175809058,250,230,dummy-232
816682.043319063,250,230,dummy-669
816682.209637631,250,230,dummy-669
816714.302321374,250,230,dummy-669
816912.858913966,250,230,dummy-669
816916.672470738,250,230,dummy-669
816671.44409566,250,230,dummy-63
816939.465587241,250,230,dummy-63
816716.698202748,250,230,dummy-383
816774.549067403,250,230,dummy-383
816788.447367846,250,230,dummy-383
816824.905167574,250,230,dummy-383
816837.903116358,250,230,dummy-383
816934.275812188,250,230,dummy-383
816679.669403196,250,230,dummy-360
816730.825771825,250,230,dummy-360
816802.097798132,250,230,dummy-360
816831.039320015,250,230,dummy-360
816848.052737859,250,230,dummy-360
816910.089011192,250,230,dummy-360
816648.624903526,250,230,dummy-202
816690.606337451,250,230,dummy-202
816803.91665383,250,230,dummy-202
816923.874464646,250,230,dummy-202
816673.211865498,250,230,dummy-309
816674.300844021,250,230,dummy-309
816717.692492308,250,230,dummy-309
816847.280548251,250,230,dummy-309
816724.292233316,250,230,dummy-201
816776.767551947,250,230,dummy-201
816914.533107734,250,230,dummy-201
816730.417014427,250,230,dummy-475
816870.919792187,250,230,dummy-475
816748.009576363,250,230,dummy-486
816814.910443695,250,230,dummy-486
816851.383001341,250,230,dummy-486
816936.893619159,250,230,dummy-486
816721.448154994,250,230,dummy-673
816839.697199991,250,230,dummy-673
816758.904738035,250,230,dummy-738
816770.335964298,250,230,dummy-738
816798.610281827,250,230,dummy-738
816911.764838262,250,230,dummy-738
816724.274675156,250,230,dummy-670
816741.527815325,250,230,dummy-670
816761.126399721,250,230,dummy-670
816764.763581615,250,230,dummy-670
816770.426834689,250,230,dummy-670
816781.125364964,250,230,dummy-670
816818.797165988,250,230,dummy-670
816854.477252822,250,230,dummy-670
816887.426673804,250,230,dummy-670
816892.261131708,250,230,dummy-670
816935.046687705,250,230,dummy-670
816745.049716334,250,230,dummy-288
816754.130802,250,230,dummy-288
816807.649882734,250,230,dummy-288
816855.089247197,250,230,dummy-288
816679.253563956,250,230,dummy-294
816801.629473738,250,230,dummy-294
816805.008114829,250,230,dummy-294
816836.240648682,250,230,dummy-294
816713.844953647,250,230,dummy-394
816790.263629103,250,230,dummy-394
816926.049218124,250,230,dummy-394
816682.92472697,250,230,dummy-91
816691.57173718,250,230,dummy-91
816706.412498413,250,230,dummy-91
816771.391525044,250,230,dummy-91
816782.497797933,250,230,dummy-91
816813.05789803,250,230,dummy-91
816857.268698349,250,230,dummy-91
816872.922824172,250,230,dummy-91
816672.711864643,250,230,dummy-353
816826.232682144,250,230,dummy-353
816894.987783288,250,230,dummy-353
816806.539497815,250,230,dummy-93
816833.212089208,250,230,dummy-93
816647.051455163,250,230,dummy-631
816714.238914192,250,230,dummy-631
816884.657151893,250,230,dummy-631
816895.599312384,250,230,dummy-455
816700.070562315,250,230,dummy-57
816860.944799812,250,230,dummy-57
816872.474254095,250,230,dummy-57
816668.406973258,250,230,dummy-332
816676.629647064,250,230,dummy-332
816795.785706836,250,230,dummy-332
816661.398702166,250,230,dummy-119
816848.166529358,250,230,dummy-119
816941.681297344,250,230,dummy-119
816712.525025804,250,230,dummy-705
816766.929476499,250,230,dummy-705
816814.553509026,250,230,dummy-705
816670.287833169,250,230,dummy-401
816747.800171094,250,230,dummy-401
816895.321055339,250,230,dummy-401
816944.892472821,250,230,dummy-279
816718.827213552,250,230,dummy-590
816667.742102089,250,230,dummy-682
816833.353837041,250,230,dummy-682
816860.031584971,250,230,dummy-682
816887.096009654,250,230,dummy-682
816707.737814877,250,230,dummy-194
816725.717404197,250,230,dummy-194
816783.520490476,250,230,dummy-194
816881.093829374,250,230,dummy-194
816883.870422038,250,230,dummy-194
816880.530052873,250,230,dummy-128
816682.990237685,250,230,dummy-35
816723.461266454,250,230,dummy-35
816852.162695443,250,230,dummy-35
816921.578360028,250,230,dummy-35
816832.210545808,250,230,dummy-76
816845.616245266,250,230,dummy-76
816779.128608582,250,230,dummy-617
816871.998625853,250,230,dummy-617
816923.556560911,250,230,dummy-617
816735.193873328,250,230,dummy-425
816740.707930343,250,230,dummy-425
816741.005949165,250,230,dummy-425
816764.585522871,250,230,dummy-425
816939.607983986,250,230,dummy-425
816906.983508929,250,230,dummy-603
816719.104099113,250,230,dummy-58
816736.322516072,250,230,dummy-58
816785.060125498,250,230,dummy-58
816806.01159967,250,230,dummy-58
816906.168750626,250,230,dummy-58
816795.764546711,250,230,dummy-126
816810.874051431,250,230,dummy-129
816880.322457992,250,230,dummy-129
816700.807843167,250,230,dummy-104
816685.313631261,250,230,dummy-64
816756.757786401,250,230,dummy-64
816852.472476176,250,230,dummy-64
816879.686542005,250,230,dummy-64
816683.57943298,250,230,dummy-276
816685.570536258,250,230,dummy-276
816891.162634402,250,230,dummy-276
816652.562619543,250,230,dummy-341
816661.635977348,250,230,dummy-341
816670.042742967,250,230,dummy-341
816741.10657937,250,230,dummy-341
816759.606455764,250,230,dummy-341
816919.930550484,250,230,dummy-341
816700.634391159,250,230,dummy-100
816896.244024927,250,230,dummy-100
816726.68420409,250,230,dummy-758
816730.025170846,250,230,dummy-758
816815.59025599,250,230,dummy-758
816893.586639375,250,230,dummy-758
816942.04655617,250,230,dummy-758
816732.003539214,250,230,dummy-397
816818.983631211,250,230,dummy-397
816877.159783334,250,230,dummy-397
816695.857713784,250,230,dummy-370
816930.565058259,250,230,dummy-370
816745.916161575,250,230,dummy-547
816775.914467264,250,230,dummy-547
816808.976631057,250,230,dummy-547
816852.917153496,250,230,dummy-547
816704.024230475,250,230,dummy-382
816730.082483624,250,230,dummy-382
816739.09096002,250,230,dummy-382
816755.824425232,250,230,dummy-382
816813.286959347,250,230,dummy-382
816840.289742675,250,230,dummy-382
816721.960801597,250,230,dummy-544
816814.085445411,250,230,dummy-481
816846.983020678,250,230,dummy-481
816918.550380698,250,230,dummy-481
816649.655570574,250,230,dummy-373
816767.218490872,250,230,dummy-373
816940.609679786,250,230,dummy-373
816740.319822661,250,230,dummy-602
816743.000659638,250,230,dummy-602
816750.910241553,250,230,dummy-602
816770.715188693,250,230,dummy-602
816784.861578415,250,230,dummy-602
816928.60857279,250,230,dummy-602
816646.466505756,250,230,dummy-752
816691.003557018,250,230,dummy-752
816700.918387674,250,230,dummy-752
816788.617340695,250,230,dummy-752
816912.65432467,250,230,dummy-752
816685.475166198,250,230,dummy-4
816813.708404513,250,230,dummy-4
816869.246825113,250,230,dummy-4
816941.115159075,250,230,dummy-4
816802.576279043,250,230,dummy-628
816813.820386617,250,230,dummy-628
816835.204487276,250,230,dummy-628
816772.948448231,250,230,dummy-138
816849.646524141,250,230,dummy-138
816936.411371748,250,230,dummy-138
816650.540794522,250,230,dummy-44
816866.066356371,250,230,dummy-44
816819.375619059,250,230,dummy-742
816869.339738564,250,230,dummy-742
816886.170568146,250,230,dummy-605
816742.474976862,250,230,dummy-393
816786.968620601,250,230,dummy-393
816875.090400808,250,230,dummy-393
816943.746809234,250,230,dummy-393
816760.678847897,250,230,dummy-516
816835.63374265,250,230,dummy-516
816845.897382072,250,230,dummy-516
816847.054391864,250,230,dummy-516
816910.162449434,250,230,dummy-671
816725.382437154,250,230,dummy-633
816927.179675892,250,230,dummy-633
816724.608778518,250,230,dummy-662
816875.759102366,250,230,dummy-662
816913.070577037,250,230,dummy-662
816657.769020451,250,230,dummy-716
816698.826327679,250,230,dummy-716
816795.285758411,250,230,dummy-716
816830.492189275,250,230,dummy-716
816919.243652476,250,230,dummy-716
816832.481872735,250,230,dummy-429
816674.288327523,250,230,dummy-287
816771.936819144,250,230,dummy-287
816772.321767756,250,230,dummy-287
816874.459448315,250,230,dummy-287
816880.072549876,250,230,dummy-287
816673.688659262,250,230,dummy-649
816703.448222772,250,230,dummy-649
816740.575066393,250,230,dummy-649
816770.015196497,250,230,dummy-649
816937.545180432,250,230,dummy-649
816941.332591976,250,230,dummy-649
816657.489213282,250,230,dummy-698
816712.651671203,250,230,dummy-698
816798.2648747,250,230,dummy-698
816854.667886783,250,230,dummy-698
816868.432018396,250,230,dummy-698
816678.788937917,250,230,dummy-554
816743.10486408,250,230,dummy-554
816882.880782293,250,230,dummy-554
816907.804696334,250,230,dummy-554
816944.479569788,250,230,dummy-554
816668.998559001,250,230,dummy-83
816669.809017178,250,230,dummy-83
816718.617505473,250,230,dummy-83
816804.421190034,250,230,dummy-83
816897.266551365,250,230,dummy-83
816764.030999893,250,230,dummy-684
816821.483682248,250,230,dummy-684
816896.641043518,250,230,dummy-684
816712.12455738,250,230,dummy-147
816943.008676673,250,230,dummy-147
816702.255748786,250,230,dummy-148
816940.771050602,250,230,dummy-148
816739.305859113,250,230,dummy-264
816869.260755807,250,230,dummy-264
816901.016436579,250,230,dummy-264
816916.663004942,250,230,dummy-264
816719.564024916,250,230,dummy-244
816740.239281365,250,230,dummy-244
816891.84407615,250,230,dummy-244
816931.675232876,250,230,dummy-244
816900.786971336,250,230,dummy-267
816658.293844379,250,230,dummy-727
816677.299429084,250,230,dummy-727
816680.809339309,250,230,dummy-727
816739.873090709,250,230,dummy-727
816806.62254954,250,230,dummy-727
816831.044979726,250,230,dummy-727
816917.864635124,250,230,dummy-727
816646.289461253,250,230,dummy-548
816766.758201001,250,230,dummy-548
816914.840007247,250,230,dummy-548
816693.812203763,250,230,dummy-231
816775.236769225,250,230,dummy-231
816824.807358877,250,230,dummy-231
816916.764329873,250,230,dummy-231
816822.852248127,250,230,dummy-50
816842.237217041,250,230,dummy-50
816890.02008904,250,230,dummy-50
816944.356591373,250,230,dummy-50
816747.213863235,250,230,dummy-167
816761.6928236,250,230,dummy-167
816770.553424991,250,230,dummy-167
816834.913940059,250,230,dummy-167
816909.027586902,250,230,dummy-167
816933.217241922,250,230,dummy-167
816671.563430455,250,230,dummy-29
816695.048086016,250,230,dummy-29
816707.091143166,250,230,dummy-29
816799.897324293,250,230,dummy-418
816805.519903769,250,230,dummy-418
816686.808931038,250,230,dummy-68
816848.118283244,250,230,dummy-68
816890.266817378,250,230,dummy-68
816896.054538388,250,230,dummy-68
816927.473891068,250,230,dummy-619
816722.850942233,250,230,dummy-75
816731.73471071,250,230,dummy-75
816788.238716409,250,230,dummy-75
816820.546981846,250,230,dummy-75
816738.6072857,250,230,dummy-395
816758.637483981,250,230,dummy-395
816747.398149573,250,230,dummy-127
816835.118516503,250,230,dummy-127
816694.797928422,250,230,dummy-94
816696.525405455,250,230,dummy-94
816782.957299199,250,230,dummy-94
816920.004169003,250,230,dummy-94
816765.629213588,250,230,dummy-133
816857.691188013,250,230,dummy-133
816932.832213819,250,230,dummy-133
816652.863147459,250,230,dummy-480
816704.130206253,250,230,dummy-480
816790.429115353,250,230,dummy-480
816840.303346287,250,230,dummy-480
816871.501157124,250,230,dummy-480
816685.813710431,250,230,dummy-561
816781.423736379,250,230,dummy-561
816928.447006723,250,230,dummy-561
816713.296991302,250,230,dummy-686
816724.593818559,250,230,dummy-686
816758.892657684,250,230,dummy-686
816697.036003397,250,230,dummy-564
816823.995364787,250,230,dummy-564
816773.40851642,250,230,dummy-361
816898.751234922,250,230,dummy-361
816911.732055727,250,230,dummy-361
816912.234375755,250,230,dummy-361
816930.054299226,250,230,dummy-361
816671.644610526,250,230,dummy-184
816696.3094339,250,230,dummy-184
816698.31687599,250,230,dummy-184
816702.737384579,250,230,dummy-184
816740.218250989,250,230,dummy-184
816857.74821149,250,230,dummy-184
816874.092405072,250,230,dummy-184
816660.96040037,250,230,dummy-645
816801.254644919,250,230,dummy-645
816802.106454855,250,230,dummy-645
816834.141085555,250,230,dummy-645
816645.28544333,250,230,dummy-762
816735.370637434,250,230,dummy-762
816756.903699905,250,230,dummy-762
816689.772868951,250,230,dummy-165
816702.623267033,250,230,dummy-165
816717.426526996,250,230,dummy-165
816744.98384497,250,230,dummy-165
816876.227660436,250,230,dummy-165
816692.240358745,250,230,dummy-158
816749.649821195,250,230,dummy-158
816755.813082829,250,230,dummy-158
816785.928521511,250,230,dummy-158
816893.678827838,250,230,dummy-158
816803.450404586,250,230,dummy-444
816891.849634378,250,230,dummy-444
816689.054368934,250,230,dummy-764
816722.817489938,250,230,dummy-764
816928.099138391,250,230,dummy-764
816794.847783418,250,230,dummy-271
816838.602325212,250,230,dummy-271
816846.116820336,250,230,dummy-271
816796.230658979,250,230,dummy-593
816863.725268765,250,230,dummy-593
816882.656218565,250,230,dummy-593
816917.246436941,250,230,dummy-593
816693.992173999,250,230,dummy-417
816817.405824961,250,230,dummy-417
816838.017599121,250,230,dummy-417
816709.692158324,250,230,dummy-579
816728.537816467,250,230,dummy-579
816866.174637309,250,230,dummy-579
816895.363184794,250,230,dummy-579
816921.07326012,250,230,dummy-579
816929.590146173,250,230,dummy-579
816715.971367244,250,230,dummy-663
816864.079190204,250,230,dummy-663
816896.000203348,250,230,dummy-663
816918.853557682,250,230,dummy-663
816653.156946462,250,230,dummy-21
816711.15129784,250,230,dummy-21
816734.708545839,250,230,dummy-21
816711.858626187,250,230,dummy-139
816772.941783062,250,230,dummy-139
816808.534564513,250,230,dummy-139
816690.363562915,250,230,dummy-79
816700.465215233,250,230,dummy-79
816705.8531886,250,230,dummy-79
816788.828226066,250,230,dummy-79
816887.32981699,250,230,dummy-79
816901.859540245,250,230,dummy-79
816668.336349678,250,230,dummy-470
816724.894590775,250,230,dummy-470
816875.241622896,250,230,dummy-470
816673.064997297,250,230,dummy-124
816773.389319246,250,230,dummy-60
816816.204756562,250,230,dummy-60
816868.689652843,250,230,dummy-60
816877.564477683,250,230,dummy-60
816653.426290928,250,230,dummy-739
816752.582618887,250,230,dummy-739
816780.391348759,250,230,dummy-739
816780.398013363,250,230,dummy-739
816803.86682624,250,230,dummy-739
816839.907177442,250,230,dummy-739
816901.019798745,250,230,dummy-739
816943.631784367,250,230,dummy-739
816651.940279211,250,230,dummy-592
816679.665874822,250,230,dummy-592
816685.135070423,250,230,dummy-592
816863.711508009,250,230,dummy-592
816889.288343915,250,230,dummy-592
816740.13157083,250,230,dummy-763
816924.881142108,250,230,dummy-763
816686.635143017,250,230,dummy-721
816730.63671411,250,230,dummy-721
816769.27670193,250,230,dummy-721
816823.754005689,250,230,dummy-721
816873.459668746,250,230,dummy-721
816907.075017505,250,230,dummy-721
816742.154286369,250,230,dummy-99
816794.708799768,250,230,dummy-99
816942.796708331,250,230,dummy-99
816653.928825232,250,230,dummy-511
816875.247454213,250,230,dummy-511
816695.55706948,250,230,dummy-747
816727.748281567,250,230,dummy-747
816911.021777421,250,230,dummy-747
816924.561926753,250,230,dummy-747
816656.43124549,250,230,dummy-293
816668.638176907,250,230,dummy-293
816891.621995291,250,230,dummy-293
816938.866108118,250,230,dummy-293
816716.469473116,250,230,dummy-278
816899.161396653,250,230,dummy-278
816680.671655405,250,230,dummy-611
816727.254225191,250,230,dummy-611
816844.755504812,250,230,dummy-611
816661.814181762,250,230,dummy-281
816713.453466943,250,230,dummy-281
816753.923626033,250,230,dummy-281
816716.055825914,250,230,dummy-411
816717.367644947,250,230,dummy-411
816722.140235344,250,230,dummy-411
816839.904071149,250,230,dummy-411
816650.784335503,250,230,dummy-583
816780.706342925,250,230,dummy-583
816820.728488984,250,230,dummy-583
816837.213787616,250,230,dummy-583
816872.450621304,250,230,dummy-583
816908.841228012,250,230,dummy-583
816923.576879242,250,230,dummy-583
816646.942625829,250,230,dummy-81
816691.167068831,250,230,dummy-81
816778.46582223,250,230,dummy-81
816881.02153129,250,230,dummy-81
816889.294353759,250,230,dummy-81
816676.738632599,250,230,dummy-220
816688.894727313,250,230,dummy-220
816773.569787452,250,230,dummy-220
816875.750830254,250,230,dummy-220
816921.848599905,250,230,dummy-220
816815.757271854,250,230,dummy-525
816646.230491873,250,230,dummy-48
816700.722570129,250,230,dummy-48
816729.835832473,250,230,dummy-48
816684.867042804,250,230,dummy-529
816729.277884608,250,230,dummy-529
816926.871153427,250,230,dummy-529
816765.165151663,250,230,dummy-489
816792.023269712,250,230,dummy-489
816836.741773381,250,230,dummy-489
816646.487380844,250,230,dummy-577
816794.535046129,250,230,dummy-577
816936.385614274,250,230,dummy-577
816654.973443309,250,230,dummy-118
816671.390651866,250,230,dummy-118
816901.77119406,250,230,dummy-118
816716.242060896,250,230,dummy-594
816798.600327912,250,230,dummy-594
816807.214646422,250,230,dummy-594
816833.459508069,250,230,dummy-594
816860.42680357,250,230,dummy-594
816890.018767048,250,230,dummy-594
816673.114513715,250,230,dummy-743
816697.814971613,250,230,dummy-743
816706.050399203,250,230,dummy-743
816714.578437639,250,230,dummy-743
816789.405838521,250,230,dummy-743
816892.415499831,250,230,dummy-743
816904.040583982,250,230,dummy-743
816925.952378873,250,230,dummy-743
816656.341669703,250,230,dummy-54
816762.854295909,250,230,dummy-54
816861.577866172,250,230,dummy-54
816869.385350779,250,230,dummy-54
816662.529124429,250,230,dummy-336
816675.619276384,250,230,dummy-336
816769.704778432,250,230,dummy-336
816780.513649479,250,230,dummy-336
816891.130915865,250,230,dummy-336
816923.256783141,250,230,dummy-336
816712.908124273,250,230,dummy-32
816931.776200776,250,230,dummy-32
816931.998862857,250,230,dummy-32
816646.969719797,250,230,dummy-651
816656.078966342,250,230,dummy-651
816683.468735902,250,230,dummy-651
816781.514993083,250,230,dummy-651
816836.525390565,250,230,dummy-651
816846.312114588,250,230,dummy-651
816923.13980926,250,230,dummy-651
816808.195129173,250,230,dummy-180
816836.083222164,250,230,dummy-180
816851.771495481,250,230,dummy-180
816667.392011976,250,230,dummy-322
816871.189445598,250,230,dummy-322
816905.484471679,250,230,dummy-322
816653.419428385,250,230,dummy-537
816854.987390492,250,230,dummy-537
816858.656493761,250,230,dummy-502
816909.178925096,250,230,dummy-502
816930.073919829,250,230,dummy-502
816832.431290731,250,230,dummy-238
816856.299932203,250,230,dummy-238
816888.135893223,250,230,dummy-731
816917.586102473,250,230,dummy-731
816684.403899435,250,230,dummy-607
816693.189192531,250,230,dummy-607
816814.898723795,250,230,dummy-607
816823.172574636,250,230,dummy-607
816800.970473071,250,230,dummy-380
816847.320330224,250,230,dummy-380
816894.785314277,250,230,dummy-380
816783.102658114,250,230,dummy-719
816836.727151253,250,230,dummy-719
816685.372483371,250,230,dummy-726
816731.122763302,250,230,dummy-726
816747.157478329,250,230,dummy-726
816921.680699458,250,230,dummy-726
816727.594337242,250,230,dummy-492
816829.523768193,250,230,dummy-492
816873.594600879,250,230,dummy-492
816876.614054509,250,230,dummy-492
816795.685739735,250,230,dummy-615
816822.962988274,250,230,dummy-615
816856.097695082,250,230,dummy-615
816869.48798949,250,230,dummy-615
816654.790600668,250,230,dummy-568
816918.96568978,250,230,dummy-568
816692.381286871,250,230,dummy-510
816816.444387923,250,230,dummy-510
816839.623009412,250,230,dummy-510
816876.067141664,250,230,dummy-510
816908.336200055,250,230,dummy-510
816664.389181506,250,230,dummy-86
816684.027807373,250,230,dummy-86
816933.133094692,250,230,dummy-86
816661.360708097,250,230,dummy-222
816680.918162437,250,230,dummy-222
816816.503110078,250,230,dummy-222
816653.159457525,250,230,dummy-359
816829.06174745,250,230,dummy-359
816837.388771243,250,230,dummy-359
816689.116781983,250,230,dummy-676
816818.305105203,250,230,dummy-676
816839.444943102,250,230,dummy-676
816896.128104414,250,230,dummy-676
816856.911052023,250,230,dummy-520
816871.480562901,250,230,dummy-520
816667.819241083,250,230,dummy-350
816811.472475605,250,230,dummy-350
816889.056804166,250,230,dummy-350
816917.594718534,250,230,dummy-350
816932.103425477,250,230,dummy-350
816671.149958003,250,230,dummy-61
816676.792059085,250,230,dummy-61
816834.726020188,250,230,dummy-61
816851.703639332,250,230,dummy-61
816894.649605309,250,230,dummy-61
816713.568573212,250,230,dummy-507
816740.394395545,250,230,dummy-507
816783.417467295,250,230,dummy-507
816851.869159507,250,230,dummy-507
816648.809274052,250,230,dummy-379
816781.401873206,250,230,dummy-379
816869.606653616,250,230,dummy-379
816769.271588591,250,230,dummy-323
816869.497039705,250,230,dummy-323
816904.745384661,250,230,dummy-323
816906.213068252,250,230,dummy-323
816683.260289208,250,230,dummy-5
816717.710485136,250,230,dummy-5
816755.236535185,250,230,dummy-5
816864.223548487,250,230,dummy-5
816926.503199449,250,230,dummy-5
816740.659060151,250,230,dummy-207
816775.603936173,250,230,dummy-207
