arrival_time,input_tokens,output_tokens,adapter
816704.856756373,250,230,dummy-715
816715.109716128,250,230,dummy-715
816744.625292022,250,230,dummy-715
816832.635043393,250,230,dummy-715
816927.978870996,250,230,dummy-715
816703.88395771,250,230,dummy-644
816719.388335269,250,230,dummy-109
816949.91224683,250,230,dummy-760
816716.219293228,250,230,dummy-408
816724.524917002,250,230,dummy-408
816802.173188474,250,230,dummy-408
816813.461610937,250,230,dummy-408
816817.050699608,250,230,dummy-408
816832.548264356,250,230,dummy-408
816701.975346454,250,230,dummy-376
816706.17017643,250,230,dummy-376
816730.899924099,250,230,dummy-376
816757.980670116,250,230,dummy-376
816928.654598647,250,230,dummy-376
816942.719563391,250,230,dummy-376
816743.808342833,250,230,dummy-754
816801.660191076,250,230,dummy-754
816815.558417747,250,230,dummy-754
816852.016608681,250,230,dummy-754
816865.013038048,250,230,dummy-754
816961.387239249,250,230,dummy-754
816748.004568525,250,230,dummy-512
816875.995856002,250,230,dummy-512
816938.302410725,250,230,dummy-512
816709.456805267,250,230,dummy-192
816813.778484889,250,230,dummy-192
816829.997516681,250,230,dummy-192
816840.549160971,250,230,dummy-192
816760.928711612,250,230,dummy-643
816777.326938301,250,230,dummy-643
816893.751290937,250,230,dummy-643
816710.102004555,250,230,dummy-494
816750.573416267,250,230,dummy-494
816879.27556466,250,230,dummy-494
816948.691875985,250,230,dummy-494
816800.756233016,250,230,dummy-381
816853.087557269,250,230,dummy-381
816767.463964903,250,230,dummy-692
816797.172632636,250,230,dummy-692
816911.607544576,250,230,dummy-692
816932.965127758,250,230,dummy-692
816842.859662164,250,230,dummy-740
816720.517729047,250,230,dummy-476
816744.539221081,250,230,dummy-476
816747.6435222,250,230,dummy-476
816802.13427741,250,230,dummy-476
816827.104888675,250,230,dummy-476
816829.134544043,250,230,dummy-504
816899.428527905,250,230,dummy-504
816905.198962997,250,230,dummy-504
816971.727690593,250,230,dummy-504
816676.077471566,250,230,dummy-190
816774.84289407,250,230,dummy-190
816871.329951701,250,230,dummy-190
816878.412719048,250,230,dummy-585
816896.187414968,250,230,dummy-585
816951.219472627,250,230,dummy-585
816797.592489312,250,230,dummy-391
816919.045899534,250,230,dummy-391
816960.667871002,250,230,dummy-391
816807.301599783,250,230,dummy-226
816920.748963653,250,230,dummy-226
816944.071675186,250,230,dummy-226
816785.713663555,250,230,dummy-725
816832.764232218,250,230,dummy-725
816869.262581413,250,230,dummy-725
816874.370905412,250,230,dummy-725
816763.586295852,250,230,dummy-549
816808.389236044,250,230,dummy-549
816875.56628967,250,230,dummy-549
816722.972532392,250,230,dummy-187
816872.199028809,250,230,dummy-187
816920.820933513,250,230,dummy-187
816959.433734203,250,230,dummy-187
816873.925362306,250,230,dummy-268
816929.160226711,250,230,dummy-268
816692.256081283,250,230,dummy-600
816751.337504922,250,230,dummy-600
816763.258289282,250,230,dummy-600
816785.244993686,250,230,dummy-600
816794.754656812,250,230,dummy-600
816877.470521983,250,230,dummy-600
816897.399658829,250,230,dummy-600
816922.564707388,250,230,dummy-600
816842.980416625,250,230,dummy-90
816867.002203002,250,230,dummy-90
816721.170711815,250,230,dummy-73
816847.39392013,250,230,dummy-73
816885.849492285,250,230,dummy-73
816918.622618547,250,230,dummy-73
816942.770737692,250,230,dummy-73
816862.85316759,250,230,dummy-487
816954.831654541,250,230,dummy-487
816916.336482051,250,230,dummy-573
816955.781040827,250,230,dummy-573
816749.96162745,250,230,dummy-25
816758.845116473,250,230,dummy-25
816815.350212419,250,230,dummy-25
816847.658893705,250,230,dummy-25
816775.53484061,250,230,dummy-632
816835.723084218,250,230,dummy-632
816896.883437162,250,230,dummy-632
816914.5231888,250,230,dummy-632
816675.920438176,250,230,dummy-252
816808.512665528,250,230,dummy-252
816896.717290725,250,230,dummy-252
816709.291825193,250,230,dummy-152
816959.402298359,250,230,dummy-152
816769.585090829,250,230,dummy-224
816814.079115786,250,230,dummy-224
816902.201452013,250,230,dummy-224
816970.85798326,250,230,dummy-224
816934.092919021,250,230,dummy-608
816709.86306066,250,230,dummy-485
816729.866694997,250,230,dummy-485
816772.592407181,250,230,dummy-485
816811.389303282,250,230,dummy-485
816717.374866376,250,230,dummy-285
816708.866153418,250,230,dummy-768
816719.826094923,250,230,dummy-768
816729.955196566,250,230,dummy-768
816758.866611732,250,230,dummy-768
816838.291754947,250,230,dummy-768
816881.718235026,250,230,dummy-768
816888.054860166,250,230,dummy-768
816764.482567088,250,230,dummy-28
816790.925200128,250,230,dummy-28
816892.443267269,250,230,dummy-28
816900.271961493,250,230,dummy-28
816917.530677564,250,230,dummy-28
816937.388036455,250,230,dummy-28
816938.503403802,250,230,dummy-28
816939.247472789,250,230,dummy-28
816967.008746004,250,230,dummy-28
816853.740679059,250,230,dummy-443
816964.215457086,250,230,dummy-443
816735.877223419,250,230,dummy-755
816797.509663976,250,230,dummy-755
816818.110867229,250,230,dummy-755
816838.479440678,250,230,dummy-755
816894.499652173,250,230,dummy-755
816894.905439792,250,230,dummy-755
816911.399765393,250,230,dummy-755
816954.341909477,250,230,dummy-755
816803.819859306,250,230,dummy-553
816828.776924332,250,230,dummy-553
816889.213105334,250,230,dummy-553
816950.92357798,250,230,dummy-553
816685.032096809,250,230,dummy-757
816818.2457881,250,230,dummy-757
816968.819460988,250,230,dummy-757
816687.823339339,250,230,dummy-610
816872.966204305,250,230,dummy-610
816920.54432448,250,230,dummy-610
816927.98028614,250,230,dummy-610
816696.530714638,250,230,dummy-672
816942.298271995,250,230,dummy-672
816693.807644533,250,230,dummy-478
816709.343326845,250,230,dummy-478
816790.718632692,250,230,dummy-478
816892.039872751,250,230,dummy-478
816731.342252455,250,230,dummy-597
816800.789238846,250,230,dummy-597
816883.385648754,250,230,dummy-597
816931.666853957,250,230,dummy-597
816710.768885618,250,230,dummy-182
816791.176501793,250,230,dummy-182
816854.954412265,250,230,dummy-182
816856.329040413,250,230,dummy-182
816921.74014993,250,230,dummy-182
816722.316324865,250,230,dummy-665
816754.426084663,250,230,dummy-665
816871.625367435,250,230,dummy-665
816688.998267494,250,230,dummy-761
816826.193090032,250,230,dummy-761
816907.477147675,250,230,dummy-761
816941.469148292,250,230,dummy-761
816676.552687946,250,230,dummy-172
816711.254338805,250,230,dummy-172
816741.703128713,250,230,dummy-172
816803.470648325,250,230,dummy-172
816837.958337696,250,230,dummy-172
816848.622929351,250,230,dummy-172
816677.127274085,250,230,dummy-205
816696.233235682,250,230,dummy-205
816747.90891739,250,230,dummy-205
816835.930326723,250,230,dummy-205
816889.553435167,250,230,dummy-205
816963.468707402,250,230,dummy-205
816679.051400819,250,230,dummy-410
816706.778151082,250,230,dummy-410
816712.247436686,250,230,dummy-410
816720.995424111,250,230,dummy-410
816838.615916748,250,230,dummy-410
816905.135046356,250,230,dummy-410
816928.860708844,250,230,dummy-410
816702.697342266,250,230,dummy-142
816719.151716092,250,230,dummy-142
816786.537279778,250,230,dummy-142
816820.68832148,250,230,dummy-142
816851.354416526,250,230,dummy-142
816879.462190717,250,230,dummy-142
816685.931624604,250,230,dummy-562
816852.947451411,250,230,dummy-562
816891.387886707,250,230,dummy-562
816902.115529436,250,230,dummy-562
816912.669712628,250,230,dummy-562
816919.558703883,250,230,dummy-562
816767.71799013,250,230,dummy-488
816795.590832502,250,230,dummy-488
816811.96813026,250,230,dummy-488
816863.272531824,250,230,dummy-488
816772.87554878,250,230,dummy-248
816870.107276558,250,230,dummy-248
816970.510630448,250,230,dummy-248
816822.874851344,250,230,dummy-586
816842.440871296,250,230,dummy-689
816856.914609202,250,230,dummy-689
816895.162181259,250,230,dummy-689
816682.084105576,250,230,dummy-169
816698.501033919,250,230,dummy-169
816928.881489608,250,230,dummy-169
816681.451155561,250,230,dummy-386
816754.798087866,250,230,dummy-386
816734.447257763,250,230,dummy-41
816850.325789137,250,230,dummy-41
816885.085801234,250,230,dummy-41
816673.400325128,250,230,dummy-375
816793.869273876,250,230,dummy-375
816941.950261282,250,230,dummy-375
816800.518823329,250,230,dummy-472
816925.860580024,250,230,dummy-472
816938.841272488,250,230,dummy-472
816939.342632788,250,230,dummy-472
816957.162307215,250,230,dummy-472
816686.478575164,250,230,dummy-543
816845.776464529,250,230,dummy-543
816854.277499456,250,230,dummy-543
816793.755250183,250,230,dummy-580
816801.516569616,250,230,dummy-580
816870.401461877,250,230,dummy-580
816950.542463876,250,230,dummy-580
816673.051450179,250,230,dummy-249
816700.91176128,250,230,dummy-249
816826.233289699,250,230,dummy-249
816900.297293451,250,230,dummy-249
816932.435830652,250,230,dummy-249
816850.07486886,250,230,dummy-356
816876.070763707,250,230,dummy-356
816904.689500559,250,230,dummy-356
816919.589573896,250,230,dummy-356
816743.391938992,250,230,dummy-473
816790.189978518,250,230,dummy-473
816799.760826112,250,230,dummy-473
816905.08218907,250,230,dummy-473
816683.119331899,250,230,dummy-14
816788.385546756,250,230,dummy-14
816861.725998775,250,230,dummy-14
816881.846875755,250,230,dummy-14
816676.639673873,250,230,dummy-159
816858.905391146,250,230,dummy-159
816674.793118999,250,230,dummy-216
816696.979732013,250,230,dummy-216
816739.410525673,250,230,dummy-216
816748.43667187,250,230,dummy-216
816789.943802283,250,230,dummy-216
816674.162039942,250,230,dummy-572
816741.349366953,250,230,dummy-572
816911.76728272,250,230,dummy-572
816769.265650995,250,230,dummy-430
816821.82032861,250,230,dummy-430
816969.90905118,250,230,dummy-430
816759.115732832,250,230,dummy-647
816846.097010659,250,230,dummy-647
816904.273268672,250,230,dummy-647
816740.752691375,250,230,dummy-469
816931.54206808,250,230,dummy-469
816777.040188592,250,230,dummy-457
816771.259387569,250,230,dummy-688
816793.001653954,250,230,dummy-688
816797.850836234,250,230,dummy-688
816696.108515508,250,230,dummy-351
816696.918976767,250,230,dummy-351
816745.728118535,250,230,dummy-351
816831.532142601,250,230,dummy-351
816924.377858731,250,230,dummy-351
816792.27602314,250,230,dummy-616
816819.133720275,250,230,dummy-616
816863.851356823,250,230,dummy-616
816785.186969209,250,230,dummy-354
816836.982708326,250,230,dummy-354
816968.052231835,250,230,dummy-354
816708.427638246,250,230,dummy-613
816788.148419257,250,230,dummy-613
816847.339069924,250,230,dummy-613
816883.267832126,250,230,dummy-613
816959.096045701,250,230,dummy-613
816680.252956675,250,230,dummy-413
816717.663513868,250,230,dummy-413
816740.101555436,250,230,dummy-413
816836.949206906,250,230,dummy-413
816928.688766405,250,230,dummy-413
816936.50414303,250,230,dummy-413
816714.95532079,250,230,dummy-484
816755.718963549,250,230,dummy-484
816773.25683722,250,230,dummy-484
816707.85511034,250,230,dummy-319
816732.247541435,250,230,dummy-319
816897.534717187,250,230,dummy-319
816911.962193929,250,230,dummy-319
816968.00829058,250,230,dummy-319
816791.141841384,250,230,dummy-340
816848.594750601,250,230,dummy-340
816923.751691054,250,230,dummy-340
816753.697316678,250,230,dummy-407
816755.288713912,250,230,dummy-407
816721.907908348,250,230,dummy-108
816723.635978805,250,230,dummy-108
816810.068007147,250,230,dummy-108
816947.115123629,250,230,dummy-108
816766.806324652,250,230,dummy-347
816781.058412234,250,230,dummy-347
816920.16217298,250,230,dummy-347
816698.66492481,250,230,dummy-538
816733.127739284,250,230,dummy-538
816766.960406285,250,230,dummy-538
816776.24594489,250,230,dummy-538
816821.475555149,250,230,dummy-538
816945.962018107,250,230,dummy-538
816748.348488208,250,230,dummy-648
816765.998766264,250,230,dummy-648
816768.666585933,250,230,dummy-648
816877.330138314,250,230,dummy-648
816693.278264371,250,230,dummy-596
816797.974538722,250,230,dummy-596
816804.265449505,250,230,dummy-596
816925.073263492,250,230,dummy-596
816950.667081519,250,230,dummy-596
816879.941000517,250,230,dummy-422
816691.641194137,250,230,dummy-753
816710.316030647,250,230,dummy-389
816766.789444354,250,230,dummy-389
816776.696182388,250,230,dummy-389
816807.638129709,250,230,dummy-389
816868.438728101,250,230,dummy-389
816876.584963417,250,230,dummy-389
816830.634919563,250,230,dummy-372
816836.654349652,250,230,dummy-372
816823.290182876,250,230,dummy-575
816824.844384828,250,230,dummy-575
816673.444825777,250,230,dummy-566
816685.425039375,250,230,dummy-566
816690.32346542,250,230,dummy-566
816702.425852514,250,230,dummy-566
816929.755054729,250,230,dummy-566
816945.056545719,250,230,dummy-566
816677.513581755,250,230,dummy-87
816721.841239521,250,230,dummy-87
816811.787544332,250,230,dummy-87
816839.477909393,250,230,dummy-87
816895.752543367,250,230,dummy-87
816751.720311604,250,230,dummy-85
816902.870909903,250,230,dummy-85
816940.182578311,250,230,dummy-85
816777.082746671,250,230,dummy-364
816783.112817209,250,230,dummy-364
816811.842654176,250,230,dummy-364
816881.843421464,250,230,dummy-364
816969.353335703,250,230,dummy-364
816692.403343364,250,230,dummy-505
816712.292509477,250,230,dummy-505
816713.754300737,250,230,dummy-505
816731.505688764,250,230,dummy-505
816734.49675303,250,230,dummy-505
816764.601218815,250,230,dummy-505
816802.493554202,250,230,dummy-505
816906.135827816,250,230,dummy-505
816710.2047418,250,230,dummy-545
816736.113863686,250,230,dummy-545
816825.698703567,250,230,dummy-545
816827.993237339,250,230,dummy-545
816906.219361569,250,230,dummy-545
816934.885837089,250,230,dummy-545
816730.363996373,250,230,dummy-298
816799.30824608,250,230,dummy-298
816895.126396513,250,230,dummy-298
816919.921402311,250,230,dummy-298
816830.709378257,250,230,dummy-414
816831.151069219,250,230,dummy-414
816852.681691654,250,230,dummy-620
816922.973158443,250,230,dummy-620
816681.13836503,250,230,dummy-269
816886.573025697,250,230,dummy-269
816726.895559333,250,230,dummy-524
816728.044399636,250,230,dummy-524
816844.993293451,250,230,dummy-524
816883.312286322,250,230,dummy-524
816937.059334388,250,230,dummy-524
816939.602950322,250,230,dummy-524
816706.479690773,250,230,dummy-551
816765.029478714,250,230,dummy-551
816677.029439753,250,230,dummy-506
816843.002414275,250,230,dummy-506
816843.075022138,250,230,dummy-506
816848.865834827,250,230,dummy-506
816909.456024295,250,230,dummy-506
816914.049505048,250,230,dummy-506
816682.068007675,250,230,dummy-23
816847.505078902,250,230,dummy-23
816681.900440686,250,230,dummy-210
816946.075720866,250,230,dummy-210
816835.305895717,250,230,dummy-508
816863.193408167,250,230,dummy-508
816878.881337056,250,230,dummy-508
816927.115477151,250,230,dummy-337
816761.113561351,250,230,dummy-449
816804.023102298,250,230,dummy-449
816842.224038686,250,230,dummy-449
816849.282595284,250,230,dummy-449
816853.695808912,250,230,dummy-449
816860.262581835,250,230,dummy-449
816927.942982217,250,230,dummy-228
816704.496993005,250,230,dummy-453
816801.043612605,250,230,dummy-453
816852.758769135,250,230,dummy-453
816860.415737729,250,230,dummy-453
816915.979115801,250,230,dummy-453
816689.896242578,250,230,dummy-533
816721.967293543,250,230,dummy-533
816730.602930273,250,230,dummy-533
816847.000957186,250,230,dummy-533
816868.288168689,250,230,dummy-533
816877.007841484,250,230,dummy-533
816882.708802177,250,230,dummy-533
816945.856448536,250,230,dummy-533
816749.042945127,250,230,dummy-345
816873.84544731,250,230,dummy-345
816842.160144372,250,230,dummy-178
816699.302218902,250,230,dummy-176
816778.134447427,250,230,dummy-176
816902.621075987,250,230,dummy-176
816830.560621642,250,230,dummy-303
816918.959191562,250,230,dummy-303
816726.021598663,250,230,dummy-415
816845.265214426,250,230,dummy-415
816713.625032641,250,230,dummy-696
816921.269134692,250,230,dummy-696
816944.063388461,250,230,dummy-696
816727.707335039,250,230,dummy-503
816731.355367152,250,230,dummy-503
816850.645512005,250,230,dummy-503
816855.710519016,250,230,dummy-503
816869.75322309,250,230,dummy-503
816883.214650798,250,230,dummy-503
816905.697659264,250,230,dummy-503
816919.045864589,250,230,dummy-503
816713.518857057,250,230,dummy-136
816815.432787262,250,230,dummy-136
816756.856238323,250,230,dummy-111
816713.178349793,250,230,dummy-717
816944.670173974,250,230,dummy-717
816961.487972604,250,230,dummy-717
816947.358873383,250,230,dummy-409
816948.017542863,250,230,dummy-409
816767.150701179,250,230,dummy-471
816871.44734079,250,230,dummy-471
816928.197582028,250,230,dummy-471
816688.278481288,250,230,dummy-513
816691.425675877,250,230,dummy-513
816826.504574268,250,230,dummy-513
816719.128725701,250,230,dummy-311
816789.701583328,250,230,dummy-311
816813.175498191,250,230,dummy-311
816672.196099402,250,230,dummy-251
816943.05600425,250,230,dummy-251
816969.371353035,250,230,dummy-251
816810.345461542,250,230,dummy-227
816821.880420804,250,230,dummy-227
816864.72419528,250,230,dummy-227
816915.625844429,250,230,dummy-227
816960.521511159,250,230,dummy-227
816783.178267351,250,230,dummy-197
816941.5160814,250,230,dummy-197
816782.59982282,250,230,dummy-440
816847.493974376,250,230,dummy-440
816872.030571516,250,230,dummy-440
816904.143273049,250,230,dummy-440
816955.541721431,250,230,dummy-440
816730.929259264,250,230,dummy-277
816794.501044478,250,230,dummy-277
816933.479083514,250,230,dummy-277
816962.537939785,250,230,dummy-277
816881.701360466,250,230,dummy-110
816696.02942417,250,230,dummy-38
816767.922179383,250,230,dummy-38
816917.108992589,250,230,dummy-38
816676.91153574,250,230,dummy-275
816704.150327545,250,230,dummy-275
816781.065600953,250,230,dummy-275
816855.933377483,250,230,dummy-275
816694.239649443,250,230,dummy-527
816723.253074941,250,230,dummy-527
816761.854354335,250,230,dummy-527
816717.474624424,250,230,dummy-650
816727.576663118,250,230,dummy-650
816732.963991139,250,230,dummy-650
816815.938691154,250,230,dummy-650
816914.439754936,250,230,dummy-650
816928.969892695,250,230,dummy-650
816690.924004607,250,230,dummy-680
816792.370608661,250,230,dummy-680
816827.567072016,250,230,dummy-680
816871.271676681,250,230,dummy-680
816971.982046594,250,230,dummy-680
816758.426969853,250,230,dummy-310
816767.950558883,250,230,dummy-310
816786.218363615,250,230,dummy-310
816692.76044262,250,230,dummy-624
816702.219421506,250,230,dummy-624
816858.941203267,250,230,dummy-624
816939.313067661,250,230,dummy-624
816707.209675141,250,230,dummy-24
816725.341882575,250,230,dummy-24
816824.89025078,250,230,dummy-24
816910.658422997,250,230,dummy-477
816958.852209592,250,230,dummy-477
816814.333269047,250,230,dummy-56
816835.323606805,250,230,dummy-56
816916.631711902,250,230,dummy-56
816737.705895225,250,230,dummy-496
816768.153588825,250,230,dummy-496
816940.917888269,250,230,dummy-496
816783.31616195,250,230,dummy-699
816813.638441502,250,230,dummy-699
816835.298972517,250,230,dummy-699
816893.745700951,250,230,dummy-699
816895.527768162,250,230,dummy-699
816908.79480615,250,230,dummy-699
816685.404426863,250,230,dummy-346
816704.410027603,250,230,dummy-346
816707.918535231,250,230,dummy-346
816766.980854239,250,230,dummy-346
816833.730229171,250,230,dummy-346
816858.186445755,250,230,dummy-346
816945.005455823,250,230,dummy-346
816752.492675883,250,230,dummy-53
816954.2907406,250,230,dummy-53
816700.795390981,250,230,dummy-531
816721.994251161,250,230,dummy-531
816749.639917236,250,230,dummy-531
816815.008340036,250,230,dummy-531
816860.677184948,250,230,dummy-531
816890.760732261,250,230,dummy-531
816929.799927806,250,230,dummy-531
816739.59275833,250,230,dummy-467
816767.68622256,250,230,dummy-467
816902.31386746,250,230,dummy-482
816929.066954541,250,230,dummy-482
816969.940662198,250,230,dummy-482
816701.127992603,250,230,dummy-20
816801.589939342,250,230,dummy-20
816816.466176756,250,230,dummy-20
816826.233344145,250,230,dummy-20
816865.23298266,250,230,dummy-20
816887.977056512,250,230,dummy-20
816933.559260081,250,230,dummy-20
816934.662507557,250,230,dummy-20
816945.536936248,250,230,dummy-20
816885.767484564,250,230,dummy-261
816936.291321955,250,230,dummy-261
816957.186248861,250,230,dummy-261
816679.585647641,250,230,dummy-420
816694.777424136,250,230,dummy-420
816899.168343382,250,230,dummy-420
816840.628041233,250,230,dummy-732
816866.35580881,250,230,dummy-732
816878.397481437,250,230,dummy-732
816954.588010154,250,230,dummy-732
816696.956390966,250,230,dummy-171
816698.650647553,250,230,dummy-171
816800.314284828,250,230,dummy-171
816815.529918409,250,230,dummy-171
816898.249599382,250,230,dummy-171
816925.67541567,250,230,dummy-171
816687.441284188,250,230,dummy-723
816773.118336198,250,230,dummy-723
816945.676019752,250,230,dummy-723
816710.370740646,250,230,dummy-114
816744.821804824,250,230,dummy-114
816782.347584573,250,230,dummy-114
816891.334587679,250,230,dummy-114
816953.613863021,250,230,dummy-114
816813.210763651,250,230,dummy-122
816856.025646702,250,230,dummy-122
816917.233984178,250,230,dummy-122
816718.122411448,250,230,dummy-214
816753.53123181,250,230,dummy-214
816825.04091563,250,230,dummy-214
816909.073947599,250,230,dummy-214
816912.175286595,250,230,dummy-214
816694.85422896,250,230,dummy-465
816860.466066177,250,230,dummy-465
816887.143823899,250,230,dummy-465
816914.209808606,250,230,dummy-465
816828.080780159,250,230,dummy-456
816874.43050149,250,230,dummy-456
816921.895941795,250,230,dummy-456
816753.636117875,250,230,dummy-522
816785.54967454,250,230,dummy-522
816812.363499043,250,230,dummy-522
816875.471883636,250,230,dummy-522
816720.175742363,250,230,dummy-296
816763.416265656,250,230,dummy-296
816829.472289541,250,230,dummy-296
816883.621065444,250,230,dummy-296
816934.66757086,250,230,dummy-296
816727.972726736,250,230,dummy-181
816768.899419376,250,230,dummy-181
816786.35281276,250,230,dummy-181
816793.116766031,250,230,dummy-181
816809.594269259,250,230,dummy-181
816824.002600154,250,230,dummy-181
816904.162161241,250,230,dummy-181
816914.067342663,250,230,dummy-181
816956.817597505,250,230,dummy-181
816833.650263763,250,230,dummy-437
816860.322661046,250,230,dummy-437
816833.104557127,250,230,dummy-501
816895.717519556,250,230,dummy-501
816927.447736029,250,230,dummy-501
816958.121490461,250,230,dummy-501
816700.41925867,250,230,dummy-274
816753.312999578,250,230,dummy-274
816774.109366452,250,230,dummy-274
816799.655058109,250,230,dummy-274
816898.474585921,250,230,dummy-274
816907.60509556,250,230,dummy-274
816732.186411005,250,230,dummy-301
816734.640073574,250,230,dummy-301
816771.038847934,250,230,dummy-301
816844.589019896,250,230,dummy-301
816872.177654295,250,230,dummy-301
816806.506450416,250,230,dummy-363
816923.735076834,250,230,dummy-363
816903.634788116,250,230,dummy-321
816742.712825039,250,230,dummy-237
816878.773303163,250,230,dummy-237
816725.266546848,250,230,dummy-199
816842.547708885,250,230,dummy-199
816921.103490553,250,230,dummy-199
816916.264269537,250,230,dummy-621
816727.918911698,250,230,dummy-542
816713.117867455,250,230,dummy-712
816737.614915563,250,230,dummy-712
816749.14153495,250,230,dummy-712
816919.431453509,250,230,dummy-712
816955.166059487,250,230,dummy-712
816679.97321232,250,230,dummy-445
816731.239787024,250,230,dummy-445
816817.537909886,250,230,dummy-445
816821.292910134,250,230,dummy-445
816925.729174392,250,230,dummy-445
816839.991081926,250,230,dummy-515
816713.457906845,250,230,dummy-225
816725.111385144,250,230,dummy-225
816897.69426831,250,230,dummy-225
816720.850075929,250,230,dummy-240
816756.440803071,250,230,dummy-240
816769.122313636,250,230,dummy-240
816784.290316145,250,230,dummy-240
816905.114413882,250,230,dummy-240
816836.408589438,250,230,dummy-103
816868.047346863,250,230,dummy-103
816910.382711154,250,230,dummy-103
816678.848396781,250,230,dummy-569
816875.928974337,250,230,dummy-569
816904.945414673,250,230,dummy-569
816759.778792432,250,230,dummy-748
816789.179034986,250,230,dummy-748
816799.226268242,250,230,dummy-748
816901.645075423,250,230,dummy-748
816719.351764089,250,230,dummy-141
816776.761192626,250,230,dummy-141
816782.924618473,250,230,dummy-141
816813.040219495,250,230,dummy-141
816920.790065811,250,230,dummy-141
816733.448382981,250,230,dummy-574
816748.176688498,250,230,dummy-574
816812.235011512,250,230,dummy-574
816887.665142176,250,230,dummy-574
816937.221187242,250,230,dummy-574
816681.93331946,250,230,dummy-234
816705.68931628,250,230,dummy-234
816707.066259446,250,230,dummy-234
816753.203290657,250,230,dummy-234
816786.457492344,250,230,dummy-234
816834.955735292,250,230,dummy-234
816749.993859697,250,230,dummy-454
816916.638905403,250,230,dummy-454
816929.453772554,250,230,dummy-454
816959.379994792,250,230,dummy-454
816961.415107427,250,230,dummy-454
816686.15461801,250,230,dummy-286
816870.256724551,250,230,dummy-286
816882.878312263,250,230,dummy-286
816769.443141553,250,230,dummy-125
816800.496290362,250,230,dummy-125
816886.881821283,250,230,dummy-125
816900.917428055,250,230,dummy-125
816970.023479801,250,230,dummy-125
816748.228459955,250,230,dummy-282
816775.95847431,250,230,dummy-284
816790.978301264,250,230,dummy-284
816930.728824206,250,230,dummy-284
816956.529487456,250,230,dummy-284
816711.966413807,250,230,dummy-39
816725.533381219,250,230,dummy-39
816765.898114941,250,230,dummy-39
816811.044866913,250,230,dummy-39
816851.30218051,250,230,dummy-39
816886.863636204,250,230,dummy-39
816905.355914083,250,230,dummy-39
816935.978000329,250,230,dummy-39
816768.30027242,250,230,dummy-200
816783.23232262,250,230,dummy-121
816932.033130771,250,230,dummy-121
816966.816668098,250,230,dummy-121
816696.753891353,250,230,dummy-399
816723.877845345,250,230,dummy-399
816885.34049309,250,230,dummy-399
816891.925629875,250,230,dummy-399
816949.752997349,250,230,dummy-399
816682.656336688,250,230,dummy-13
816728.059279806,250,230,dummy-13
816788.0731893,250,230,dummy-13
816805.347082011,250,230,dummy-13
816879.041420121,250,230,dummy-13
816907.640375074,250,230,dummy-423
816767.769680565,250,230,dummy-262
816802.714352279,250,230,dummy-262
816790.738218166,250,230,dummy-640
816920.280929236,250,230,dummy-640
816962.673670345,250,230,dummy-640
816767.936551365,250,230,dummy-7
816781.395465082,250,230,dummy-7
816782.46893179,250,230,dummy-7
816859.321349039,250,230,dummy-229
816872.727241461,250,230,dummy-229
816675.735462826,250,230,dummy-559
816717.717236511,250,230,dummy-559
816831.027656679,250,230,dummy-559
816951.090149237,250,230,dummy-559
816683.413159703,250,230,dummy-292
816801.292264939,250,230,dummy-292
816824.363019048,250,230,dummy-292
816834.100234307,250,230,dummy-292
816866.558493822,250,230,dummy-292
816880.880570186,250,230,dummy-292
816931.235787946,250,230,dummy-292
816682.325767111,250,230,dummy-291
816729.699999776,250,230,dummy-291
816851.266217917,250,230,dummy-291
816675.279223614,250,230,dummy-358
816678.546447115,250,230,dummy-358
816759.71752041,250,230,dummy-358
816880.138069753,250,230,dummy-358
816914.975838874,250,230,dummy-358
816806.555330627,250,230,dummy-433
816813.502045726,250,230,dummy-433
816829.791250398,250,230,dummy-433
816855.716871233,250,230,dummy-433
816905.10050173,250,230,dummy-433
816905.728481327,250,230,dummy-433
816952.75926913,250,230,dummy-433
816960.386218424,250,230,dummy-433
816739.307718115,250,230,dummy-519
816779.723588625,250,230,dummy-519
816800.23909575,250,230,dummy-519
816696.400683658,250,230,dummy-283
816716.732295028,250,230,dummy-283
816772.577684961,250,230,dummy-283
816849.185341234,250,230,dummy-283
816867.517411161,250,230,dummy-283
816901.459819689,250,230,dummy-283
816954.585264045,250,230,dummy-694
816688.071480524,250,230,dummy-306
816828.365711306,250,230,dummy-306
816829.217900629,250,230,dummy-306
816861.25183844,250,230,dummy-306
816747.840875921,250,230,dummy-636
816960.148215365,250,230,dummy-636
816734.848014522,250,230,dummy-385
816752.826505418,250,230,dummy-385
816810.631406759,250,230,dummy-385
816908.203029827,250,230,dummy-385
816910.97992781,250,230,dummy-385
816710.690141437,250,230,dummy-37
816712.682000601,250,230,dummy-37
816918.272928442,250,230,dummy-37
816775.433582951,250,230,dummy-442
816853.239108677,250,230,dummy-442
816883.284773918,250,230,dummy-442
816904.465660299,250,230,dummy-442
816906.508936547,250,230,dummy-442
816693.80191047,250,230,dummy-46
816799.988363559,250,230,dummy-46
816837.665420936,250,230,dummy-46
816881.577136598,250,230,dummy-46
816882.054484779,250,230,dummy-46
816953.032690998,250,230,dummy-46
816793.403549417,250,230,dummy-10
816692.362038215,250,230,dummy-724
816868.543930066,250,230,dummy-724
816733.327836181,250,230,dummy-690
816763.991257192,250,230,dummy-690
816859.077997695,250,230,dummy-690
816789.859046918,250,230,dummy-213
816925.601714774,250,230,dummy-213
816930.664275582,250,230,dummy-213
816942.36334702,250,230,dummy-213
816792.740142055,250,230,dummy-736
816884.800507871,250,230,dummy-736
816959.941121398,250,230,dummy-736
816758.65276721,250,230,dummy-74
816792.699887001,250,230,dummy-74
816861.835889547,250,230,dummy-74
816866.321168229,250,230,dummy-74
816713.852404194,250,230,dummy-646
816797.732817128,250,230,dummy-646
816840.45635841,250,230,dummy-646
816896.164248994,250,230,dummy-646
816763.676354825,250,230,dummy-339
816828.485971547,250,230,dummy-339
816846.485472653,250,230,dummy-697
816896.450057064,250,230,dummy-697
816690.825184764,250,230,dummy-483
816788.681615772,250,230,dummy-483
816820.355780565,250,230,dummy-483
816846.407627727,250,230,dummy-483
816856.92471041,250,230,dummy-483
816930.555964505,250,230,dummy-483
816693.872159928,250,230,dummy-16
816750.341436406,250,230,dummy-16
816857.541608472,250,230,dummy-16
816895.45415403,250,230,dummy-16
816932.127284596,250,230,dummy-16
816954.141593315,250,230,dummy-16
816677.652407637,250,230,dummy-539
816893.179101956,250,230,dummy-539
816697.527769127,250,230,dummy-497
816934.885314243,250,230,dummy-497
816767.242863282,250,230,dummy-342
816951.992197375,250,230,dummy-342
816914.798252994,250,230,dummy-168
816932.667017758,250,230,dummy-168
816679.592536755,250,230,dummy-198
816688.66585634,250,230,dummy-198
816697.072108764,250,230,dummy-198
816750.855923695,250,230,dummy-198
816780.649580114,250,230,dummy-198
816858.684802169,250,230,dummy-198
816880.175572416,250,230,dummy-198
816925.762903241,250,230,dummy-198
816929.706057133,250,230,dummy-198
816736.802039105,250,230,dummy-419
816755.646755667,250,230,dummy-419
816792.998986221,250,230,dummy-419
816804.118492171,250,230,dummy-419
816871.926722471,250,230,dummy-419
816937.376594426,250,230,dummy-419
816940.625348904,250,230,dummy-419
816749.800069512,250,230,dummy-260
816794.543367249,250,230,dummy-260
816795.751107226,250,230,dummy-260
816796.49807312,250,230,dummy-260
816866.260093945,250,230,dummy-260
816724.036925985,250,230,dummy-242
816769.761871626,250,230,dummy-242
816771.751166119,250,230,dummy-242
816886.567148964,250,230,dummy-242
816915.821587753,250,230,dummy-242
816921.642410811,250,230,dummy-242
816928.037093078,250,230,dummy-242
816956.718861192,250,230,dummy-242
816809.707851842,250,230,dummy-578
816882.134471756,250,230,dummy-578
816937.501582901,250,230,dummy-578
816915.247612332,250,230,dummy-343
816944.697440284,250,230,dummy-343
816690.977775499,250,230,dummy-685
816723.73444387,250,230,dummy-685
816732.184806579,250,230,dummy-685
816828.995753253,250,230,dummy-685
816727.181691354,250,230,dummy-17
816888.056263733,250,230,dummy-17
816899.58507076,250,230,dummy-17
816775.754894061,250,230,dummy-695
816826.453591074,250,230,dummy-695
816909.336912474,250,230,dummy-695
816920.330292621,250,230,dummy-695
816962.339425547,250,230,dummy-695
816699.822281019,250,230,dummy-66
816853.342338901,250,230,dummy-66
816922.096879338,250,230,dummy-66
816766.431714643,250,230,dummy-156
816883.129413196,250,230,dummy-156
816889.211287601,250,230,dummy-156
816961.290614861,250,230,dummy-156
816698.809932108,250,230,dummy-396
816709.704701563,250,230,dummy-396
816749.555041611,250,230,dummy-396
816762.591214029,250,230,dummy-396
816780.196119671,250,230,dummy-396
816845.73918907,250,230,dummy-396
816881.581895359,250,230,dummy-396
816927.205669457,250,230,dummy-396
816803.354122942,250,230,dummy-691
816872.279022574,250,230,dummy-691
816880.06099615,250,230,dummy-691
816898.249571071,250,230,dummy-691
816939.204481775,250,230,dummy-691
816680.691665956,250,230,dummy-1
816696.276252761,250,230,dummy-1
816755.009236678,250,230,dummy-1
816825.699335141,250,230,dummy-1
816835.365733599,250,230,dummy-1
816905.745768442,250,230,dummy-1
816960.417615818,250,230,dummy-1
816741.691008248,250,230,dummy-70
816801.514204957,250,230,dummy-70
816830.382809318,250,230,dummy-70
816880.131190337,250,230,dummy-70
816759.993392542,250,230,dummy-120
816763.490117376,250,230,dummy-120
816836.0347379,250,230,dummy-120
816699.798796273,250,230,dummy-729
816784.271968433,250,230,dummy-729
816878.933619644,250,230,dummy-729
816926.453491855,250,230,dummy-729
816712.482543466,250,230,dummy-388
816758.232452521,250,230,dummy-388
816774.267220867,250,230,dummy-388
816948.790564104,250,230,dummy-388
816740.019977702,250,230,dummy-541
816958.887951592,250,230,dummy-541
816959.11020548,250,230,dummy-541
816672.300517021,250,230,dummy-514
816797.87227184,250,230,dummy-514
816826.976742805,250,230,dummy-514
816903.207353937,250,230,dummy-514
816906.593383656,250,230,dummy-514
816686.019142214,250,230,dummy-458
816696.257670689,250,230,dummy-458
816699.855596952,250,230,dummy-458
816751.454311764,250,230,dummy-458
816779.788364564,250,230,dummy-458
816781.058001993,250,230,dummy-458
816707.238575167,250,230,dummy-219
816751.313791395,250,230,dummy-219
816848.110395492,250,230,dummy-219
816893.904315482,250,230,dummy-219
816942.214020794,250,230,dummy-219
816942.372106107,250,230,dummy-219
816970.223086005,250,230,dummy-219
816716.878396898,250,230,dummy-667
816731.768265766,250,230,dummy-667
816751.631614651,250,230,dummy-667
816822.238037776,250,230,dummy-667
816884.742282998,250,230,dummy-667
816934.770842618,250,230,dummy-667
816688.564409802,250,230,dummy-530
816692.076351795,250,230,dummy-530
816719.572208831,250,230,dummy-530
816759.859331941,250,230,dummy-530
816926.659512985,250,230,dummy-530
816937.293207715,250,230,dummy-530
816843.076559962,250,230,dummy-630
816863.622314524,250,230,dummy-630
816920.152109866,250,230,dummy-630
816695.447118158,250,230,dummy-97
816752.005077701,250,230,dummy-97
816902.352437429,250,230,dummy-97
816720.706314744,250,230,dummy-526
816968.877662313,250,230,dummy-526
816679.707287558,250,230,dummy-272
816815.718563562,250,230,dummy-272
816824.32845382,250,230,dummy-272
816886.256443679,250,230,dummy-272
816931.591961969,250,230,dummy-272
816939.254702557,250,230,dummy-272
816969.673092508,250,230,dummy-272
816681.388566042,250,230,dummy-196
816707.985032559,250,230,dummy-196
816897.339761873,250,230,dummy-196
816686.077646214,250,230,dummy-11
816701.504644745,250,230,dummy-11
816702.418912844,250,230,dummy-11
816702.472410775,250,230,dummy-11
816728.56800197,250,230,dummy-11
816753.888573477,250,230,dummy-11
816861.730307075,250,230,dummy-11
816926.243251277,250,230,dummy-11
816697.791001921,250,230,dummy-438
816751.725094942,250,230,dummy-438
816882.45617776,250,230,dummy-438
816956.176376918,250,230,dummy-438
816966.920010025,250,230,dummy-438
816909.940887775,250,230,dummy-741
816946.277100543,250,230,dummy-741
816742.732725152,250,230,dummy-77
816859.97702446,250,230,dummy-77
816879.483661216,250,230,dummy-77
816969.020352774,250,230,dummy-77
816712.740823234,250,230,dummy-666
816766.026469592,250,230,dummy-666
816788.421322707,250,230,dummy-666
816808.813991267,250,230,dummy-666
816848.624353184,250,230,dummy-666
816850.50535055,250,230,dummy-666
816866.484159196,250,230,dummy-666
816873.174719646,250,230,dummy-666
816948.809003291,250,230,dummy-666
816713.747072,250,230,dummy-170
816757.748435378,250,230,dummy-170
816796.38831198,250,230,dummy-170
816850.864901604,250,230,dummy-170
816900.570054648,250,230,dummy-170
816934.184767867,250,230,dummy-170
816673.706218195,250,230,dummy-230
816687.311984291,250,230,dummy-230
816717.529967093,250,230,dummy-230
816940.311179909,250,230,dummy-230
816953.055008337,250,230,dummy-230
816746.659473514,250,230,dummy-8
816750.1227245,250,230,dummy-8
816756.258593979,250,230,dummy-8
816856.321926404,250,230,dummy-8
816897.57756458,250,230,dummy-8
816946.530556692,250,230,dummy-8
816700.665108805,250,230,dummy-668
816839.519444102,250,230,dummy-668
816891.64544135,250,230,dummy-668
816928.503440631,250,230,dummy-668
816940.692612869,250,230,dummy-668
816720.922312262,250,230,dummy-540
816802.346904082,250,230,dummy-540
816851.918717748,250,230,dummy-540
816943.876624508,250,230,dummy-540
816693.349315519,250,230,dummy-67
816699.085936971,250,230,dummy-67
816711.321889827,250,230,dummy-67
816851.589197674,250,230,dummy-67
816937.177451594,250,230,dummy-67
816951.61568838,250,230,dummy-67
816766.416886333,250,230,dummy-614
816896.371413532,250,230,dummy-614
816928.127164,250,230,dummy-614
816943.773302012,250,230,dummy-614
816700.175930513,250,230,dummy-290
816788.046769415,250,230,dummy-706
816822.397927895,250,230,dummy-706
816842.86741608,250,230,dummy-528
816675.851543511,250,230,dummy-652
816713.760915914,250,230,dummy-652
816750.404342324,250,230,dummy-652
816939.982997528,250,230,dummy-652
816942.244067905,250,230,dummy-652
816722.968401123,250,230,dummy-367
816957.675102896,250,230,dummy-367
816674.670261497,250,230,dummy-446
816890.393985529,250,230,dummy-446
816916.740412817,250,230,dummy-446
816923.908059518,250,230,dummy-446
816949.348968014,250,230,dummy-446
816853.572013506,250,230,dummy-746
816695.438606913,250,230,dummy-195
816716.30382981,250,230,dummy-195
816719.668806856,250,230,dummy-195
816968.589124917,250,230,dummy-195
816733.611052615,250,230,dummy-567
816932.796979939,250,230,dummy-468
816899.013486143,250,230,dummy-314
816694.930360286,250,230,dummy-560
816838.583485152,250,230,dummy-560
816672.458828083,250,230,dummy-19
816694.930409803,250,230,dummy-19
816714.177950871,250,230,dummy-19
816740.053111013,250,230,dummy-19
816912.915919165,250,230,dummy-19
816940.011622947,250,230,dummy-19
816730.494863988,250,230,dummy-117
816736.756066686,250,230,dummy-117
816741.71323665,250,230,dummy-117
816963.730217164,250,230,dummy-117
816966.779694585,250,230,dummy-117
816900.677935872,250,230,dummy-175
816839.406621454,250,230,dummy-693
816938.5782528,250,230,dummy-693
816720.448367352,250,230,dummy-113
816918.929139173,250,230,dummy-113
816942.912067649,250,230,dummy-113
816716.227097967,250,230,dummy-641
816845.414958362,250,230,dummy-641
816866.554706208,250,230,dummy-641
816923.23817867,250,230,dummy-641
816692.105547199,250,230,dummy-335
816726.018235387,250,230,dummy-335
816730.353939407,250,230,dummy-256
816863.340196386,250,230,dummy-256
816939.790821463,250,230,dummy-256
816956.175005373,250,230,dummy-256
816827.2738532,250,230,dummy-377
816956.540520892,250,230,dummy-377
816674.54024679,250,230,dummy-166
816946.933601366,250,230,dummy-254
816693.266285962,250,230,dummy-629
816745.979726554,250,230,dummy-629
816748.452009431,250,230,dummy-629
816822.012037387,250,230,dummy-629
816882.658777117,250,230,dummy-217
816954.069939241,250,230,dummy-217
816732.305646391,250,230,dummy-26
816788.141444521,250,230,dummy-26
816830.778921019,250,230,dummy-26
816856.644124868,250,230,dummy-26
816921.142144758,250,230,dummy-26
816687.169733922,250,230,dummy-289
816800.466535082,250,230,dummy-289
816802.710321141,250,230,dummy-289
816854.239864158,250,230,dummy-289
816856.379904476,250,230,dummy-289
816857.755344928,250,230,dummy-289
816908.798151167,250,230,dummy-289
816918.757603865,250,230,dummy-289
816932.306489719,250,230,dummy-289
816740.940844427,250,230,dummy-626
816839.710253928,250,230,dummy-626
816942.164968527,250,230,dummy-626
816733.673278474,250,230,dummy-250
816811.107096281,250,230,dummy-250
816832.078288879,250,230,dummy-250
816838.582080108,250,230,dummy-250
816916.167657494,250,230,dummy-250
816944.70631813,250,230,dummy-250
816959.214183634,250,230,dummy-250
816732.577652135,250,230,dummy-735
816794.708972403,250,230,dummy-735
816843.619026213,250,230,dummy-735
816874.977095016,250,230,dummy-735
816686.897658967,250,230,dummy-535
816723.59708878,250,230,dummy-535
816865.840745112,250,230,dummy-535
816909.572692506,250,230,dummy-535
816921.155975392,250,230,dummy-535
816683.361257491,250,230,dummy-355
816810.372030198,250,230,dummy-355
816962.47779485,250,230,dummy-355
816704.542119584,250,230,dummy-273
816900.1524648,250,230,dummy-273
816681.437460541,250,230,dummy-678
816714.635220099,250,230,dummy-678
816802.898021683,250,230,dummy-678
816805.766746372,250,230,dummy-678
816782.559259196,250,230,dummy-235
816948.814712156,250,230,dummy-235
816690.917572748,250,230,dummy-365
816731.150955388,250,230,dummy-365
816857.263275751,250,230,dummy-365
816860.802465954,250,230,dummy-365
816877.744780905,250,230,dummy-365
816694.204808907,250,230,dummy-589
816721.632881459,250,230,dummy-589
816772.927296643,250,230,dummy-589
816807.769931463,250,230,dummy-589
816817.539412973,250,230,dummy-589
816867.414417339,250,230,dummy-589
816898.611062063,250,230,dummy-589
816684.600117948,250,230,dummy-609
816739.76210067,250,230,dummy-609
816825.375495772,250,230,dummy-609
816881.779180437,250,230,dummy-609
816895.54481711,250,230,dummy-609
816964.848591408,250,230,dummy-320
816743.847896115,250,230,dummy-297
816755.954927945,250,230,dummy-297
816866.413977252,250,230,dummy-297
816677.30792985,250,230,dummy-450
816786.700729905,250,230,dummy-450
816947.025441177,250,230,dummy-450
816695.487938365,250,230,dummy-329
816802.292622896,250,230,dummy-329
816805.492861214,250,230,dummy-329
816847.684822463,250,230,dummy-329
816958.69938147,250,230,dummy-329
816673.597816928,250,230,dummy-435
816821.645241656,250,230,dummy-435
816963.494703858,250,230,dummy-435
816823.341381018,250,230,dummy-132
816890.836212937,250,230,dummy-132
816909.766865671,250,230,dummy-132
816944.357224252,250,230,dummy-132
816831.605510793,250,230,dummy-204
816790.870237487,250,230,dummy-627
816793.004605282,250,230,dummy-627
816861.600492669,250,230,dummy-627
816898.215225144,250,230,dummy-627
816683.543999478,250,230,dummy-498
816844.305145377,250,230,dummy-498
816693.169178947,250,230,dummy-658
816724.297525524,250,230,dummy-658
816946.572974622,250,230,dummy-658
816731.53661747,250,230,dummy-702
816744.294782173,250,230,dummy-702
816844.127455182,250,230,dummy-702
816695.035919364,250,230,dummy-18
816696.016846338,250,230,dummy-18
816786.46082343,250,230,dummy-18
816805.279885794,250,230,dummy-18
816845.639715594,250,230,dummy-18
816880.525061235,250,230,dummy-18
816949.053612046,250,230,dummy-18
816800.499608998,250,230,dummy-15
816843.315244643,250,230,dummy-15
816895.799357346,250,230,dummy-15
816904.674419007,250,230,dummy-15
816935.336210617,250,230,dummy-33
816938.231452908,250,230,dummy-33
816707.721988797,250,230,dummy-406
816722.022482861,250,230,dummy-406
816953.936819162,250,230,dummy-622
816760.755478756,250,230,dummy-215
816890.241078262,250,230,dummy-215
816903.787874747,250,230,dummy-215
816912.770911522,250,230,dummy-215
816964.352778987,250,230,dummy-215
816710.772696299,250,230,dummy-221
816731.74271388,250,230,dummy-221
816789.817787353,250,230,dummy-221
816877.535743169,250,230,dummy-221
816896.233595285,250,230,dummy-221
816917.599682937,250,230,dummy-221
816930.543000453,250,230,dummy-221
816970.986942978,250,230,dummy-221
816706.359157376,250,230,dummy-756
816846.023252316,250,230,dummy-491
816883.233146036,250,230,dummy-491
816955.138580275,250,230,dummy-491
816897.733482763,250,230,dummy-656
816697.569145184,250,230,dummy-145
816818.075986236,250,230,dummy-145
816886.051251054,250,230,dummy-145
816895.989328247,250,230,dummy-145
816935.889091359,250,230,dummy-145
816765.783752957,250,230,dummy-679
816769.405744467,250,230,dummy-679
816778.70091595,250,230,dummy-679
816783.568755679,250,230,dummy-679
816856.789702727,250,230,dummy-679
816682.073883878,250,230,dummy-463
816865.454328247,250,230,dummy-463
816921.015215533,250,230,dummy-463
816959.5346602,250,230,dummy-463
816959.917381132,250,230,dummy-463
816746.35954388,250,230,dummy-452
816755.886151563,250,230,dummy-452
816764.205170934,250,230,dummy-452
816882.156560142,250,230,dummy-452
816893.879032061,250,230,dummy-452
816720.865432434,250,230,dummy-112
816895.793736989,250,230,dummy-112
816928.468052304,250,230,dummy-112
816709.531247208,250,230,dummy-424
816741.528855302,250,230,dummy-424
816766.876258389,250,230,dummy-424
816862.193074001,250,230,dummy-424
816931.783910428,250,230,dummy-424
816938.388669984,250,230,dummy-424
816709.576500669,250,230,dummy-581
816835.102772952,250,230,dummy-581
816928.117530061,250,230,dummy-581
816950.451060203,250,230,dummy-581
816737.284534815,250,230,dummy-642
816745.87904233,250,230,dummy-642
816930.381240704,250,230,dummy-642
816674.081088365,250,230,dummy-338
816683.191149292,250,230,dummy-338
816710.581260281,250,230,dummy-338
816808.629221319,250,230,dummy-338
816863.640034435,250,230,dummy-338
816873.426222669,250,230,dummy-338
816950.254034358,250,230,dummy-338
816841.195935869,250,230,dummy-536
816874.092594841,250,230,dummy-536
816945.660814724,250,230,dummy-536
816741.016640608,250,230,dummy-765
816866.826665907,250,230,dummy-765
816911.029115008,250,230,dummy-765
816680.323495781,250,230,dummy-116
816856.225326446,250,230,dummy-116
816864.5520959,250,230,dummy-116
816972.003912854,250,230,dummy-655
816730.97243992,250,230,dummy-500
816793.680896935,250,230,dummy-500
816855.308518398,250,230,dummy-500
816946.79768409,250,230,dummy-500
816678.711460313,250,230,dummy-431
816812.391363709,250,230,dummy-431
816718.76034224,250,230,dummy-304
816731.878587691,250,230,dummy-304
816757.527910199,250,230,dummy-304
816849.816152393,250,230,dummy-304
816853.459170537,250,230,dummy-304
816897.949283274,250,230,dummy-304
816918.701123199,250,230,dummy-304
816970.7433145,250,230,dummy-304
816673.750950034,250,230,dummy-402
816680.019170583,250,230,dummy-402
816851.178387433,250,230,dummy-402
816721.103093694,250,230,dummy-131
816844.51695735,250,230,dummy-131
816865.129376865,250,230,dummy-131
816861.713145526,250,230,dummy-744
816754.705301862,250,230,dummy-82
816856.633950145,250,230,dummy-82
816900.704301162,250,230,dummy-82
816903.723760159,250,230,dummy-82
816688.471225525,250,230,dummy-34
816708.029101769,250,230,dummy-34
816843.613347139,250,230,dummy-34
816760.148572217,250,230,dummy-36
816760.179014308,250,230,dummy-36
816785.766831952,250,230,dummy-36
816801.766771306,250,230,dummy-36
816844.937365127,250,230,dummy-36
816870.48308719,250,230,dummy-36
816689.59235589,250,230,dummy-703
816717.920684318,250,230,dummy-703
816734.367189041,250,230,dummy-703
816908.997721173,250,230,dummy-703
816965.823014619,250,230,dummy-703
816718.266525433,250,230,dummy-434
816762.518004549,250,230,dummy-434
816775.811714704,250,230,dummy-434
816791.512783342,250,230,dummy-434
816868.298049463,250,230,dummy-434
816926.866151321,250,230,dummy-434
816779.879446709,250,230,dummy-759
816782.182403496,250,230,dummy-759
816795.377031543,250,230,dummy-759
816870.520899213,250,230,dummy-759
816714.165550466,250,230,dummy-623
816908.102343096,250,230,dummy-623
816919.797312748,250,230,dummy-623
816950.250589129,250,230,dummy-623
816956.559067797,250,230,dummy-623
816862.729456467,250,230,dummy-517
816696.720814909,250,230,dummy-80
816705.818363431,250,230,dummy-80
816782.192248925,250,230,dummy-80
816904.812610953,250,230,dummy-80
816685.975424786,250,230,dummy-348
816886.593510576,250,230,dummy-348
816969.711831341,250,230,dummy-348
816698.097435438,250,230,dummy-687
816709.179891266,250,230,dummy-687
816726.923792246,250,230,dummy-687
816760.420965943,250,230,dummy-687
816769.007808747,250,230,dummy-687
816795.995402161,250,230,dummy-687
816743.612675786,250,230,dummy-493
816795.038206122,250,230,dummy-493
816815.079258181,250,230,dummy-421
816749.170571132,250,230,dummy-179
816814.114026407,250,230,dummy-179
816951.505622181,250,230,dummy-179
816717.878396738,250,230,dummy-130
816784.713625916,250,230,dummy-130
816803.845378884,250,230,dummy-130
816808.957388377,250,230,dummy-130
816939.665778956,250,230,dummy-130
816756.802590944,250,230,dummy-598
816785.941670257,250,230,dummy-598
816862.427387932,250,230,dummy-598
816717.110326494,250,230,dummy-711
816835.827320748,250,230,dummy-711
816837.092505373,250,230,dummy-711
816926.133387198,250,230,dummy-711
816964.277876903,250,230,dummy-711
816704.597008809,250,230,dummy-556
816764.082078239,250,230,dummy-556
816778.656637846,250,230,dummy-556
816865.334363027,250,230,dummy-556
816895.605554086,250,230,dummy-556
816748.332625287,250,230,dummy-634
816752.05925348,250,230,dummy-634
816762.970719845,250,230,dummy-634
816813.810486397,250,230,dummy-634
816875.220576587,250,230,dummy-634
816889.02833296,250,230,dummy-634
816902.087953868,250,230,dummy-634
816673.407176035,250,230,dummy-635
816822.160083874,250,230,dummy-635
816908.882302925,250,230,dummy-635
816930.623158858,250,230,dummy-635
816952.970884846,250,230,dummy-635
816680.323470493,250,230,dummy-426
816738.317538059,250,230,dummy-426
816761.874959865,250,230,dummy-426
816890.213080529,250,230,dummy-426
816687.145430846,250,230,dummy-105
816720.671589123,250,230,dummy-105
816834.242176145,250,230,dummy-105
816849.757115277,250,230,dummy-105
816852.219694609,250,230,dummy-105
816964.443638261,250,230,dummy-105
816763.32671054,250,230,dummy-660
816878.549840625,250,230,dummy-660
816916.002864625,250,230,dummy-660
816680.1642017,250,230,dummy-606
816785.892019243,250,230,dummy-606
816826.944778738,250,230,dummy-606
816895.518650961,250,230,dummy-606
816923.777412181,250,230,dummy-606
816937.892021763,250,230,dummy-606
816677.816328162,250,230,dummy-51
816834.161776568,250,230,dummy-51
816690.42876072,250,230,dummy-3
816711.065480743,250,230,dummy-3
816839.923651588,250,230,dummy-3
816849.49759232,250,230,dummy-3
816967.983405519,250,230,dummy-3
816752.944321439,250,230,dummy-157
816816.271151298,250,230,dummy-157
816720.967547169,250,230,dummy-154
816723.880193433,250,230,dummy-154
816751.761763768,250,230,dummy-154
816694.680009885,250,230,dummy-101
816797.651986014,250,230,dummy-101
816812.205202742,250,230,dummy-101
816856.711922675,250,230,dummy-101
816965.098679605,250,230,dummy-101
816681.039360987,250,230,dummy-576
816902.358411552,250,230,dummy-576
816678.489458725,250,230,dummy-155
816782.613386054,250,230,dummy-155
816791.156831636,250,230,dummy-155
816840.159699297,250,230,dummy-155
816901.332949093,250,230,dummy-155
816926.123666901,250,230,dummy-155
816940.455277295,250,230,dummy-155
816891.784703475,250,230,dummy-595
816971.869542905,250,230,dummy-595
816679.373540245,250,230,dummy-464
816722.691991608,250,230,dummy-464
816753.583994977,250,230,dummy-464
816784.159334763,250,230,dummy-464
816799.576945211,250,230,dummy-464
816827.880254872,250,230,dummy-464
816953.288543356,250,230,dummy-464
816720.42554567,250,230,dummy-357
816815.093318416,250,230,dummy-357
816857.172676157,250,230,dummy-357
816952.067160891,250,230,dummy-357
816699.413799561,250,230,dummy-462
816803.436453093,250,230,dummy-462
816956.679188692,250,230,dummy-462
816779.010982883,250,230,dummy-565
816858.067961768,250,230,dummy-565
816961.153496248,250,230,dummy-565
816859.542343546,250,230,dummy-233
816883.410653139,250,230,dummy-233
816709.594684189,250,230,dummy-123
816718.75286616,250,230,dummy-123
816733.542866487,250,230,dummy-352
816764.165907934,250,230,dummy-352
816916.578426871,250,230,dummy-352
816879.269320849,250,230,dummy-59
816918.664220859,250,230,dummy-59
816692.27475017,250,230,dummy-151
816845.99138142,250,230,dummy-151
816698.261118767,250,230,dummy-305
816703.904053982,250,230,dummy-305
816861.838376112,250,230,dummy-305
816878.815643251,250,230,dummy-305
816921.761985973,250,230,dummy-305
816716.17565715,250,230,dummy-509
816779.852835738,250,230,dummy-509
816835.708152328,250,230,dummy-509
816708.249395522,250,230,dummy-9
816860.990490085,250,230,dummy-9
816772.290633796,250,230,dummy-185
816773.019572421,250,230,dummy-185
816786.439806176,250,230,dummy-185
816838.869041962,250,230,dummy-185
816860.350045897,250,230,dummy-135
816944.192743862,250,230,dummy-135
816958.175654624,250,230,dummy-135
816799.407150377,250,230,dummy-299
816794.398289868,250,230,dummy-657
816807.215906228,250,230,dummy-657
816830.536480113,250,230,dummy-657
816863.697435747,250,230,dummy-95
816676.864715434,250,230,dummy-428
816712.247399106,250,230,dummy-428
816890.824181993,250,230,dummy-428
816916.401461071,250,230,dummy-428
816720.945684254,250,230,dummy-460
816765.915142389,250,230,dummy-460
816855.248441652,250,230,dummy-460
816740.678307256,250,230,dummy-612
816767.50369963,250,230,dummy-612
816810.527362171,250,230,dummy-612
816878.979417982,250,230,dummy-612
816736.354498105,250,230,dummy-745
816760.400012936,250,230,dummy-745
816841.770279117,250,230,dummy-745
816947.356445406,250,230,dummy-745
816746.851165035,250,230,dummy-654
816891.96715432,250,230,dummy-654
816903.822290188,250,230,dummy-654
816675.020081374,250,230,dummy-584
816727.859174362,250,230,dummy-584
816793.173466105,250,230,dummy-584
816793.917336647,250,230,dummy-584
816686.054577165,250,230,dummy-534
816718.629211639,250,230,dummy-534
816744.702605818,250,230,dummy-534
816795.10944719,250,230,dummy-552
816809.083423246,250,230,dummy-552
816909.049870279,250,230,dummy-552
816829.687312137,250,230,dummy-189
816840.93143045,250,230,dummy-189
816862.314955912,250,230,dummy-189
816680.536990848,250,230,dummy-709
816779.693533017,250,230,dummy-709
816807.502387045,250,230,dummy-709
816807.50887138,250,230,dummy-709
816830.977320321,250,230,dummy-709
816867.018492398,250,230,dummy-709
816928.131477786,250,230,dummy-709
816970.74338142,250,230,dummy-709
816927.897443527,250,230,dummy-326
816752.666348128,250,230,dummy-49
816756.137914529,250,230,dummy-49
816804.352122342,250,230,dummy-49
816921.665046912,250,230,dummy-49
816926.221772781,250,230,dummy-49
816705.53139699,250,230,dummy-557
816713.984005392,250,230,dummy-557
816849.475857889,250,230,dummy-557
816920.316209918,250,230,dummy-557
816931.279286534,250,230,dummy-439
816694.124533251,250,230,dummy-71
816711.70317509,250,230,dummy-71
816792.109496119,250,230,dummy-71
816847.694772217,250,230,dummy-71
816874.8507359,250,230,dummy-71
816961.344053666,250,230,dummy-71
816773.026924765,250,230,dummy-730
816803.025357417,250,230,dummy-730
816836.08702525,250,230,dummy-730
816880.02623903,250,230,dummy-730
816689.640177592,250,230,dummy-150
816702.730513449,250,230,dummy-150
816711.955239592,250,230,dummy-150
816823.190440796,250,230,dummy-150
816740.408091607,250,230,dummy-637
816751.705397785,250,230,dummy-637
816786.004964231,250,230,dummy-637
816706.363871229,250,230,dummy-193
816828.739484857,250,230,dummy-193
816832.119285881,250,230,dummy-193
816863.351831558,250,230,dummy-193
816678.801456688,250,230,dummy-140
816731.021457263,250,230,dummy-140
816838.674929082,250,230,dummy-140
816846.305340055,250,230,dummy-140
816966.421425051,250,230,dummy-140
816854.756147171,250,230,dummy-92
816694.187633892,250,230,dummy-236
816755.429906257,250,230,dummy-236
816766.717003154,250,230,dummy-236
816950.64606292,250,230,dummy-236
816702.936846235,250,230,dummy-211
816784.551689518,250,230,dummy-211
816859.81721068,250,230,dummy-211
816948.434248723,250,230,dummy-211
816708.404361505,250,230,dummy-316
816717.77525526,250,230,dummy-316
816735.989803865,250,230,dummy-316
816753.861183577,250,230,dummy-316
816777.715555778,250,230,dummy-316
816814.501906755,250,230,dummy-316
816846.055099736,250,230,dummy-316
816714.872291362,250,230,dummy-328
816741.903108588,250,230,dummy-328
816738.969385196,250,230,dummy-62
816800.052156559,250,230,dummy-62
816835.644014426,250,230,dummy-62
816765.718095021,250,230,dummy-451
816785.748921757,250,230,dummy-451
816728.76865874,250,230,dummy-495
816752.647838321,250,230,dummy-495
816834.505758655,250,230,dummy-495
816882.967504049,250,230,dummy-495
816894.031424892,250,230,dummy-495
816939.611179759,250,230,dummy-495
816913.280843015,250,230,dummy-708
816673.629556339,250,230,dummy-570
816809.946148062,250,230,dummy-570
816904.303256223,250,230,dummy-570
816906.165862565,250,230,dummy-570
816909.631465598,250,230,dummy-570
816761.273156372,250,230,dummy-312
816809.36362832,250,230,dummy-312
816896.897442691,250,230,dummy-312
816907.296663495,250,230,dummy-312
816729.367350444,250,230,dummy-390
816967.883822298,250,230,dummy-390
816683.977622011,250,230,dummy-751
816731.5688768,250,230,dummy-751
816844.511175795,250,230,dummy-751
816892.318458199,250,230,dummy-751
816708.735254587,250,230,dummy-518
816729.154132763,250,230,dummy-22
816826.327614708,250,230,dummy-22
816886.997840142,250,230,dummy-22
816743.353230709,250,230,dummy-107
816825.711462427,250,230,dummy-107
816834.326104243,250,230,dummy-107
816860.571089724,250,230,dummy-107
816887.53804959,250,230,dummy-107
816917.130034741,250,230,dummy-107
816742.784643259,250,230,dummy-241
816833.415776421,250,230,dummy-241
816952.2013761,250,230,dummy-241
816960.302482704,250,230,dummy-241
816775.120238543,250,230,dummy-239
816842.020929053,250,230,dummy-239
816878.49302462,250,230,dummy-239
816964.003771247,250,230,dummy-239
816800.059585313,250,230,dummy-162
816876.758405855,250,230,dummy-162
816963.523178736,250,230,dummy-162
816731.634054085,250,230,dummy-371
816738.635629331,250,230,dummy-371
816849.712039542,250,230,dummy-371
816968.997729137,250,230,dummy-371
816729.121083961,250,230,dummy-115
816789.919788867,250,230,dummy-115
816864.672699361,250,230,dummy-115
816924.451811553,250,230,dummy-115
816958.489688138,250,230,dummy-115
816732.294541138,250,230,dummy-43
816779.32353189,250,230,dummy-43
816845.206324727,250,230,dummy-43
816913.681358023,250,230,dummy-43
816944.961435134,250,230,dummy-43
816966.693898641,250,230,dummy-43
816967.677451933,250,230,dummy-43
816701.398710491,250,230,dummy-653
816799.047699327,250,230,dummy-653
816799.432176158,250,230,dummy-653
816901.568427474,250,230,dummy-653
816907.180842068,250,230,dummy-653
816724.146424511,250,230,dummy-153
816851.104568713,250,230,dummy-153
816833.577495291,250,230,dummy-639
816736.33489967,250,230,dummy-677
816746.752542525,250,230,dummy-677
816794.114707321,250,230,dummy-677
816797.589092112,250,230,dummy-677
816690.684120336,250,230,dummy-436
816696.392180107,250,230,dummy-436
816698.884293047,250,230,dummy-436
816758.576458007,250,230,dummy-436
816775.764772997,250,230,dummy-436
816889.751895616,250,230,dummy-436
816911.537577375,250,230,dummy-436
816765.983148382,250,230,dummy-143
816919.202032318,250,230,dummy-143
816721.356300576,250,230,dummy-563
816749.965086867,250,230,dummy-563
816719.807408648,250,230,dummy-447
816792.775544553,250,230,dummy-447
816817.81679452,250,230,dummy-447
816879.656622007,250,230,dummy-447
816907.209747921,250,230,dummy-447
816786.015893884,250,230,dummy-683
816797.447937992,250,230,dummy-683
816825.723068513,250,230,dummy-683
816938.877505095,250,230,dummy-683
816743.60297882,250,230,dummy-160
816774.630070088,250,230,dummy-160
816781.668676811,250,230,dummy-160
816814.98367766,250,230,dummy-160
816817.361017563,250,230,dummy-160
816848.191997141,250,230,dummy-160
816955.526321125,250,230,dummy-160
816699.490272286,250,230,dummy-474
816701.456279569,250,230,dummy-474
816701.882882864,250,230,dummy-474
816708.840928732,250,230,dummy-474
816782.812134088,250,230,dummy-474
816835.667269591,250,230,dummy-474
816839.974650266,250,230,dummy-474
816828.679183193,250,230,dummy-714
816848.305965886,250,230,dummy-714
816908.129466799,250,230,dummy-714
816961.241693921,250,230,dummy-714
816718.507664973,250,230,dummy-550
816759.599798167,250,230,dummy-550
816908.93496878,250,230,dummy-550
816796.383430132,250,230,dummy-588
816896.609132928,250,230,dummy-588
816931.85784823,250,230,dummy-588
816933.32582641,250,230,dummy-588
816677.485662904,250,230,dummy-308
816677.529498222,250,230,dummy-308
816682.783686661,250,230,dummy-308
816718.156713623,250,230,dummy-308
816718.530499988,250,230,dummy-308
816725.707237662,250,230,dummy-308
816863.742920121,250,230,dummy-308
816678.450428215,250,230,dummy-327
816688.284097638,250,230,dummy-327
816806.948233707,250,230,dummy-327
816810.991730922,250,230,dummy-327
816847.409396204,250,230,dummy-327
816709.908518905,250,230,dummy-330
816802.001204863,250,230,dummy-330
816846.526049771,250,230,dummy-330
816856.592722616,250,230,dummy-330
816913.857813319,250,230,dummy-330
816688.659088783,250,230,dummy-582
816721.065518108,250,230,dummy-582
816776.855505839,250,230,dummy-582
816894.989454553,250,230,dummy-582
816705.021338963,250,230,dummy-466
816817.509460945,250,230,dummy-466
816879.551756893,250,230,dummy-466
816876.525251402,250,230,dummy-203
816900.543035575,250,230,dummy-203
816932.773310231,250,230,dummy-203
816703.727847987,250,230,dummy-392
816744.317876367,250,230,dummy-392
816886.300956438,250,230,dummy-392
816698.555322571,250,230,dummy-331
816966.576714583,250,230,dummy-331
816677.25929441,250,230,dummy-369
816693.432581563,250,230,dummy-369
816862.504726627,250,230,dummy-369
816912.557910367,250,230,dummy-369
816700.799051343,250,230,dummy-555
816730.557479352,250,230,dummy-555
816767.684591659,250,230,dummy-555
816797.124239275,250,230,dummy-555
816964.65411274,250,230,dummy-555
816968.441545098,250,230,dummy-555
816755.062357826,250,230,dummy-42
816826.032265382,250,230,dummy-42
816859.231600474,250,230,dummy-42
816883.347624466,250,230,dummy-42
816935.980455832,250,230,dummy-42
816730.606522911,250,230,dummy-441
816823.962653767,250,230,dummy-441
816680.807663253,250,230,dummy-6
816733.665900055,250,230,dummy-6
816735.412603693,250,230,dummy-69
816929.984668576,250,230,dummy-69
816945.18831058,250,230,dummy-69
816702.398125857,250,230,dummy-362
816715.591715952,250,230,dummy-362
816890.922680274,250,230,dummy-362
816686.235718718,250,230,dummy-52
816690.921139172,250,230,dummy-52
816720.703954422,250,230,dummy-52
816788.89648016,250,230,dummy-52
816693.814688721,250,230,dummy-618
816917.776824412,250,230,dummy-618
816935.383712972,250,230,dummy-618
816710.035912924,250,230,dummy-300
816718.682726796,250,230,dummy-300
816733.523795537,250,230,dummy-300
816798.502603746,250,230,dummy-300
816809.608635476,250,230,dummy-300
816840.169229831,250,230,dummy-300
816884.378069039,250,230,dummy-300
816900.032722522,250,230,dummy-300
816706.205159899,250,230,dummy-144
816847.09647951,250,230,dummy-144
816859.33719714,250,230,dummy-144
816889.268763405,250,230,dummy-144
816906.961828207,250,230,dummy-144
816763.367048324,250,230,dummy-599
816926.697596482,250,230,dummy-599
816933.427105789,250,230,dummy-599
816757.63090643,250,230,dummy-384
816800.842486664,250,230,dummy-384
816856.579669444,250,230,dummy-384
816922.085154511,250,230,dummy-384
816697.442959639,250,230,dummy-102
816779.09227264,250,230,dummy-102
816967.38869029,250,230,dummy-102
816703.850628663,250,230,dummy-333
816716.006154057,250,230,dummy-333
816800.681998798,250,230,dummy-333
816902.863135933,250,230,dummy-333
816948.961358871,250,230,dummy-333
816687.919781757,250,230,dummy-208
816752.63147374,250,230,dummy-208
816680.530260797,250,230,dummy-161
816882.099511691,250,230,dummy-161
816691.276089925,250,230,dummy-98
816795.366743729,250,230,dummy-98
816899.999425969,250,230,dummy-98
816925.684925651,250,230,dummy-98
816943.774755415,250,230,dummy-98
816962.51406546,250,230,dummy-98
816731.107273669,250,230,dummy-302
816772.160742116,250,230,dummy-734
816781.241657683,250,230,dummy-734
816834.760457563,250,230,dummy-734
816882.199880476,250,230,dummy-734
816745.465849915,250,230,dummy-258
816780.40094078,250,230,dummy-258
816877.990924718,250,230,dummy-258
816943.244409914,250,230,dummy-258
816951.489104287,250,230,dummy-258
816958.760495797,250,230,dummy-258
816781.529345511,250,230,dummy-733
816917.874421818,250,230,dummy-733
816946.661569532,250,230,dummy-733
816767.430583162,250,230,dummy-728
816770.111652314,250,230,dummy-728
816778.020794719,250,230,dummy-728
816797.825785836,250,230,dummy-728
816811.972365261,250,230,dummy-728
816955.71955981,250,230,dummy-728
816683.452208066,250,230,dummy-701
816789.964814364,250,230,dummy-701
816888.688149921,250,230,dummy-701
816896.495925436,250,230,dummy-701
816699.724066206,250,230,dummy-749
816744.710870742,250,230,dummy-749
816805.368476809,250,230,dummy-749
816810.606663087,250,230,dummy-749
816918.353765957,250,230,dummy-749
816944.221290038,250,230,dummy-749
816873.623704233,250,230,dummy-243
816735.750685953,250,230,dummy-587
816745.829432098,250,230,dummy-587
816781.464399473,250,230,dummy-587
816856.030314156,250,230,dummy-587
816858.024600971,250,230,dummy-587
816954.969198955,250,230,dummy-587
816956.841699252,250,230,dummy-587
816682.191955684,250,230,dummy-313
816713.78633001,250,230,dummy-313
816811.958202187,250,230,dummy-313
816835.835504379,250,230,dummy-313
816869.650064448,250,230,dummy-313
816896.454773948,250,230,dummy-313
816941.124565102,250,230,dummy-313
816949.546221059,250,230,dummy-313
816853.668564005,250,230,dummy-403
816877.103361006,250,230,dummy-403
816877.972107531,250,230,dummy-403
816934.129701996,250,230,dummy-403
816959.812799523,250,230,dummy-403
816717.301471126,250,230,dummy-546
816703.060366229,250,230,dummy-324
816761.891081472,250,230,dummy-324
816768.388383093,250,230,dummy-324
816778.213036772,250,230,dummy-324
816790.675447076,250,230,dummy-324
816856.066210514,250,230,dummy-324
816881.376882074,250,230,dummy-324
816677.264233065,250,230,dummy-707
816718.535327254,250,230,dummy-707
816723.715069257,250,230,dummy-707
816758.979283809,250,230,dummy-412
816935.642627487,250,230,dummy-412
816950.772220191,250,230,dummy-412
816742.943262227,250,230,dummy-88
816760.441703125,250,230,dummy-88
816849.869457028,250,230,dummy-88
816867.012742488,250,230,dummy-88
816968.512551949,250,230,dummy-88
816776.825629816,250,230,dummy-134
816925.700060847,250,230,dummy-134
816958.283161076,250,230,dummy-134
816778.381610542,250,230,dummy-206
816924.997663687,250,230,dummy-206
816739.235205585,250,230,dummy-89
816970.11804019,250,230,dummy-89
816774.325924533,250,230,dummy-173
816788.804248525,250,230,dummy-173
816797.666057041,250,230,dummy-173
816862.02613139,250,230,dummy-173
816936.139899188,250,230,dummy-173
816960.328545315,250,230,dummy-173
816813.340550436,250,230,dummy-137
816848.468863812,250,230,dummy-137
816755.133751986,250,230,dummy-479
816757.924062701,250,230,dummy-479
816797.878890688,250,230,dummy-479
816928.46777591,250,230,dummy-186
816683.72720219,250,230,dummy-334
816730.303209802,250,230,dummy-334
816765.49500872,250,230,dummy-334
816841.721137584,250,230,dummy-334
816909.518671126,250,230,dummy-334
816673.002082268,250,230,dummy-387
816687.528846465,250,230,dummy-387
816740.611286004,250,230,dummy-387
816838.11186763,250,230,dummy-387
816674.05309001,250,230,dummy-40
816718.277946281,250,230,dummy-40
816805.576825987,250,230,dummy-40
816908.131867497,250,230,dummy-40
816916.405137901,250,230,dummy-40
816746.214520334,250,230,dummy-315
816763.431321411,250,230,dummy-315
816812.169138969,250,230,dummy-315
816833.12031088,250,230,dummy-315
816933.27678011,250,230,dummy-315
816686.267732045,250,230,dummy-499
816680.229186247,250,230,dummy-106
816722.403077931,250,230,dummy-106
816726.595839343,250,230,dummy-106
816802.909342042,250,230,dummy-106
816818.851350437,250,230,dummy-106
816918.78215953,250,230,dummy-106
816698.754725107,250,230,dummy-378
816723.419521683,250,230,dummy-378
816725.426395031,250,230,dummy-378
816729.845824426,250,230,dummy-378
816767.327388107,250,230,dummy-378
816884.858256167,250,230,dummy-378
816901.201814851,250,230,dummy-378
816701.129591593,250,230,dummy-266
816766.455482535,250,230,dummy-266
816824.647431332,250,230,dummy-266
816895.015784251,250,230,dummy-266
816735.056680041,250,230,dummy-404
816708.0615394,250,230,dummy-349
816772.403209733,250,230,dummy-349
816789.431823645,250,230,dummy-349
816948.259588146,250,230,dummy-349
816791.077072834,250,230,dummy-263
816900.975108938,250,230,dummy-263
816941.459092458,250,230,dummy-263
816694.82226247,250,230,dummy-55
816749.061389836,250,230,dummy-55
816779.59353488,250,230,dummy-55
816924.492781058,250,230,dummy-55
816940.451817636,250,230,dummy-55
816683.542323302,250,230,dummy-78
816695.749580191,250,230,dummy-78
816918.733051969,250,230,dummy-78
816965.977293969,250,230,dummy-78
816673.341364399,250,230,dummy-149
816727.832771352,250,230,dummy-149
816756.945847108,250,230,dummy-149
816702.730537376,250,230,dummy-432
816727.324294978,250,230,dummy-432
816859.592915182,250,230,dummy-675
816695.51911815,250,230,dummy-247
816703.743338675,250,230,dummy-247
816822.899430185,250,230,dummy-247
816715.735631647,250,230,dummy-459
816873.202577618,250,230,dummy-459
816771.2068646,250,230,dummy-461
816915.153411778,250,230,dummy-461
816674.774229979,250,230,dummy-246
816714.554739579,250,230,dummy-246
816780.315586664,250,230,dummy-246
816946.213550148,250,230,dummy-246
816715.316255265,250,230,dummy-571
816943.357595061,250,230,dummy-571
816697.649004036,250,230,dummy-659
816848.541984833,250,230,dummy-659
816915.767191322,250,230,dummy-659
816946.052609919,250,230,dummy-659
816758.195789167,250,230,dummy-27
816762.597616336,250,230,dummy-27
816822.713522094,250,230,dummy-27
816898.49142321,250,230,dummy-27
816937.850806756,250,230,dummy-27
816691.498954248,250,230,dummy-2
816711.137614997,250,230,dummy-2
816960.242308009,250,230,dummy-2
816834.154149355,250,230,dummy-704
816902.105953532,250,230,dummy-704
816676.89366227,250,230,dummy-405
816754.65269088,250,230,dummy-405
816910.003998661,250,230,dummy-405
816917.872072688,250,230,dummy-405
816922.810093701,250,230,dummy-405
816963.612983773,250,230,dummy-405
816746.673090442,250,230,dummy-398
816767.35000762,250,230,dummy-398
816918.954866717,250,230,dummy-398
816958.785225173,250,230,dummy-398
816705.642323852,250,230,dummy-318
816819.4744274,250,230,dummy-318
816822.193696178,250,230,dummy-318
816828.905033807,250,230,dummy-318
816897.436736791,250,230,dummy-416
816926.173275763,250,230,dummy-416
816712.424561704,250,230,dummy-368
816783.867394867,250,230,dummy-368
816879.582618216,250,230,dummy-368
816906.796615596,250,230,dummy-368
816971.215877614,250,230,dummy-295
816748.559194686,250,230,dummy-767
816866.808012819,250,230,dummy-767
816683.387205932,250,230,dummy-448
816717.180150049,250,230,dummy-448
816784.270619731,250,230,dummy-448
816802.320118816,250,230,dummy-448
816804.36564183,250,230,dummy-448
816865.968504979,250,230,dummy-448
816914.436260758,250,230,dummy-448
816708.881606289,250,230,dummy-212
816778.893238485,250,230,dummy-212
816912.166451148,250,230,dummy-212
816914.253476322,250,230,dummy-212
816707.782165283,250,230,dummy-601
816754.365406098,250,230,dummy-601
816871.866644079,250,230,dummy-601
816677.56029793,250,230,dummy-265
816696.241699671,250,230,dummy-265
816794.934090561,250,230,dummy-265
816871.246555369,250,230,dummy-265
816963.79258024,250,230,dummy-265
816768.288264919,250,230,dummy-558
816900.331544302,250,230,dummy-558
816757.527034512,250,230,dummy-47
816898.029342952,250,230,dummy-47
816717.250032395,250,230,dummy-344
816820.092218476,250,230,dummy-523
816842.924933333,250,230,dummy-523
816855.176581157,250,230,dummy-523
816893.159038894,250,230,dummy-523
816711.978059953,250,230,dummy-638
816756.389751107,250,230,dummy-638
816953.983172936,250,230,dummy-638
816767.468707428,250,230,dummy-253
816825.429851828,250,230,dummy-253
816875.622408983,250,230,dummy-253
816915.138472312,250,230,dummy-253
816924.885532266,250,230,dummy-253
816695.562161282,250,230,dummy-750
816753.438043456,250,230,dummy-750
816788.890578427,250,230,dummy-750
816795.869857362,250,230,dummy-750
816856.628887051,250,230,dummy-750
816739.635803596,250,230,dummy-374
816794.040035361,250,230,dummy-374
816841.664556292,250,230,dummy-374
816743.166571789,250,230,dummy-366
816744.478330528,250,230,dummy-366
816749.251198609,250,230,dummy-366
816867.015134695,250,230,dummy-366
816718.042967742,250,230,dummy-280
816726.895529578,250,230,dummy-280
816729.923363283,250,230,dummy-280
816757.989615801,250,230,dummy-280
816969.671392607,250,230,dummy-280
816834.986147404,250,230,dummy-521
816887.503002585,250,230,dummy-521
816674.45521591,250,230,dummy-400
816747.050192798,250,230,dummy-400
816767.115617248,250,230,dummy-400
816810.726359052,250,230,dummy-400
816761.252697651,250,230,dummy-766
816819.968347322,250,230,dummy-766
816849.821872056,250,230,dummy-766
816872.60821428,250,230,dummy-766
816921.152539607,250,230,dummy-766
816939.001386279,250,230,dummy-766
816818.285421017,250,230,dummy-713
816884.219739567,250,230,dummy-713
816944.957742736,250,230,dummy-713
816945.777232769,250,230,dummy-713
816683.321536319,250,230,dummy-737
816752.287580491,250,230,dummy-737
816899.21600568,250,230,dummy-737
816928.792662867,250,230,dummy-737
816945.767204423,250,230,dummy-737
816725.645491196,250,230,dummy-188
816740.305855534,250,230,dummy-188
816794.125071375,250,230,dummy-188
816804.129382121,250,230,dummy-188
816694.962988154,250,230,dummy-710
816812.965240318,250,230,dummy-710
816904.213543462,250,230,dummy-710
816926.994527884,250,230,dummy-710
816944.306007651,250,230,dummy-710
816745.938870597,250,230,dummy-257
816948.166123357,250,230,dummy-164
816950.55794546,250,230,dummy-164
816677.894301923,250,230,dummy-700
816807.815869855,250,230,dummy-700
816847.837391093,250,230,dummy-700
816864.322516269,250,230,dummy-700
816899.558844854,250,230,dummy-700
816935.949775358,250,230,dummy-700
816950.687141142,250,230,dummy-700
816705.899915975,250,230,dummy-427
816770.216464979,250,230,dummy-427
816909.993334232,250,230,dummy-427
816934.918874883,250,230,dummy-427
816971.594061457,250,230,dummy-427
816716.164042913,250,230,dummy-183
816749.927134691,250,230,dummy-183
816955.209584844,250,230,dummy-183
816751.402520207,250,230,dummy-681
816803.87884516,250,230,dummy-681
816941.645973647,250,230,dummy-681
816713.91080486,250,230,dummy-209
816924.371802379,250,230,dummy-209
816946.312339481,250,230,dummy-209
816954.332183598,250,230,dummy-209
816955.989195271,250,230,dummy-209
816776.864624625,250,230,dummy-177
816839.672199143,250,230,dummy-177
816862.043565864,250,230,dummy-177
816948.864701201,250,230,dummy-177
816969.36998313,250,230,dummy-177
816751.385725546,250,230,dummy-174
816768.639554178,250,230,dummy-174
816788.238541048,250,230,dummy-174
816791.875908222,250,230,dummy-174
816797.539281353,250,230,dummy-174
816808.237473145,250,230,dummy-174
816845.909285498,250,230,dummy-174
816881.589302685,250,230,dummy-174
816914.538785635,250,230,dummy-174
816919.37287294,250,230,dummy-174
816962.158774076,250,230,dummy-174
816701.993637441,250,230,dummy-12
816971.376490288,250,230,dummy-12
816698.070158634,250,230,dummy-45
816673.025130089,250,230,dummy-674
816877.889852645,250,230,dummy-674
816962.337734061,250,230,dummy-674
816712.819776333,250,230,dummy-218
816783.788214294,250,230,dummy-218
816800.386057949,250,230,dummy-218
816966.870328804,250,230,dummy-218
816684.86836313,250,230,dummy-664
816763.921360665,250,230,dummy-664
816804.852650465,250,230,dummy-664
816683.122961564,250,230,dummy-604
816787.148195619,250,230,dummy-604
816845.687385094,250,230,dummy-604
816870.089566025,250,230,dummy-604
816675.318177593,250,230,dummy-625
816756.985642785,250,230,dummy-625
816774.727410075,250,230,dummy-625
816809.608613963,250,230,dummy-232
816811.815163129,250,230,dummy-232
816834.40366104,250,230,dummy-232
816904.125444508,250,230,dummy-232
816940.942620646,250,230,dummy-232
816877.518861707,250,230,dummy-669
816907.503065855,250,230,dummy-669
816935.299767637,250,230,dummy-669
816940.868919868,250,230,dummy-669
816677.964268045,250,230,dummy-63
816691.832593569,250,230,dummy-63
816706.006487082,250,230,dummy-63
816917.943933889,250,230,dummy-63
816827.747513094,250,230,dummy-383
816852.594043673,250,230,dummy-383
816918.195900685,250,230,dummy-383
816694.039921711,250,230,dummy-360
816725.999219824,250,230,dummy-202
816897.698899664,250,230,dummy-202
816740.955482743,250,230,dummy-309
816817.375866652,250,230,dummy-309
816953.162148268,250,230,dummy-309
816700.32345809,250,230,dummy-201
816701.413248097,250,230,dummy-201
816744.804641247,250,230,dummy-201
816874.392018829,250,230,dummy-201
816779.815454199,250,230,dummy-475
816811.361127982,250,230,dummy-475
816845.09022887,250,230,dummy-475
816897.186117886,250,230,dummy-475
816684.797808549,250,230,dummy-486
816846.063802987,250,230,dummy-486
816950.332037301,250,230,dummy-486
816958.429841864,250,230,dummy-486
816672.716994553,250,230,dummy-673
816692.231797867,250,230,dummy-673
816744.555732636,250,230,dummy-673
816679.218457866,250,230,dummy-738
816779.655326601,250,230,dummy-738
816842.996646201,250,230,dummy-738
816887.611065136,250,230,dummy-738
816898.270183159,250,230,dummy-738
816708.358627827,250,230,dummy-670
816970.808696579,250,230,dummy-670
816762.304539788,250,230,dummy-288
816767.818907477,250,230,dummy-288
816768.117293841,250,230,dummy-288
816791.695942311,250,230,dummy-288
816966.719334821,250,230,dummy-288
816937.273464239,250,230,dummy-294
816674.435186029,250,230,dummy-394
816697.083807794,250,230,dummy-394
816719.427460429,250,230,dummy-394
816755.61357272,250,230,dummy-394
816893.251684931,250,230,dummy-394
816902.04646693,250,230,dummy-394
816699.151561285,250,230,dummy-353
816729.622062734,250,230,dummy-353
816824.380358091,250,230,dummy-353
816886.542633939,250,230,dummy-353
816894.483250517,250,230,dummy-353
816920.593892606,250,230,dummy-353
816763.692355106,250,230,dummy-93
816806.849009357,250,230,dummy-93
816694.604107438,250,230,dummy-631
816825.493591096,250,230,dummy-631
816682.068028343,250,230,dummy-455
816736.233535933,250,230,dummy-455
816818.909869597,250,230,dummy-455
816763.085031383,250,230,dummy-57
816677.369839194,250,230,dummy-332
816737.248034431,250,230,dummy-332
816741.309647931,250,230,dummy-332
816794.158423295,250,230,dummy-332
816832.616049962,250,230,dummy-332
816850.568692152,250,230,dummy-332
816965.99781511,250,230,dummy-332
816813.792676393,250,230,dummy-119
816926.243000298,250,230,dummy-119
816940.464150332,250,230,dummy-119
816716.194383552,250,230,dummy-255
816851.285685802,250,230,dummy-255
816970.212768951,250,230,dummy-255
816686.082664247,250,230,dummy-705
816695.938362322,250,230,dummy-705
816716.70796169,250,230,dummy-705
816795.636891333,250,230,dummy-705
816796.134903971,250,230,dummy-705
816878.828476661,250,230,dummy-705
816935.615601237,250,230,dummy-705
816961.626869394,250,230,dummy-705
816962.738045968,250,230,dummy-705
816798.355045991,250,230,dummy-401
816847.770336491,250,230,dummy-401
816902.422513221,250,230,dummy-401
816692.079011512,250,230,dummy-279
816707.936826353,250,230,dummy-279
816710.80124523,250,230,dummy-279
816735.838773583,250,230,dummy-279
816918.963390473,250,230,dummy-279
816848.516176247,250,230,dummy-590
816851.08631435,250,230,dummy-590
816851.529095989,250,230,dummy-590
816859.667805448,250,230,dummy-590
816965.342128791,250,230,dummy-590
816673.148262078,250,230,dummy-682
816721.426813175,250,230,dummy-682
816850.502235834,250,230,dummy-682
816683.861014057,250,230,dummy-194
816737.168410798,250,230,dummy-194
816829.702224705,250,230,dummy-194
816852.550334484,250,230,dummy-194
816954.125287298,250,230,dummy-194
816693.224199323,250,230,dummy-128
816723.666972743,250,230,dummy-128
816736.892784685,250,230,dummy-128
816748.247910218,250,230,dummy-128
816819.315669228,250,230,dummy-128
816819.900788027,250,230,dummy-128
816891.283487552,250,230,dummy-128
816900.834331295,250,230,dummy-128
816906.966582345,250,230,dummy-128
816961.293977372,250,230,dummy-128
816730.793997091,250,230,dummy-35
816829.269505302,250,230,dummy-35
816773.814603616,250,230,dummy-76
816898.085963789,250,230,dummy-76
816680.515296679,250,230,dummy-617
816775.29080408,250,230,dummy-617
816827.114682152,250,230,dummy-617
816887.191777445,250,230,dummy-617
816903.019574595,250,230,dummy-617
816779.620732139,250,230,dummy-425
816805.684887649,250,230,dummy-425
816827.507834922,250,230,dummy-425
816831.636626988,250,230,dummy-425
816941.166138839,250,230,dummy-425
816721.59517524,250,230,dummy-603
816785.271096964,250,230,dummy-603
816816.292330125,250,230,dummy-603
816835.891230327,250,230,dummy-603
816938.976999509,250,230,dummy-603
816712.92400606,250,230,dummy-58
816808.533433321,250,230,dummy-58
816955.556816209,250,230,dummy-58
816694.503689746,250,230,dummy-126
816898.300402253,250,230,dummy-126
816932.595121362,250,230,dummy-126
816770.173702664,250,230,dummy-129
816824.605631753,250,230,dummy-129
816797.256166689,250,230,dummy-104
816677.724351461,250,230,dummy-64
816697.131221918,250,230,dummy-64
816768.196012307,250,230,dummy-64
816786.695846298,250,230,dummy-64
816835.131633436,250,230,dummy-64
816964.311946641,250,230,dummy-64
816927.583937056,250,230,dummy-276
816738.752777131,250,230,dummy-341
816683.343145942,250,230,dummy-100
816804.176079961,250,230,dummy-100
816804.304654482,250,230,dummy-100
816935.138045472,250,230,dummy-100
816779.709687137,250,230,dummy-758
816712.58607257,250,230,dummy-397
816840.819515046,250,230,dummy-397
816896.357751868,250,230,dummy-397
816968.227053446,250,230,dummy-397
816817.666846713,250,230,dummy-370
816909.823433786,250,230,dummy-370
816709.432682728,250,230,dummy-547
816945.680575611,250,230,dummy-547
816697.295712078,250,230,dummy-382
816718.814501571,250,230,dummy-382
816849.78576156,250,230,dummy-382
816891.583744438,250,230,dummy-382
816827.00782786,250,230,dummy-544
816832.630555045,250,230,dummy-544
816705.974614953,250,230,dummy-481
816734.047970845,250,230,dummy-481
816810.93001835,250,230,dummy-481
816908.676350668,250,230,dummy-481
816753.541106285,250,230,dummy-373
816856.064800611,250,230,dummy-373
816933.424698018,250,230,dummy-373
816697.259235858,250,230,dummy-602
816809.20690158,250,230,dummy-602
816851.239073364,250,230,dummy-602
816854.098799631,250,230,dummy-602
816925.251519262,250,230,dummy-602
816705.738069305,250,230,dummy-752
816741.723728729,250,230,dummy-4
816770.854523353,250,230,dummy-4
816777.564533133,250,230,dummy-4
816802.345509993,250,230,dummy-4
816827.693212061,250,230,dummy-4
816851.455576925,250,230,dummy-4
816893.571453874,250,230,dummy-4
816903.207380537,250,230,dummy-628
816944.18612541,250,230,dummy-628
816904.157708029,250,230,dummy-718
816948.916495344,250,230,dummy-718
816756.549123552,250,230,dummy-138
816957.783521785,250,230,dummy-138
816680.323511359,250,230,dummy-44
816787.256735719,250,230,dummy-44
816950.536195093,250,230,dummy-44
816714.335261476,250,230,dummy-742
816751.238575653,250,230,dummy-742
816806.442079984,250,230,dummy-742
816833.569367764,250,230,dummy-742
816875.276935551,250,230,dummy-742
816881.676811944,250,230,dummy-742
816956.834760761,250,230,dummy-742
816750.187483198,250,230,dummy-605
816851.330703506,250,230,dummy-605
816729.892831579,250,230,dummy-393
816822.659248236,250,230,dummy-393
816823.760016724,250,230,dummy-393
816851.685870832,250,230,dummy-393
816854.090379218,250,230,dummy-393
816896.695983676,250,230,dummy-393
816898.129172074,250,230,dummy-393
816924.568365144,250,230,dummy-393
816928.471889828,250,230,dummy-393
816743.579641464,250,230,dummy-516
816926.272035075,250,230,dummy-516
816792.542987265,250,230,dummy-671
816822.779732346,250,230,dummy-671
816925.659136909,250,230,dummy-671
816696.66331175,250,230,dummy-633
816766.507196775,250,230,dummy-633
816807.060939705,250,230,dummy-662
816695.305018481,250,230,dummy-716
816726.492506333,250,230,dummy-716
816767.603591793,250,230,dummy-429
816788.644036091,250,230,dummy-429
816933.925473319,250,230,dummy-429
816709.15430245,250,230,dummy-287
816709.320193766,250,230,dummy-287
816741.411554038,250,230,dummy-287
816939.967144909,250,230,dummy-287
816943.780360841,250,230,dummy-287
816933.561776409,250,230,dummy-649
816952.412427374,250,230,dummy-649
816697.398817961,250,230,dummy-698
816774.911856996,250,230,dummy-698
816922.433118265,250,230,dummy-698
816743.082000641,250,230,dummy-554
816891.189625031,250,230,dummy-554
816923.110930831,250,230,dummy-554
816945.964432201,250,230,dummy-554
816810.212764151,250,230,dummy-83
816863.837238936,250,230,dummy-83
816968.878020293,250,230,dummy-684
816970.864666824,250,230,dummy-684
816707.375596428,250,230,dummy-147
816742.799411073,250,230,dummy-147
816773.633434331,250,230,dummy-147
816792.240501367,250,230,dummy-147
816819.245436236,250,230,dummy-147
816688.269357446,250,230,dummy-722
816791.715644628,250,230,dummy-722
816888.370072691,250,230,dummy-722
816896.015136951,250,230,dummy-722
816960.175539828,250,230,dummy-722
816748.99083251,250,230,dummy-148
816848.037445619,250,230,dummy-148
816864.737612952,250,230,dummy-148
816865.920629884,250,230,dummy-148
816907.596031013,250,230,dummy-148
816914.421597736,250,230,dummy-148
816739.432025107,250,230,dummy-244
816781.47727144,250,230,dummy-244
816943.520190314,250,230,dummy-267
816711.514561953,250,230,dummy-727
816720.300043954,250,230,dummy-727
816842.008219825,250,230,dummy-727
816850.283189941,250,230,dummy-727
816673.576929571,250,230,dummy-548
816718.114338941,250,230,dummy-548
816728.0291882,250,230,dummy-548
816815.727888389,250,230,dummy-548
816939.765441309,250,230,dummy-548
816765.131302977,250,230,dummy-231
816901.465581059,250,230,dummy-231
816684.460740031,250,230,dummy-50
816751.579700587,250,230,dummy-50
816910.346644414,250,230,dummy-50
816961.361297873,250,230,dummy-50
816717.673110511,250,230,dummy-167
816766.704592093,250,230,dummy-167
816779.14978155,250,230,dummy-167
816889.647618425,250,230,dummy-167
816922.917034246,250,230,dummy-167
816942.218390965,250,230,dummy-167
816969.094492504,250,230,dummy-167
816682.151091336,250,230,dummy-29
816743.009627197,250,230,dummy-29
816832.07431461,250,230,dummy-29
816912.965024601,250,230,dummy-29
816685.307807113,250,230,dummy-418
816719.549021484,250,230,dummy-418
816784.377989488,250,230,dummy-418
816838.332760704,250,230,dummy-418
816904.556444744,250,230,dummy-619
816676.475717561,250,230,dummy-75
816923.387859788,250,230,dummy-75
816681.921405941,250,230,dummy-395
816694.716787628,250,230,dummy-395
816760.246216584,250,230,dummy-395
816809.853624369,250,230,dummy-395
816863.190930939,250,230,dummy-395
816921.633643041,250,230,dummy-395
816955.109855901,250,230,dummy-395
816957.299584122,250,230,dummy-395
816730.500127138,250,230,dummy-127
816737.019235947,250,230,dummy-127
816754.198954349,250,230,dummy-127
816833.37582492,250,230,dummy-127
816844.800533993,250,230,dummy-127
816964.608947721,250,230,dummy-127
816836.947509071,250,230,dummy-94
816900.457423764,250,230,dummy-94
816922.828834616,250,230,dummy-94
816929.222596277,250,230,dummy-94
816849.963009025,250,230,dummy-133
816869.34830401,250,230,dummy-133
816917.131415145,250,230,dummy-133
816971.467425079,250,230,dummy-133
816700.225440503,250,230,dummy-480
816724.926103701,250,230,dummy-480
816733.161627774,250,230,dummy-480
816741.68932941,250,230,dummy-480
816816.517245021,250,230,dummy-480
816919.528268403,250,230,dummy-480
816931.15396905,250,230,dummy-480
816953.065565019,250,230,dummy-480
816678.875253819,250,230,dummy-72
816682.924726013,250,230,dummy-72
816880.106067495,250,230,dummy-72
816947.633337846,250,230,dummy-72
816963.008512636,250,230,dummy-72
816762.692264686,250,230,dummy-561
816851.796277282,250,230,dummy-561
816904.869125991,250,230,dummy-561
816673.631974446,250,230,dummy-686
816682.275988792,250,230,dummy-686
816712.723463073,250,230,dummy-686
816752.059227743,250,230,dummy-686
816794.877441008,250,230,dummy-686
816799.860597351,250,230,dummy-686
816833.372398415,250,230,dummy-686
816891.519050179,250,230,dummy-686
816926.913206446,250,230,dummy-686
816941.069178403,250,230,dummy-686
816941.208640683,250,230,dummy-686
816946.260839713,250,230,dummy-686
816960.797329533,250,230,dummy-564
816688.925349877,250,230,dummy-361
816740.564836582,250,230,dummy-361
816781.034891735,250,230,dummy-361
816719.492798155,250,230,dummy-184
816843.555420152,250,230,dummy-184
816866.733047363,250,230,dummy-184
816903.176860193,250,230,dummy-184
816935.445931281,250,230,dummy-184
816688.509392835,250,230,dummy-645
816875.276976883,250,230,dummy-645
816968.793500949,250,230,dummy-645
816787.789170634,250,230,dummy-762
816862.745666985,250,230,dummy-762
816873.008524604,250,230,dummy-762
816874.166367001,250,230,dummy-762
816728.480993539,250,230,dummy-165
816750.176091341,250,230,dummy-165
816804.19574649,250,230,dummy-165
816816.771022789,250,230,dummy-165
816834.963605784,250,230,dummy-165
816708.784948553,250,230,dummy-158
816701.813187944,250,230,dummy-444
816759.081809051,250,230,dummy-444
816756.780562886,250,230,dummy-764
816799.213028539,250,230,dummy-764
816808.886946843,250,230,dummy-764
816821.324107152,250,230,dummy-764
816888.69278178,250,230,dummy-764
816720.807297418,250,230,dummy-271
816689.93228799,250,230,dummy-593
816824.442031624,250,230,dummy-593
816904.395736455,250,230,dummy-593
816915.895967747,250,230,dummy-593
816971.46942532,250,230,dummy-593
816692.72308383,250,230,dummy-417
816770.74286538,250,230,dummy-417
816907.230105159,250,230,dummy-417
816919.250312749,250,230,dummy-417
816698.098837986,250,230,dummy-579
816749.110193347,250,230,dummy-579
816833.018359381,250,230,dummy-579
816893.280846271,250,230,dummy-579
816922.469073595,250,230,dummy-579
816948.179641024,250,230,dummy-579
816956.695678608,250,230,dummy-579
816889.789191637,250,230,dummy-663
816946.923396874,250,230,dummy-663
816674.963108382,250,230,dummy-21
816698.0207441,250,230,dummy-21
816714.420757144,250,230,dummy-21
816752.650175378,250,230,dummy-21
816845.997627361,250,230,dummy-21
816874.37095837,250,230,dummy-21
816879.166892595,250,230,dummy-21
816672.394818153,250,230,dummy-139
816762.479542263,250,230,dummy-139
816784.01184277,250,230,dummy-139
816749.071425143,250,230,dummy-79
816761.405984294,250,230,dummy-470
816890.093845114,250,230,dummy-470
816910.190954647,250,230,dummy-470
816936.550585257,250,230,dummy-470
816749.244079217,250,230,dummy-124
816857.505626136,250,230,dummy-124
816698.673715509,250,230,dummy-60
816722.158390934,250,230,dummy-60
816734.201416606,250,230,dummy-60
816716.883491566,250,230,dummy-739
816729.734039632,250,230,dummy-739
816744.537671261,250,230,dummy-739
816772.094006732,250,230,dummy-739
816903.337737618,250,230,dummy-739
816687.45157332,250,230,dummy-592
816745.725444603,250,230,dummy-592
816783.746268568,250,230,dummy-592
816837.983730344,250,230,dummy-763
816907.431495238,250,230,dummy-763
816712.838902397,250,230,dummy-721
816700.621293333,250,230,dummy-99
816724.291601886,250,230,dummy-99
816814.826681012,250,230,dummy-99
816913.405927548,250,230,dummy-99
816806.239619287,250,230,dummy-511
816899.108845886,250,230,dummy-511
816950.666801147,250,230,dummy-511
816768.260146044,250,230,dummy-747
816896.03375391,250,230,dummy-747
816906.535483685,250,230,dummy-747
816753.280950383,250,230,dummy-293
816758.966711783,250,230,dummy-293
816864.350914355,250,230,dummy-293
816716.30861639,250,230,dummy-278
816851.918744401,250,230,dummy-278
816753.795921518,250,230,dummy-611
816757.135868701,250,230,dummy-611
816842.701154574,250,230,dummy-611
816920.697423036,250,230,dummy-611
816969.157182359,250,230,dummy-611
816727.745266841,250,230,dummy-281
816923.354838942,250,230,dummy-281
816696.271501924,250,230,dummy-411
816865.574524745,250,230,dummy-411
816871.559998387,250,230,dummy-411
816921.017283745,250,230,dummy-411
816965.2202654,250,230,dummy-411
816709.387426746,250,230,dummy-583
816735.764232107,250,230,dummy-583
816737.805821109,250,230,dummy-583
816766.197990733,250,230,dummy-583
816799.330521214,250,230,dummy-583
816814.850581583,250,230,dummy-583
816854.757578708,250,230,dummy-583
816932.983527584,250,230,dummy-583
816774.507864487,250,230,dummy-81
816862.228910757,250,230,dummy-81
816876.283085859,250,230,dummy-220
816748.844832276,250,230,dummy-525
816791.475329211,250,230,dummy-525
816673.71422745,250,230,dummy-48
816702.730486055,250,230,dummy-48
816796.815609307,250,230,dummy-48
816807.623619572,250,230,dummy-48
816918.2407697,250,230,dummy-48
816950.366549495,250,230,dummy-48
816722.668296429,250,230,dummy-529
816754.858853207,250,230,dummy-529
816938.131886861,250,230,dummy-529
816951.673869635,250,230,dummy-529
816740.713280196,250,230,dummy-489
816749.498499603,250,230,dummy-489
816940.59311403,250,230,dummy-489
816714.926405816,250,230,dummy-577
816716.499337269,250,230,dummy-577
816848.339779309,250,230,dummy-577
816684.879881322,250,230,dummy-118
816725.937298899,250,230,dummy-118
816822.397897348,250,230,dummy-118
816857.603686761,250,230,dummy-118
816946.35497999,250,230,dummy-118
816680.925453147,250,230,dummy-594
816716.503503331,250,230,dummy-594
816720.693829094,250,230,dummy-594
816769.972268591,250,230,dummy-594
816809.298515723,250,230,dummy-594
816867.756157994,250,230,dummy-594
816908.692357546,250,230,dummy-594
816684.908815461,250,230,dummy-743
816728.032734028,250,230,dummy-743
816769.016993099,250,230,dummy-743
816783.611256066,250,230,dummy-743
816828.608515272,250,230,dummy-743
816712.925685456,250,230,dummy-54
816752.410720864,250,230,dummy-54
816757.340811504,250,230,dummy-54
816841.53670535,250,230,dummy-54
816858.422135383,250,230,dummy-54
816713.920021382,250,230,dummy-336
816875.229337504,250,230,dummy-336
816917.376733847,250,230,dummy-336
816923.165285379,250,230,dummy-336
816884.02172516,250,230,dummy-32
816898.590245757,250,230,dummy-32
816677.975175139,250,230,dummy-651
816752.430792332,250,230,dummy-651
816786.92746195,250,230,dummy-651
816772.555365781,250,230,dummy-180
816797.784915406,250,230,dummy-180
816810.926668901,250,230,dummy-180
816838.927368358,250,230,dummy-180
816861.501288423,250,230,dummy-180
816911.039954904,250,230,dummy-180
816913.062754698,250,230,dummy-180
816939.893431764,250,230,dummy-180
816677.05035744,250,230,dummy-322
816686.592051755,250,230,dummy-322
816753.463232022,250,230,dummy-322
816799.158644259,250,230,dummy-322
816863.712123114,250,230,dummy-322
816898.571699842,250,230,dummy-322
816946.061955166,250,230,dummy-322
816970.777219944,250,230,dummy-322
816706.780730894,250,230,dummy-537
816757.937012367,250,230,dummy-537
816829.210517703,250,230,dummy-537
816858.186413196,250,230,dummy-537
816875.199793493,250,230,dummy-537
816937.237187754,250,230,dummy-537
816852.918489948,250,230,dummy-502
816926.316720188,250,230,dummy-502
816884.018327917,250,230,dummy-238
816705.101180031,250,230,dummy-731
816878.142710369,250,230,dummy-731
816908.746642647,250,230,dummy-731
816941.694047249,250,230,dummy-731
816764.06216922,250,230,dummy-661
816771.858895637,250,230,dummy-661
816948.999635914,250,230,dummy-661
816677.384729901,250,230,dummy-607
816730.890328189,250,230,dummy-607
816847.500009545,250,230,dummy-607
816898.658885384,250,230,dummy-607
816884.287074974,250,230,dummy-380
816720.80735917,250,230,dummy-96
816879.010858693,250,230,dummy-96
816731.504102374,250,230,dummy-719
816962.143874622,250,230,dummy-719
816674.517303248,250,230,dummy-490
816684.52051486,250,230,dummy-490
816762.174156698,250,230,dummy-490
816892.929261644,250,230,dummy-490
816821.957724257,250,230,dummy-726
816865.712800101,250,230,dummy-726
816873.227267424,250,230,dummy-726
816712.710475059,250,230,dummy-492
816741.148179073,250,230,dummy-492
816885.607691104,250,230,dummy-492
816721.160226477,250,230,dummy-615
816831.434250635,250,230,dummy-615
816870.660219396,250,230,dummy-615
816878.406184429,250,230,dummy-615
816921.930331054,250,230,dummy-615
816676.764733805,250,230,dummy-568
816794.328497435,250,230,dummy-568
816967.719876248,250,230,dummy-568
816755.431533018,250,230,dummy-510
816863.305288133,250,230,dummy-510
816896.357802638,250,230,dummy-510
816922.119570182,250,230,dummy-86
816731.135130903,250,230,dummy-222
816757.194219157,250,230,dummy-222
816766.203280412,250,230,dummy-222
816782.936225634,250,230,dummy-222
816840.398791158,250,230,dummy-222
816867.402056476,250,230,dummy-222
816680.47736089,250,230,dummy-359
816680.891522353,250,230,dummy-359
816692.987880053,250,230,dummy-359
816742.131289013,250,230,dummy-359
816928.062026029,250,230,dummy-359
816702.766251722,250,230,dummy-676
816742.339984144,250,230,dummy-350
816791.446227449,250,230,dummy-350
816889.012225045,250,230,dummy-350
816936.74821485,250,230,dummy-350
816922.709233551,250,230,dummy-84
816822.795710504,250,230,dummy-61
816850.072160954,250,230,dummy-61
816883.206764343,250,230,dummy-61
816896.597403028,250,230,dummy-61
816713.67099489,250,230,dummy-507
816801.082146692,250,230,dummy-507
816860.327564678,250,230,dummy-507
816921.004177974,250,230,dummy-507
816924.198016372,250,230,dummy-507
816727.118272224,250,230,dummy-379
816865.861179569,250,230,dummy-379
816890.082201326,250,230,dummy-379
816917.668080994,250,230,dummy-379
816704.782514021,250,230,dummy-323
816739.767490555,250,230,dummy-323
816789.218386544,250,230,dummy-323
816801.36989908,250,230,dummy-323
816875.688464117,250,230,dummy-323
816945.910751129,250,230,dummy-323
816734.869630567,250,230,dummy-5
816788.291772862,250,230,dummy-5
816800.90367168,250,230,dummy-5
816934.40452167,250,230,dummy-5
816686.313713585,250,230,dummy-207
816694.428127993,250,230,dummy-207
816765.964315798,250,230,dummy-207
816907.010036037,250,230,dummy-207
816925.351948196,250,230,dummy-207
