arrival_time,input_tokens,output_tokens,adapter
817986.313861647,250,230,dummy-715
817996.567841193,250,230,dummy-715
818026.083157615,250,230,dummy-715
818114.092875081,250,230,dummy-715
818209.437290576,250,230,dummy-715
817991.559924683,250,230,dummy-644
818032.031506838,250,230,dummy-644
818160.733320556,250,230,dummy-644
818230.149034052,250,230,dummy-644
818024.624325424,250,230,dummy-109
818025.93571374,250,230,dummy-109
818030.708231122,250,230,dummy-109
818148.472739659,250,230,dummy-109
817994.575874335,250,230,dummy-760
818019.073303778,250,230,dummy-760
818030.601052908,250,230,dummy-760
818200.890952097,250,230,dummy-760
818236.625129506,250,230,dummy-760
818044.784586336,250,230,dummy-408
818160.008097689,250,230,dummy-408
818197.460356015,250,230,dummy-408
818155.08253096,250,230,dummy-376
818049.175362894,250,230,dummy-754
818077.04723091,250,230,dummy-754
818093.424527717,250,230,dummy-754
818144.728453573,250,230,dummy-754
817979.528479948,250,230,dummy-512
818214.255000963,250,230,dummy-192
818028.132164628,250,230,dummy-643
818048.807754017,250,230,dummy-643
818200.412491027,250,230,dummy-643
818240.242908929,250,230,dummy-643
818136.214499665,250,230,dummy-494
818049.746361598,250,230,dummy-381
818181.788295091,250,230,dummy-381
817996.774066163,250,230,dummy-65
818224.816102321,250,230,dummy-65
817985.341400432,250,230,dummy-692
818001.634130048,250,230,dummy-740
818044.873746725,250,230,dummy-740
818110.929206128,250,230,dummy-740
818165.077623417,250,230,dummy-740
818216.124423254,250,230,dummy-740
818064.637807218,250,230,dummy-476
818222.975867114,250,230,dummy-476
817967.53550298,250,230,dummy-504
817982.961751274,250,230,dummy-504
817983.875537656,250,230,dummy-504
817983.928838941,250,230,dummy-504
818010.023719097,250,230,dummy-504
818035.344981535,250,230,dummy-504
818143.18672638,250,230,dummy-504
818207.700830729,250,230,dummy-504
817982.080083397,250,230,dummy-190
818005.750290854,250,230,dummy-190
818096.28515399,250,230,dummy-190
818194.866215428,250,230,dummy-190
817986.000522434,250,230,dummy-585
818181.610962365,250,230,dummy-585
818209.042819728,250,230,dummy-391
818013.763731452,250,230,dummy-226
818069.599669982,250,230,dummy-226
818112.236731961,250,230,dummy-226
818138.101790445,250,230,dummy-226
818202.599180902,250,230,dummy-226
818052.665302542,250,230,dummy-725
818196.610254262,250,230,dummy-725
818009.166096083,250,230,dummy-549
818012.814455516,250,230,dummy-549
818132.104834431,250,230,dummy-549
818137.170333036,250,230,dummy-549
818151.213467869,250,230,dummy-549
818164.675102321,250,230,dummy-549
818187.159205065,250,230,dummy-549
818200.507632898,250,230,dummy-549
818242.129254427,250,230,dummy-549
818216.794623686,250,230,dummy-187
818219.690191346,250,230,dummy-187
818004.430712893,250,230,dummy-268
818153.657765059,250,230,dummy-268
818202.280345565,250,230,dummy-268
818240.893002492,250,230,dummy-268
817973.714837905,250,230,dummy-600
818032.79744691,250,230,dummy-600
818044.718988727,250,230,dummy-600
818066.705563811,250,230,dummy-600
818076.215718527,250,230,dummy-600
818158.931790311,250,230,dummy-600
818178.862298141,250,230,dummy-600
818204.027765435,250,230,dummy-600
818012.251747107,250,230,dummy-90
818110.727567663,250,230,dummy-90
817982.587887226,250,230,dummy-73
818047.913324675,250,230,dummy-73
818106.105006926,250,230,dummy-73
818176.473754779,250,230,dummy-73
818044.826451943,250,230,dummy-487
818208.156854578,250,230,dummy-487
818214.886342228,250,230,dummy-487
818019.164380196,250,230,dummy-573
818049.612430826,250,230,dummy-573
818222.376371804,250,230,dummy-573
817990.915183507,250,230,dummy-25
818095.236734453,250,230,dummy-25
818111.456403864,250,230,dummy-25
818122.008398786,250,230,dummy-25
818048.265651475,250,230,dummy-632
818062.517657599,250,230,dummy-632
817980.760911534,250,230,dummy-252
818059.59258172,250,230,dummy-252
818184.078891522,250,230,dummy-252
818141.051088598,250,230,dummy-152
818023.797519999,250,230,dummy-224
818072.90417132,250,230,dummy-224
818170.470488506,250,230,dummy-224
818218.206699347,250,230,dummy-224
818115.03658867,250,230,dummy-608
818184.665844814,250,230,dummy-485
818225.645016435,250,230,dummy-485
818055.272190723,250,230,dummy-285
818179.544599218,250,230,dummy-285
817994.97673756,250,230,dummy-768
818096.890416057,250,230,dummy-768
817955.087810991,250,230,dummy-28
818091.402679011,250,230,dummy-28
818185.760317997,250,230,dummy-28
818187.622749512,250,230,dummy-28
818191.088144887,250,230,dummy-28
818031.452351087,250,230,dummy-443
818198.098113367,250,230,dummy-443
818210.912295981,250,230,dummy-443
818240.838308417,250,230,dummy-443
818242.872897025,250,230,dummy-443
817987.432394003,250,230,dummy-755
818015.506219739,250,230,dummy-755
818092.388085579,250,230,dummy-755
818190.134850141,250,230,dummy-755
818053.618577048,250,230,dummy-553
818062.699358007,250,230,dummy-553
818116.217829062,250,230,dummy-553
818163.658187513,250,230,dummy-553
818208.573448124,250,230,dummy-757
818032.843608894,250,230,dummy-610
818050.097266101,250,230,dummy-610
818069.696487346,250,230,dummy-610
818073.334915143,250,230,dummy-610
818078.997942506,250,230,dummy-610
818089.696194494,250,230,dummy-610
818127.367284115,250,230,dummy-610
818163.047032179,250,230,dummy-610
818195.997189245,250,230,dummy-610
818200.831084859,250,230,dummy-610
818243.617175505,250,230,dummy-610
818116.763830941,250,230,dummy-672
818144.651762141,250,230,dummy-672
818160.340004238,250,230,dummy-672
818157.740376544,250,230,dummy-478
818012.564889307,250,230,dummy-182
818017.209291892,250,230,dummy-665
818027.28719579,250,230,dummy-665
818062.922403883,250,230,dummy-665
818137.488449085,250,230,dummy-665
818139.483572527,250,230,dummy-665
818236.427954582,250,230,dummy-665
818238.300852603,250,230,dummy-665
818030.017016071,250,230,dummy-761
818148.266414272,250,230,dummy-761
818007.479612848,250,230,dummy-172
818126.722894135,250,230,dummy-172
818029.687109669,250,230,dummy-205
818042.711267712,250,230,dummy-410
818101.427122675,250,230,dummy-410
818131.280781399,250,230,dummy-410
818154.066104871,250,230,dummy-410
818202.610036039,250,230,dummy-410
818220.458505819,250,230,dummy-410
817994.277972242,250,230,dummy-142
818065.246584035,250,230,dummy-142
818081.84433284,250,230,dummy-142
818248.328057042,250,230,dummy-142
817998.708772798,250,230,dummy-562
818173.242727648,250,230,dummy-488
818253.328086174,250,230,dummy-488
817974.735873967,250,230,dummy-325
818079.432619155,250,230,dummy-325
818085.723081101,250,230,dummy-325
818206.531125806,250,230,dummy-325
818232.125286074,250,230,dummy-325
817987.817835733,250,230,dummy-248
817978.900671035,250,230,dummy-586
818060.550066245,250,230,dummy-586
818248.845807595,250,230,dummy-586
817976.388901802,250,230,dummy-689
818120.042773396,250,230,dummy-689
818212.737661397,250,230,dummy-169
818127.94645661,250,230,dummy-386
818177.909755239,250,230,dummy-386
817961.728151948,250,230,dummy-41
818137.629631518,250,230,dummy-41
818145.956946317,250,230,dummy-41
817998.933359993,250,230,dummy-375
818009.035529203,250,230,dummy-375
818014.423905109,250,230,dummy-375
818097.398747357,250,230,dummy-375
818195.899949937,250,230,dummy-375
818210.430629167,250,230,dummy-375
818055.966979557,250,230,dummy-472
818143.687426837,250,230,dummy-472
818048.608670281,250,230,dummy-543
818152.905005534,250,230,dummy-543
818209.655190847,250,230,dummy-543
818114.561932445,250,230,dummy-580
818177.173996042,250,230,dummy-580
818208.90574262,250,230,dummy-580
818239.579807349,250,230,dummy-580
818058.323202472,250,230,dummy-249
818121.131283065,250,230,dummy-249
818143.504119354,250,230,dummy-249
818230.325203442,250,230,dummy-249
818250.830510867,250,230,dummy-249
817989.70986808,250,230,dummy-356
818142.45044404,250,230,dummy-356
817977.988345313,250,230,dummy-473
818223.756324558,250,230,dummy-473
818016.872358601,250,230,dummy-14
818211.443608895,250,230,dummy-14
818226.647092727,250,230,dummy-14
817967.693740167,250,230,dummy-159
817972.378978099,250,230,dummy-159
818002.162174995,250,230,dummy-159
818070.354955032,250,230,dummy-159
818144.3117103,250,230,dummy-216
818236.289623775,250,230,dummy-216
818002.427006923,250,230,dummy-572
818005.3396121,250,230,dummy-572
818033.221836264,250,230,dummy-572
818025.306112571,250,230,dummy-430
818037.41358438,250,230,dummy-430
818147.873417922,250,230,dummy-430
818215.551141891,250,230,dummy-223
817965.001849385,250,230,dummy-647
818125.76347947,250,230,dummy-647
818044.150585751,250,230,dummy-469
818133.254692633,250,230,dummy-469
818186.327425256,250,230,dummy-469
817955.164293173,250,230,dummy-457
817968.769634663,250,230,dummy-457
817998.987384679,250,230,dummy-457
818221.768898024,250,230,dummy-457
818234.512393431,250,230,dummy-457
818051.632866621,250,230,dummy-688
818106.064719909,250,230,dummy-688
818124.439131493,250,230,dummy-351
818148.460770203,250,230,dummy-351
818104.799722793,250,230,dummy-616
818172.293971454,250,230,dummy-616
818191.224424716,250,230,dummy-616
818225.815511957,250,230,dummy-616
818014.036115513,250,230,dummy-354
818076.167045953,250,230,dummy-354
818125.076217616,250,230,dummy-354
818156.434536755,250,230,dummy-354
818157.983803432,250,230,dummy-613
818182.001235396,250,230,dummy-613
818214.231349091,250,230,dummy-613
817980.609303848,250,230,dummy-413
818011.079694142,250,230,dummy-413
818105.837996364,250,230,dummy-413
818168.000341453,250,230,dummy-413
818175.94097834,250,230,dummy-413
818202.054283105,250,230,dummy-413
817974.80673384,250,230,dummy-484
817980.542672924,250,230,dummy-484
817992.778854364,250,230,dummy-484
818133.04671048,250,230,dummy-484
818218.634701867,250,230,dummy-484
818233.071586532,250,230,dummy-484
818165.479654946,250,230,dummy-319
818180.047920608,250,230,dummy-319
818002.266094015,250,230,dummy-340
818113.064640403,250,230,dummy-407
817971.354511846,250,230,dummy-108
818003.425488858,250,230,dummy-108
818012.061016621,250,230,dummy-108
818128.45843557,250,230,dummy-108
818149.745094975,250,230,dummy-108
818158.464557845,250,230,dummy-108
818164.165375003,250,230,dummy-108
818227.312489525,250,230,dummy-108
817958.584236343,250,230,dummy-347
817977.69006534,250,230,dummy-347
818029.365632218,250,230,dummy-347
818117.387228722,250,230,dummy-347
818171.01042628,250,230,dummy-347
818244.924006616,250,230,dummy-347
818013.092834456,250,230,dummy-538
818020.094496794,250,230,dummy-538
818131.170308696,250,230,dummy-538
818250.455271532,250,230,dummy-538
818007.104259004,250,230,dummy-648
818021.765474089,250,230,dummy-648
818075.584702465,250,230,dummy-648
818085.588999106,250,230,dummy-648
817961.72675444,250,230,dummy-596
818019.721671907,250,230,dummy-596
818043.278932365,250,230,dummy-596
817962.895797695,250,230,dummy-422
817996.092611186,250,230,dummy-422
818084.355535284,250,230,dummy-422
818087.224189923,250,230,dummy-422
818161.398977257,250,230,dummy-753
818058.499248269,250,230,dummy-389
817959.35279518,250,230,dummy-372
818089.275031626,250,230,dummy-372
818129.311731572,250,230,dummy-372
818145.797051643,250,230,dummy-372
818181.033592224,250,230,dummy-372
818217.423915456,250,230,dummy-372
818232.15969334,250,230,dummy-372
817999.337144745,250,230,dummy-575
818066.171901755,250,230,dummy-575
818085.303018868,250,230,dummy-575
818090.41418507,250,230,dummy-575
818221.123134921,250,230,dummy-575
817964.910768544,250,230,dummy-566
818071.423551754,250,230,dummy-566
818170.147291805,250,230,dummy-566
818177.955239483,250,230,dummy-566
817987.666637318,250,230,dummy-87
818128.555923968,250,230,dummy-87
818140.796075872,250,230,dummy-87
818170.728083536,250,230,dummy-87
818188.420928362,250,230,dummy-87
818094.669656108,250,230,dummy-85
818137.485027517,250,230,dummy-85
818198.693128456,250,230,dummy-85
818179.192052995,250,230,dummy-364
817977.021254499,250,230,dummy-505
818034.897306802,250,230,dummy-505
818070.350382417,250,230,dummy-505
818077.329436078,250,230,dummy-505
818138.088721432,250,230,dummy-505
818012.800032269,250,230,dummy-545
818082.245974695,250,230,dummy-545
818164.841752355,250,230,dummy-545
818213.122663365,250,230,dummy-545
818101.550826048,250,230,dummy-298
818124.382571745,250,230,dummy-298
818136.633895226,250,230,dummy-298
818174.616528552,250,230,dummy-298
818191.399307845,250,230,dummy-620
818227.735382278,250,230,dummy-620
818250.336814637,250,230,dummy-269
818252.323348428,250,230,dummy-269
818010.226873104,250,230,dummy-524
818034.106196496,250,230,dummy-524
818115.964524235,250,230,dummy-524
818164.425469337,250,230,dummy-524
818175.489874635,250,230,dummy-524
818221.069704218,250,230,dummy-524
817957.378755346,250,230,dummy-30
818089.972243854,250,230,dummy-30
818178.177541939,250,230,dummy-30
818064.77605247,250,230,dummy-551
818095.09750158,250,230,dummy-551
818116.758426474,250,230,dummy-551
818175.20527416,250,230,dummy-551
818176.987029179,250,230,dummy-551
818190.253977492,250,230,dummy-551
817988.667693411,250,230,dummy-506
818006.799571024,250,230,dummy-506
818106.348321903,250,230,dummy-506
817987.93701122,250,230,dummy-23
818046.487935651,250,230,dummy-23
818045.940801957,250,230,dummy-210
818072.383770965,250,230,dummy-210
818173.901942069,250,230,dummy-210
818181.730149272,250,230,dummy-210
818198.989073416,250,230,dummy-210
818218.846690702,250,230,dummy-210
818219.962227312,250,230,dummy-210
818220.705777669,250,230,dummy-210
818248.465538738,250,230,dummy-210
817983.451365489,250,230,dummy-508
818252.833902914,250,230,dummy-508
818024.811716247,250,230,dummy-337
818107.169712327,250,230,dummy-337
818115.783809438,250,230,dummy-337
818142.02875838,250,230,dummy-337
818168.996491905,250,230,dummy-337
818198.588094958,250,230,dummy-337
818252.925459445,250,230,dummy-337
818030.501808734,250,230,dummy-449
818155.305513937,250,230,dummy-449
818000.949191604,250,230,dummy-228
818125.011233562,250,230,dummy-228
818148.18936615,250,230,dummy-228
818184.633106708,250,230,dummy-228
818216.902808036,250,230,dummy-228
817979.249423691,250,230,dummy-453
818033.183583626,250,230,dummy-453
818163.914941721,250,230,dummy-453
818237.634997541,250,230,dummy-453
818248.378743713,250,230,dummy-453
818029.805801923,250,230,dummy-533
818047.456705615,250,230,dummy-533
818050.123815331,250,230,dummy-533
818158.787613874,250,230,dummy-533
818178.89496958,250,230,dummy-345
818207.63239122,250,230,dummy-345
818185.617049854,250,230,dummy-178
818195.522757825,250,230,dummy-178
818238.273578095,250,230,dummy-178
817973.563590988,250,230,dummy-176
818007.476259154,250,230,dummy-176
817974.219552291,250,230,dummy-303
817983.677177666,250,230,dummy-303
818140.398749568,250,230,dummy-303
818220.771283586,250,230,dummy-303
817974.181037686,250,230,dummy-415
818052.200422907,250,230,dummy-415
818188.686669329,250,230,dummy-415
818200.707547571,250,230,dummy-415
817966.338590444,250,230,dummy-696
818007.396017846,250,230,dummy-696
818103.855228084,250,230,dummy-696
818139.061401798,250,230,dummy-696
818227.813943939,250,230,dummy-696
817958.971550122,250,230,dummy-503
818003.299451813,250,230,dummy-503
818093.24587411,250,230,dummy-503
818120.935718645,250,230,dummy-503
818177.211455852,250,230,dummy-503
818067.47344955,250,230,dummy-111
818078.905265692,250,230,dummy-111
818107.180258778,250,230,dummy-111
818220.336046789,250,230,dummy-111
818135.199342198,250,230,dummy-717
818245.675234691,250,230,dummy-717
818004.426870545,250,230,dummy-409
818239.134301801,250,230,dummy-409
817987.821967946,250,230,dummy-471
818110.197162231,250,230,dummy-471
818113.576219742,250,230,dummy-471
818144.808946208,250,230,dummy-471
817977.729310329,250,230,dummy-513
818147.033851789,250,230,dummy-513
818153.01971653,250,230,dummy-513
818202.476926767,250,230,dummy-513
818246.68040002,250,230,dummy-513
817990.750449176,250,230,dummy-311
818240.862004973,250,230,dummy-311
818167.225984935,250,230,dummy-251
818217.749403721,250,230,dummy-251
818238.643178654,250,230,dummy-251
818108.732025342,250,230,dummy-227
818237.998378828,250,230,dummy-227
818050.901028539,250,230,dummy-197
818081.954352035,250,230,dummy-197
818168.33993758,250,230,dummy-197
818182.375383164,250,230,dummy-197
818251.481288765,250,230,dummy-197
818002.616678422,250,230,dummy-277
818112.891191706,250,230,dummy-277
818152.117402263,250,230,dummy-277
818159.863264455,250,230,dummy-277
818203.386916531,250,230,dummy-277
817966.862435051,250,230,dummy-110
817985.868550766,250,230,dummy-110
817989.378228828,250,230,dummy-110
818048.440776889,250,230,dummy-110
818115.190080276,250,230,dummy-110
818139.612377508,250,230,dummy-110
818226.431225298,250,230,dummy-110
817958.944859151,250,230,dummy-38
817958.989560719,250,230,dummy-38
817964.2435712,250,230,dummy-38
817999.61593928,250,230,dummy-38
817999.989853065,250,230,dummy-38
818007.166076471,250,230,dummy-38
818145.201245672,250,230,dummy-38
818045.044962059,250,230,dummy-275
818089.848634452,250,230,dummy-275
818157.027000269,250,230,dummy-275
818057.2139888,250,230,dummy-527
818107.912888443,250,230,dummy-527
818190.795469088,250,230,dummy-527
818201.790166785,250,230,dummy-527
818243.799044974,250,230,dummy-527
817989.863279279,250,230,dummy-650
817999.233723969,250,230,dummy-650
818017.448995661,250,230,dummy-650
818035.31977366,250,230,dummy-650
818059.174175001,250,230,dummy-650
818095.959601323,250,230,dummy-650
818127.513599856,250,230,dummy-650
818015.070064935,250,230,dummy-680
817971.050486966,250,230,dummy-310
817999.378418786,250,230,dummy-310
818015.824996524,250,230,dummy-310
818190.455577089,250,230,dummy-310
818247.281915588,250,230,dummy-310
818012.430956587,250,230,dummy-624
818075.13865362,250,230,dummy-624
818136.766507055,250,230,dummy-624
818228.255586861,250,230,dummy-624
818069.2476492,250,230,dummy-24
818144.203028846,250,230,dummy-24
818154.466472159,250,230,dummy-24
818155.623330784,250,230,dummy-24
817997.194079613,250,230,dummy-477
818154.661074081,250,230,dummy-477
817954.459964649,250,230,dummy-56
817968.987007972,250,230,dummy-56
818022.069978968,250,230,dummy-56
818119.571305874,250,230,dummy-56
818134.374981902,250,230,dummy-496
818207.773168219,250,230,dummy-496
818158.977296965,250,230,dummy-699
818188.960391643,250,230,dummy-699
818216.757931616,250,230,dummy-699
818222.326820752,250,230,dummy-699
818075.213657335,250,230,dummy-346
818082.974774686,250,230,dummy-346
818151.859529983,250,230,dummy-346
818232.000439034,250,230,dummy-346
818048.889401848,250,230,dummy-53
818051.570294759,250,230,dummy-53
818059.479002118,250,230,dummy-53
818079.282595068,250,230,dummy-53
818093.428846245,250,230,dummy-53
818237.175650013,250,230,dummy-53
818003.366680889,250,230,dummy-531
818005.094183061,250,230,dummy-531
818091.526318396,250,230,dummy-531
818228.572983214,250,230,dummy-531
817970.023129335,250,230,dummy-467
817973.535335792,250,230,dummy-467
818001.030462261,250,230,dummy-467
818041.317021806,250,230,dummy-467
818208.117874626,250,230,dummy-467
818218.751295089,250,230,dummy-467
817976.311758912,250,230,dummy-259
818141.923839898,250,230,dummy-259
818168.601556641,250,230,dummy-259
818195.666627723,250,230,dummy-259
818088.013437488,250,230,dummy-482
818094.96040245,250,230,dummy-482
818111.247981296,250,230,dummy-482
818137.173752928,250,230,dummy-482
818186.557820484,250,230,dummy-482
818187.186908467,250,230,dummy-482
818234.218622691,250,230,dummy-482
818241.845976654,250,230,dummy-482
818010.578873284,250,230,dummy-20
818071.377048285,250,230,dummy-20
818146.130001706,250,230,dummy-20
818205.909437993,250,230,dummy-20
818239.946905162,250,230,dummy-20
817962.265765319,250,230,dummy-261
818015.12387305,250,230,dummy-261
818024.401863803,250,230,dummy-420
818041.89956475,250,230,dummy-420
818131.325847478,250,230,dummy-420
818148.469446251,250,230,dummy-420
818249.970217251,250,230,dummy-420
817991.322301735,250,230,dummy-732
818011.325345175,250,230,dummy-732
818054.051189333,250,230,dummy-732
818092.848137035,250,230,dummy-732
818121.449143388,250,230,dummy-171
817968.899223182,250,230,dummy-723
818054.576656011,250,230,dummy-723
818227.13484383,250,230,dummy-723
817978.415413728,250,230,dummy-114
817980.109844307,250,230,dummy-114
818081.773235756,250,230,dummy-114
818096.989130693,250,230,dummy-114
818179.709093644,250,230,dummy-114
818207.134598558,250,230,dummy-114
818061.272515282,250,230,dummy-122
818092.818430676,250,230,dummy-122
818126.547455503,250,230,dummy-122
818178.643478072,250,230,dummy-122
817956.232015805,250,230,dummy-214
817996.013768724,250,230,dummy-214
818061.775317604,250,230,dummy-214
818227.673811681,250,230,dummy-214
818058.541040945,250,230,dummy-465
818064.571994616,250,230,dummy-465
818093.30147048,250,230,dummy-465
818163.30321626,250,230,dummy-465
818250.813809658,250,230,dummy-465
817975.698640907,250,230,dummy-456
818004.711639219,250,230,dummy-456
818043.312723897,250,230,dummy-456
818171.651070922,250,230,dummy-456
817976.897193447,250,230,dummy-522
817997.761942474,250,230,dummy-522
818001.126605688,250,230,dummy-522
818250.047288142,250,230,dummy-522
817989.520281578,250,230,dummy-296
818053.861703742,250,230,dummy-296
818070.890600941,250,230,dummy-296
818229.718946016,250,230,dummy-296
818075.85648833,250,230,dummy-181
818088.674362844,250,230,dummy-181
818111.994991662,250,230,dummy-181
818072.197087096,250,230,dummy-437
818201.73977167,250,230,dummy-437
818244.133070491,250,230,dummy-437
817996.330531542,250,230,dummy-501
818023.361193896,250,230,dummy-501
818020.890140169,250,230,dummy-274
818062.935096911,250,230,dummy-274
817976.062937902,250,230,dummy-301
818106.952466439,250,230,dummy-301
817976.764701395,250,230,dummy-363
818007.95156346,250,230,dummy-363
818025.267440083,250,230,dummy-321
818083.117750882,250,230,dummy-321
818097.015917265,250,230,dummy-321
818133.47243374,250,230,dummy-321
818146.470068034,250,230,dummy-321
818242.842443857,250,230,dummy-321
818016.327911654,250,230,dummy-237
818069.74984192,250,230,dummy-237
818082.361818853,250,230,dummy-237
818215.86322495,250,230,dummy-237
817962.383814056,250,230,dummy-199
817997.96222002,250,230,dummy-199
818002.151322626,250,230,dummy-199
818051.428660177,250,230,dummy-199
818090.755798999,250,230,dummy-199
818149.214403242,250,230,dummy-199
818190.149519042,250,230,dummy-199
818141.000926155,250,230,dummy-621
818164.869437961,250,230,dummy-621
818009.376696949,250,230,dummy-712
818053.74886983,250,230,dummy-445
818054.477695007,250,230,dummy-445
818067.897736756,250,230,dummy-445
818120.326261999,250,230,dummy-445
818050.723467949,250,230,dummy-515
818103.277834801,250,230,dummy-515
818251.366047146,250,230,dummy-515
818036.890942405,250,230,dummy-31
818144.764846182,250,230,dummy-31
818177.817151845,250,230,dummy-31
817953.654924066,250,230,dummy-225
818224.514771004,250,230,dummy-225
818250.830477195,250,230,dummy-225
817959.433573306,250,230,dummy-240
818033.888652969,250,230,dummy-240
818068.385792902,250,230,dummy-240
817960.30761643,250,230,dummy-103
818157.387533028,250,230,dummy-103
818186.404097396,250,230,dummy-103
818009.939113509,250,230,dummy-569
818031.634982231,250,230,dummy-569
818085.655720642,250,230,dummy-569
818098.230978344,250,230,dummy-569
818116.423254189,250,230,dummy-569
817995.083125003,250,230,dummy-748
818202.727330003,250,230,dummy-748
818225.521573086,250,230,dummy-748
817962.497117,250,230,dummy-141
818183.81570789,250,230,dummy-141
817981.683668777,250,230,dummy-574
818006.384270904,250,230,dummy-574
818014.619892322,250,230,dummy-574
818023.147546232,250,230,dummy-574
818097.975416878,250,230,dummy-574
818200.985070471,250,230,dummy-574
818212.610503553,250,230,dummy-574
818234.521835612,250,230,dummy-574
817964.581391099,250,230,dummy-234
818068.604858408,250,230,dummy-234
818127.143793019,250,230,dummy-234
818151.546032939,250,230,dummy-234
817994.637358754,250,230,dummy-720
818226.129155864,250,230,dummy-720
818242.945618404,250,230,dummy-720
817960.509293366,250,230,dummy-454
817988.235319106,250,230,dummy-454
817993.705158056,250,230,dummy-454
818172.28091275,250,230,dummy-454
818197.858693415,250,230,dummy-454
818021.051225038,250,230,dummy-286
818049.144794894,250,230,dummy-286
818078.58418444,250,230,dummy-286
818246.113535023,250,230,dummy-286
818249.901105657,250,230,dummy-286
818229.623172793,250,230,dummy-125
818232.014124269,250,230,dummy-125
818002.308384662,250,230,dummy-282
818037.899171693,250,230,dummy-282
818050.580872595,250,230,dummy-282
818065.747745346,250,230,dummy-282
818186.571351078,250,230,dummy-282
817986.055773956,250,230,dummy-317
818045.54098504,250,230,dummy-317
818060.116653606,250,230,dummy-317
818146.794615517,250,230,dummy-317
818177.06456778,250,230,dummy-317
817957.193480003,250,230,dummy-284
817999.174942731,250,230,dummy-284
818112.484968097,250,230,dummy-284
818232.442928029,250,230,dummy-284
818228.392098464,250,230,dummy-39
818197.794772454,250,230,dummy-200
818237.23963525,250,230,dummy-200
818007.457504459,250,230,dummy-121
818179.1572313,250,230,dummy-121
817958.722915545,250,230,dummy-399
817999.993603615,250,230,dummy-399
818005.173136964,250,230,dummy-399
818064.69058272,250,230,dummy-13
818213.491204729,250,230,dummy-13
818248.275157327,250,230,dummy-13
817989.887495595,250,230,dummy-423
818069.608576439,250,230,dummy-423
818128.798633538,250,230,dummy-423
818164.727808216,250,230,dummy-423
818240.556496091,250,230,dummy-423
818054.485940117,250,230,dummy-262
818084.484632893,250,230,dummy-262
818117.546837294,250,230,dummy-262
818161.486815841,250,230,dummy-262
817982.586293488,250,230,dummy-640
818083.048608981,250,230,dummy-640
818097.924558064,250,230,dummy-640
818107.691593384,250,230,dummy-640
818181.755692417,250,230,dummy-640
818213.894888911,250,230,dummy-640
817959.018142897,250,230,dummy-7
817977.699456623,250,230,dummy-7
818076.391755169,250,230,dummy-7
818152.704008532,250,230,dummy-7
818245.249888435,250,230,dummy-7
817975.259690432,250,230,dummy-229
818081.446434491,250,230,dummy-229
818119.123687029,250,230,dummy-229
818163.035213931,250,230,dummy-229
818163.512149491,250,230,dummy-229
818234.490754236,250,230,dummy-229
818000.219195,250,230,dummy-559
818013.336935801,250,230,dummy-559
818038.986936294,250,230,dummy-559
818131.275053831,250,230,dummy-559
818134.918618441,250,230,dummy-559
818179.409101288,250,230,dummy-559
818200.160911235,250,230,dummy-559
818252.201299527,250,230,dummy-559
818071.317613369,250,230,dummy-292
818207.060103301,250,230,dummy-292
818212.121277784,250,230,dummy-292
818223.821201486,250,230,dummy-292
817976.905424938,250,230,dummy-291
818033.463671996,250,230,dummy-291
818183.810815185,250,230,dummy-291
818072.599868671,250,230,dummy-358
818130.052562178,250,230,dummy-358
818205.21016175,250,230,dummy-358
817984.18944832,250,230,dummy-433
818078.274995002,250,230,dummy-433
818089.083107238,250,230,dummy-433
818199.699671662,250,230,dummy-433
818231.82478073,250,230,dummy-433
817979.719426407,250,230,dummy-519
817985.361644326,250,230,dummy-519
818143.295744367,250,230,dummy-519
818160.27420119,250,230,dummy-519
818203.219975928,250,230,dummy-519
818002.164446991,250,230,dummy-283
818250.335415872,250,230,dummy-283
817967.512751173,250,230,dummy-694
818000.087294372,250,230,dummy-694
818026.159689424,250,230,dummy-694
818078.714585972,250,230,dummy-306
818144.187898339,250,230,dummy-636
818134.140791414,250,230,dummy-385
818204.431231452,250,230,dummy-385
817957.310180618,250,230,dummy-37
817995.219372801,250,230,dummy-37
818031.862870615,250,230,dummy-37
818221.442451797,250,230,dummy-37
818223.703913089,250,230,dummy-37
817996.413504111,250,230,dummy-442
818037.177198182,250,230,dummy-442
818054.716533416,250,230,dummy-442
817998.759902426,250,230,dummy-46
818088.518836227,250,230,dummy-10
817967.612556381,250,230,dummy-724
818151.712998648,250,230,dummy-724
818164.335240084,250,230,dummy-724
818099.745107223,250,230,dummy-690
818165.678822028,250,230,dummy-690
818226.416523813,250,230,dummy-690
818227.235595595,250,230,dummy-690
818047.177001997,250,230,dummy-213
818067.207346432,250,230,dummy-213
818005.605773633,250,230,dummy-736
818132.564072208,250,230,dummy-736
818026.924232577,250,230,dummy-74
818061.858499836,250,230,dummy-74
818159.449098527,250,230,dummy-74
818224.702659277,250,230,dummy-74
818232.947626707,250,230,dummy-74
818240.219181063,250,230,dummy-74
817966.255554915,250,230,dummy-646
818127.521449332,250,230,dummy-646
818231.790080678,250,230,dummy-646
818239.887550021,250,230,dummy-646
817982.123599685,250,230,dummy-339
818120.977741515,250,230,dummy-339
818173.103776233,250,230,dummy-339
818209.960769645,250,230,dummy-339
818222.150165556,250,230,dummy-339
817973.09998536,250,230,dummy-697
817990.323915809,250,230,dummy-483
818001.283362314,250,230,dummy-483
818011.411836753,250,230,dummy-483
818040.323130435,250,230,dummy-483
818119.747312005,250,230,dummy-483
818163.173611508,250,230,dummy-483
818169.511383532,250,230,dummy-483
817966.490564263,250,230,dummy-16
818099.70376248,250,230,dummy-16
818250.276794391,250,230,dummy-16
817997.651385864,250,230,dummy-539
818132.741504835,250,230,dummy-539
818251.66855213,250,230,dummy-539
817989.181186763,250,230,dummy-497
818003.481884265,250,230,dummy-497
818228.817040761,250,230,dummy-342
818229.47497322,250,230,dummy-342
817963.358831424,250,230,dummy-168
818227.534399258,250,230,dummy-168
818028.118106912,250,230,dummy-198
818031.581645042,250,230,dummy-198
818037.717647754,250,230,dummy-198
818137.780135165,250,230,dummy-198
818179.036957007,250,230,dummy-198
818227.991231363,250,230,dummy-198
818012.064736069,250,230,dummy-419
818105.42067695,250,230,dummy-419
817964.872098021,250,230,dummy-260
818082.750710188,250,230,dummy-260
818105.821896525,250,230,dummy-260
818115.558752144,250,230,dummy-260
818148.017618512,250,230,dummy-260
818162.339624698,250,230,dummy-260
818212.695770406,250,230,dummy-260
818030.529767669,250,230,dummy-242
818011.822622123,250,230,dummy-578
818080.765548596,250,230,dummy-578
818176.583055944,250,230,dummy-578
818201.378494434,250,230,dummy-578
818123.899500984,250,230,dummy-343
818138.372022377,250,230,dummy-343
818176.619761532,250,230,dummy-343
818031.4198824,250,230,dummy-685
818040.303119046,250,230,dummy-685
818096.807832696,250,230,dummy-685
818129.115604957,250,230,dummy-685
818013.64502165,250,230,dummy-17
818016.098260649,250,230,dummy-17
818052.497226508,250,230,dummy-17
818126.047899658,250,230,dummy-17
818153.63707455,250,230,dummy-17
818000.587014617,250,230,dummy-695
818071.159324028,250,230,dummy-695
818094.633018619,250,230,dummy-695
818163.159349817,250,230,dummy-66
818209.4014463,250,230,dummy-146
818000.846841807,250,230,dummy-156
817959.908220037,250,230,dummy-396
817969.741988613,250,230,dummy-396
818088.405796209,250,230,dummy-396
818092.449957496,250,230,dummy-396
818128.867515298,250,230,dummy-396
818242.256479711,250,230,dummy-691
818042.387378875,250,230,dummy-1
818058.785606587,250,230,dummy-1
818175.210022501,250,230,dummy-1
817997.633692107,250,230,dummy-70
818061.310804796,250,230,dummy-70
818117.165716268,250,230,dummy-70
818204.167629272,250,230,dummy-120
818011.811947553,250,230,dummy-729
818144.798686249,250,230,dummy-729
818221.24814605,250,230,dummy-729
818237.631592334,250,230,dummy-729
817961.973439079,250,230,dummy-388
818056.749273908,250,230,dummy-388
818108.573444049,250,230,dummy-388
818168.650339445,250,230,dummy-388
818184.477985543,250,230,dummy-388
817980.123262905,250,230,dummy-541
818014.585365424,250,230,dummy-541
818048.418436105,250,230,dummy-541
818057.703585777,250,230,dummy-541
818102.93316742,250,230,dummy-541
818227.419652805,250,230,dummy-541
817953.759197355,250,230,dummy-514
818079.330574874,250,230,dummy-514
818108.435955993,250,230,dummy-514
818184.665818744,250,230,dummy-514
818188.052309185,250,230,dummy-514
818049.758646191,250,230,dummy-458
817959.182927378,250,230,dummy-219
817978.589999468,250,230,dummy-219
818000.934114045,250,230,dummy-219
818037.120080428,250,230,dummy-219
818074.472579711,250,230,dummy-219
818143.068270263,250,230,dummy-219
818179.683472115,250,230,dummy-219
817995.624456554,250,230,dummy-667
818189.56054651,250,230,dummy-667
818201.25505425,250,230,dummy-667
818231.707593803,250,230,dummy-667
818238.014882873,250,230,dummy-667
818085.278132946,250,230,dummy-530
818110.235872485,250,230,dummy-530
818170.672018168,250,230,dummy-530
818232.383320119,250,230,dummy-530
818066.644393111,250,230,dummy-630
818118.440963163,250,230,dummy-630
818249.511173864,250,230,dummy-630
818005.49573638,250,230,dummy-97
818051.22109297,250,230,dummy-97
818053.210711409,250,230,dummy-97
818168.025302465,250,230,dummy-97
818197.279297714,250,230,dummy-97
818203.100088259,250,230,dummy-97
818209.495384526,250,230,dummy-97
818238.177848195,250,230,dummy-97
818001.265506604,250,230,dummy-272
818074.233609706,250,230,dummy-272
818099.273737084,250,230,dummy-272
818161.113872454,250,230,dummy-272
818188.667118519,250,230,dummy-272
817990.891257331,250,230,dummy-196
818227.139240471,250,230,dummy-196
817954.510759146,250,230,dummy-11
817982.371019478,250,230,dummy-11
818107.692074878,250,230,dummy-11
818146.691686465,250,230,dummy-11
818169.436352347,250,230,dummy-11
818215.01899139,250,230,dummy-11
818216.122043839,250,230,dummy-11
818226.995687507,250,230,dummy-11
817956.478263462,250,230,dummy-438
818009.317234245,250,230,dummy-438
818074.631032796,250,230,dummy-438
818075.37513118,250,230,dummy-438
818047.242619027,250,230,dummy-741
818050.864124425,250,230,dummy-741
818060.15939079,250,230,dummy-741
818065.027427786,250,230,dummy-741
818138.248046965,250,230,dummy-741
817969.929844654,250,230,dummy-77
817989.486784882,250,230,dummy-77
818125.071586845,250,230,dummy-77
818112.166853383,250,230,dummy-170
818112.608373693,250,230,dummy-170
818023.182581461,250,230,dummy-230
818052.312903814,250,230,dummy-230
818059.022857591,250,230,dummy-230
818083.803536127,250,230,dummy-230
818109.152632767,250,230,dummy-230
818132.915839421,250,230,dummy-230
818175.032991826,250,230,dummy-230
817958.71822042,250,230,dummy-8
817974.891936669,250,230,dummy-8
818143.964185951,250,230,dummy-8
818194.018590813,250,230,dummy-8
817994.296970102,250,230,dummy-668
818033.950972886,250,230,dummy-540
818235.749086096,250,230,dummy-540
818120.865286424,250,230,dummy-67
818220.035062762,250,230,dummy-67
817969.529874859,250,230,dummy-614
818109.823792349,250,230,dummy-614
818110.675502549,250,230,dummy-614
818142.710108095,250,230,dummy-614
818080.865415942,250,230,dummy-290
817986.240033554,250,230,dummy-706
818021.225351565,250,230,dummy-706
818070.676345093,250,230,dummy-706
818082.828949999,250,230,dummy-706
818157.147679836,250,230,dummy-706
818227.369779051,250,230,dummy-706
818058.284481806,250,230,dummy-528
818207.158441225,250,230,dummy-528
818239.742576878,250,230,dummy-528
817999.96533912,250,230,dummy-652
818041.057718215,250,230,dummy-652
818190.393436672,250,230,dummy-652
818104.254466888,250,230,dummy-367
818131.532178972,250,230,dummy-367
818164.667429772,250,230,dummy-367
818178.058227866,250,230,dummy-367
818049.2282632,250,230,dummy-446
818084.173077312,250,230,dummy-446
818115.108510011,250,230,dummy-746
818141.780805794,250,230,dummy-746
817976.976685933,250,230,dummy-195
817985.200332685,250,230,dummy-195
818104.356130044,250,230,dummy-195
817954.858778382,250,230,dummy-567
818075.327726942,250,230,dummy-567
818223.409180722,250,230,dummy-567
817994.199921268,250,230,dummy-468
818047.485247704,250,230,dummy-468
818069.880028568,250,230,dummy-468
818090.271855867,250,230,dummy-468
818130.081421717,250,230,dummy-468
818008.3536885,250,230,dummy-314
818011.381317378,250,230,dummy-314
818039.44799594,250,230,dummy-314
818251.128927086,250,230,dummy-314
818051.044170276,250,230,dummy-560
818095.539148886,250,230,dummy-560
818183.660948845,250,230,dummy-560
818252.317703382,250,230,dummy-560
818017.792954578,250,230,dummy-19
818028.211545147,250,230,dummy-19
818075.573969824,250,230,dummy-19
818079.048612491,250,230,dummy-19
817960.676936325,250,230,dummy-117
818061.113379539,250,230,dummy-117
818124.454009424,250,230,dummy-117
818169.068358464,250,230,dummy-117
818179.727776454,250,230,dummy-117
817991.369273605,250,230,dummy-163
818083.461699899,250,230,dummy-163
818127.986862913,250,230,dummy-163
818138.053966848,250,230,dummy-163
818195.31958461,250,230,dummy-163
818165.745594397,250,230,dummy-175
818186.014675216,250,230,dummy-693
817974.627299783,250,230,dummy-113
818005.755684508,250,230,dummy-113
818228.030990775,250,230,dummy-113
818011.952836766,250,230,dummy-641
818018.21501352,250,230,dummy-641
818023.172292729,250,230,dummy-641
818245.18896579,250,230,dummy-641
818248.237344434,250,230,dummy-641
817989.816486869,250,230,dummy-335
818252.267616613,250,230,dummy-335
817997.677477232,250,230,dummy-256
818005.983325571,250,230,dummy-256
818083.630898358,250,230,dummy-256
818094.920958752,250,230,dummy-256
818098.509455554,250,230,dummy-256
818114.008039664,250,230,dummy-256
818009.203411032,250,230,dummy-377
818204.813341468,250,230,dummy-377
818038.007551659,250,230,dummy-166
818239.241875354,250,230,dummy-166
818030.302953899,250,230,dummy-254
818072.935137559,250,230,dummy-254
817976.280582079,250,230,dummy-629
818030.51997243,250,230,dummy-629
818061.053095706,250,230,dummy-629
818205.952150502,250,230,dummy-629
818221.911793068,250,230,dummy-629
818231.370707343,250,230,dummy-217
818047.441913104,250,230,dummy-26
818200.660676202,250,230,dummy-26
817995.129156591,250,230,dummy-626
818082.539931271,250,230,dummy-626
818141.786059548,250,230,dummy-626
818202.462438498,250,230,dummy-626
818205.655842407,250,230,dummy-626
817967.771508839,250,230,dummy-250
817975.885867676,250,230,dummy-250
818047.422849509,250,230,dummy-250
818188.468463809,250,230,dummy-250
818206.809875129,250,230,dummy-250
818109.206084883,250,230,dummy-307
818134.052931322,250,230,dummy-307
818199.653910043,250,230,dummy-307
817998.833251303,250,230,dummy-735
818041.452723944,250,230,dummy-535
818044.949935146,250,230,dummy-535
818117.494700141,250,230,dummy-535
818001.88394856,250,230,dummy-355
818096.552319228,250,230,dummy-355
818138.631771412,250,230,dummy-355
818233.526376178,250,230,dummy-355
818091.166321004,250,230,dummy-273
818163.592321711,250,230,dummy-273
818218.958681807,250,230,dummy-273
818034.739429578,250,230,dummy-678
818040.424979952,250,230,dummy-678
818145.809666452,250,230,dummy-678
817995.204357766,250,230,dummy-235
818039.205832228,250,230,dummy-235
818077.845692013,250,230,dummy-235
818132.322792901,250,230,dummy-235
818182.028838241,250,230,dummy-235
818215.643795614,250,230,dummy-235
817964.780104206,250,230,dummy-365
818033.745435214,250,230,dummy-365
818180.673375309,250,230,dummy-365
818210.24859145,250,230,dummy-365
818227.222902627,250,230,dummy-365
818040.437622159,250,230,dummy-589
818217.101327126,250,230,dummy-589
818232.231653699,250,230,dummy-589
818022.414064283,250,230,dummy-609
818098.833371061,250,230,dummy-609
818234.619132829,250,230,dummy-609
818024.540726526,250,230,dummy-320
818172.64865148,250,230,dummy-320
818204.570960114,250,230,dummy-320
818227.42421286,250,230,dummy-320
818035.253588457,250,230,dummy-297
818038.593944205,250,230,dummy-297
818124.158565452,250,230,dummy-297
818202.155359534,250,230,dummy-297
818250.615064718,250,230,dummy-297
818028.309393677,250,230,dummy-450
818173.425288193,250,230,dummy-450
818185.280702206,250,230,dummy-450
817958.098142996,250,230,dummy-329
818140.363440675,250,230,dummy-329
818002.403642918,250,230,dummy-435
818047.372892681,250,230,dummy-435
818136.706786329,250,230,dummy-435
818182.136030492,250,230,dummy-132
818082.214785633,250,230,dummy-204
818134.54589109,250,230,dummy-204
818011.958236644,250,230,dummy-627
818018.478273588,250,230,dummy-627
818035.657104824,250,230,dummy-627
818114.83449643,250,230,dummy-627
818126.260553307,250,230,dummy-627
818246.069396869,250,230,dummy-627
817955.037131621,250,230,dummy-498
817999.573916752,250,230,dummy-498
818009.489246171,250,230,dummy-498
818097.188110875,250,230,dummy-498
818221.225803483,250,230,dummy-498
817988.23889615,250,230,dummy-658
818039.395379102,250,230,dummy-658
818079.350091037,250,230,dummy-658
818077.840810035,250,230,dummy-702
818178.066040596,250,230,dummy-702
818213.31499927,250,230,dummy-702
818214.782616322,250,230,dummy-702
818036.606641967,250,230,dummy-18
818039.396908099,250,230,dummy-18
818110.669633774,250,230,dummy-18
818139.610799473,250,230,dummy-18
818156.624031283,250,230,dummy-18
818218.660350906,250,230,dummy-18
818129.97524661,250,230,dummy-15
818132.545225844,250,230,dummy-15
818132.988392069,250,230,dummy-15
818141.126170133,250,230,dummy-15
818246.800391605,250,230,dummy-15
818124.53464153,250,230,dummy-33
818145.081455883,250,230,dummy-33
818201.610839769,250,230,dummy-33
817960.832415057,250,230,dummy-406
818004.150771141,250,230,dummy-406
818035.043287082,250,230,dummy-406
818065.618340715,250,230,dummy-406
818081.035524797,250,230,dummy-406
818109.338773207,250,230,dummy-406
818234.746828333,250,230,dummy-406
818054.014174884,250,230,dummy-622
818079.243687727,250,230,dummy-622
818092.38572971,250,230,dummy-622
818120.385579472,250,230,dummy-622
818142.959791084,250,230,dummy-622
818192.4987206,250,230,dummy-622
818194.520894572,250,230,dummy-622
818221.350930724,250,230,dummy-622
818048.922791559,250,230,dummy-215
818078.630765678,250,230,dummy-215
818193.065614892,250,230,dummy-215
818214.422649636,250,230,dummy-215
817967.434275154,250,230,dummy-221
818168.052382865,250,230,dummy-221
818251.171008379,250,230,dummy-221
818045.520185556,250,230,dummy-756
818053.3171403,250,230,dummy-756
818230.45711941,250,230,dummy-756
818091.671402299,250,230,dummy-491
818145.295939231,250,230,dummy-491
817994.387016582,250,230,dummy-656
818033.871733884,250,230,dummy-656
818038.803034965,250,230,dummy-656
818123.000163973,250,230,dummy-656
818139.884521332,250,230,dummy-656
817982.856966912,250,230,dummy-145
818080.506460552,250,230,dummy-145
818080.890911205,250,230,dummy-145
818183.027295602,250,230,dummy-145
818188.639539897,250,230,dummy-145
818064.059098691,250,230,dummy-679
818128.953310193,250,230,dummy-679
818153.48937452,250,230,dummy-679
818185.601645374,250,230,dummy-679
818236.998524414,250,230,dummy-679
817963.608938064,250,230,dummy-452
818024.46653226,250,230,dummy-452
818113.531704789,250,230,dummy-452
818194.42251779,250,230,dummy-452
817970.456994818,250,230,dummy-112
818107.652077869,250,230,dummy-112
818188.934402312,250,230,dummy-112
818222.926447569,250,230,dummy-112
818104.748947204,250,230,dummy-424
818106.303105572,250,230,dummy-424
818246.306703759,250,230,dummy-581
818073.733949339,250,230,dummy-642
818100.59180717,250,230,dummy-642
818145.310570238,250,230,dummy-642
818104.333835468,250,230,dummy-338
817961.778125669,250,230,dummy-536
818068.713475245,250,230,dummy-536
818231.993587084,250,230,dummy-536
817957.535376673,250,230,dummy-765
818056.300795016,250,230,dummy-765
818152.788575402,250,230,dummy-765
817973.537939608,250,230,dummy-116
817989.394390304,250,230,dummy-116
817992.25841443,250,230,dummy-116
818017.294493763,250,230,dummy-116
818200.419428741,250,230,dummy-116
817980.131820307,250,230,dummy-655
818003.616516626,250,230,dummy-655
818015.659916294,250,230,dummy-655
817972.382530226,250,230,dummy-500
818073.828755003,250,230,dummy-500
818109.025348266,250,230,dummy-500
818152.729793525,250,230,dummy-500
818253.439550525,250,230,dummy-500
817997.622576653,250,230,dummy-431
818031.386495976,250,230,dummy-431
818236.669004502,250,230,dummy-431
818036.520603192,250,230,dummy-304
818107.490225391,250,230,dummy-304
818140.689677139,250,230,dummy-304
818164.804967098,250,230,dummy-304
818217.437304374,250,230,dummy-304
817985.956668972,250,230,dummy-402
818082.503744,250,230,dummy-402
818134.218520938,250,230,dummy-402
818141.876093737,250,230,dummy-402
818197.439743634,250,230,dummy-402
817976.946209744,250,230,dummy-131
818083.750041272,250,230,dummy-131
818086.951915467,250,230,dummy-131
818129.143442824,250,230,dummy-131
818240.15860108,250,230,dummy-131
817972.957678259,250,230,dummy-744
817992.595440041,250,230,dummy-744
818241.700465131,250,230,dummy-744
817982.258119908,250,230,dummy-82
818012.017597311,250,230,dummy-82
818049.144819609,250,230,dummy-82
818038.260165153,250,230,dummy-34
818067.399327823,250,230,dummy-34
818143.886749745,250,230,dummy-34
818079.051051915,250,230,dummy-36
818200.505226202,250,230,dummy-36
818001.907998713,250,230,dummy-703
818200.388338096,250,230,dummy-703
818224.371529215,250,230,dummy-703
817992.22737274,250,230,dummy-434
818072.635353936,250,230,dummy-434
818136.414206411,250,230,dummy-434
818137.788790394,250,230,dummy-434
818203.200202266,250,230,dummy-434
817975.962419025,250,230,dummy-759
818179.759423485,250,230,dummy-759
818214.054392697,250,230,dummy-759
818008.576560147,250,230,dummy-623
818147.319432192,250,230,dummy-623
818171.540113894,250,230,dummy-623
818199.125672945,250,230,dummy-623
818209.356055725,250,230,dummy-80
818041.237218995,250,230,dummy-348
818070.636904517,250,230,dummy-348
818080.684278244,250,230,dummy-348
818183.102743661,250,230,dummy-348
818042.8640108,250,230,dummy-687
818171.551470713,250,230,dummy-687
818191.64840091,250,230,dummy-687
818218.008148851,250,230,dummy-687
817961.621991758,250,230,dummy-493
818067.350269688,250,230,dummy-493
818108.403016766,250,230,dummy-493
818176.976199846,250,230,dummy-493
818205.235678189,250,230,dummy-493
818219.350568681,250,230,dummy-493
817955.998211635,250,230,dummy-421
818131.533166845,250,230,dummy-179
818157.528068252,250,230,dummy-179
818186.146813655,250,230,dummy-179
818201.046671286,250,230,dummy-179
817973.733107764,250,230,dummy-130
818127.450176199,250,230,dummy-130
817966.766010986,250,230,dummy-598
818001.00730281,250,230,dummy-598
818065.834837316,250,230,dummy-598
818119.789470424,250,230,dummy-598
818000.808569839,250,230,dummy-556
818058.217468678,250,230,dummy-556
818064.379617308,250,230,dummy-556
818094.495091065,250,230,dummy-556
818202.245530367,250,230,dummy-556
818042.731819464,250,230,dummy-634
818090.822951595,250,230,dummy-634
818178.35710483,250,230,dummy-634
818188.755730154,250,230,dummy-634
817958.322353698,250,230,dummy-635
817993.705188451,250,230,dummy-635
818002.453277481,250,230,dummy-635
818120.072350541,250,230,dummy-635
818186.591667905,250,230,dummy-635
818210.317511784,250,230,dummy-635
817979.555226818,250,230,dummy-426
817990.637123407,250,230,dummy-426
818008.381714059,250,230,dummy-426
818041.879205535,250,230,dummy-426
818050.4660311,250,230,dummy-426
818077.453138175,250,230,dummy-426
818135.030608088,250,230,dummy-105
817964.818710637,250,230,dummy-660
818091.830134169,250,230,dummy-660
818243.936290805,250,230,dummy-660
818021.477701085,250,230,dummy-606
818240.347084237,250,230,dummy-606
818240.571118281,250,230,dummy-606
817958.488391182,250,230,dummy-51
818124.460826546,250,230,dummy-51
818124.534171961,250,230,dummy-51
818130.32463882,250,230,dummy-51
818190.914738468,250,230,dummy-51
818195.508153439,250,230,dummy-51
818084.812094606,250,230,dummy-3
818153.737576997,250,230,dummy-3
818161.520354427,250,230,dummy-3
818179.709070498,250,230,dummy-3
818220.663077769,250,230,dummy-3
817961.122923329,250,230,dummy-157
817970.196742192,250,230,dummy-157
817978.602270891,250,230,dummy-157
818049.665719714,250,230,dummy-157
818068.16582052,250,230,dummy-157
818228.490611097,250,230,dummy-157
817975.498687451,250,230,dummy-154
818124.317929232,250,230,dummy-101
817968.604111775,250,230,dummy-576
818002.130973538,250,230,dummy-576
818115.701028527,250,230,dummy-576
818131.215512021,250,230,dummy-576
818133.676670257,250,230,dummy-576
818245.900812712,250,230,dummy-576
817957.934845173,250,230,dummy-155
818204.847522528,250,230,dummy-155
818012.994791517,250,230,dummy-595
818025.752906731,250,230,dummy-595
818125.5852889,250,230,dummy-595
817968.355391129,250,230,dummy-464
818005.054794022,250,230,dummy-464
818147.299810464,250,230,dummy-464
818191.031991039,250,230,dummy-464
818202.616943046,250,230,dummy-464
818015.906664095,250,230,dummy-357
818131.784973623,250,230,dummy-357
818166.545475491,250,230,dummy-357
818045.150240725,250,230,dummy-462
818088.307177797,250,230,dummy-462
818039.885392991,250,230,dummy-565
818049.409188466,250,230,dummy-565
818067.677338033,250,230,dummy-565
818143.171742345,250,230,dummy-233
818069.504901743,250,230,dummy-123
818103.8555093,250,230,dummy-123
818180.471832759,250,230,dummy-352
818095.250277167,250,230,dummy-245
818207.700804052,250,230,dummy-245
818221.920973056,250,230,dummy-245
818049.395258004,250,230,dummy-59
818062.854712629,250,230,dummy-59
818063.928259667,250,230,dummy-59
818013.753322561,250,230,dummy-151
818060.782861343,250,230,dummy-151
818126.665646376,250,230,dummy-151
818195.14223577,250,230,dummy-151
818226.422447918,250,230,dummy-151
818248.154301626,250,230,dummy-151
818249.137786918,250,230,dummy-151
818122.655492624,250,230,dummy-305
818155.552681883,250,230,dummy-305
818227.119849646,250,230,dummy-305
818017.811543786,250,230,dummy-509
818041.857175869,250,230,dummy-509
818123.227170516,250,230,dummy-509
818228.813355488,250,230,dummy-509
817990.34064224,250,230,dummy-9
818060.352828572,250,230,dummy-9
818193.625995368,250,230,dummy-9
818195.712564171,250,230,dummy-9
818027.672811564,250,230,dummy-185
818044.890117724,250,230,dummy-185
818093.628393361,250,230,dummy-185
818114.580111954,250,230,dummy-185
818214.736811881,250,230,dummy-185
818074.198046415,250,230,dummy-135
818166.259340734,250,230,dummy-135
818241.400280876,250,230,dummy-135
818034.998798537,250,230,dummy-299
818137.522967882,250,230,dummy-299
818214.882939458,250,230,dummy-299
818087.697786508,250,230,dummy-657
818180.567629244,250,230,dummy-657
818232.12567165,250,230,dummy-657
818002.560595904,250,230,dummy-95
818125.974448857,250,230,dummy-95
818146.586666543,250,230,dummy-95
817958.351877837,250,230,dummy-428
818036.110637234,250,230,dummy-428
818191.463958752,250,230,dummy-428
818199.332291195,250,230,dummy-428
818204.269610189,250,230,dummy-428
818245.072570759,250,230,dummy-428
818087.965480991,250,230,dummy-460
818205.194129066,250,230,dummy-460
818074.86209534,250,230,dummy-612
817982.254453035,250,230,dummy-745
818003.452435478,250,230,dummy-745
818031.097799315,250,230,dummy-745
818096.465383015,250,230,dummy-745
818142.134582764,250,230,dummy-745
818172.218415717,250,230,dummy-745
818211.257857053,250,230,dummy-745
818025.071454911,250,230,dummy-654
818076.496798727,250,230,dummy-654
818124.325705808,250,230,dummy-584
818055.783220363,250,230,dummy-552
818070.261885787,250,230,dummy-552
818079.122542656,250,230,dummy-552
818143.482970271,250,230,dummy-552
818217.596458119,250,230,dummy-552
818241.785249213,250,230,dummy-552
818140.779990253,250,230,dummy-189
818154.185884365,250,230,dummy-189
817975.582681708,250,230,dummy-709
817993.160845575,250,230,dummy-709
818073.567543962,250,230,dummy-709
818129.152510077,250,230,dummy-709
818156.308666211,250,230,dummy-709
818242.802393328,250,230,dummy-709
818038.314591051,250,230,dummy-326
818059.840718298,250,230,dummy-49
818206.456307747,250,230,dummy-49
817995.794337651,250,230,dummy-557
818032.696979368,250,230,dummy-557
818087.899598064,250,230,dummy-557
818115.026778703,250,230,dummy-557
818156.733781326,250,230,dummy-557
818163.133458358,250,230,dummy-557
818238.292236299,250,230,dummy-557
817960.170585394,250,230,dummy-439
818093.850143859,250,230,dummy-439
818030.44923113,250,230,dummy-71
818129.495795653,250,230,dummy-71
818146.196954176,250,230,dummy-71
818147.379723104,250,230,dummy-71
818189.05543679,250,230,dummy-71
818195.880999628,250,230,dummy-71
817967.725957244,250,230,dummy-730
817987.357880433,250,230,dummy-150
818051.673797781,250,230,dummy-150
818191.450036408,250,230,dummy-150
818216.374802977,250,230,dummy-150
818253.05016093,250,230,dummy-150
817954.175754548,250,230,dummy-637
817973.69143928,250,230,dummy-637
818026.015228791,250,230,dummy-637
817961.043046249,250,230,dummy-193
817976.235205039,250,230,dummy-193
818180.626615906,250,230,dummy-193
818024.170953452,250,230,dummy-140
818160.23206069,250,230,dummy-140
818155.383765758,250,230,dummy-92
818210.618709537,250,230,dummy-92
817986.559724916,250,230,dummy-236
818159.601316622,250,230,dummy-236
818190.205393815,250,230,dummy-236
818223.152945932,250,230,dummy-236
817994.043773603,250,230,dummy-211
818122.27762819,250,230,dummy-211
818177.816634502,250,230,dummy-211
818249.685234944,250,230,dummy-211
818099.124685473,250,230,dummy-316
818191.281213198,250,230,dummy-316
817958.766102298,250,230,dummy-328
818068.159263288,250,230,dummy-328
818116.595388399,250,230,dummy-328
818245.775274641,250,230,dummy-328
818027.817762842,250,230,dummy-62
818037.343823961,250,230,dummy-62
818045.663315556,250,230,dummy-62
818163.613991727,250,230,dummy-62
818175.336304022,250,230,dummy-62
817997.686169115,250,230,dummy-451
818126.873887926,250,230,dummy-451
818148.014248056,250,230,dummy-451
818204.698972551,250,230,dummy-451
817975.330992309,250,230,dummy-495
818031.799750567,250,230,dummy-495
818138.999361181,250,230,dummy-495
818176.911615577,250,230,dummy-495
818213.58630926,250,230,dummy-495
818235.59873264,250,230,dummy-495
818012.593793046,250,230,dummy-708
818038.652344718,250,230,dummy-708
818047.661351746,250,230,dummy-708
818064.394682772,250,230,dummy-708
818121.857686799,250,230,dummy-708
818148.86095728,250,230,dummy-708
817969.737589599,250,230,dummy-570
817972.885448504,250,230,dummy-570
818107.964294692,250,230,dummy-570
817964.57770846,250,230,dummy-312
818069.844814033,250,230,dummy-312
818143.186700998,250,230,dummy-312
818163.308044953,250,230,dummy-312
817999.580994449,250,230,dummy-390
818034.990082052,250,230,dummy-390
818106.501017899,250,230,dummy-390
818190.534158795,250,230,dummy-390
818193.635679889,250,230,dummy-390
817980.268784911,250,230,dummy-751
817991.16184877,250,230,dummy-751
818031.011280711,250,230,dummy-751
818044.04658493,250,230,dummy-751
818061.650768775,250,230,dummy-751
818127.193441081,250,230,dummy-751
818163.035752201,250,230,dummy-751
818208.65911827,250,230,dummy-751
817978.753901736,250,230,dummy-518
818000.271729315,250,230,dummy-518
818131.243203345,250,230,dummy-518
818173.04205007,250,230,dummy-518
817989.312892374,250,230,dummy-22
818013.70541659,250,230,dummy-22
818178.993519267,250,230,dummy-22
818193.419377971,250,230,dummy-22
818249.46512978,250,230,dummy-22
818020.693790449,250,230,dummy-107
818251.576823407,250,230,dummy-107
818061.171396732,250,230,dummy-241
817986.990141623,250,230,dummy-239
817995.441778734,250,230,dummy-239
818130.934550157,250,230,dummy-239
818201.774098015,250,230,dummy-239
817988.696714989,250,230,dummy-162
818032.772332048,250,230,dummy-162
818129.568328122,250,230,dummy-162
818175.362100652,250,230,dummy-162
818223.671604043,250,230,dummy-162
818223.828889569,250,230,dummy-162
818251.680179653,250,230,dummy-162
818118.407604573,250,230,dummy-371
818181.917247269,250,230,dummy-371
818204.28788857,250,230,dummy-371
818210.681020716,250,230,dummy-371
817967.936617631,250,230,dummy-115
818127.234310246,250,230,dummy-115
818135.735061748,250,230,dummy-115
818014.786731106,250,230,dummy-43
818045.449761615,250,230,dummy-43
818140.536980877,250,230,dummy-43
818115.613070804,250,230,dummy-653
818183.563611854,250,230,dummy-653
817976.421756844,250,230,dummy-153
818094.423994,250,230,dummy-153
818185.672244036,250,230,dummy-153
818208.454270726,250,230,dummy-153
818225.765727104,250,230,dummy-153
817961.711437947,250,230,dummy-639
817999.121579592,250,230,dummy-639
818021.559215184,250,230,dummy-639
818118.407636861,250,230,dummy-639
818210.147479253,250,230,dummy-639
818217.963237067,250,230,dummy-639
817955.20944968,250,230,dummy-677
817961.47785528,250,230,dummy-677
818132.637793767,250,230,dummy-677
817965.00046085,250,230,dummy-436
817977.207131538,250,230,dummy-436
818200.190612551,250,230,dummy-436
818247.43497988,250,230,dummy-436
818064.017329971,250,230,dummy-143
818230.271988084,250,230,dummy-143
818030.628680564,250,230,dummy-563
818095.572702499,250,230,dummy-563
818232.962451205,250,230,dummy-563
818192.11684514,250,230,dummy-447
818240.311201503,250,230,dummy-447
818012.387669836,250,230,dummy-683
818075.959305995,250,230,dummy-683
818214.937033684,250,230,dummy-683
818243.996103209,250,230,dummy-683
818003.053987924,250,230,dummy-160
818066.730509411,250,230,dummy-160
818097.752731086,250,230,dummy-160
818117.352223451,250,230,dummy-160
818220.438186987,250,230,dummy-160
817990.193517967,250,230,dummy-474
818183.77208854,250,230,dummy-714
818210.524524162,250,230,dummy-714
818251.397812266,250,230,dummy-714
817961.989145778,250,230,dummy-550
818163.557267613,250,230,dummy-550
817978.122109935,250,230,dummy-588
818047.965532061,250,230,dummy-588
817970.116265131,250,230,dummy-591
818002.523233931,250,230,dummy-591
818058.313048136,250,230,dummy-591
818176.447013673,250,230,dummy-591
818061.337676858,250,230,dummy-308
818063.639728156,250,230,dummy-308
818076.834453695,250,230,dummy-308
818151.977835149,250,230,dummy-308
818062.987356431,250,230,dummy-327
818199.332318981,250,230,dummy-327
818228.119142085,250,230,dummy-327
818123.618443824,250,230,dummy-330
817981.182799583,250,230,dummy-582
818026.168711604,250,230,dummy-582
818086.825416701,250,230,dummy-582
818092.063139295,250,230,dummy-582
818199.810020507,250,230,dummy-582
818225.677007692,250,230,dummy-582
817959.275244614,250,230,dummy-466
818115.620718578,250,230,dummy-466
817998.336645552,250,230,dummy-203
818013.225811238,250,230,dummy-203
818033.08956459,250,230,dummy-203
818103.694671344,250,230,dummy-203
818166.198718353,250,230,dummy-203
818216.226555351,250,230,dummy-203
817964.846333145,250,230,dummy-392
817998.639382616,250,230,dummy-392
818065.729798217,250,230,dummy-392
818083.778385169,250,230,dummy-392
818085.823495278,250,230,dummy-392
818147.426447663,250,230,dummy-392
818195.894444128,250,230,dummy-392
818252.675081927,250,230,dummy-331
818006.725822483,250,230,dummy-369
818124.007146753,250,230,dummy-369
818202.564436431,250,230,dummy-369
817990.242934402,250,230,dummy-555
818116.444993854,250,230,dummy-42
818168.961617293,250,230,dummy-42
818081.517601235,250,230,dummy-441
818158.216663447,250,230,dummy-441
818244.981746335,250,230,dummy-441
818015.002416598,250,230,dummy-6
818045.62419487,250,230,dummy-6
818198.036333814,250,230,dummy-6
817992.23088604,250,230,dummy-69
818013.201417865,250,230,dummy-69
818071.275872341,250,230,dummy-69
818158.993911029,250,230,dummy-69
818177.692354978,250,230,dummy-69
818199.059044199,250,230,dummy-69
818212.002255727,250,230,dummy-69
818252.446059132,250,230,dummy-69
817956.738216824,250,230,dummy-191
817960.005059905,250,230,dummy-191
818041.175810321,250,230,dummy-191
818161.596412296,250,230,dummy-191
818196.434000489,250,230,dummy-191
817981.633511193,250,230,dummy-362
818002.324178195,250,230,dummy-52
818177.253157601,250,230,dummy-52
818209.927327322,250,230,dummy-52
817959.422265208,250,230,dummy-618
817973.289810458,250,230,dummy-618
817987.463626844,250,230,dummy-618
818199.399335253,250,230,dummy-618
818110.593089575,250,230,dummy-300
818180.886768928,250,230,dummy-300
818186.657289459,250,230,dummy-300
818253.185694223,250,230,dummy-300
817990.990166837,250,230,dummy-144
818022.986910511,250,230,dummy-144
818048.334176372,250,230,dummy-144
818143.651123039,250,230,dummy-144
818213.242175203,250,230,dummy-144
818219.873825728,250,230,dummy-144
817985.186902339,250,230,dummy-599
818025.77744996,250,230,dummy-599
818167.758990929,250,230,dummy-599
818145.15688269,250,230,dummy-384
818057.416458736,250,230,dummy-102
818072.437776585,250,230,dummy-102
818212.188589792,250,230,dummy-102
818237.989705097,250,230,dummy-102
817971.887150304,250,230,dummy-333
817992.524449206,250,230,dummy-333
818121.382478098,250,230,dummy-333
818130.958176672,250,230,dummy-333
818249.443441974,250,230,dummy-333
818056.578569384,250,230,dummy-208
818123.479704951,250,230,dummy-208
818159.951960074,250,230,dummy-208
818245.464025092,250,230,dummy-208
818218.731674216,250,230,dummy-161
818079.812896712,250,230,dummy-98
818129.311710667,250,230,dummy-98
818183.963749871,250,230,dummy-98
818045.134070739,250,230,dummy-302
818109.94462022,250,230,dummy-302
817994.382453736,250,230,dummy-734
818089.991671654,250,230,dummy-734
818237.015272478,250,230,dummy-734
818009.430875134,250,230,dummy-258
818050.357783613,250,230,dummy-258
818067.811022969,250,230,dummy-258
818074.573389183,250,230,dummy-258
818091.050080153,250,230,dummy-258
818105.45751071,250,230,dummy-258
818185.617029769,250,230,dummy-258
818230.374326545,250,230,dummy-258
818002.379621547,250,230,dummy-733
818083.803564828,250,230,dummy-733
818133.375115799,250,230,dummy-733
818225.334288389,250,230,dummy-733
818135.128139752,250,230,dummy-728
818158.56217488,250,230,dummy-728
818159.429453253,250,230,dummy-728
818215.587193709,250,230,dummy-728
818241.269611816,250,230,dummy-728
817987.101237637,250,230,dummy-701
818100.934755003,250,230,dummy-701
818103.653885011,250,230,dummy-701
818110.365874313,250,230,dummy-701
817995.310737795,250,230,dummy-749
818079.191051028,250,230,dummy-749
818121.915487364,250,230,dummy-749
818177.622820457,250,230,dummy-749
818038.239083909,250,230,dummy-243
818080.671631609,250,230,dummy-243
818090.345998903,250,230,dummy-243
818102.784346013,250,230,dummy-243
818170.152863356,250,230,dummy-243
818236.042364631,250,230,dummy-587
817995.377991385,250,230,dummy-313
818156.687041961,250,230,dummy-313
818198.834005279,250,230,dummy-313
818204.622559611,250,230,dummy-313
817999.725073757,250,230,dummy-403
818043.976774061,250,230,dummy-403
818057.270661988,250,230,dummy-403
818072.971847654,250,230,dummy-403
818149.757835795,250,230,dummy-403
818208.325526544,250,230,dummy-403
818002.815300299,250,230,dummy-546
818031.424959749,250,230,dummy-546
818235.39498863,250,230,dummy-324
818029.79234424,250,230,dummy-707
818033.519236934,250,230,dummy-707
818044.432152966,250,230,dummy-707
818095.271097815,250,230,dummy-707
818156.682419119,250,230,dummy-707
818170.490039578,250,230,dummy-707
818183.549623558,250,230,dummy-707
817955.620740389,250,230,dummy-412
818022.807703422,250,230,dummy-412
818193.225617177,250,230,dummy-412
817990.612753256,250,230,dummy-88
817990.778818605,250,230,dummy-88
818022.870545842,250,230,dummy-88
818221.427689765,250,230,dummy-88
818225.240621471,250,230,dummy-88
818112.019344445,250,230,dummy-134
818200.418105446,250,230,dummy-134
817993.941652886,250,230,dummy-206
818039.691833336,250,230,dummy-206
818055.727211589,250,230,dummy-206
818230.251527813,250,230,dummy-206
817968.909787207,250,230,dummy-89
818027.183208146,250,230,dummy-89
818065.203394291,250,230,dummy-89
817980.013839141,250,230,dummy-173
818248.036557558,250,230,dummy-173
818049.718597035,250,230,dummy-137
818177.490633761,250,230,dummy-137
818187.992419739,250,230,dummy-137
817972.285064431,250,230,dummy-479
818070.140694419,250,230,dummy-479
818101.816457391,250,230,dummy-479
818127.868490315,250,230,dummy-479
818138.385395081,250,230,dummy-479
818212.016599085,250,230,dummy-479
818127.480740325,250,230,dummy-186
818164.690844303,250,230,dummy-186
818236.596044983,250,230,dummy-186
818141.808627474,250,230,dummy-334
818225.651663546,250,230,dummy-334
818239.634071901,250,230,dummy-334
817975.266346377,250,230,dummy-387
817990.802301593,250,230,dummy-387
818072.178578832,250,230,dummy-387
818173.500224806,250,230,dummy-387
818039.653958048,250,230,dummy-40
818044.056113019,250,230,dummy-40
818104.172760057,250,230,dummy-40
818179.951133937,250,230,dummy-40
818219.311134695,250,230,dummy-40
818209.927292832,250,230,dummy-315
818036.16400311,250,230,dummy-499
818138.093273937,250,230,dummy-499
818182.1635102,250,230,dummy-499
818185.182844793,250,230,dummy-499
818010.825987673,250,230,dummy-106
818249.34105285,250,230,dummy-106
817983.270941523,250,230,dummy-378
818040.539252117,250,230,dummy-378
818047.890019815,250,230,dummy-266
818164.588635358,250,230,dummy-266
818170.671974065,250,230,dummy-266
818242.751596045,250,230,dummy-266
818185.093215274,250,230,dummy-404
817998.34164786,250,230,dummy-349
818011.191170809,250,230,dummy-349
818025.994744354,250,230,dummy-349
818053.551916947,250,230,dummy-349
818184.79548535,250,230,dummy-349
817984.395161014,250,230,dummy-263
818066.008591602,250,230,dummy-263
818141.274049212,250,230,dummy-263
818229.891423496,250,230,dummy-263
818122.086820281,250,230,dummy-55
818147.815286525,250,230,dummy-55
818159.857621143,250,230,dummy-55
818236.048154103,250,230,dummy-55
817966.328143316,250,230,dummy-78
818045.380754532,250,230,dummy-78
818086.310258671,250,230,dummy-78
818196.257842489,250,230,dummy-149
818214.127114499,250,230,dummy-149
817980.872523218,250,230,dummy-432
818084.89547863,250,230,dummy-432
818238.138656204,250,230,dummy-432
817978.212799369,250,230,dummy-675
818005.33698185,250,230,dummy-675
818166.799355875,250,230,dummy-675
818173.383516536,250,230,dummy-675
818231.210530375,250,230,dummy-675
817969.727444065,250,230,dummy-247
818073.174108922,250,230,dummy-247
818169.828578657,250,230,dummy-247
818177.473965152,250,230,dummy-247
818241.635184601,250,230,dummy-247
818253.462987531,250,230,dummy-461
817993.424791947,250,230,dummy-246
818006.991899852,250,230,dummy-246
818047.356607736,250,230,dummy-246
818092.503564298,250,230,dummy-246
818132.761071711,250,230,dummy-246
818168.322969085,250,230,dummy-246
818186.815381822,250,230,dummy-246
818217.437337408,250,230,dummy-246
818111.146024524,250,230,dummy-571
818122.390490871,250,230,dummy-571
818143.774547089,250,230,dummy-571
817955.511383337,250,230,dummy-659
817999.736046629,250,230,dummy-659
818087.035375358,250,230,dummy-659
818189.591062226,250,230,dummy-659
818197.863732641,250,230,dummy-659
817974.724122899,250,230,dummy-27
818027.438734922,250,230,dummy-27
818029.910856477,250,230,dummy-27
818103.470175217,250,230,dummy-27
818048.927536339,250,230,dummy-2
818106.887691301,250,230,dummy-2
818157.08045433,250,230,dummy-2
818196.596653912,250,230,dummy-2
818206.344159367,250,230,dummy-2
818035.156081164,250,230,dummy-704
818036.747942688,250,230,dummy-704
817959.947787159,250,230,dummy-405
818064.072927153,250,230,dummy-405
818072.617619308,250,230,dummy-405
818121.621773237,250,230,dummy-405
818182.795278659,250,230,dummy-405
818207.58561335,250,230,dummy-405
818221.917133176,250,230,dummy-405
818052.717887187,250,230,dummy-398
818074.460334562,250,230,dummy-398
818085.580711195,250,230,dummy-398
818153.388031539,250,230,dummy-398
818218.836886267,250,230,dummy-398
818222.08525814,250,230,dummy-398
817955.912839765,250,230,dummy-318
818028.506912495,250,230,dummy-318
818048.572322738,250,230,dummy-318
818092.183857739,250,230,dummy-318
817961.165645152,250,230,dummy-416
818097.176489495,250,230,dummy-416
818105.786091064,250,230,dummy-416
818167.714515304,250,230,dummy-416
818213.049488519,250,230,dummy-416
818220.712027168,250,230,dummy-416
818251.130347594,250,230,dummy-416
817964.802051141,250,230,dummy-368
818085.635160512,250,230,dummy-368
818085.763051721,250,230,dummy-368
818216.596359095,250,230,dummy-368
817979.027439117,250,230,dummy-295
818099.533621829,250,230,dummy-295
818167.509462099,250,230,dummy-295
818177.448571536,250,230,dummy-295
818217.347222431,250,230,dummy-295
818040.110427844,250,230,dummy-767
818074.15766149,250,230,dummy-767
818143.294338009,250,230,dummy-767
818147.778130305,250,230,dummy-767
818072.535393571,250,230,dummy-448
818182.432564866,250,230,dummy-448
818222.915645863,250,230,dummy-448
817990.846283318,250,230,dummy-212
818017.222613207,250,230,dummy-212
818019.263970017,250,230,dummy-212
818047.655993709,250,230,dummy-212
818080.788498745,250,230,dummy-212
818096.309093631,250,230,dummy-212
818136.215920473,250,230,dummy-212
818214.442125893,250,230,dummy-212
817956.421841833,250,230,dummy-601
817979.479548152,250,230,dummy-601
817995.880040369,250,230,dummy-601
818034.109537365,250,230,dummy-601
818127.4569771,250,230,dummy-601
818155.831048217,250,230,dummy-601
818160.626269888,250,230,dummy-601
817955.975618484,250,230,dummy-265
817965.978171152,250,230,dummy-265
818043.632115837,250,230,dummy-265
818174.387603605,250,230,dummy-265
818023.149234607,250,230,dummy-558
818082.972163405,250,230,dummy-558
818111.840329371,250,230,dummy-558
818161.587827768,250,230,dummy-558
818108.465997816,250,230,dummy-47
818114.087894722,250,230,dummy-47
818020.427765045,250,230,dummy-344
818081.50984329,250,230,dummy-344
818117.102438493,250,230,dummy-344
817991.053127178,250,230,dummy-532
818000.212224143,250,230,dummy-532
818017.335797529,250,230,dummy-523
818078.972672767,250,230,dummy-523
818099.572981414,250,230,dummy-523
818119.941951421,250,230,dummy-523
818175.960865757,250,230,dummy-523
818176.366734347,250,230,dummy-523
818192.861054454,250,230,dummy-523
818235.803437292,250,230,dummy-523
817992.973278784,250,230,dummy-638
818001.758300224,250,230,dummy-638
818123.466664078,250,230,dummy-638
818131.741993504,250,230,dummy-638
818022.474949139,250,230,dummy-253
818148.285079202,250,230,dummy-253
818192.487511207,250,230,dummy-253
817981.256348404,250,230,dummy-750
818065.729825545,250,230,dummy-750
818160.391435299,250,230,dummy-750
818207.911375785,250,230,dummy-750
818109.539950171,250,230,dummy-374
818155.890015529,250,230,dummy-374
818203.355712468,250,230,dummy-374
817953.854503501,250,230,dummy-366
818043.939142678,250,230,dummy-366
818065.471229464,250,230,dummy-366
818049.06186026,250,230,dummy-280
818070.102062557,250,230,dummy-280
818215.383718292,250,230,dummy-280
818043.762916333,250,230,dummy-521
818049.277484894,250,230,dummy-521
818049.575978666,250,230,dummy-521
818073.155591795,250,230,dummy-521
818248.178244159,250,230,dummy-521
817978.986025246,250,230,dummy-400
818216.343589382,250,230,dummy-400
817970.383476613,250,230,dummy-766
818022.022297637,250,230,dummy-766
818062.492747828,250,230,dummy-766
818215.020353362,250,230,dummy-713
818233.870466914,250,230,dummy-713
818171.248387484,250,230,dummy-737
818228.382708415,250,230,dummy-737
817956.251239681,250,230,dummy-188
817978.43625968,250,230,dummy-188
818020.866899522,250,230,dummy-188
818029.892646107,250,230,dummy-188
818071.397840746,250,230,dummy-188
817963.391456356,250,230,dummy-710
817987.148036087,250,230,dummy-710
817988.525228651,250,230,dummy-710
818034.66273563,250,230,dummy-710
818067.916579424,250,230,dummy-710
818116.41445286,250,230,dummy-710
817972.734822695,250,230,dummy-257
818076.825070078,250,230,dummy-257
818181.457683339,250,230,dummy-257
818207.1433242,250,230,dummy-257
818225.23289698,250,230,dummy-257
818243.972443933,250,230,dummy-257
818054.334247242,250,230,dummy-164
818151.566383686,250,230,dummy-164
818251.96983961,250,230,dummy-164
817963.78447526,250,230,dummy-700
818011.159195363,250,230,dummy-700
818132.725156591,250,230,dummy-700
817961.688345621,250,230,dummy-427
818003.862711465,250,230,dummy-427
818008.056061994,250,230,dummy-427
818084.370653448,250,230,dummy-427
818100.311714321,250,230,dummy-427
818200.242914367,250,230,dummy-427
817968.627542566,250,230,dummy-183
818081.924437208,250,230,dummy-183
818084.16843676,250,230,dummy-183
818135.698153557,250,230,dummy-183
818137.838202874,250,230,dummy-183
818139.214109748,250,230,dummy-183
818190.256378624,250,230,dummy-183
818200.216244282,250,230,dummy-183
818213.764736493,250,230,dummy-183
817956.776119666,250,230,dummy-681
818038.443678658,250,230,dummy-681
818056.185460869,250,230,dummy-681
817977.566882348,250,230,dummy-209
817978.37689812,250,230,dummy-209
818027.185763413,250,230,dummy-209
818112.989721872,250,230,dummy-209
818205.834860931,250,230,dummy-209
818034.124864565,250,230,dummy-177
818037.596651396,250,230,dummy-177
818085.81165803,250,230,dummy-177
818203.125218422,250,230,dummy-177
818207.681261939,250,230,dummy-177
817971.098979188,250,230,dummy-174
817984.189474419,250,230,dummy-174
817993.414254055,250,230,dummy-174
818104.649503482,250,230,dummy-174
817954.606571759,250,230,dummy-12
818002.88545745,250,230,dummy-12
818131.961196184,250,230,dummy-12
818024.243228909,250,230,dummy-45
818114.873977795,250,230,dummy-45
818233.659749732,250,230,dummy-45
818241.760775062,250,230,dummy-45
817979.557742931,250,230,dummy-674
818030.569242176,250,230,dummy-674
818114.477975032,250,230,dummy-674
818174.739882485,250,230,dummy-674
818183.534130153,250,230,dummy-674
817955.894515037,250,230,dummy-218
817978.544514733,250,230,dummy-218
818032.328041641,250,230,dummy-218
818062.122117406,250,230,dummy-218
818140.157275858,250,230,dummy-218
818161.648049363,250,230,dummy-218
818207.235349284,250,230,dummy-218
818211.178015141,250,230,dummy-218
817996.384695193,250,230,dummy-664
817997.957860186,250,230,dummy-664
818129.79872871,250,230,dummy-664
817978.717453475,250,230,dummy-604
818090.665309334,250,230,dummy-604
818132.698473936,250,230,dummy-604
818135.55779243,250,230,dummy-604
818206.710994582,250,230,dummy-604
818117.867067701,250,230,dummy-625
818149.505136298,250,230,dummy-625
818191.841119484,250,230,dummy-625
818011.350905056,250,230,dummy-232
818104.117880981,250,230,dummy-232
818105.21878568,250,230,dummy-232
818133.144398315,250,230,dummy-232
818135.549454017,250,230,dummy-232
818178.153947345,250,230,dummy-232
818179.587369924,250,230,dummy-232
818206.02766367,250,230,dummy-232
818209.93112985,250,230,dummy-232
818025.062779199,250,230,dummy-669
818056.090092756,250,230,dummy-669
818063.127938161,250,230,dummy-669
818096.44297543,250,230,dummy-669
818098.820662502,250,230,dummy-669
818129.651523197,250,230,dummy-669
818236.985797689,250,230,dummy-669
817966.367594302,250,230,dummy-63
818009.491066889,250,230,dummy-63
818050.475424459,250,230,dummy-63
818065.070167952,250,230,dummy-63
818110.065336653,250,230,dummy-63
818112.091973303,250,230,dummy-383
818118.112179377,250,230,dummy-383
818022.170967005,250,230,dummy-360
818030.955810647,250,230,dummy-360
818222.050394364,250,230,dummy-360
817975.273819937,250,230,dummy-202
818199.235922366,250,230,dummy-202
818216.842182343,250,230,dummy-202
817981.78168124,250,230,dummy-309
817982.870694526,250,230,dummy-309
818026.261255251,250,230,dummy-309
818155.849426795,250,230,dummy-309
818004.126602909,250,230,dummy-201
818036.317623135,250,230,dummy-201
818219.590718139,250,230,dummy-201
818233.131468216,250,230,dummy-201
818040.572919232,250,230,dummy-475
818127.553655052,250,230,dummy-475
818185.730785061,250,230,dummy-475
817984.51883946,250,230,dummy-486
818043.349820559,250,230,dummy-486
818049.846731859,250,230,dummy-486
818059.671757297,250,230,dummy-486
818072.133435878,250,230,dummy-486
818137.524245863,250,230,dummy-486
818162.836478478,250,230,dummy-486
817981.280692029,250,230,dummy-673
818134.800792015,250,230,dummy-673
818203.555478257,250,230,dummy-673
818039.089384749,250,230,dummy-738
818082.300905566,250,230,dummy-738
818138.037302557,250,230,dummy-738
818203.543799916,250,230,dummy-738
818042.213342402,250,230,dummy-670
818171.699041586,250,230,dummy-670
818185.245747806,250,230,dummy-670
818194.228676064,250,230,dummy-670
818245.810038116,250,230,dummy-670
818164.1176047,250,230,dummy-288
818235.528506563,250,230,dummy-288
817963.532231177,250,230,dummy-294
818146.912477129,250,230,dummy-294
818202.473239826,250,230,dummy-294
818240.992767891,250,230,dummy-294
818241.376142669,250,230,dummy-294
818095.791621111,250,230,dummy-394
818116.781594479,250,230,dummy-394
818198.089848208,250,230,dummy-394
818131.420500189,250,230,dummy-91
818150.805370415,250,230,dummy-91
818198.588066183,250,230,dummy-91
817975.661646517,250,230,dummy-353
818003.089003528,250,230,dummy-353
818054.383906251,250,230,dummy-353
818089.226859982,250,230,dummy-353
818098.997078833,250,230,dummy-353
818102.752494098,250,230,dummy-353
818207.18977482,250,230,dummy-353
817991.494878638,250,230,dummy-93
818000.141937156,250,230,dummy-93
818014.983598574,250,230,dummy-93
818079.96313524,250,230,dummy-93
818091.070000022,250,230,dummy-93
818121.630281809,250,230,dummy-93
818165.839491031,250,230,dummy-93
818181.493323032,250,230,dummy-93
818025.038191551,250,230,dummy-631
818207.730756163,250,230,dummy-631
818119.44152126,250,230,dummy-455
818188.889360289,250,230,dummy-455
818076.567009007,250,230,dummy-57
818090.540628364,250,230,dummy-57
818190.506230281,250,230,dummy-57
817976.494793064,250,230,dummy-332
817977.476302935,250,230,dummy-332
818067.919957208,250,230,dummy-332
818086.73899816,250,230,dummy-332
818127.098157005,250,230,dummy-332
818161.983803124,250,230,dummy-332
818230.512601337,250,230,dummy-332
818067.172486817,250,230,dummy-119
818114.222169128,250,230,dummy-119
818150.720008705,250,230,dummy-119
818155.828330458,250,230,dummy-119
817983.856074248,250,230,dummy-255
817997.048880821,250,230,dummy-255
818172.379666809,250,230,dummy-255
817959.110910967,250,230,dummy-401
818174.635773446,250,230,dummy-401
817965.918751708,250,230,dummy-279
818033.036936007,250,230,dummy-279
818191.803057375,250,230,dummy-279
818242.818037824,250,230,dummy-279
818074.001551579,250,230,dummy-590
818104.237822538,250,230,dummy-590
818207.117972513,250,230,dummy-590
818020.21132046,250,230,dummy-682
817956.128583737,250,230,dummy-194
818171.851765861,250,230,dummy-194
818198.198729602,250,230,dummy-194
818205.365917613,250,230,dummy-194
818230.807836971,250,230,dummy-194
817979.106798583,250,230,dummy-128
818129.998829837,250,230,dummy-128
818197.223490316,250,230,dummy-128
818227.508345596,250,230,dummy-128
817967.47827664,250,230,dummy-35
817977.716812518,250,230,dummy-35
817981.315654413,250,230,dummy-35
818032.914884754,250,230,dummy-35
818061.249642718,250,230,dummy-35
818062.519027247,250,230,dummy-35
818201.622443547,250,230,dummy-35
817991.77442766,250,230,dummy-76
818048.248371358,250,230,dummy-76
818058.154594962,250,230,dummy-76
818089.095797201,250,230,dummy-76
818149.897708879,250,230,dummy-76
818158.043250169,250,230,dummy-76
818224.977598403,250,230,dummy-617
817976.137513185,250,230,dummy-425
818079.109899195,250,230,dummy-425
818093.662918611,250,230,dummy-425
818138.170096375,250,230,dummy-425
818246.557389699,250,230,dummy-425
817984.155377236,250,230,dummy-603
818000.609653301,250,230,dummy-603
818067.995573401,250,230,dummy-603
818102.146854521,250,230,dummy-603
818132.812311544,250,230,dummy-603
818160.920791908,250,230,dummy-603
817998.568558994,250,230,dummy-58
818117.285425175,250,230,dummy-58
818118.550259891,250,230,dummy-58
818207.590249783,250,230,dummy-58
818245.735171922,250,230,dummy-58
817972.435876303,250,230,dummy-126
818005.191146875,250,230,dummy-126
818013.64130108,250,230,dummy-126
818110.452622264,250,230,dummy-126
818018.742138625,250,230,dummy-104
818027.336326654,250,230,dummy-104
818211.838553115,250,230,dummy-104
818002.629359125,250,230,dummy-64
818128.852864558,250,230,dummy-64
818167.308203596,250,230,dummy-64
818200.081796488,250,230,dummy-64
818224.23038407,250,230,dummy-64
818091.066710579,250,230,dummy-276
818093.2728731,250,230,dummy-276
818115.862906975,250,230,dummy-276
818185.584125117,250,230,dummy-276
818222.402311322,250,230,dummy-276
818110.138484894,250,230,dummy-341
818129.765296027,250,230,dummy-341
818189.588626426,250,230,dummy-341
818242.700786832,250,230,dummy-341
818203.577059897,250,230,dummy-100
817955.173315365,250,230,dummy-758
817984.18949185,250,230,dummy-758
818008.783112847,250,230,dummy-758
817963.650468673,250,230,dummy-397
817995.244908132,250,230,dummy-397
818093.416905761,250,230,dummy-397
818117.294356732,250,230,dummy-397
818151.108739313,250,230,dummy-397
818177.913209776,250,230,dummy-397
818222.583570563,250,230,dummy-397
818231.005903301,250,230,dummy-397
818047.875069385,250,230,dummy-547
818177.82952813,250,230,dummy-547
818209.584892038,250,230,dummy-547
818225.231294135,250,230,dummy-547
817964.115165221,250,230,dummy-382
818009.519064531,250,230,dummy-382
818069.533747867,250,230,dummy-382
818086.807372197,250,230,dummy-382
818160.500993873,250,230,dummy-382
817954.799853872,250,230,dummy-544
818009.291140615,250,230,dummy-544
818038.405231192,250,230,dummy-544
817978.178089513,250,230,dummy-481
817987.274904667,250,230,dummy-481
818063.648942754,250,230,dummy-481
818186.270891229,250,230,dummy-481
818194.739486071,250,230,dummy-373
818029.299786598,250,230,dummy-752
818241.606695563,250,230,dummy-752
817999.502737852,250,230,dummy-4
818008.354638658,250,230,dummy-4
818009.503108261,250,230,dummy-4
818126.45279026,250,230,dummy-4
818164.772037094,250,230,dummy-4
818218.519959895,250,230,dummy-4
818221.064162109,250,230,dummy-4
818020.765580403,250,230,dummy-628
818061.181176391,250,230,dummy-628
818081.698286929,250,230,dummy-628
817981.877425516,250,230,dummy-138
818034.771344406,250,230,dummy-138
818055.569592186,250,230,dummy-138
818081.115391777,250,230,dummy-138
818179.936320466,250,230,dummy-138
818189.066111673,250,230,dummy-138
817962.596648129,250,230,dummy-44
818168.031010134,250,230,dummy-44
817969.378250519,250,230,dummy-742
818034.089265088,250,230,dummy-742
817958.828344268,250,230,dummy-605
818018.706988064,250,230,dummy-605
818022.769486028,250,230,dummy-605
818075.618431683,250,230,dummy-605
818114.075871358,250,230,dummy-605
818132.028880717,250,230,dummy-605
818247.457587326,250,230,dummy-605
817985.307742271,250,230,dummy-393
817997.462827873,250,230,dummy-393
818082.138378755,250,230,dummy-393
818184.319771715,250,230,dummy-393
818230.417427383,250,230,dummy-393
818103.416506611,250,230,dummy-516
818147.171644474,250,230,dummy-516
818154.686010558,250,230,dummy-516
818033.178030174,250,230,dummy-671
818184.328522852,250,230,dummy-671
818221.640160275,250,230,dummy-671
817958.509922103,250,230,dummy-633
817968.052161455,250,230,dummy-633
818034.922733886,250,230,dummy-633
818080.618393642,250,230,dummy-633
818145.171716639,250,230,dummy-633
818180.031433906,250,230,dummy-633
818227.52302606,250,230,dummy-633
818252.239032056,250,230,dummy-633
817966.058863985,250,230,dummy-662
818021.221087884,250,230,dummy-662
818106.834398928,250,230,dummy-662
818163.23919673,250,230,dummy-662
818177.003632896,250,230,dummy-662
818044.543817526,250,230,dummy-716
817963.526354571,250,230,dummy-429
818017.691611115,250,230,dummy-429
818100.368350087,250,230,dummy-429
818031.646001571,250,230,dummy-287
818132.789580261,250,230,dummy-287
817961.936404372,250,230,dummy-649
817962.350511174,250,230,dummy-649
817974.446497659,250,230,dummy-649
818023.589172072,250,230,dummy-649
818209.520902077,250,230,dummy-649
817958.224884794,250,230,dummy-698
818075.788894352,250,230,dummy-698
818249.179697878,250,230,dummy-698
817975.647520775,250,230,dummy-554
818036.890908632,250,230,dummy-554
818048.177078739,250,230,dummy-554
818232.106663127,250,230,dummy-554
818081.9777332,250,230,dummy-83
818207.320114285,250,230,dummy-83
818220.301738093,250,230,dummy-83
818220.802493749,250,230,dummy-83
818238.622183984,250,230,dummy-83
818041.608679254,250,230,dummy-684
818041.639030338,250,230,dummy-684
818067.226294649,250,230,dummy-684
818083.22656995,250,230,dummy-684
818126.397123623,250,230,dummy-684
818151.942694771,250,230,dummy-684
818016.51549602,250,230,dummy-147
818030.702362398,250,230,dummy-722
818138.965399449,250,230,dummy-722
817978.857212059,250,230,dummy-148
818056.369525619,250,230,dummy-148
818203.889776221,250,230,dummy-148
817955.057817566,250,230,dummy-264
818103.106212007,250,230,dummy-264
818244.955876629,250,230,dummy-264
817969.968386929,250,230,dummy-244
818156.736147956,250,230,dummy-244
818250.251110933,250,230,dummy-244
817960.333817031,250,230,dummy-267
817964.383061231,250,230,dummy-267
818161.564172551,250,230,dummy-267
818229.091146644,250,230,dummy-267
818244.466547645,250,230,dummy-267
817993.883688495,250,230,dummy-727
818065.326815952,250,230,dummy-727
818161.041760798,250,230,dummy-727
818188.256087113,250,230,dummy-727
817988.833564393,250,230,dummy-548
818024.259448239,250,230,dummy-548
818055.09426529,250,230,dummy-548
818073.701675666,250,230,dummy-548
818100.706442178,250,230,dummy-548
817953.916010881,250,230,dummy-231
817976.388943811,250,230,dummy-231
817995.636701713,250,230,dummy-231
818021.512142396,250,230,dummy-231
818194.375545822,250,230,dummy-231
818221.471210231,250,230,dummy-231
818027.397034376,250,230,dummy-50
817958.368005016,250,230,dummy-167
817985.607273133,250,230,dummy-167
818062.522460963,250,230,dummy-167
818137.389899221,250,230,dummy-167
818081.95787773,250,230,dummy-29
818124.773735214,250,230,dummy-29
818177.257921761,250,230,dummy-29
818186.132782323,250,230,dummy-29
818197.722951979,250,230,dummy-418
817980.949058953,250,230,dummy-68
817982.915722536,250,230,dummy-68
817983.342158549,250,230,dummy-68
817990.300390446,250,230,dummy-68
818064.271179102,250,230,dummy-68
818117.126208352,250,230,dummy-68
818121.43325562,250,230,dummy-68
817997.767869109,250,230,dummy-619
818133.377604644,250,230,dummy-619
817974.682853195,250,230,dummy-75
818005.126212037,250,230,dummy-75
818018.3518175,250,230,dummy-75
818029.706047676,250,230,dummy-75
818100.773816768,250,230,dummy-75
818101.358633902,250,230,dummy-75
818172.742208398,250,230,dummy-75
818182.291516243,250,230,dummy-75
818188.424400977,250,230,dummy-75
818242.751927881,250,230,dummy-75
818056.993049381,250,230,dummy-395
818117.182213064,250,230,dummy-395
818178.342786249,250,230,dummy-395
818195.9822745,250,230,dummy-395
818160.727661894,250,230,dummy-127
818200.121190467,250,230,dummy-127
817962.847309645,250,230,dummy-94
817989.444453821,250,230,dummy-94
818178.799646672,250,230,dummy-94
817965.436736186,250,230,dummy-133
818013.027698582,250,230,dummy-133
818125.969642243,250,230,dummy-133
818173.776792381,250,230,dummy-133
817994.169766293,250,230,dummy-480
818022.607881719,250,230,dummy-480
818167.06701633,250,230,dummy-480
817967.390501713,250,230,dummy-72
818134.407061746,250,230,dummy-72
818172.847535683,250,230,dummy-72
818183.575427559,250,230,dummy-72
818194.13008141,250,230,dummy-72
818201.017996154,250,230,dummy-72
817973.862587784,250,230,dummy-561
817993.75074059,250,230,dummy-561
817995.212567158,250,230,dummy-561
818012.964069642,250,230,dummy-561
818015.955213278,250,230,dummy-561
818046.05803401,250,230,dummy-561
818083.949881754,250,230,dummy-561
818187.592000064,250,230,dummy-561
817962.150321848,250,230,dummy-686
817977.735388869,250,230,dummy-686
818036.467837198,250,230,dummy-686
818107.157937252,250,230,dummy-686
818116.824236063,250,230,dummy-686
818187.203510044,250,230,dummy-686
818241.87554208,250,230,dummy-686
817983.435223245,250,230,dummy-564
817987.630078875,250,230,dummy-564
818012.360329676,250,230,dummy-564
818039.440225153,250,230,dummy-564
818210.114993647,250,230,dummy-564
818224.180199664,250,230,dummy-564
817958.009827867,250,230,dummy-361
817992.712104455,250,230,dummy-361
818023.160655648,250,230,dummy-361
818084.927546727,250,230,dummy-361
818119.417608611,250,230,dummy-361
818130.081796543,250,230,dummy-361
818131.963606527,250,230,dummy-361
818147.942293135,250,230,dummy-361
818154.63133612,250,230,dummy-361
818230.266246367,250,230,dummy-361
817977.487349102,250,230,dummy-184
818049.379751598,250,230,dummy-184
818198.56721547,250,230,dummy-184
817991.828852145,250,230,dummy-645
818026.280012805,250,230,dummy-645
818063.806271092,250,230,dummy-645
818172.793507014,250,230,dummy-645
818235.072602847,250,230,dummy-645
817963.526316838,250,230,dummy-762
818128.963555359,250,230,dummy-762
817954.903754064,250,230,dummy-165
817966.8835244,250,230,dummy-165
817971.782536725,250,230,dummy-165
817983.884358194,250,230,dummy-165
818211.213240289,250,230,dummy-165
818226.514791644,250,230,dummy-165
817991.663472677,250,230,dummy-158
818017.573565162,250,230,dummy-158
818107.157907435,250,230,dummy-158
818109.451286594,250,230,dummy-158
818187.677120983,250,230,dummy-158
818216.343629044,250,230,dummy-158
818016.306615385,250,230,dummy-444
818034.285640294,250,230,dummy-444
818092.08931045,250,230,dummy-444
818189.661163761,250,230,dummy-444
818192.439054436,250,230,dummy-444
817972.374472282,250,230,dummy-764
818012.608449063,250,230,dummy-764
818138.72083265,250,230,dummy-764
818142.26018412,250,230,dummy-764
818159.202852534,250,230,dummy-764
817984.224453097,250,230,dummy-271
818189.098970676,250,230,dummy-593
818088.759777627,250,230,dummy-417
818202.207884948,250,230,dummy-417
818225.531244192,250,230,dummy-417
818091.803721289,250,230,dummy-579
818103.338595513,250,230,dummy-579
818146.182242103,250,230,dummy-579
818197.084023102,250,230,dummy-579
818241.978998063,250,230,dummy-579
818001.975772739,250,230,dummy-663
818025.997358171,250,230,dummy-663
818029.100679573,250,230,dummy-663
818083.590538085,250,230,dummy-663
818108.560757075,250,230,dummy-663
818010.611792363,250,230,dummy-21
818107.786721207,250,230,dummy-21
818168.456376354,250,230,dummy-21
818038.985329545,250,230,dummy-139
818179.487628189,250,230,dummy-139
817989.240775099,250,230,dummy-79
818035.823685987,250,230,dummy-79
818153.325305128,250,230,dummy-79
818096.537751891,250,230,dummy-470
818061.078643268,250,230,dummy-124
818087.143630686,250,230,dummy-124
818108.966439191,250,230,dummy-124
818113.095551127,250,230,dummy-124
818222.625283017,250,230,dummy-124
817999.132057605,250,230,dummy-60
818048.1637183,250,230,dummy-60
818060.608648507,250,230,dummy-60
818171.105637745,250,230,dummy-60
818204.375894405,250,230,dummy-60
818223.677440403,250,230,dummy-60
818250.553862464,250,230,dummy-60
817962.908267293,250,230,dummy-739
818036.254799112,250,230,dummy-739
817954.865990685,250,230,dummy-592
818103.619021059,250,230,dummy-592
818190.340805715,250,230,dummy-592
818212.082238606,250,230,dummy-592
818234.429810278,250,230,dummy-592
817965.319133889,250,230,dummy-763
818018.627403307,250,230,dummy-763
818111.161423545,250,230,dummy-763
818134.008813841,250,230,dummy-763
818235.583037634,250,230,dummy-763
817980.212889125,250,230,dummy-721
818004.87721756,250,230,dummy-721
818006.884264268,250,230,dummy-721
818011.303049358,250,230,dummy-721
818048.784620525,250,230,dummy-721
818166.314477171,250,230,dummy-721
818182.658418983,250,230,dummy-721
818042.573048329,250,230,dummy-99
818085.483732912,250,230,dummy-99
818123.684275869,250,230,dummy-99
818130.74341441,250,230,dummy-99
818135.156738107,250,230,dummy-99
818141.724323205,250,230,dummy-99
818031.259751534,250,230,dummy-511
818076.002726442,250,230,dummy-511
818077.210956129,250,230,dummy-511
818077.959112812,250,230,dummy-511
818147.720005325,250,230,dummy-511
818165.476994058,250,230,dummy-747
817987.196145461,250,230,dummy-293
818035.095115951,250,230,dummy-278
818067.009068613,250,230,dummy-278
818093.822722364,250,230,dummy-278
818156.930559706,250,230,dummy-278
818014.906178444,250,230,dummy-611
818029.634413774,250,230,dummy-611
818093.692598112,250,230,dummy-611
818169.122811423,250,230,dummy-611
818218.68021416,250,230,dummy-611
817991.034308187,250,230,dummy-281
818116.560485307,250,230,dummy-281
818209.575000269,250,230,dummy-281
818231.908807985,250,230,dummy-281
817963.542780347,250,230,dummy-411
817979.959708033,250,230,dummy-411
818210.341255493,250,230,dummy-411
818002.26614356,250,230,dummy-583
818160.469841286,250,230,dummy-583
818022.136740274,250,230,dummy-81
818048.962155145,250,230,dummy-81
818091.98584934,250,230,dummy-81
818160.437825318,250,230,dummy-81
818022.39967883,250,230,dummy-220
818121.169254088,250,230,dummy-220
818223.624286927,250,230,dummy-220
817958.843129484,250,230,dummy-525
818012.348178458,250,230,dummy-525
818128.958392417,250,230,dummy-525
818180.116833789,250,230,dummy-525
818032.860287581,250,230,dummy-48
818085.335971166,250,230,dummy-48
818223.103393076,250,230,dummy-48
817960.260148203,250,230,dummy-529
818012.480020751,250,230,dummy-529
818120.133165743,250,230,dummy-529
818127.764788966,250,230,dummy-529
818247.881749424,250,230,dummy-529
818024.190266785,250,230,dummy-489
818141.434544073,250,230,dummy-489
818160.941886542,250,230,dummy-489
818250.479765466,250,230,dummy-489
817955.090255612,250,230,dummy-577
817963.734317372,250,230,dummy-577
817994.182152755,250,230,dummy-577
818033.516992636,250,230,dummy-577
818076.334747686,250,230,dummy-577
818081.318083416,250,230,dummy-577
818114.830753644,250,230,dummy-577
818172.977197281,250,230,dummy-577
818208.371302675,250,230,dummy-577
818222.527751432,250,230,dummy-577
818222.667083283,250,230,dummy-577
818227.720532526,250,230,dummy-577
817963.379309116,250,230,dummy-118
817976.174948499,250,230,dummy-118
818041.704332255,250,230,dummy-118
818091.311793883,250,230,dummy-118
818144.650111436,250,230,dummy-118
818203.092234584,250,230,dummy-118
818236.568536172,250,230,dummy-118
818238.75848176,250,230,dummy-118
817967.540388636,250,230,dummy-594
817977.395588739,250,230,dummy-594
817998.165079345,250,230,dummy-594
818077.094416946,250,230,dummy-594
818077.592455966,250,230,dummy-594
818160.285936038,250,230,dummy-594
818217.073209948,250,230,dummy-594
818243.085942098,250,230,dummy-594
818244.197861467,250,230,dummy-594
818008.639966263,250,230,dummy-743
818169.51405289,250,230,dummy-743
818181.043197927,250,230,dummy-743
817977.858642234,250,230,dummy-54
817998.190481662,250,230,dummy-54
818054.036216181,250,230,dummy-54
818130.643566798,250,230,dummy-54
818148.975634266,250,230,dummy-54
818182.916824445,250,230,dummy-54
818046.589566373,250,230,dummy-336
818182.923565395,250,230,dummy-336
818021.86600493,250,230,dummy-32
818033.163295158,250,230,dummy-32
818067.462757358,250,230,dummy-32
818029.462684711,250,230,dummy-651
818157.453661256,250,230,dummy-651
818219.75817144,250,230,dummy-651
817961.432281916,250,230,dummy-180
818012.699193642,250,230,dummy-180
818098.997373705,250,230,dummy-180
818148.872450214,250,230,dummy-180
818180.068360339,250,230,dummy-180
818056.892998538,250,230,dummy-322
818134.699042926,250,230,dummy-322
818164.744444808,250,230,dummy-322
818185.925330866,250,230,dummy-322
818187.968724711,250,230,dummy-322
818094.79914895,250,230,dummy-537
818129.92698074,250,230,dummy-537
818015.132045255,250,230,dummy-502
818092.566193091,250,230,dummy-502
818113.537693084,250,230,dummy-502
818120.042741179,250,230,dummy-502
818197.627804961,250,230,dummy-502
818226.165663973,250,230,dummy-502
818240.673605959,250,230,dummy-502
818048.701345577,250,230,dummy-238
818233.450714846,250,230,dummy-238
817955.539684369,250,230,dummy-731
817964.649616003,250,230,dummy-731
817992.041018004,250,230,dummy-731
818090.087374212,250,230,dummy-731
818145.098783612,250,230,dummy-731
818154.885027022,250,230,dummy-731
818231.712907019,250,230,dummy-731
817994.916749214,250,230,dummy-607
818006.570415388,250,230,dummy-607
818179.153529877,250,230,dummy-607
818159.870673884,250,230,dummy-380
818177.646362941,250,230,dummy-380
818232.678223825,250,230,dummy-380
817965.185534138,250,230,dummy-96
818011.761348584,250,230,dummy-96
818046.953580132,250,230,dummy-96
818123.179289196,250,230,dummy-96
818190.977086705,250,230,dummy-96
817995.370023444,250,230,dummy-719
818205.831234464,250,230,dummy-719
818227.77229097,250,230,dummy-719
818235.791807014,250,230,dummy-719
818237.448803421,250,230,dummy-719
817986.478784,250,230,dummy-490
818098.967272989,250,230,dummy-490
818161.010075265,250,230,dummy-490
818003.774938792,250,230,dummy-726
818035.885210904,250,230,dummy-726
818153.085086012,250,230,dummy-726
818060.468794782,250,230,dummy-492
818139.526303097,250,230,dummy-492
818242.611176712,250,230,dummy-492
817972.142582672,250,230,dummy-615
817977.850437767,250,230,dummy-615
817980.342568857,250,230,dummy-615
818040.035792394,250,230,dummy-615
818057.223700309,250,230,dummy-615
818171.210504067,250,230,dummy-615
818192.994818954,250,230,dummy-615
817969.281688046,250,230,dummy-568
818154.424949596,250,230,dummy-568
818202.003919232,250,230,dummy-568
818209.440731337,250,230,dummy-568
817954.482518815,250,230,dummy-510
818159.347078516,250,230,dummy-510
818243.795368134,250,230,dummy-510
817971.390986619,250,230,dummy-86
818105.90128425,250,230,dummy-86
818185.854944772,250,230,dummy-86
818197.354916419,250,230,dummy-86
818252.928891523,250,230,dummy-86
818018.260308238,250,230,dummy-222
818037.105596467,250,230,dummy-222
818174.742269081,250,230,dummy-222
818203.93002977,250,230,dummy-222
818229.640103059,250,230,dummy-222
818238.157358436,250,230,dummy-222
818022.210737056,250,230,dummy-359
818213.000158448,250,230,dummy-359
818024.850330558,250,230,dummy-676
818071.648287505,250,230,dummy-676
818081.219711235,250,230,dummy-676
818186.541199512,250,230,dummy-676
818021.093650891,250,230,dummy-520
818075.497606519,250,230,dummy-520
818123.122438759,250,230,dummy-520
817992.148026006,250,230,dummy-350
817994.139055788,250,230,dummy-350
818199.731303412,250,230,dummy-350
818034.402396526,250,230,dummy-84
818097.729100566,250,230,dummy-84
818012.962486066,250,230,dummy-61
818243.60235343,250,230,dummy-61
818196.704883883,250,230,dummy-507
818226.154678373,250,230,dummy-507
818072.328555221,250,230,dummy-379
818074.462835241,250,230,dummy-379
818079.312896705,250,230,dummy-379
817961.995740156,250,230,dummy-323
818061.152386834,250,230,dummy-323
818088.961230487,250,230,dummy-323
818088.967615706,250,230,dummy-323
818112.437042492,250,230,dummy-323
818148.478297954,250,230,dummy-323
818209.591687259,250,230,dummy-323
818252.203720873,250,230,dummy-323
817973.821157652,250,230,dummy-5
818150.003413995,250,230,dummy-5
817993.436832299,250,230,dummy-207
818037.84781607,250,230,dummy-207
818235.441418517,250,230,dummy-207
