arrival_time,input_tokens,output_tokens,adapter
820130.755788562,250,230,dummy-715
820141.008562375,250,230,dummy-715
820170.524205404,250,230,dummy-715
820258.53473982,250,230,dummy-715
820353.879268858,250,230,dummy-715
820189.225775546,250,230,dummy-644
820304.450661568,250,230,dummy-644
820341.90319949,250,230,dummy-644
820184.552360088,250,230,dummy-109
820218.599353342,250,230,dummy-109
820287.736104397,250,230,dummy-109
820292.221240204,250,230,dummy-109
820153.081431268,250,230,dummy-270
820313.956001924,250,230,dummy-270
820325.485353156,250,230,dummy-270
820205.713887004,250,230,dummy-408
820237.259175695,250,230,dummy-408
820270.989812413,250,230,dummy-408
820323.086383425,250,230,dummy-408
820120.721487998,250,230,dummy-376
820174.961564292,250,230,dummy-376
820205.493599518,250,230,dummy-376
820350.392474,250,230,dummy-376
820366.350981358,250,230,dummy-376
820106.463598052,250,230,dummy-754
820201.23886098,250,230,dummy-754
820253.062955845,250,230,dummy-754
820313.13956418,250,230,dummy-754
820328.968109169,250,230,dummy-754
820143.149868878,250,230,dummy-512
820248.695996158,250,230,dummy-192
820275.972607575,250,230,dummy-192
820309.107627962,250,230,dummy-192
820322.498756662,250,230,dummy-192
820240.233288885,250,230,dummy-643
820261.223961492,250,230,dummy-643
820342.531840002,250,230,dummy-643
820140.854841983,250,230,dummy-494
820181.617561419,250,230,dummy-494
820199.155952797,250,230,dummy-494
820159.573884767,250,230,dummy-381
820237.007859981,250,230,dummy-381
820257.979957419,250,230,dummy-381
820264.484340036,250,230,dummy-381
820153.81954044,250,230,dummy-65
820103.026785998,250,230,dummy-692
820122.132737025,250,230,dummy-692
820173.807762555,250,230,dummy-692
820261.82947397,250,230,dummy-692
820315.452870638,250,230,dummy-692
820389.366651088,250,230,dummy-692
820119.177826791,250,230,dummy-740
820223.873650635,250,230,dummy-740
820230.16456932,250,230,dummy-740
820350.973427918,250,230,dummy-740
820376.567616482,250,230,dummy-740
820099.614375097,250,230,dummy-476
820128.629843847,250,230,dummy-476
820137.855864794,250,230,dummy-476
820249.090652351,250,230,dummy-476
820098.95138336,250,230,dummy-504
820126.812110087,250,230,dummy-504
820252.13496858,250,230,dummy-504
820326.198907471,250,230,dummy-504
820358.337733154,250,230,dummy-504
820288.630129864,250,230,dummy-190
820193.369368153,250,230,dummy-585
820251.330140476,250,230,dummy-585
820301.523581583,250,230,dummy-585
820341.040383787,250,230,dummy-585
820350.786655698,250,230,dummy-585
820109.018763402,250,230,dummy-391
820214.284887798,250,230,dummy-391
820287.625739146,250,230,dummy-391
820307.746534854,250,230,dummy-391
820134.258383467,250,230,dummy-226
820396.708571713,250,230,dummy-226
820175.861466316,250,230,dummy-725
820184.74542709,250,230,dummy-725
820241.249852572,250,230,dummy-725
820273.558594452,250,230,dummy-725
820156.253021344,250,230,dummy-549
820289.239453477,250,230,dummy-549
820365.69021559,250,230,dummy-549
820382.075086411,250,230,dummy-549
820127.028357159,250,230,dummy-187
820227.491102478,250,230,dummy-187
820242.367329957,250,230,dummy-187
820252.134995534,250,230,dummy-187
820291.13370295,250,230,dummy-187
820313.877709508,250,230,dummy-187
820359.45954661,250,230,dummy-187
820360.563695679,250,230,dummy-187
820371.437734409,250,230,dummy-187
820245.993025599,250,230,dummy-268
820268.82514092,250,230,dummy-268
820281.076698852,250,230,dummy-268
820319.060174442,250,230,dummy-268
820113.068373373,250,230,dummy-90
820226.364251302,250,230,dummy-90
820228.608783799,250,230,dummy-90
820280.139222954,250,230,dummy-90
820282.279324362,250,230,dummy-90
820283.654706094,250,230,dummy-90
820334.696985096,250,230,dummy-90
820344.657127433,250,230,dummy-90
820358.205734742,250,230,dummy-90
820130.4967832,250,230,dummy-73
820189.981909497,250,230,dummy-73
820204.557051059,250,230,dummy-73
820291.235175222,250,230,dummy-73
820321.505377286,250,230,dummy-73
820135.763876257,250,230,dummy-487
820155.766185798,250,230,dummy-487
820198.492431666,250,230,dummy-487
820237.289303344,250,230,dummy-487
820121.204772623,250,230,dummy-573
820152.392253354,250,230,dummy-573
820158.0864932,250,230,dummy-25
820160.539970654,250,230,dummy-25
820196.939446455,250,230,dummy-25
820270.489408951,250,230,dummy-25
820298.077135468,250,230,dummy-25
820133.961384216,250,230,dummy-632
820198.303500607,250,230,dummy-632
820215.332109893,250,230,dummy-632
820374.159627949,250,230,dummy-632
820287.613202492,250,230,dummy-252
820113.724374279,250,230,dummy-152
820298.866848663,250,230,dummy-152
820346.445644238,250,230,dummy-152
820353.881741578,250,230,dummy-152
820173.905359273,250,230,dummy-224
820301.896713677,250,230,dummy-224
820364.201554287,250,230,dummy-224
820118.262094432,250,230,dummy-608
820294.444276195,250,230,dummy-608
820311.66742225,250,230,dummy-485
820362.190388424,250,230,dummy-485
820383.084994909,250,230,dummy-485
820123.969874754,250,230,dummy-285
820278.816592049,250,230,dummy-768
820352.214834654,250,230,dummy-768
820145.25081121,250,230,dummy-28
820202.66029662,250,230,dummy-28
820208.822562897,250,230,dummy-28
820238.938377265,250,230,dummy-28
820346.688131983,250,230,dummy-28
820162.253911906,250,230,dummy-443
820186.299390486,250,230,dummy-443
820267.668842059,250,230,dummy-443
820373.256030641,250,230,dummy-443
820172.114615965,250,230,dummy-755
820189.331917466,250,230,dummy-755
820238.069683293,250,230,dummy-755
820259.020794259,250,230,dummy-755
820359.177110337,250,230,dummy-755
820161.776971219,250,230,dummy-553
820223.409283291,250,230,dummy-553
820244.009547828,250,230,dummy-553
820264.378525239,250,230,dummy-553
820320.397168189,250,230,dummy-553
820320.803161405,250,230,dummy-553
820337.297186605,250,230,dummy-553
820380.239779897,250,230,dummy-553
820122.008211795,250,230,dummy-757
820122.817679495,250,230,dummy-757
820171.626196806,250,230,dummy-757
820257.429939602,250,230,dummy-757
820350.276087697,250,230,dummy-757
820142.208895986,250,230,dummy-610
820277.818018517,250,230,dummy-610
820179.182442902,250,230,dummy-672
820184.869612581,250,230,dummy-672
820290.254473583,250,230,dummy-672
820128.297667647,250,230,dummy-478
820141.490538218,250,230,dummy-478
820316.821871644,250,230,dummy-478
820107.336911403,250,230,dummy-597
820140.533773706,250,230,dummy-597
820228.796396184,250,230,dummy-597
820231.665833572,250,230,dummy-597
820134.781348095,250,230,dummy-182
820204.792550739,250,230,dummy-182
820338.066004637,250,230,dummy-182
820340.152992269,250,230,dummy-182
820186.655222279,250,230,dummy-665
820316.140163773,250,230,dummy-665
820329.686238166,250,230,dummy-665
820338.668880817,250,230,dummy-665
820390.250856941,250,230,dummy-665
820353.484040128,250,230,dummy-761
820130.397484752,250,230,dummy-172
820226.944662262,250,230,dummy-172
820278.661302332,250,230,dummy-172
820286.318690724,250,230,dummy-172
820341.881532923,250,230,dummy-172
820138.61057294,250,230,dummy-205
820167.048892318,250,230,dummy-205
820311.508895188,250,230,dummy-205
820218.175185234,250,230,dummy-410
820245.033557007,250,230,dummy-410
820289.751525493,250,230,dummy-410
820143.374266461,250,230,dummy-142
820153.476395474,250,230,dummy-142
820158.864509157,250,230,dummy-142
820241.839120398,250,230,dummy-142
820340.340216225,250,230,dummy-142
820354.870440349,250,230,dummy-142
820247.857904677,250,230,dummy-562
820291.613139986,250,230,dummy-562
820299.126765463,250,230,dummy-562
820103.875605112,250,230,dummy-488
820178.330575706,250,230,dummy-488
820212.826792222,250,230,dummy-488
820099.651317795,250,230,dummy-325
820105.920135891,250,230,dummy-325
820277.079154567,250,230,dummy-325
820114.178974942,250,230,dummy-248
820117.326556737,250,230,dummy-248
820252.405518771,250,230,dummy-248
820110.360772965,250,230,dummy-586
820177.479933919,250,230,dummy-586
820336.245667499,250,230,dummy-586
820387.260061713,250,230,dummy-586
820129.782971019,250,230,dummy-689
820299.826014684,250,230,dummy-169
820355.061441477,250,230,dummy-169
820187.014071503,250,230,dummy-386
820229.923142431,250,230,dummy-386
820268.124163522,250,230,dummy-386
820275.183277508,250,230,dummy-386
820279.595997267,250,230,dummy-386
820286.163014891,250,230,dummy-386
820135.935219594,250,230,dummy-41
820144.582345044,250,230,dummy-41
820159.423618738,250,230,dummy-41
820224.403665007,250,230,dummy-41
820235.510571498,250,230,dummy-41
820266.071407073,250,230,dummy-41
820310.280685629,250,230,dummy-41
820325.934462711,250,230,dummy-41
820141.215425723,250,230,dummy-375
820369.256198421,250,230,dummy-375
820169.747867737,250,230,dummy-472
820181.855438087,250,230,dummy-472
820292.315126323,250,230,dummy-472
820155.267656577,250,230,dummy-543
820393.784772161,250,230,dummy-543
820286.2496273,250,230,dummy-580
820370.093076069,250,230,dummy-580
820384.075493078,250,230,dummy-580
820304.312079119,250,230,dummy-249
820322.087564551,250,230,dummy-249
820377.119887135,250,230,dummy-249
820101.17912191,250,230,dummy-356
820104.4451874,250,230,dummy-356
820185.616170362,250,230,dummy-356
820306.037327376,250,230,dummy-356
820340.87527866,250,230,dummy-356
820130.681548614,250,230,dummy-473
820165.666785891,250,230,dummy-473
820215.1178007,250,230,dummy-473
820227.269482661,250,230,dummy-473
820301.588612907,250,230,dummy-473
820371.810604059,250,230,dummy-473
820194.199698199,250,230,dummy-159
820339.180678151,250,230,dummy-216
820106.463671846,250,230,dummy-572
820205.620375435,250,230,dummy-572
820289.597668484,250,230,dummy-430
820178.844259869,250,230,dummy-223
820242.170274062,250,230,dummy-223
820174.458383266,250,230,dummy-647
820292.70714896,250,230,dummy-647
820126.695813183,250,230,dummy-469
820147.89429865,250,230,dummy-469
820175.540032619,250,230,dummy-469
820240.907528232,250,230,dummy-469
820286.575993112,250,230,dummy-469
820316.659381441,250,230,dummy-469
820355.698847851,250,230,dummy-469
820397.116089117,250,230,dummy-457
820168.238980527,250,230,dummy-688
820217.345886065,250,230,dummy-688
820314.912694519,250,230,dummy-688
820362.649046168,250,230,dummy-688
820138.640359566,250,230,dummy-351
820191.92549691,250,230,dummy-351
820214.319702392,250,230,dummy-351
820234.712434058,250,230,dummy-351
820274.52186716,250,230,dummy-351
820168.982232025,250,230,dummy-616
820317.090675378,250,230,dummy-616
820349.012717016,250,230,dummy-616
820371.866220203,250,230,dummy-616
820146.349534959,250,230,dummy-354
820344.829812867,250,230,dummy-354
820368.812557481,250,230,dummy-354
820128.836641641,250,230,dummy-613
820210.449975211,250,230,dummy-613
820285.716122441,250,230,dummy-613
820374.333617472,250,230,dummy-613
820354.367038108,250,230,dummy-413
820330.456944911,250,230,dummy-484
820193.142237693,250,230,dummy-319
820377.891652557,250,230,dummy-319
820179.536329921,250,230,dummy-340
820211.450224639,250,230,dummy-340
820238.263734382,250,230,dummy-340
820301.371857984,250,230,dummy-340
820265.306685145,250,230,dummy-407
820364.476733252,250,230,dummy-407
820197.159884464,250,230,dummy-108
820218.902782505,250,230,dummy-108
820223.751718002,250,230,dummy-108
820154.380909294,250,230,dummy-347
820176.076282393,250,230,dummy-347
820230.097160662,250,230,dummy-347
820242.671923386,250,230,dummy-347
820260.8644141,250,230,dummy-347
820348.608877685,250,230,dummy-538
820144.660737578,250,230,dummy-648
820157.779382584,250,230,dummy-648
820183.428606831,250,230,dummy-648
820275.716863231,250,230,dummy-648
820279.359908324,250,230,dummy-648
820323.850297131,250,230,dummy-648
820344.602302108,250,230,dummy-648
820396.643381154,250,230,dummy-648
820179.597701309,250,230,dummy-596
820181.18943007,250,230,dummy-596
820153.645619045,250,230,dummy-422
820349.25545225,250,230,dummy-422
820213.688517481,250,230,dummy-753
820288.644227225,250,230,dummy-753
820298.906724203,250,230,dummy-753
820300.063813022,250,230,dummy-753
820146.606054427,250,230,dummy-389
820394.776911626,250,230,dummy-389
820180.605178752,250,230,dummy-372
820282.53478699,250,230,dummy-372
820326.604305579,250,230,dummy-372
820329.623813946,250,230,dummy-372
820126.125167601,250,230,dummy-575
820150.826526283,250,230,dummy-575
820159.062157765,250,230,dummy-575
820167.590419751,250,230,dummy-575
820242.417570059,250,230,dummy-575
820345.427371326,250,230,dummy-575
820357.052348356,250,230,dummy-575
820378.963910291,250,230,dummy-575
820239.69198696,250,230,dummy-566
820352.141477459,250,230,dummy-566
820366.361632901,250,230,dummy-566
820189.962163736,250,230,dummy-87
820197.758631464,250,230,dummy-87
820374.899211219,250,230,dummy-87
820099.300324993,250,230,dummy-85
820219.768890922,250,230,dummy-85
820367.849896613,250,230,dummy-85
820104.748719006,250,230,dummy-364
820301.828703345,250,230,dummy-364
820330.845203983,250,230,dummy-364
820146.76521225,250,230,dummy-505
820321.694185215,250,230,dummy-505
820354.368502385,250,230,dummy-505
820106.151989882,250,230,dummy-545
820143.562386132,250,230,dummy-545
820166.00093105,250,230,dummy-545
820262.848588713,250,230,dummy-545
820354.587384474,250,230,dummy-545
820362.402982748,250,230,dummy-545
820114.169576579,250,230,dummy-298
820217.615860419,250,230,dummy-298
820314.270192611,250,230,dummy-298
820321.916058208,250,230,dummy-298
820386.076816691,250,230,dummy-298
820259.003443434,250,230,dummy-414
820321.616184251,250,230,dummy-414
820353.347123768,250,230,dummy-414
820384.021090129,250,230,dummy-414
820187.152646749,250,230,dummy-620
820245.868446523,250,230,dummy-620
820275.722832965,250,230,dummy-620
820298.507756262,250,230,dummy-620
820347.051833699,250,230,dummy-620
820364.902000517,250,230,dummy-620
820308.558908578,250,230,dummy-269
820379.969603932,250,230,dummy-269
820268.88038556,250,230,dummy-524
820292.902254333,250,230,dummy-524
820182.756385955,250,230,dummy-30
820307.600898354,250,230,dummy-551
820115.797269072,250,230,dummy-23
820147.867582741,250,230,dummy-23
820156.503174931,250,230,dummy-23
820272.901180488,250,230,dummy-23
820294.187613195,250,230,dummy-23
820302.906836423,250,230,dummy-23
820308.608242337,250,230,dummy-23
820371.755524732,250,230,dummy-23
820135.287207136,250,230,dummy-210
820161.663291204,250,230,dummy-210
820163.704841531,250,230,dummy-210
820192.09726058,250,230,dummy-210
820225.22982227,250,230,dummy-210
820240.750008258,250,230,dummy-210
820280.65677148,250,230,dummy-210
820358.882857299,250,230,dummy-210
820185.89326529,250,230,dummy-508
820189.390722716,250,230,dummy-508
820261.935113981,250,230,dummy-508
820128.960527725,250,230,dummy-337
820187.79151298,250,230,dummy-337
820194.288455385,250,230,dummy-337
820204.113939493,250,230,dummy-337
820216.57576316,250,230,dummy-337
820281.965936301,250,230,dummy-337
820307.277372929,250,230,dummy-337
820232.45503482,250,230,dummy-449
820239.401681231,250,230,dummy-449
820255.690242707,250,230,dummy-449
820281.615590325,250,230,dummy-449
820330.999234593,250,230,dummy-449
820331.626746541,250,230,dummy-449
820378.65776033,250,230,dummy-449
820386.284591843,250,230,dummy-449
820099.477383236,250,230,dummy-228
820144.014322839,250,230,dummy-228
820153.929201186,250,230,dummy-228
820241.628236205,250,230,dummy-228
820365.665468452,250,230,dummy-228
820146.417308262,250,230,dummy-453
820170.438816131,250,230,dummy-453
820173.543675542,250,230,dummy-453
820228.033208726,250,230,dummy-453
820253.004070534,250,230,dummy-453
820122.170725521,250,230,dummy-533
820291.474052913,250,230,dummy-533
820297.459923891,250,230,dummy-533
820346.917244888,250,230,dummy-533
820391.120601567,250,230,dummy-533
820265.890861458,250,230,dummy-345
820330.05834423,250,230,dummy-178
820374.816168868,250,230,dummy-178
820193.050579656,250,230,dummy-176
820297.346839353,250,230,dummy-176
820354.097197546,250,230,dummy-176
820187.305303289,250,230,dummy-303
820315.993369707,250,230,dummy-303
820336.091271488,250,230,dummy-303
820362.45086663,250,230,dummy-303
820132.104816628,250,230,dummy-696
820272.995693889,250,230,dummy-696
820285.236369712,250,230,dummy-696
820315.167999753,250,230,dummy-696
820332.86138135,250,230,dummy-696
820163.605445887,250,230,dummy-503
820194.053249031,250,230,dummy-503
820366.817688252,250,230,dummy-503
820139.418955442,250,230,dummy-136
820241.333387268,250,230,dummy-136
820156.82949532,250,230,dummy-111
820220.402030774,250,230,dummy-111
820359.379405634,250,230,dummy-111
820388.437722838,250,230,dummy-111
820110.809081156,250,230,dummy-717
820153.932672794,250,230,dummy-717
820194.917049613,250,230,dummy-717
820209.510303768,250,230,dummy-717
820254.50614278,250,230,dummy-717
820353.843082032,250,230,dummy-409
820191.882673039,250,230,dummy-471
820345.101730222,250,230,dummy-471
820137.414466909,250,230,dummy-513
820146.199206472,250,230,dummy-513
820267.907613079,250,230,dummy-513
820276.182132108,250,230,dummy-513
820126.564845995,250,230,dummy-311
820265.419377106,250,230,dummy-311
820317.545744549,250,230,dummy-311
820354.402563114,250,230,dummy-311
820366.591567458,250,230,dummy-311
820135.192098749,250,230,dummy-251
820385.302412572,250,230,dummy-251
820145.028494712,250,230,dummy-227
820215.600765616,250,230,dummy-227
820239.074900685,250,230,dummy-227
820134.684661122,250,230,dummy-197
820140.772596062,250,230,dummy-440
820167.802972493,250,230,dummy-440
820154.668164232,250,230,dummy-277
820178.547566756,250,230,dummy-277
820260.405645595,250,230,dummy-277
820308.866811048,250,230,dummy-277
820319.932078723,250,230,dummy-277
820365.512237436,250,230,dummy-277
820111.918784958,250,230,dummy-110
820122.156732922,250,230,dummy-110
820125.755204647,250,230,dummy-110
820177.353596389,250,230,dummy-110
820205.688430877,250,230,dummy-110
820206.958331406,250,230,dummy-110
820101.977518166,250,230,dummy-38
820200.74285277,250,230,dummy-38
820297.230485824,250,230,dummy-38
820218.640254144,250,230,dummy-275
820310.701197162,250,230,dummy-275
820385.843268209,250,230,dummy-275
820216.770537364,250,230,dummy-527
820218.905075699,250,230,dummy-527
820287.500475992,250,230,dummy-527
820324.116522707,250,230,dummy-527
820134.329003538,250,230,dummy-650
820214.050340231,250,230,dummy-650
820273.241609223,250,230,dummy-650
820309.170849149,250,230,dummy-650
820384.999086955,250,230,dummy-650
820125.314651668,250,230,dummy-680
820229.337679848,250,230,dummy-680
820382.5804562,250,230,dummy-680
820139.526496856,250,230,dummy-310
820347.171435286,250,230,dummy-310
820369.965608825,250,230,dummy-310
820186.048653537,250,230,dummy-624
820186.078964831,250,230,dummy-624
820211.666431834,250,230,dummy-624
820227.667087477,250,230,dummy-624
820270.837322446,250,230,dummy-624
820296.382517474,250,230,dummy-624
820275.862234485,250,230,dummy-24
820295.247097105,250,230,dummy-24
820343.030678648,250,230,dummy-24
820397.366810164,250,230,dummy-24
820127.02990222,250,230,dummy-477
820192.356058805,250,230,dummy-477
820250.5482964,250,230,dummy-477
820320.917293605,250,230,dummy-477
820099.529769261,250,230,dummy-56
820235.84452179,250,230,dummy-56
820330.202262041,250,230,dummy-56
820332.064543783,250,230,dummy-56
820335.529879518,250,230,dummy-56
820177.28506827,250,230,dummy-496
820194.539032656,250,230,dummy-496
820214.138227654,250,230,dummy-496
820217.775446447,250,230,dummy-496
820223.439117587,250,230,dummy-496
820234.13698325,250,230,dummy-496
820271.808819822,250,230,dummy-496
820307.488318057,250,230,dummy-496
820340.438061503,250,230,dummy-496
820345.273508807,250,230,dummy-496
820388.05933629,250,230,dummy-496
820131.000311958,250,230,dummy-699
820304.041700591,250,230,dummy-699
820334.646441302,250,230,dummy-699
820367.594473425,250,230,dummy-699
820123.2991908,250,230,dummy-346
820200.811900111,250,230,dummy-346
820348.332820629,250,230,dummy-346
820121.387229126,250,230,dummy-53
820228.191899406,250,230,dummy-53
820231.393506341,250,230,dummy-53
820273.585370142,250,230,dummy-53
820384.599035987,250,230,dummy-53
820138.824246554,250,230,dummy-531
820234.434192658,250,230,dummy-531
820381.458644858,250,230,dummy-531
820268.977122939,250,230,dummy-467
820289.524830871,250,230,dummy-467
820346.054998813,250,230,dummy-467
820122.620825113,250,230,dummy-259
820131.717181734,250,230,dummy-259
820208.09109273,250,230,dummy-259
820330.711809822,250,230,dummy-259
820123.427327346,250,230,dummy-482
820360.784080664,250,230,dummy-482
820201.434279127,250,230,dummy-20
820261.622789281,250,230,dummy-20
820322.783636604,250,230,dummy-20
820340.423301771,250,230,dummy-20
820111.304056453,250,230,dummy-261
820130.309770793,250,230,dummy-261
820133.819705003,250,230,dummy-261
820192.88253241,250,230,dummy-261
820259.632647981,250,230,dummy-261
820284.055206115,250,230,dummy-261
820370.873854752,250,230,dummy-261
820193.330828112,250,230,dummy-420
820196.012570615,250,230,dummy-420
820203.921711596,250,230,dummy-420
820223.725539812,250,230,dummy-420
820237.872287166,250,230,dummy-420
820381.619550416,250,230,dummy-420
820134.304301337,250,230,dummy-732
820143.67470547,250,230,dummy-732
820161.889501009,250,230,dummy-732
820179.763039853,250,230,dummy-732
820203.616911953,250,230,dummy-732
820240.402242718,250,230,dummy-732
820271.955478586,250,230,dummy-732
820128.630378747,250,230,dummy-171
820153.223888683,250,230,dummy-171
820103.20738868,250,230,dummy-723
820212.600331785,250,230,dummy-723
820372.924906287,250,230,dummy-723
820112.13500572,250,230,dummy-114
820116.820244083,250,230,dummy-114
820146.603755899,250,230,dummy-114
820214.795977618,250,230,dummy-114
820104.611910242,250,230,dummy-122
820238.291745116,250,230,dummy-122
820116.584211984,250,230,dummy-214
820122.292267603,250,230,dummy-214
820124.783882391,250,230,dummy-214
820184.476624443,250,230,dummy-214
820201.665356924,250,230,dummy-214
820315.652110533,250,230,dummy-214
820337.437194225,250,230,dummy-214
820219.655301043,250,230,dummy-465
820227.416438503,250,230,dummy-465
820296.301593414,250,230,dummy-465
820376.442789249,250,230,dummy-465
820225.308146139,250,230,dummy-456
820123.996687133,250,230,dummy-522
820135.079487463,250,230,dummy-522
820152.822625214,250,230,dummy-522
820186.320600112,250,230,dummy-522
820194.908318627,250,230,dummy-522
820221.896079975,250,230,dummy-522
820353.798886073,250,230,dummy-296
820305.169491624,250,230,dummy-181
820344.563368391,250,230,dummy-181
820123.99926179,250,230,dummy-437
820175.010763286,250,230,dummy-437
820258.918655246,250,230,dummy-437
820319.180905509,250,230,dummy-437
820348.368937606,250,230,dummy-437
820374.080356109,250,230,dummy-437
820382.596329229,250,230,dummy-437
820182.680439402,250,230,dummy-501
820225.112429879,250,230,dummy-501
820234.786261911,250,230,dummy-501
820247.223660816,250,230,dummy-501
820314.592569955,250,230,dummy-501
820126.319476138,250,230,dummy-274
820179.214187958,250,230,dummy-274
820200.012249541,250,230,dummy-274
820225.558368416,250,230,dummy-274
820324.37776933,250,230,dummy-274
820333.508496923,250,230,dummy-274
820109.022515783,250,230,dummy-301
820213.045784067,250,230,dummy-301
820271.584925464,250,230,dummy-301
820295.986820652,250,230,dummy-301
820100.440211328,250,230,dummy-363
820189.267863847,250,230,dummy-321
820352.599156583,250,230,dummy-321
820359.328807196,250,230,dummy-321
820224.254811528,250,230,dummy-237
820273.669907791,250,230,dummy-237
820328.322273402,250,230,dummy-237
820157.435693127,250,230,dummy-199
820170.193394734,250,230,dummy-199
820270.026136359,250,230,dummy-199
820193.6165641,250,230,dummy-621
820221.489335751,250,230,dummy-621
820237.866884486,250,230,dummy-621
820289.171864461,250,230,dummy-621
820099.048492317,250,230,dummy-542
820147.327912783,250,230,dummy-542
820276.405085569,250,230,dummy-542
820292.383370084,250,230,dummy-542
820299.072496619,250,230,dummy-542
820374.707017574,250,230,dummy-542
820131.63787303,250,230,dummy-712
820120.578812466,250,230,dummy-445
820223.551144534,250,230,dummy-445
820238.104505039,250,230,dummy-445
820282.612035211,250,230,dummy-445
820390.999916057,250,230,dummy-445
820253.648475195,250,230,dummy-515
820278.495711774,250,230,dummy-515
820344.097475153,250,230,dummy-515
820236.245032348,250,230,dummy-31
820247.780068148,250,230,dummy-31
820290.62323614,250,230,dummy-31
820341.525924277,250,230,dummy-31
820386.421210219,250,230,dummy-31
820159.22772939,250,230,dummy-225
820189.891522236,250,230,dummy-225
820284.978533988,250,230,dummy-225
820102.949770266,250,230,dummy-240
820112.492216389,250,230,dummy-240
820179.363360713,250,230,dummy-240
820225.058518176,250,230,dummy-240
820289.613040159,250,230,dummy-240
820324.472760836,250,230,dummy-240
820371.962868434,250,230,dummy-240
820396.678429019,250,230,dummy-240
820380.484510189,250,230,dummy-103
820181.330961624,250,230,dummy-569
820289.204084084,250,230,dummy-569
820322.25667522,250,230,dummy-569
820394.125719917,250,230,dummy-569
820160.748191737,250,230,dummy-748
820178.72762827,250,230,dummy-748
820236.531019394,250,230,dummy-748
820334.103011459,250,230,dummy-748
820336.879890528,250,230,dummy-748
820142.118837757,250,230,dummy-141
820150.424996004,250,230,dummy-141
820228.072506283,250,230,dummy-141
820239.361218706,250,230,dummy-141
820242.950256575,250,230,dummy-141
820258.448605091,250,230,dummy-141
820103.715696076,250,230,dummy-574
820260.060723328,250,230,dummy-574
820166.653975605,250,230,dummy-234
820357.443737542,250,230,dummy-234
820103.164505453,250,230,dummy-720
820144.435184321,250,230,dummy-720
820149.615083706,250,230,dummy-720
820175.070660065,250,230,dummy-454
820240.014649699,250,230,dummy-454
820377.405090792,250,230,dummy-454
820232.139312447,250,230,dummy-286
820325.008499035,250,230,dummy-286
820376.567570317,250,230,dummy-286
820151.544905711,250,230,dummy-125
820166.204969705,250,230,dummy-125
820220.023798034,250,230,dummy-125
820230.028104549,250,230,dummy-125
820122.300620383,250,230,dummy-282
820142.63193743,250,230,dummy-282
820198.477545657,250,230,dummy-282
820275.085483201,250,230,dummy-282
820293.417182947,250,230,dummy-282
820327.358670758,250,230,dummy-282
820139.811461382,250,230,dummy-317
820350.273251696,250,230,dummy-317
820372.213657222,250,230,dummy-317
820380.233168941,250,230,dummy-317
820381.889745931,250,230,dummy-317
820157.534148554,250,230,dummy-284
820164.536534989,250,230,dummy-284
820275.61265041,250,230,dummy-284
820394.897769506,250,230,dummy-284
820106.377975632,250,230,dummy-39
820106.79183212,250,230,dummy-39
820118.888290048,250,230,dummy-39
820168.031192854,250,230,dummy-39
820353.962799773,250,230,dummy-39
820100.920589365,250,230,dummy-200
820153.759616478,250,230,dummy-200
820219.073351611,250,230,dummy-200
820219.816984769,250,230,dummy-200
820202.725642457,250,230,dummy-121
820351.599614138,250,230,dummy-121
820384.183386491,250,230,dummy-121
820136.270207663,250,230,dummy-399
820170.721662853,250,230,dummy-399
820208.248155906,250,230,dummy-399
820317.235163376,250,230,dummy-399
820379.515849664,250,230,dummy-399
820279.472133268,250,230,dummy-13
820151.920812394,250,230,dummy-423
820271.164337184,250,230,dummy-423
820142.778103155,250,230,dummy-262
820157.668486842,250,230,dummy-262
820177.532261823,250,230,dummy-262
820248.138019368,250,230,dummy-262
820310.642493757,250,230,dummy-262
820360.670319533,250,230,dummy-262
820110.779679386,250,230,dummy-640
820151.837347366,250,230,dummy-640
820248.296764825,250,230,dummy-640
820283.503886458,250,230,dummy-640
820372.256828319,250,230,dummy-640
820340.69844377,250,230,dummy-7
820358.567624936,250,230,dummy-7
820255.586979034,250,230,dummy-229
820266.830924997,250,230,dummy-229
820288.214666579,250,230,dummy-229
820326.577755907,250,230,dummy-559
820113.819793718,250,230,dummy-292
820178.533716606,250,230,dummy-292
820110.768060224,250,230,dummy-291
820189.821459523,250,230,dummy-291
820230.751263879,250,230,dummy-291
820121.929150667,250,230,dummy-358
820193.822064683,250,230,dummy-358
820343.009795439,250,230,dummy-358
820165.332026609,250,230,dummy-433
820207.377241564,250,230,dummy-433
820188.984323955,250,230,dummy-519
820120.023934807,250,230,dummy-283
820137.602604473,250,230,dummy-283
820218.008916398,250,230,dummy-283
820273.594218628,250,230,dummy-283
820300.75044,250,230,dummy-283
820387.244067853,250,230,dummy-283
820309.917841847,250,230,dummy-694
820187.173285985,250,230,dummy-306
820235.263817198,250,230,dummy-306
820322.798911047,250,230,dummy-306
820333.198490009,250,230,dummy-306
820110.501270397,250,230,dummy-636
820165.663111084,250,230,dummy-636
820251.276748435,250,230,dummy-636
820307.680218689,250,230,dummy-636
820321.445724256,250,230,dummy-636
820131.43089243,250,230,dummy-385
820139.883654024,250,230,dummy-385
820275.375713614,250,230,dummy-385
820346.216013023,250,230,dummy-385
820211.915228641,250,230,dummy-37
820223.346844183,250,230,dummy-37
820251.621084412,250,230,dummy-37
820364.77593738,250,230,dummy-37
820109.286964334,250,230,dummy-442
820143.079485513,250,230,dummy-442
820210.169151947,250,230,dummy-442
820228.218199513,250,230,dummy-442
820230.263625948,250,230,dummy-442
820291.867614681,250,230,dummy-442
820340.335873519,250,230,dummy-442
820195.48516344,250,230,dummy-46
820239.979370333,250,230,dummy-46
820328.102848914,250,230,dummy-46
820396.760154568,250,230,dummy-46
820185.678600058,250,230,dummy-10
820215.078191156,250,230,dummy-10
820225.12715599,250,230,dummy-10
820327.547140934,250,230,dummy-10
820139.017572939,250,230,dummy-724
820163.515071555,250,230,dummy-724
820175.042672846,250,230,dummy-724
820345.332252948,250,230,dummy-724
820381.06714473,250,230,dummy-724
820348.018786351,250,230,dummy-690
820166.855235492,250,230,dummy-213
820243.27398762,250,230,dummy-213
820379.06017204,250,230,dummy-213
820132.258548461,250,230,dummy-736
820107.832891416,250,230,dummy-74
820131.588854474,250,230,dummy-74
820132.966319223,250,230,dummy-74
820179.103584205,250,230,dummy-74
820212.358030387,250,230,dummy-74
820260.856514463,250,230,dummy-74
820151.899070808,250,230,dummy-646
820323.599280116,250,230,dummy-646
820190.381965104,250,230,dummy-339
820216.825150295,250,230,dummy-339
820318.344618708,250,230,dummy-339
820326.173858918,250,230,dummy-339
820343.431991151,250,230,dummy-339
820363.289331805,250,230,dummy-339
820364.404937284,250,230,dummy-339
820365.148497942,250,230,dummy-339
820392.909536738,250,230,dummy-339
820256.609406661,250,230,dummy-697
820257.051701795,250,230,dummy-697
820127.875341199,250,230,dummy-483
820132.070164299,250,230,dummy-483
820156.800471894,250,230,dummy-483
820183.879676583,250,230,dummy-483
820354.55357677,250,230,dummy-483
820368.618816676,250,230,dummy-483
820145.287928506,250,230,dummy-16
820098.924142252,250,230,dummy-497
820303.787856973,250,230,dummy-497
820388.235227874,250,230,dummy-497
820172.750349741,250,230,dummy-342
820317.866484317,250,230,dummy-342
820329.721837526,250,230,dummy-342
820102.375332602,250,230,dummy-168
820349.287675523,250,230,dummy-168
820222.282539002,250,230,dummy-198
820322.508028618,250,230,dummy-198
820357.758144044,250,230,dummy-198
820359.226221339,250,230,dummy-198
820156.693823982,250,230,dummy-419
820255.169503795,250,230,dummy-419
820101.217697154,250,230,dummy-260
820182.885243553,250,230,dummy-260
820200.626784141,250,230,dummy-260
820099.953173971,250,230,dummy-242
820144.177825826,250,230,dummy-242
820231.4770998,250,230,dummy-242
820334.032185078,250,230,dummy-242
820342.305583067,250,230,dummy-242
820111.976907386,250,230,dummy-578
820127.403604115,250,230,dummy-578
820128.317790713,250,230,dummy-578
820128.371410926,250,230,dummy-578
820154.466935052,250,230,dummy-578
820179.78788122,250,230,dummy-578
820287.63017328,250,230,dummy-578
820352.143775837,250,230,dummy-578
820157.035419147,250,230,dummy-343
820183.093812336,250,230,dummy-343
820192.102533129,250,230,dummy-343
820208.835327658,250,230,dummy-343
820266.298302998,250,230,dummy-343
820293.300943877,250,230,dummy-343
820285.492393512,250,230,dummy-685
820149.937584171,250,230,dummy-17
820195.663015192,250,230,dummy-17
820197.652905884,250,230,dummy-17
820312.467445862,250,230,dummy-17
820341.721487136,250,230,dummy-17
820347.542992398,250,230,dummy-17
820353.937843863,250,230,dummy-17
820382.619445539,250,230,dummy-17
820111.982805496,250,230,dummy-695
820121.838264199,250,230,dummy-695
820142.607969476,250,230,dummy-695
820221.537416313,250,230,dummy-695
820222.036040604,250,230,dummy-695
820304.731852107,250,230,dummy-695
820361.51921028,250,230,dummy-695
820387.530194494,250,230,dummy-695
820388.640832622,250,230,dummy-695
820119.068411236,250,230,dummy-66
820150.196628787,250,230,dummy-66
820372.472140563,250,230,dummy-66
820143.573212706,250,230,dummy-146
820192.604692166,250,230,dummy-146
820205.050121782,250,230,dummy-146
820315.546795653,250,230,dummy-146
820348.817205745,250,230,dummy-146
820368.118068049,250,230,dummy-146
820394.994477504,250,230,dummy-146
820136.59112255,250,230,dummy-156
820138.58213559,250,230,dummy-156
820344.174001345,250,230,dummy-156
820106.939490629,250,230,dummy-396
820328.258228004,250,230,dummy-396
820098.902850602,250,230,dummy-691
820113.431011694,250,230,dummy-691
820166.513845723,250,230,dummy-691
820264.014517452,250,230,dummy-691
820099.607306212,250,230,dummy-1
820113.213137752,250,230,dummy-1
820143.431176446,250,230,dummy-1
820366.212744598,250,230,dummy-1
820378.956411114,250,230,dummy-1
820155.793887786,250,230,dummy-70
820248.560049718,250,230,dummy-70
820249.660958818,250,230,dummy-70
820277.586775275,250,230,dummy-70
820279.991646084,250,230,dummy-70
820322.596949655,250,230,dummy-70
820324.030672948,250,230,dummy-70
820350.469501112,250,230,dummy-70
820354.37358866,250,230,dummy-70
820139.357586837,250,230,dummy-120
820151.011084645,250,230,dummy-120
820323.5944165,250,230,dummy-120
820397.903786947,250,230,dummy-729
820201.02012466,250,230,dummy-388
820267.920588847,250,230,dummy-388
820304.392933302,250,230,dummy-388
820389.903600123,250,230,dummy-388
820127.713378432,250,230,dummy-541
820184.981657984,250,230,dummy-541
820197.107203773,250,230,dummy-514
820341.05222362,250,230,dummy-514
820137.87765659,250,230,dummy-458
820182.28886234,250,230,dummy-458
820379.882092687,250,230,dummy-458
820358.695765611,250,230,dummy-219
820162.234491067,250,230,dummy-667
820172.652167157,250,230,dummy-667
820220.014939631,250,230,dummy-667
820223.489469415,250,230,dummy-667
820184.095967632,250,230,dummy-530
820188.497538347,250,230,dummy-530
820248.614083435,250,230,dummy-530
820324.392577057,250,230,dummy-530
820363.752528055,250,230,dummy-530
820133.275164892,250,230,dummy-630
820168.698962119,250,230,dummy-630
820199.533076666,250,230,dummy-630
820218.141508412,250,230,dummy-630
820245.145999014,250,230,dummy-630
820239.240660681,250,230,dummy-97
820274.382583991,250,230,dummy-97
820148.216259284,250,230,dummy-526
820180.326476612,250,230,dummy-526
820297.527094933,250,230,dummy-526
820174.233111418,250,230,dummy-272
820177.960684668,250,230,dummy-272
820220.778963689,250,230,dummy-272
820225.761878852,250,230,dummy-272
820259.274763763,250,230,dummy-272
820317.421289778,250,230,dummy-272
820352.815429729,250,230,dummy-272
820366.971872544,250,230,dummy-272
820367.111989616,250,230,dummy-272
820372.164479574,250,230,dummy-272
820361.23609737,250,230,dummy-196
820364.13177,250,230,dummy-196
820280.655313808,250,230,dummy-11
820375.811693656,250,230,dummy-438
820207.428572957,250,230,dummy-741
820343.773650583,250,230,dummy-741
820372.560700843,250,230,dummy-741
820117.541447522,250,230,dummy-77
820102.450991775,250,230,dummy-666
820137.153526321,250,230,dummy-666
820167.602176277,250,230,dummy-666
820229.369771591,250,230,dummy-666
820263.858167467,250,230,dummy-666
820274.522117055,250,230,dummy-666
820276.405017794,250,230,dummy-666
820268.341404057,250,230,dummy-170
820282.814265482,250,230,dummy-170
820321.062103952,250,230,dummy-170
820132.679826624,250,230,dummy-230
820183.835841894,250,230,dummy-230
820255.108050689,250,230,dummy-230
820284.050586495,250,230,dummy-230
820301.064658062,250,230,dummy-230
820363.10091836,250,230,dummy-230
820161.313303125,250,230,dummy-8
820355.88497317,250,230,dummy-8
820371.088655355,250,230,dummy-8
820120.752713686,250,230,dummy-668
820286.36466257,250,230,dummy-668
820313.042793457,250,230,dummy-668
820340.108255665,250,230,dummy-668
820208.46035146,250,230,dummy-540
820374.715607392,250,230,dummy-540
820225.959755808,250,230,dummy-67
820302.658191281,250,230,dummy-67
820389.423200882,250,230,dummy-67
820130.919959278,250,230,dummy-614
820243.409539733,250,230,dummy-614
820305.452028811,250,230,dummy-614
820169.066486545,250,230,dummy-290
820170.378432816,250,230,dummy-290
820175.151217921,250,230,dummy-290
820292.914931264,250,230,dummy-290
820103.622859174,250,230,dummy-706
820123.029628856,250,230,dummy-706
820194.092958795,250,230,dummy-706
820212.592460961,250,230,dummy-706
820261.027865119,250,230,dummy-706
820390.208245516,250,230,dummy-706
820120.862889565,250,230,dummy-528
820238.864823565,250,230,dummy-528
820330.112824475,250,230,dummy-528
820352.893153737,250,230,dummy-528
820370.205820882,250,230,dummy-528
820108.556747918,250,230,dummy-652
820153.959768048,250,230,dummy-652
820213.974271074,250,230,dummy-652
820231.247562577,250,230,dummy-652
820304.942006988,250,230,dummy-652
820146.076709966,250,230,dummy-367
820189.316713742,250,230,dummy-367
820255.372022973,250,230,dummy-367
820309.520921571,250,230,dummy-367
820360.567420277,250,230,dummy-367
820121.346734758,250,230,dummy-446
820177.905267947,250,230,dummy-446
820328.252711136,250,230,dummy-446
820114.557955222,250,230,dummy-746
820146.964580079,250,230,dummy-746
820202.754545996,250,230,dummy-746
820320.888656867,250,230,dummy-746
820188.204614419,250,230,dummy-195
820193.718382485,250,230,dummy-195
820194.016063343,250,230,dummy-195
820217.595157701,250,230,dummy-195
820392.619235444,250,230,dummy-195
820103.864525859,250,230,dummy-468
820117.73210791,250,230,dummy-468
820131.905771421,250,230,dummy-468
820343.842433992,250,230,dummy-468
820099.24094654,250,230,dummy-314
820153.732208306,250,230,dummy-314
820182.845535102,250,230,dummy-314
820115.539560818,250,230,dummy-560
820128.629813299,250,230,dummy-560
820222.715706795,250,230,dummy-560
820233.52405816,250,230,dummy-560
820344.141313606,250,230,dummy-560
820376.266908841,250,230,dummy-560
820107.974315678,250,230,dummy-19
820291.354940745,250,230,dummy-19
820346.915813979,250,230,dummy-19
820385.435828527,250,230,dummy-19
820385.819297671,250,230,dummy-19
820112.378660939,250,230,dummy-117
820271.676827361,250,230,dummy-117
820280.177872492,250,230,dummy-117
820268.059276714,250,230,dummy-163
820192.333023306,250,230,dummy-175
820309.031053255,250,230,dummy-175
820315.112728608,250,230,dummy-175
820387.192347141,250,230,dummy-175
820143.274551191,250,230,dummy-693
820201.334567472,250,230,dummy-113
820279.139122319,250,230,dummy-113
820309.185571728,250,230,dummy-113
820330.366510909,250,230,dummy-113
820332.41017086,250,230,dummy-113
820109.243098259,250,230,dummy-641
820230.07631822,250,230,dummy-641
820230.204406446,250,230,dummy-641
820361.037332851,250,230,dummy-641
820103.41338855,250,230,dummy-335
820147.741198701,250,230,dummy-335
820237.68730265,250,230,dummy-335
820265.377416348,250,230,dummy-335
820321.652082972,250,230,dummy-335
820202.982220719,250,230,dummy-256
820209.012919773,250,230,dummy-256
820237.741830177,250,230,dummy-256
820307.742927016,250,230,dummy-256
820395.252844669,250,230,dummy-256
820145.707420638,250,230,dummy-377
820218.675268235,250,230,dummy-377
820243.716251362,250,230,dummy-377
820305.555572519,250,230,dummy-377
820333.108921946,250,230,dummy-377
820198.776424871,250,230,dummy-166
820296.009048449,250,230,dummy-166
820396.412466829,250,230,dummy-166
820118.174265639,250,230,dummy-254
820271.891235589,250,230,dummy-254
820101.820446401,250,230,dummy-629
820234.413511078,250,230,dummy-629
820322.61831968,250,230,dummy-629
820169.512946755,250,230,dummy-217
820220.939182334,250,230,dummy-217
820148.872390488,250,230,dummy-26
820298.10022352,250,230,dummy-26
820346.722284371,250,230,dummy-26
820385.335145324,250,230,dummy-26
820102.92937138,250,230,dummy-289
820268.902197036,250,230,dummy-289
820268.975419966,250,230,dummy-289
820274.765289345,250,230,dummy-289
820335.35609272,250,230,dummy-289
820339.948866566,250,230,dummy-289
820124.655040327,250,230,dummy-626
820149.319724729,250,230,dummy-626
820151.327337738,250,230,dummy-626
820155.746385183,250,230,dummy-626
820193.22706702,250,230,dummy-626
820310.757279145,250,230,dummy-626
820327.101174759,250,230,dummy-626
820098.095978874,250,230,dummy-250
820368.956001866,250,230,dummy-250
820395.271040201,250,230,dummy-250
820157.40263943,250,230,dummy-307
820388.042959088,250,230,dummy-307
820119.123892031,250,230,dummy-735
820149.568312,250,230,dummy-735
820162.793694771,250,230,dummy-735
820174.147299421,250,230,dummy-735
820245.214823408,250,230,dummy-735
820245.799724008,250,230,dummy-735
820317.182927354,250,230,dummy-735
820326.732054808,250,230,dummy-735
820332.864837415,250,230,dummy-735
820387.19239514,250,230,dummy-735
820189.592086986,250,230,dummy-535
820232.749598393,250,230,dummy-535
820106.707293258,250,230,dummy-355
820159.565418989,250,230,dummy-355
820126.075419803,250,230,dummy-273
820100.67359367,250,230,dummy-678
820140.453721194,250,230,dummy-678
820206.214366246,250,230,dummy-678
820372.112365474,250,230,dummy-678
820104.950638638,250,230,dummy-235
820132.676307608,250,230,dummy-235
820138.146289192,250,230,dummy-235
820316.722990878,250,230,dummy-235
820342.300518041,250,230,dummy-235
820115.49114411,250,230,dummy-365
820143.819330552,250,230,dummy-365
820160.265357828,250,230,dummy-365
820334.896062658,250,230,dummy-365
820391.722207144,250,230,dummy-365
820133.11056413,250,230,dummy-589
820151.242695902,250,230,dummy-589
820250.790808603,250,230,dummy-589
820119.708264896,250,230,dummy-609
820135.244233177,250,230,dummy-609
820216.619771681,250,230,dummy-609
820317.941707936,250,230,dummy-609
820119.940413334,250,230,dummy-320
820156.873382824,250,230,dummy-297
820219.581131091,250,230,dummy-297
820281.208615152,250,230,dummy-297
820372.697227217,250,230,dummy-297
820122.856478202,250,230,dummy-450
820124.550625453,250,230,dummy-450
820226.21411781,250,230,dummy-450
820241.429545344,250,230,dummy-450
820324.149688755,250,230,dummy-450
820351.575537844,250,230,dummy-450
820114.409273422,250,230,dummy-329
820301.177047366,250,230,dummy-329
820307.57710214,250,230,dummy-329
820382.735706567,250,230,dummy-329
820165.134997631,250,230,dummy-435
820396.017648853,250,230,dummy-435
820198.926431786,250,230,dummy-132
820228.924732069,250,230,dummy-132
820261.986490502,250,230,dummy-132
820305.925782065,250,230,dummy-132
820198.189768419,250,230,dummy-204
820198.9191988,250,230,dummy-204
820212.339544349,250,230,dummy-204
820264.768784069,250,230,dummy-204
820185.015344519,250,230,dummy-627
820271.995590437,250,230,dummy-627
820330.172471455,250,230,dummy-627
820146.846290529,250,230,dummy-498
820191.81608904,250,230,dummy-498
820281.149327068,250,230,dummy-498
820116.823038724,250,230,dummy-658
820218.269949668,250,230,dummy-658
820253.466477439,250,230,dummy-658
820297.17133647,250,230,dummy-658
820397.881026053,250,230,dummy-658
820100.417811419,250,230,dummy-702
820110.420776203,250,230,dummy-702
820188.07461187,250,230,dummy-702
820318.829225819,250,230,dummy-702
820171.838706753,250,230,dummy-18
820107.821156383,250,230,dummy-15
820120.617065425,250,230,dummy-15
820186.14571261,250,230,dummy-15
820235.752558357,250,230,dummy-15
820289.090150155,250,230,dummy-15
820347.532065811,250,230,dummy-15
820381.008969343,250,230,dummy-15
820383.198734071,250,230,dummy-15
820142.127224192,250,230,dummy-33
820271.31446675,250,230,dummy-33
820292.454778562,250,230,dummy-33
820349.138620648,250,230,dummy-33
820161.650813153,250,230,dummy-406
820171.72891801,250,230,dummy-406
820207.364575115,250,230,dummy-406
820281.931071621,250,230,dummy-406
820283.925122798,250,230,dummy-406
820380.870166359,250,230,dummy-406
820382.743221177,250,230,dummy-406
820169.503007509,250,230,dummy-622
820200.530593611,250,230,dummy-622
820207.568876017,250,230,dummy-622
820240.884108799,250,230,dummy-622
820243.261545324,250,230,dummy-622
820274.092855758,250,230,dummy-622
820381.427731536,250,230,dummy-622
820192.316746303,250,230,dummy-215
820322.272350539,250,230,dummy-215
820354.028344231,250,230,dummy-215
820369.674302017,250,230,dummy-215
820388.414014363,250,230,dummy-215
820135.431318921,250,230,dummy-221
820167.428296252,250,230,dummy-221
820192.776078457,250,230,dummy-221
820288.094312559,250,230,dummy-221
820357.684867143,250,230,dummy-221
820364.289452486,250,230,dummy-221
820106.129498131,250,230,dummy-756
820148.303537795,250,230,dummy-756
820152.496497209,250,230,dummy-756
820228.809924352,250,230,dummy-756
820244.751459457,250,230,dummy-756
820344.682314752,250,230,dummy-756
820105.606899162,250,230,dummy-491
820241.618443462,250,230,dummy-491
820250.228068911,250,230,dummy-491
820312.157147993,250,230,dummy-491
820357.492220252,250,230,dummy-491
820365.154526122,250,230,dummy-491
820395.573014493,250,230,dummy-491
820136.104937048,250,230,dummy-656
820162.014510659,250,230,dummy-656
820251.598960132,250,230,dummy-656
820253.892899936,250,230,dummy-656
820332.118098063,250,230,dummy-656
820360.784818085,250,230,dummy-656
820135.494635539,250,230,dummy-145
820144.654233425,250,230,dummy-145
820140.235753362,250,230,dummy-679
820177.139128997,250,230,dummy-679
820232.341970516,250,230,dummy-679
820259.469601922,250,230,dummy-679
820301.177069872,250,230,dummy-679
820394.692320479,250,230,dummy-679
820109.760882108,250,230,dummy-463
820163.068157921,250,230,dummy-463
820255.602547438,250,230,dummy-463
820278.450286515,250,230,dummy-463
820380.025322312,250,230,dummy-463
820278.58125703,250,230,dummy-452
820348.871443195,250,230,dummy-452
820124.710039619,250,230,dummy-112
820135.603120659,250,230,dummy-112
820175.453474729,250,230,dummy-112
820188.489713862,250,230,dummy-112
820206.094030212,250,230,dummy-112
820271.636365686,250,230,dummy-112
820307.479706677,250,230,dummy-112
820353.102929056,250,230,dummy-112
820099.531202789,250,230,dummy-424
820108.175925939,250,230,dummy-424
820138.62527818,250,230,dummy-424
820177.960727281,250,230,dummy-424
820188.873673835,250,230,dummy-424
820239.713400244,250,230,dummy-424
820301.123881168,250,230,dummy-424
820314.931620411,250,230,dummy-424
820327.990634969,250,230,dummy-424
820167.590446078,250,230,dummy-581
820227.413721996,250,230,dummy-581
820256.281188345,250,230,dummy-581
820306.02951826,250,230,dummy-581
820193.364975227,250,230,dummy-642
820223.074626286,250,230,dummy-642
820337.508777906,250,230,dummy-642
820358.865788369,250,230,dummy-642
820098.357951753,250,230,dummy-338
820120.830007895,250,230,dummy-338
820140.077303004,250,230,dummy-338
820165.952154572,250,230,dummy-338
820338.814837861,250,230,dummy-338
820366.003201775,250,230,dummy-338
820124.564009514,250,230,dummy-536
820159.027030405,250,230,dummy-536
820192.860352112,250,230,dummy-536
820202.145376852,250,230,dummy-536
820247.37453515,250,230,dummy-536
820371.860955287,250,230,dummy-536
820144.166845591,250,230,dummy-765
820188.418510299,250,230,dummy-765
820201.713056938,250,230,dummy-765
820217.414089741,250,230,dummy-765
820294.200071702,250,230,dummy-765
820352.768708206,250,230,dummy-765
820373.259075041,250,230,dummy-116
820373.918311903,250,230,dummy-116
820133.622979643,250,230,dummy-655
820147.925759642,250,230,dummy-655
820165.492800145,250,230,dummy-500
820193.58643342,250,230,dummy-500
820240.980263019,250,230,dummy-431
820125.69804985,250,230,dummy-304
820210.171546825,250,230,dummy-304
820304.833156361,250,230,dummy-304
820352.352274111,250,230,dummy-304
820119.714990192,250,230,dummy-402
820343.678165923,250,230,dummy-402
820361.284908932,250,230,dummy-402
820104.35049974,250,230,dummy-131
820114.184024025,250,230,dummy-131
820232.847866077,250,230,dummy-131
820236.891667889,250,230,dummy-131
820273.308741189,250,230,dummy-131
820335.8405279,250,230,dummy-744
820372.17711646,250,230,dummy-744
820159.443373647,250,230,dummy-82
820190.065148433,250,230,dummy-82
820342.477464841,250,230,dummy-82
820299.523719292,250,230,dummy-34
820120.088377321,250,230,dummy-36
820181.330518297,250,230,dummy-36
820192.617104304,250,230,dummy-36
820376.546076137,250,230,dummy-36
820114.371129901,250,230,dummy-703
820133.929125286,250,230,dummy-703
820269.513953347,250,230,dummy-703
820147.495132279,250,230,dummy-434
820211.171263789,250,230,dummy-434
820242.192352154,250,230,dummy-434
820261.791149099,250,230,dummy-434
820364.877980823,250,230,dummy-434
820120.504387238,250,230,dummy-759
820251.393704188,250,230,dummy-759
820216.97684283,250,230,dummy-623
820326.87452967,250,230,dummy-623
820367.357261492,250,230,dummy-623
820125.050488957,250,230,dummy-517
820155.52201964,250,230,dummy-517
820250.279286793,250,230,dummy-517
820312.441511069,250,230,dummy-517
820320.383182975,250,230,dummy-517
820346.494310177,250,230,dummy-517
820199.713711388,250,230,dummy-80
820323.9851258,250,230,dummy-80
820109.313102435,250,230,dummy-348
820227.192544879,250,230,dummy-348
820250.26351237,250,230,dummy-348
820260.000739468,250,230,dummy-348
820292.45943701,250,230,dummy-348
820306.781765069,250,230,dummy-348
820357.137763807,250,230,dummy-348
820159.51171099,250,230,dummy-687
820359.992815021,250,230,dummy-493
820260.054424226,250,230,dummy-421
820328.004390236,250,230,dummy-421
820268.767524994,250,230,dummy-179
820177.619763075,250,230,dummy-130
820328.769499498,250,230,dummy-130
820366.08174285,250,230,dummy-130
820171.365823157,250,230,dummy-598
820206.300819677,250,230,dummy-598
820303.891662052,250,230,dummy-598
820369.144787894,250,230,dummy-598
820377.389655935,250,230,dummy-598
820384.660884091,250,230,dummy-598
820168.843603288,250,230,dummy-711
820186.341675115,250,230,dummy-711
820275.768339627,250,230,dummy-711
820292.911617096,250,230,dummy-711
820394.412867231,250,230,dummy-711
820175.894206097,250,230,dummy-556
820342.539372776,250,230,dummy-556
820355.35383751,250,230,dummy-556
820385.280885666,250,230,dummy-556
820387.316368754,250,230,dummy-556
820109.627691229,250,230,dummy-634
820156.203385628,250,230,dummy-634
820191.394938374,250,230,dummy-634
820267.620986284,250,230,dummy-634
820335.418265156,250,230,dummy-634
820202.940846814,250,230,dummy-635
820145.391164754,250,230,dummy-426
820269.455590159,250,230,dummy-426
820292.633596574,250,230,dummy-426
820329.077160287,250,230,dummy-426
820361.346871428,250,230,dummy-426
820329.534398667,250,230,dummy-105
820139.078473205,250,230,dummy-660
820370.570521282,250,230,dummy-660
820387.386347492,250,230,dummy-660
820101.633987191,250,230,dummy-606
820143.615141052,250,230,dummy-606
820256.925173268,250,230,dummy-606
820376.883423241,250,230,dummy-606
820106.064137504,250,230,dummy-51
820211.792107727,250,230,dummy-51
820252.844391161,250,230,dummy-51
820321.418159504,250,230,dummy-51
820349.677597582,250,230,dummy-51
820363.793979094,250,230,dummy-51
820336.558098746,250,230,dummy-3
820384.752418048,250,230,dummy-3
820262.308140639,250,230,dummy-157
820293.94736014,250,230,dummy-157
820336.282522655,250,230,dummy-157
820147.256261093,250,230,dummy-154
820175.865447714,250,230,dummy-154
820176.087315406,250,230,dummy-101
820277.23164252,250,230,dummy-101
820211.084965748,250,230,dummy-576
820262.880748954,250,230,dummy-576
820393.950808155,250,230,dummy-576
820120.103636914,250,230,dummy-155
820147.531304659,250,230,dummy-155
820198.826003657,250,230,dummy-155
820233.66849771,250,230,dummy-155
820243.439308377,250,230,dummy-155
820247.194907688,250,230,dummy-155
820351.631103719,250,230,dummy-155
820138.73869654,250,230,dummy-595
820243.567267946,250,230,dummy-464
820335.724269773,250,230,dummy-464
820174.891407901,250,230,dummy-357
820273.938177226,250,230,dummy-357
820290.638680915,250,230,dummy-357
820291.820908495,250,230,dummy-357
820333.496842871,250,230,dummy-357
820340.322130912,250,230,dummy-357
820146.822523385,250,230,dummy-462
820228.24635862,250,230,dummy-462
820277.816648058,250,230,dummy-462
820369.773802097,250,230,dummy-462
820209.07847108,250,230,dummy-565
820367.416361745,250,230,dummy-565
820118.302758964,250,230,dummy-233
820138.190458173,250,230,dummy-233
820139.651625324,250,230,dummy-233
820157.402682381,250,230,dummy-233
820160.393767539,250,230,dummy-233
820190.497000712,250,230,dummy-233
820228.389068731,250,230,dummy-233
820332.031051464,250,230,dummy-233
820223.15609505,250,230,dummy-123
820216.638593265,250,230,dummy-352
820346.18122263,250,230,dummy-352
820388.574003538,250,230,dummy-352
820156.263806847,250,230,dummy-245
820225.20716002,250,230,dummy-245
820321.024848741,250,230,dummy-245
820345.820228444,250,230,dummy-245
820114.464228629,250,230,dummy-59
820117.975828575,250,230,dummy-59
820145.470305668,250,230,dummy-59
820185.756694156,250,230,dummy-59
820352.557477562,250,230,dummy-59
820363.190952427,250,230,dummy-59
820111.875116591,250,230,dummy-151
820312.493332184,250,230,dummy-151
820395.6115434,250,230,dummy-151
820174.943220557,250,230,dummy-305
820299.746316755,250,230,dummy-305
820102.793445656,250,230,dummy-509
820180.55191714,250,230,dummy-509
820335.904239053,250,230,dummy-509
820343.772269001,250,230,dummy-509
820348.709517911,250,230,dummy-509
820389.512729538,250,230,dummy-509
820140.826111521,250,230,dummy-9
820142.399926331,250,230,dummy-9
820274.240338263,250,230,dummy-9
820116.724839781,250,230,dummy-185
820214.580242698,250,230,dummy-185
820246.255097632,250,230,dummy-185
820272.306811529,250,230,dummy-185
820282.823493813,250,230,dummy-185
820356.45496032,250,230,dummy-185
820379.835996882,250,230,dummy-135
820109.443614405,250,230,dummy-299
820270.204864918,250,230,dummy-299
820191.618542486,250,230,dummy-657
820211.64858637,250,230,dummy-657
820189.486396532,250,230,dummy-95
820234.289423538,250,230,dummy-95
820301.467216516,250,230,dummy-95
820100.863127835,250,230,dummy-428
820123.921176535,250,230,dummy-428
820140.321848175,250,230,dummy-428
820178.551089013,250,230,dummy-428
820271.89802444,250,230,dummy-428
820300.271307621,250,230,dummy-428
820305.0669498,250,230,dummy-428
820342.236691619,250,230,dummy-460
820381.680542605,250,230,dummy-460
820109.221684499,250,230,dummy-612
820178.187271979,250,230,dummy-612
820325.115370454,250,230,dummy-612
820354.691263599,250,230,dummy-612
820371.665991668,250,230,dummy-612
820116.877142414,250,230,dummy-745
820149.632733435,250,230,dummy-745
820158.082858236,250,230,dummy-745
820254.894117246,250,230,dummy-745
820112.796992151,250,230,dummy-654
820149.496908747,250,230,dummy-654
820291.740595638,250,230,dummy-654
820335.472779612,250,230,dummy-654
820347.056209437,250,230,dummy-654
820204.910411251,250,230,dummy-584
820283.967422868,250,230,dummy-584
820387.052388787,250,230,dummy-584
820153.01828654,250,230,dummy-534
820291.760723279,250,230,dummy-534
820315.982102421,250,230,dummy-534
820343.567869877,250,230,dummy-534
820302.425341383,250,230,dummy-552
820326.443118588,250,230,dummy-552
820358.673886355,250,230,dummy-552
820127.893054144,250,230,dummy-189
820397.275595834,250,230,dummy-189
820193.836598081,250,230,dummy-709
820207.295671671,250,230,dummy-709
820208.368691397,250,230,dummy-709
820123.341710035,250,230,dummy-326
820204.990361837,250,230,dummy-326
820393.286811924,250,230,dummy-326
820138.324424869,250,230,dummy-49
820209.767449215,250,230,dummy-49
820305.482358499,250,230,dummy-49
820332.696424753,250,230,dummy-49
820166.840757154,250,230,dummy-557
820265.610198234,250,230,dummy-557
820368.065305798,250,230,dummy-557
820259.549885819,250,230,dummy-439
820286.22242684,250,230,dummy-439
820114.898629288,250,230,dummy-71
820252.092701055,250,230,dummy-71
820333.375114621,250,230,dummy-71
820367.367173066,250,230,dummy-71
820262.847954598,250,230,dummy-730
820326.357670775,250,230,dummy-730
820348.728760302,250,230,dummy-730
820355.122356802,250,230,dummy-730
820119.248437176,250,230,dummy-150
820124.984971376,250,230,dummy-150
820137.220308552,250,230,dummy-150
820277.487588006,250,230,dummy-150
820363.07600701,250,230,dummy-150
820377.512990619,250,230,dummy-150
820107.984752889,250,230,dummy-637
820124.401873048,250,230,dummy-637
820354.782446439,250,230,dummy-637
820341.146762555,250,230,dummy-193
820370.596457498,250,230,dummy-193
820158.205485569,250,230,dummy-140
820214.042150749,250,230,dummy-140
820256.679762524,250,230,dummy-140
820282.544415991,250,230,dummy-140
820347.041015123,250,230,dummy-140
820135.476168803,250,230,dummy-92
820261.002973537,250,230,dummy-92
820354.017749945,250,230,dummy-92
820376.351917527,250,230,dummy-92
820181.033319066,250,230,dummy-236
820183.824583232,250,230,dummy-236
820223.779189337,250,230,dummy-236
820138.485573843,250,230,dummy-211
820266.718596492,250,230,dummy-211
820322.256706176,250,230,dummy-211
820186.828752,250,230,dummy-316
820203.226725227,250,230,dummy-316
820319.651204707,250,230,dummy-316
820166.307672804,250,230,dummy-328
820177.604826677,250,230,dummy-328
820211.903565411,250,230,dummy-328
820226.419859272,250,230,dummy-62
820351.761672299,250,230,dummy-62
820364.743029135,250,230,dummy-62
820365.245497099,250,230,dummy-62
820383.065173596,250,230,dummy-62
820121.339224377,250,230,dummy-451
820142.204533144,250,230,dummy-451
820145.569478345,250,230,dummy-451
820394.490067653,250,230,dummy-451
820369.419378891,250,230,dummy-495
820131.544489028,250,230,dummy-708
820245.377263005,250,230,dummy-708
820248.096262801,250,230,dummy-708
820254.808148173,250,230,dummy-708
820098.617281655,250,230,dummy-570
820118.132135164,250,230,dummy-570
820170.45638505,250,230,dummy-570
820103.461343292,250,230,dummy-312
820122.143089437,250,230,dummy-312
820220.835128068,250,230,dummy-312
820297.147174248,250,230,dummy-312
820389.693549815,250,230,dummy-312
820140.0662534,250,230,dummy-390
820334.002713353,250,230,dummy-390
820345.697908081,250,230,dummy-390
820376.150683026,250,230,dummy-390
820382.457813413,250,230,dummy-390
820249.190345868,250,230,dummy-518
820250.744086284,250,230,dummy-518
820167.624387093,250,230,dummy-22
820196.754152093,250,230,dummy-22
820203.464517005,250,230,dummy-22
820228.244917067,250,230,dummy-22
820253.592893655,250,230,dummy-22
820277.355747154,250,230,dummy-22
820319.4731506,250,230,dummy-22
820136.670061367,250,230,dummy-107
820217.077993878,250,230,dummy-107
820280.855890012,250,230,dummy-107
820282.230965861,250,230,dummy-107
820347.64242973,250,230,dummy-107
820155.020537125,250,230,dummy-239
820215.81872478,250,230,dummy-239
820290.571515588,250,230,dummy-239
820350.351293202,250,230,dummy-239
820384.388858911,250,230,dummy-239
820117.175917887,250,230,dummy-162
820221.26557376,250,230,dummy-162
820325.897503473,250,230,dummy-162
820351.582981196,250,230,dummy-162
820369.672702341,250,230,dummy-162
820107.038621434,250,230,dummy-371
820312.473309103,250,230,dummy-371
820102.664871957,250,230,dummy-115
820220.228444447,250,230,dummy-115
820393.619615741,250,230,dummy-115
820323.632893037,250,230,dummy-43
820106.592288508,250,230,dummy-653
820122.177520498,250,230,dummy-653
820180.909276918,250,230,dummy-653
820251.599301207,250,230,dummy-653
820261.2656931,250,230,dummy-653
820331.645127926,250,230,dummy-653
820386.316419111,250,230,dummy-653
820158.477362957,250,230,dummy-153
820220.608205191,250,230,dummy-153
820269.51742145,250,230,dummy-153
820300.875596603,250,230,dummy-153
820108.225329869,250,230,dummy-639
820155.601332727,250,230,dummy-639
820277.167166562,250,230,dummy-639
820119.772608984,250,230,dummy-677
820176.241396844,250,230,dummy-677
820283.44100939,250,230,dummy-677
820321.355070052,250,230,dummy-677
820358.028176765,250,230,dummy-677
820380.041081189,250,230,dummy-677
820119.701219928,250,230,dummy-436
820225.887516442,250,230,dummy-436
820263.564414881,250,230,dummy-436
820307.476326569,250,230,dummy-436
820307.954874746,250,230,dummy-436
820378.933642113,250,230,dummy-436
820136.672701907,250,230,dummy-143
820157.643169079,250,230,dummy-143
820215.718087535,250,230,dummy-143
820303.436067693,250,230,dummy-143
820322.134168579,250,230,dummy-143
820343.501283668,250,230,dummy-143
820356.445220113,250,230,dummy-143
820396.890621049,250,230,dummy-143
820172.559347708,250,230,dummy-563
820176.023015347,250,230,dummy-563
820182.158833401,250,230,dummy-563
820282.222003607,250,230,dummy-563
820323.478334354,250,230,dummy-563
820372.432081187,250,230,dummy-563
820135.053855067,250,230,dummy-447
820135.219677837,250,230,dummy-447
820167.311618293,250,230,dummy-447
820365.867089741,250,230,dummy-447
820369.680068529,250,230,dummy-447
820156.39450902,250,230,dummy-683
820162.656059829,250,230,dummy-683
820167.612982592,250,230,dummy-683
820389.629564399,250,230,dummy-683
820392.677884328,250,230,dummy-683
820390.748091061,250,230,dummy-160
820188.591271071,250,230,dummy-474
820277.695811929,250,230,dummy-474
820330.76885778,250,230,dummy-474
820100.69299911,250,230,dummy-714
820122.878330522,250,230,dummy-714
820165.309217737,250,230,dummy-714
820174.334748678,250,230,dummy-714
820215.839977908,250,230,dummy-714
820165.207741481,250,230,dummy-550
820205.623764067,250,230,dummy-550
820226.139686414,250,230,dummy-550
820109.261014521,250,230,dummy-588
820236.272086026,250,230,dummy-588
820388.377903326,250,230,dummy-588
820120.139969405,250,230,dummy-591
820149.152572045,250,230,dummy-591
820187.753417658,250,230,dummy-591
820316.091842562,250,230,dummy-591
820249.241435545,250,230,dummy-308
820316.736404806,250,230,dummy-308
820335.666576431,250,230,dummy-308
820370.257349169,250,230,dummy-308
820285.441901317,250,230,dummy-327
820309.310413501,250,230,dummy-327
820135.809163389,250,230,dummy-330
820227.902343734,250,230,dummy-330
820272.427335804,250,230,dummy-330
820282.495032992,250,230,dummy-330
820339.759886781,250,230,dummy-330
820113.340572851,250,230,dummy-582
820199.01806181,250,230,dummy-582
820371.575853043,250,230,dummy-582
820342.163801566,250,230,dummy-466
820160.346584421,250,230,dummy-203
820276.225073064,250,230,dummy-203
820310.985007556,250,230,dummy-203
820102.809534903,250,230,dummy-392
820130.048224459,250,230,dummy-392
820206.963364591,250,230,dummy-392
820281.830861522,250,230,dummy-392
820254.578826006,250,230,dummy-331
820274.206181957,250,230,dummy-331
820334.029838926,250,230,dummy-331
820387.142672877,250,230,dummy-331
820142.09319354,250,230,dummy-369
820277.182819093,250,230,dummy-369
820396.109050928,250,230,dummy-369
820123.69048254,250,230,dummy-555
820177.624593152,250,230,dummy-555
820308.356086642,250,230,dummy-555
820382.076558939,250,230,dummy-555
820392.820249539,250,230,dummy-555
820174.971489993,250,230,dummy-42
820150.046811198,250,230,dummy-441
820277.005572208,250,230,dummy-441
820111.83184309,250,230,dummy-6
820278.848803522,250,230,dummy-6
820317.288543373,250,230,dummy-6
820328.015968486,250,230,dummy-6
820338.571024499,250,230,dummy-6
820345.458849006,250,230,dummy-6
820125.623786433,250,230,dummy-69
820170.609990216,250,230,dummy-69
820231.268203649,250,230,dummy-69
820236.505906447,250,230,dummy-69
820344.25412675,250,230,dummy-69
820370.121426537,250,230,dummy-69
820124.573300302,250,230,dummy-191
820148.057168078,250,230,dummy-191
820160.100008239,250,230,dummy-191
820324.913379632,250,230,dummy-362
820104.774589178,250,230,dummy-52
820108.824134186,250,230,dummy-52
820306.007608517,250,230,dummy-52
820373.536206948,250,230,dummy-52
820388.911112281,250,230,dummy-52
820179.694857154,250,230,dummy-618
820183.034132694,250,230,dummy-618
820268.599349071,250,230,dummy-618
820346.596537098,250,230,dummy-618
820395.056770815,250,230,dummy-618
820128.665974151,250,230,dummy-300
820202.76423651,250,230,dummy-144
820265.571794282,250,230,dummy-144
820287.942970673,250,230,dummy-144
820374.76394899,250,230,dummy-144
820395.269723122,250,230,dummy-144
820115.83212173,250,230,dummy-599
820250.34161032,250,230,dummy-599
820330.2952545,250,230,dummy-599
820341.795366737,250,230,dummy-599
820397.369537817,250,230,dummy-599
820111.953805011,250,230,dummy-384
820144.528299691,250,230,dummy-384
820170.601029569,250,230,dummy-384
820123.469739351,250,230,dummy-102
820243.976571713,250,230,dummy-102
820311.952035685,250,230,dummy-102
820321.889991535,250,230,dummy-102
820361.78802989,250,230,dummy-102
820102.539746177,250,230,dummy-333
820284.805717427,250,230,dummy-333
820177.301750993,250,230,dummy-208
820229.776551018,250,230,dummy-208
820367.54230453,250,230,dummy-208
820100.335263192,250,230,dummy-161
820122.983580438,250,230,dummy-161
820145.327677787,250,230,dummy-161
820181.513498305,250,230,dummy-161
820319.150605847,250,230,dummy-161
820327.944569769,250,230,dummy-161
820142.783563187,250,230,dummy-98
820155.633029513,250,230,dummy-98
820170.437412676,250,230,dummy-98
820197.994077633,250,230,dummy-98
820329.238185719,250,230,dummy-98
820125.391842341,250,230,dummy-302
820127.358336634,250,230,dummy-302
820127.784669031,250,230,dummy-302
820134.742927634,250,230,dummy-302
820208.714010115,250,230,dummy-302
820261.569307069,250,230,dummy-302
820265.876596497,250,230,dummy-302
820178.392839873,250,230,dummy-734
820380.189971396,250,230,dummy-734
820103.269507551,250,230,dummy-258
820163.148323366,250,230,dummy-258
820167.210286765,250,230,dummy-258
820220.059386358,250,230,dummy-258
820258.516202549,250,230,dummy-258
820276.468988427,250,230,dummy-258
820391.898072153,250,230,dummy-258
820116.816649751,250,230,dummy-733
820157.050722835,250,230,dummy-733
820283.163597385,250,230,dummy-733
820286.703107101,250,230,dummy-733
820303.645629398,250,230,dummy-733
820194.187775752,250,230,dummy-728
820326.230900123,250,230,dummy-728
820113.97246784,250,230,dummy-701
820254.26621268,250,230,dummy-701
820255.11793304,250,230,dummy-701
820287.152272995,250,230,dummy-701
820098.294863256,250,230,dummy-749
820188.381228028,250,230,dummy-749
820209.91350809,250,230,dummy-749
820147.002100576,250,230,dummy-243
820270.41509713,250,230,dummy-243
820291.0271732,250,230,dummy-243
820160.95687445,250,230,dummy-587
820139.752001072,250,230,dummy-313
820223.632260017,250,230,dummy-313
820266.356469239,250,230,dummy-313
820322.063438558,250,230,dummy-313
820200.407998465,250,230,dummy-403
820288.128821855,250,230,dummy-403
820363.173894349,250,230,dummy-546
820103.795153715,250,230,dummy-324
820233.716198479,250,230,dummy-324
820273.737599224,250,230,dummy-324
820290.223537548,250,230,dummy-324
820325.459894215,250,230,dummy-324
820361.850676176,250,230,dummy-324
820376.587079181,250,230,dummy-324
820110.93155841,250,230,dummy-707
820244.145797607,250,230,dummy-707
820394.719216529,250,230,dummy-707
820200.224898482,250,230,dummy-412
820214.703828447,250,230,dummy-412
820223.56514454,250,230,dummy-412
820287.925631126,250,230,dummy-412
820362.03893587,250,230,dummy-412
820386.228163733,250,230,dummy-412
820135.334727986,250,230,dummy-88
820371.582830402,250,230,dummy-88
820105.492028665,250,230,dummy-134
820114.565088499,250,230,dummy-134
820122.970825235,250,230,dummy-134
820176.755038467,250,230,dummy-134
820206.548723075,250,230,dummy-134
820284.58413399,250,230,dummy-134
820306.074373425,250,230,dummy-134
820351.661849269,250,230,dummy-134
820355.604225217,250,230,dummy-134
820142.065289648,250,230,dummy-206
820175.828676207,250,230,dummy-206
820381.110227652,250,230,dummy-206
820123.195815066,250,230,dummy-89
820144.713981266,250,230,dummy-89
820275.68620409,250,230,dummy-89
820317.484692457,250,230,dummy-89
820106.463643932,250,230,dummy-173
820308.031333782,250,230,dummy-173
820226.657113628,250,230,dummy-137
820278.988261197,250,230,dummy-137
820146.708452821,250,230,dummy-479
820168.613110149,250,230,dummy-186
820304.673843016,250,230,dummy-186
820353.015157528,250,230,dummy-334
820303.4192099,250,230,dummy-387
820333.402430807,250,230,dummy-387
820361.198854878,250,230,dummy-387
820366.767586158,250,230,dummy-387
820110.697792661,250,230,dummy-40
820271.963306792,250,230,dummy-40
820376.231383476,250,230,dummy-40
820384.32844849,250,230,dummy-40
820179.440336236,250,230,dummy-315
820281.965910193,250,230,dummy-315
820359.326391874,250,230,dummy-315
820158.194615408,250,230,dummy-499
820205.224409785,250,230,dummy-499
820271.107103312,250,230,dummy-499
820339.582322755,250,230,dummy-499
820370.862667694,250,230,dummy-499
820392.595336432,250,230,dummy-499
820393.579147465,250,230,dummy-499
820099.497923835,250,230,dummy-106
820247.545497352,250,230,dummy-106
820389.395411324,250,230,dummy-106
820143.778686427,250,230,dummy-378
820210.613172725,250,230,dummy-378
820229.744520486,250,230,dummy-378
820234.856318333,250,230,dummy-378
820365.564542756,250,230,dummy-378
820229.718777065,250,230,dummy-266
820254.676487202,250,230,dummy-266
820315.112757526,250,230,dummy-266
820376.824978092,250,230,dummy-266
820105.873655985,250,230,dummy-404
820157.139965533,250,230,dummy-404
820243.439334364,250,230,dummy-404
820293.313842712,250,230,dummy-404
820324.511495836,250,230,dummy-404
820118.005064795,250,230,dummy-349
820151.916721534,250,230,dummy-349
820175.143905664,250,230,dummy-263
820283.404827385,250,230,dummy-263
820374.064405038,250,230,dummy-55
820376.454922763,250,230,dummy-55
820279.641074947,250,230,dummy-149
820390.116317871,250,230,dummy-149
820129.749230284,250,230,dummy-432
820141.905714677,250,230,dummy-432
820226.581271545,250,230,dummy-432
820328.762314304,250,230,dummy-432
820374.860310233,250,230,dummy-432
820157.006434045,250,230,dummy-675
820109.878057354,250,230,dummy-247
820157.468548239,250,230,dummy-247
820270.411205555,250,230,dummy-247
820318.219007761,250,230,dummy-247
820103.159221532,250,230,dummy-459
820119.332614272,250,230,dummy-459
820288.405542046,250,230,dummy-459
820338.459445197,250,230,dummy-459
820183.426239309,250,230,dummy-461
820323.929401147,250,230,dummy-461
820285.221869792,250,230,dummy-246
820298.627342015,250,230,dummy-246
820196.074224126,250,230,dummy-571
820250.505556215,250,230,dummy-571
820220.298272664,250,230,dummy-659
820233.116558023,250,230,dummy-659
820256.436692232,250,230,dummy-659
820155.053841008,250,230,dummy-27
820252.227462127,250,230,dummy-27
820312.897025883,250,230,dummy-27
820394.778329497,250,230,dummy-2
820396.765458766,250,230,dummy-2
820174.127685682,250,230,dummy-704
820148.86875226,250,230,dummy-405
820383.576127543,250,230,dummy-405
820103.550945744,250,230,dummy-398
820319.077543844,250,230,dummy-398
820156.505741923,250,230,dummy-318
820249.862324269,250,230,dummy-318
820144.022294204,250,230,dummy-416
820179.43233334,250,230,dummy-416
820250.94223376,250,230,dummy-416
820334.974682497,250,230,dummy-416
820338.07562369,250,230,dummy-416
820136.001318087,250,230,dummy-368
820176.472429161,250,230,dummy-368
820305.174226699,250,230,dummy-368
820374.590565107,250,230,dummy-368
820257.504929509,250,230,dummy-295
820153.872603206,250,230,dummy-767
820194.799774359,250,230,dummy-767
820212.253470053,250,230,dummy-767
820219.015968911,250,230,dummy-767
820235.492629284,250,230,dummy-767
820249.900867941,250,230,dummy-767
820330.060630295,250,230,dummy-767
820339.966169466,250,230,dummy-767
820382.716807201,250,230,dummy-767
820117.399580677,250,230,dummy-212
820137.037505254,250,230,dummy-212
820386.142444417,250,230,dummy-212
820107.967603638,250,230,dummy-601
820273.404924747,250,230,dummy-601
820317.684591099,250,230,dummy-265
820397.771395852,250,230,dummy-265
820310.18703067,250,230,dummy-558
820106.167794847,250,230,dummy-47
820164.162823125,250,230,dummy-47
820187.719684906,250,230,dummy-47
820157.242234154,250,230,dummy-344
820226.688396985,250,230,dummy-344
820309.284669056,250,230,dummy-344
820357.566508869,250,230,dummy-344
820113.352012233,250,230,dummy-532
820171.625687721,250,230,dummy-532
820209.646842417,250,230,dummy-532
820162.701233832,250,230,dummy-523
820181.545286731,250,230,dummy-523
820218.897315585,250,230,dummy-523
820230.018542659,250,230,dummy-523
820297.825610077,250,230,dummy-523
820363.274101517,250,230,dummy-523
820366.522799015,250,230,dummy-523
820233.201587937,250,230,dummy-638
820346.649145371,250,230,dummy-638
820369.972523837,250,230,dummy-638
820104.701775928,250,230,dummy-750
820156.922264162,250,230,dummy-750
820264.576216702,250,230,dummy-750
820272.207112223,250,230,dummy-750
820392.323780194,250,230,dummy-750
820165.534559403,250,230,dummy-374
820219.938562808,250,230,dummy-374
820267.562714269,250,230,dummy-374
820125.721945472,250,230,dummy-366
820279.242477835,250,230,dummy-366
820347.997121014,250,230,dummy-366
820226.399205716,250,230,dummy-280
820269.214205513,250,230,dummy-280
820321.698089838,250,230,dummy-280
820330.572739687,250,230,dummy-280
820102.764031786,250,230,dummy-521
820138.146329776,250,230,dummy-521
820146.894951486,250,230,dummy-521
820264.514018669,250,230,dummy-521
820331.033030495,250,230,dummy-521
820354.75870981,250,230,dummy-521
820217.041855678,250,230,dummy-400
820274.494470043,250,230,dummy-400
820349.651820517,250,230,dummy-400
820146.325420221,250,230,dummy-766
820240.994331827,250,230,dummy-766
820283.073132211,250,230,dummy-766
820377.967151131,250,230,dummy-766
820125.20359069,250,230,dummy-713
820204.035635972,250,230,dummy-713
820328.522755977,250,230,dummy-713
820106.170125597,250,230,dummy-737
820282.07153761,250,230,dummy-737
820290.39842836,250,230,dummy-737
820121.462351943,250,230,dummy-188
820179.341260832,250,230,dummy-188
820214.793342696,250,230,dummy-188
820221.771673987,250,230,dummy-188
820282.531416687,250,230,dummy-188
820133.13893459,250,230,dummy-710
820177.214481477,250,230,dummy-710
820274.010657246,250,230,dummy-710
820319.804891891,250,230,dummy-710
820368.114685908,250,230,dummy-710
820368.271917413,250,230,dummy-710
820396.122841939,250,230,dummy-710
820144.407574257,250,230,dummy-257
820185.499766852,250,230,dummy-257
820334.834986054,250,230,dummy-257
820146.867423368,250,230,dummy-164
820149.779495344,250,230,dummy-164
820177.661391832,250,230,dummy-164
820184.879393931,250,230,dummy-700
820361.543194248,250,230,dummy-700
820376.67320497,250,230,dummy-700
820256.461035005,250,230,dummy-427
820344.860374226,250,230,dummy-427
820134.635285097,250,230,dummy-183
820169.252679113,250,230,dummy-681
820251.610718116,250,230,dummy-681
820260.224562917,250,230,dummy-681
820286.470083259,250,230,dummy-681
820313.436941702,250,230,dummy-681
820343.029228224,250,230,dummy-681
820191.030768064,250,230,dummy-209
820327.365498767,250,230,dummy-209
820147.070749068,250,230,dummy-177
820273.293869575,250,230,dummy-177
820311.748966257,250,230,dummy-177
820344.522342367,250,230,dummy-177
820368.670546106,250,230,dummy-177
820099.981123212,250,230,dummy-174
820109.090299066,250,230,dummy-174
820136.480833405,250,230,dummy-174
820234.526985713,250,230,dummy-174
820289.53721241,250,230,dummy-174
820299.323867033,250,230,dummy-174
820376.152312668,250,230,dummy-174
820229.253244221,250,230,dummy-12
820298.178140178,250,230,dummy-12
820305.960209906,250,230,dummy-12
820324.148356869,250,230,dummy-12
820365.102351879,250,230,dummy-12
820232.961058917,250,230,dummy-45
820137.865706616,250,230,dummy-674
820151.432190998,250,230,dummy-674
820191.796657822,250,230,dummy-674
820236.943712681,250,230,dummy-674
820277.201186023,250,230,dummy-674
820312.763849699,250,230,dummy-674
820331.256325014,250,230,dummy-674
820361.878471677,250,230,dummy-674
820205.52091827,250,230,dummy-218
820231.585461971,250,230,dummy-218
820253.408550088,250,230,dummy-218
820257.537189665,250,230,dummy-218
820367.066653355,250,230,dummy-218
820218.443036239,250,230,dummy-664
820248.679481717,250,230,dummy-664
820351.560575389,250,230,dummy-664
820107.967633994,250,230,dummy-604
820162.133379367,250,230,dummy-604
820244.810133636,250,230,dummy-604
820099.306842442,250,230,dummy-625
820248.061430221,250,230,dummy-625
820334.782434753,250,230,dummy-625
820356.52349361,250,230,dummy-625
820378.870426951,250,230,dummy-625
820169.291541309,250,230,dummy-232
820216.089370114,250,230,dummy-232
820225.661018751,250,230,dummy-232
820330.982479672,250,230,dummy-232
820121.418404141,250,230,dummy-669
820129.641623259,250,230,dummy-669
820248.796913435,250,230,dummy-669
820132.263434586,250,230,dummy-63
820254.639528275,250,230,dummy-63
820258.018076832,250,230,dummy-63
820289.250390945,250,230,dummy-63
820128.597140684,250,230,dummy-383
820145.051607653,250,230,dummy-383
820212.437948742,250,230,dummy-383
820246.589545315,250,230,dummy-383
820277.25520991,250,230,dummy-383
820305.363065279,250,230,dummy-383
820126.699369098,250,230,dummy-360
820156.457899196,250,230,dummy-360
820193.584813939,250,230,dummy-360
820223.024678037,250,230,dummy-360
820390.554904848,250,230,dummy-360
820394.34308649,250,230,dummy-360
820175.700218353,250,230,dummy-202
820220.442990362,250,230,dummy-202
820221.651096922,250,230,dummy-202
820222.397670669,250,230,dummy-202
820292.160751943,250,230,dummy-202
820168.684688859,250,230,dummy-309
820259.315728988,250,230,dummy-309
820378.101574014,250,230,dummy-309
820386.203394018,250,230,dummy-309
820135.356995242,250,230,dummy-201
820239.678709955,250,230,dummy-201
820255.898346458,250,230,dummy-201
820266.448608472,250,230,dummy-201
820357.179543327,250,230,dummy-475
820103.38543888,250,230,dummy-486
820103.429461997,250,230,dummy-486
820108.683379276,250,230,dummy-486
820144.056351049,250,230,dummy-486
820144.429741032,250,230,dummy-486
820151.606597289,250,230,dummy-486
820289.642281697,250,230,dummy-486
820288.754100501,250,230,dummy-673
820380.730937154,250,230,dummy-673
820183.531246804,250,230,dummy-738
820226.743289918,250,230,dummy-738
820282.480326039,250,230,dummy-738
820347.98696587,250,230,dummy-738
820109.352827087,250,230,dummy-670
820215.865659608,250,230,dummy-670
820314.590194291,250,230,dummy-670
820322.398012922,250,230,dummy-670
820142.075856628,250,230,dummy-288
820205.752808886,250,230,dummy-288
820261.608055229,250,230,dummy-288
820120.402880282,250,230,dummy-294
820324.200917069,250,230,dummy-294
820358.496477653,250,230,dummy-294
820109.44203471,250,230,dummy-394
820121.648819844,250,230,dummy-394
820344.632303511,250,230,dummy-394
820391.87612156,250,230,dummy-394
820138.382969369,250,230,dummy-91
820184.133391551,250,230,dummy-91
820200.168400688,250,230,dummy-91
820374.691628841,250,230,dummy-91
820108.091687952,250,230,dummy-353
820139.686327685,250,230,dummy-353
820237.858205534,250,230,dummy-353
820261.735668841,250,230,dummy-353
820295.550264816,250,230,dummy-353
820322.354176777,250,230,dummy-353
820367.024869909,250,230,dummy-353
820375.446712829,250,230,dummy-353
820198.456144462,250,230,dummy-93
820223.68561983,250,230,dummy-93
820236.827892019,250,230,dummy-93
820264.827823655,250,230,dummy-93
820287.402006974,250,230,dummy-93
820336.94035047,250,230,dummy-93
820338.962018023,250,230,dummy-93
820365.792947389,250,230,dummy-93
820163.18417573,250,230,dummy-631
820171.780957197,250,230,dummy-631
820356.283149748,250,230,dummy-631
820123.547790962,250,230,dummy-455
820274.439942771,250,230,dummy-455
820341.664793298,250,230,dummy-455
820371.95033071,250,230,dummy-455
820141.635430203,250,230,dummy-57
820299.103040246,250,230,dummy-57
820106.219737993,250,230,dummy-332
820213.153601995,250,230,dummy-332
820376.433721648,250,230,dummy-332
820209.216509808,250,230,dummy-119
820239.538796323,250,230,dummy-119
820261.198744212,250,230,dummy-119
820319.645352477,250,230,dummy-119
820321.426868865,250,230,dummy-119
820334.693578327,250,230,dummy-119
820205.780032886,250,230,dummy-255
820208.082875652,250,230,dummy-255
820221.278087507,250,230,dummy-255
820296.421376747,250,230,dummy-255
820329.107053647,250,230,dummy-705
820370.086237036,250,230,dummy-705
820116.328845394,250,230,dummy-401
820136.965322324,250,230,dummy-401
820265.825057658,250,230,dummy-401
820275.399662399,250,230,dummy-401
820393.884887892,250,230,dummy-401
820302.182120301,250,230,dummy-590
820138.825852719,250,230,dummy-682
820178.311725403,250,230,dummy-682
820183.241683793,250,230,dummy-682
820267.437183415,250,230,dummy-682
820284.321510316,250,230,dummy-682
820126.521764617,250,230,dummy-194
820150.191702301,250,230,dummy-194
820240.727001728,250,230,dummy-194
820339.306694077,250,230,dummy-194
820259.478233963,250,230,dummy-128
820139.570078388,250,230,dummy-35
820226.981149614,250,230,dummy-35
820286.227343221,250,230,dummy-35
820346.904447798,250,230,dummy-35
820350.098552713,250,230,dummy-35
820191.683513761,250,230,dummy-76
820195.305284143,250,230,dummy-76
820204.600608242,250,230,dummy-76
820209.469688733,250,230,dummy-76
820282.690031331,250,230,dummy-76
820274.416290105,250,230,dummy-617
820276.985868799,250,230,dummy-617
820277.42820769,250,230,dummy-617
820285.566008945,250,230,dummy-617
820391.239805455,250,230,dummy-617
820165.919269743,250,230,dummy-425
820384.787459532,250,230,dummy-425
820385.009673201,250,230,dummy-425
820219.302904169,250,230,dummy-603
820166.612241673,250,230,dummy-58
820175.398379501,250,230,dummy-58
820366.492637038,250,230,dummy-58
820143.943112314,250,230,dummy-126
820152.795203255,250,230,dummy-126
820153.943933033,250,230,dummy-126
820270.893099918,250,230,dummy-126
820309.211331437,250,230,dummy-126
820362.957679507,250,230,dummy-126
820365.502025727,250,230,dummy-126
820236.112866267,250,230,dummy-129
820289.737211454,250,230,dummy-129
820101.751553871,250,230,dummy-104
820139.661081414,250,230,dummy-104
820176.304850764,250,230,dummy-104
820365.883913485,250,230,dummy-104
820368.145399984,250,230,dummy-104
820266.527864256,250,230,dummy-64
820292.2555284,250,230,dummy-64
820304.297318057,250,230,dummy-64
820380.487943228,250,230,dummy-64
820323.335908272,250,230,dummy-276
820352.07297019,250,230,dummy-276
820239.110688487,250,230,dummy-341
820281.926358646,250,230,dummy-341
820343.1341325,250,230,dummy-341
820105.485492805,250,230,dummy-100
820120.677191267,250,230,dummy-100
820325.069380263,250,230,dummy-100
820124.160641946,250,230,dummy-758
820129.802603174,250,230,dummy-758
820287.736145095,250,230,dummy-758
820304.713181018,250,230,dummy-758
820347.659127543,250,230,dummy-758
820129.628414613,250,230,dummy-397
820170.218788252,250,230,dummy-397
820312.200635505,250,230,dummy-397
820164.868500883,250,230,dummy-370
820225.950652281,250,230,dummy-370
820261.542720419,250,230,dummy-370
820184.327242192,250,230,dummy-547
820193.850553274,250,230,dummy-547
820212.118772158,250,230,dummy-547
820100.354233525,250,230,dummy-382
820172.947610516,250,230,dummy-382
820193.012504052,250,230,dummy-382
820236.623100951,250,230,dummy-382
820122.430627908,250,230,dummy-544
820368.198622293,250,230,dummy-544
820133.682264864,250,230,dummy-481
820180.265385837,250,230,dummy-481
820297.766573162,250,230,dummy-481
820333.540081127,250,230,dummy-373
820139.647026223,250,230,dummy-602
820183.648501079,250,230,dummy-602
820222.288089436,250,230,dummy-602
820276.765171652,250,230,dummy-602
820326.470960841,250,230,dummy-602
820360.086748894,250,230,dummy-602
820113.045136967,250,230,dummy-752
820146.571300393,250,230,dummy-752
820260.141235648,250,230,dummy-752
820275.655794295,250,230,dummy-752
820278.116733732,250,230,dummy-752
820390.340576774,250,230,dummy-752
820195.34321867,250,230,dummy-4
820226.39645799,250,230,dummy-4
820312.78302049,250,230,dummy-4
820326.818205293,250,230,dummy-4
820395.924760985,250,230,dummy-4
820148.567666594,250,230,dummy-628
820180.758243814,250,230,dummy-628
820364.031163921,250,230,dummy-628
820377.571796158,250,230,dummy-628
820180.963405803,250,230,dummy-138
820251.933241486,250,230,dummy-138
820285.132584534,250,230,dummy-138
820309.248004659,250,230,dummy-138
820361.880806376,250,230,dummy-138
820107.800248552,250,230,dummy-44
820371.975599384,250,230,dummy-44
820272.385436391,250,230,dummy-605
820322.349192757,250,230,dummy-605
820099.344867993,250,230,dummy-393
820111.325114423,250,230,dummy-393
820116.224189708,250,230,dummy-393
820128.32669879,250,230,dummy-393
820355.655554764,250,230,dummy-393
820370.957314198,250,230,dummy-393
820172.259889444,250,230,dummy-516
820181.785972159,250,230,dummy-516
820190.104993397,250,230,dummy-516
820308.054998977,250,230,dummy-516
820319.778752485,250,230,dummy-516
820223.49193867,250,230,dummy-671
820344.945824242,250,230,dummy-671
820130.44196776,250,230,dummy-633
820326.052854372,250,230,dummy-633
820132.378461236,250,230,dummy-662
820190.928782046,250,230,dummy-662
820169.480074757,250,230,dummy-716
820352.172024493,250,230,dummy-716
820215.758835459,250,230,dummy-429
820351.501946502,250,230,dummy-429
820356.564661473,250,230,dummy-429
820368.263810714,250,230,dummy-429
820127.298971503,250,230,dummy-287
820224.94775121,250,230,dummy-287
820225.331917841,250,230,dummy-287
820327.468338391,250,230,dummy-287
820333.08063903,250,230,dummy-287
820205.609076095,250,230,dummy-649
820233.417913117,250,230,dummy-649
820233.424017626,250,230,dummy-649
820256.894058426,250,230,dummy-649
820292.934758855,250,230,dummy-649
820354.048750705,250,230,dummy-649
820396.661390128,250,230,dummy-649
820263.88334845,250,230,dummy-698
820333.33134246,250,230,dummy-698
820359.461883957,250,230,dummy-554
820378.312624053,250,230,dummy-554
820164.652661076,250,230,dummy-83
820204.282222164,250,230,dummy-684
820350.89776908,250,230,dummy-684
820201.654807763,250,230,dummy-147
820252.352945567,250,230,dummy-147
820335.236701266,250,230,dummy-147
820346.231404008,250,230,dummy-147
820388.240900841,250,230,dummy-147
820268.759604779,250,230,dummy-722
820105.273834595,250,230,dummy-148
820148.592624408,250,230,dummy-148
820179.484597701,250,230,dummy-148
820210.060213027,250,230,dummy-148
820225.477820853,250,230,dummy-148
820253.780765663,250,230,dummy-148
820379.189030985,250,230,dummy-148
820118.623428572,250,230,dummy-264
820196.642969043,250,230,dummy-264
820333.128831649,250,230,dummy-264
820345.149157747,250,230,dummy-264
820112.167370771,250,230,dummy-244
820152.795160195,250,230,dummy-267
820155.822566794,250,230,dummy-267
820183.889331015,250,230,dummy-267
820395.570603926,250,230,dummy-267
820372.833465068,250,230,dummy-727
820118.660274681,250,230,dummy-548
820128.117817624,250,230,dummy-548
820284.840491375,250,230,dummy-548
820365.213598361,250,230,dummy-548
820153.607334277,250,230,dummy-231
820157.256843425,250,230,dummy-231
820276.546758215,250,230,dummy-231
820281.611801574,250,230,dummy-231
820295.654481464,250,230,dummy-231
820309.115797489,250,230,dummy-231
820331.598224154,250,230,dummy-231
820344.945902023,250,230,dummy-231
820386.567747271,250,230,dummy-231
820122.56334305,250,230,dummy-50
820192.407024109,250,230,dummy-50
820193.669147661,250,230,dummy-167
820228.614310504,250,230,dummy-167
820126.222821556,250,230,dummy-29
820127.311411508,250,230,dummy-29
820170.702612138,250,230,dummy-29
820300.29002211,250,230,dummy-29
820182.449584634,250,230,dummy-418
820383.684881864,250,230,dummy-418
820235.607122011,250,230,dummy-68
820308.03274818,250,230,dummy-68
820363.399932079,250,230,dummy-68
820260.886168929,250,230,dummy-619
820313.402777565,250,230,dummy-619
820139.819285632,250,230,dummy-75
820301.128625192,250,230,dummy-75
820343.277313864,250,230,dummy-75
820349.065246516,250,230,dummy-75
820178.56666353,250,230,dummy-395
820182.037597193,250,230,dummy-395
820230.251834159,250,230,dummy-395
820347.564661527,250,230,dummy-395
820352.120748942,250,230,dummy-395
820194.159971522,250,230,dummy-94
820321.932629119,250,230,dummy-94
820332.435078774,250,230,dummy-94
820275.974818882,250,230,dummy-133
820301.969737836,250,230,dummy-133
820330.588085023,250,230,dummy-133
820345.488487359,250,230,dummy-133
820123.158525451,250,230,dummy-480
820235.107316398,250,230,dummy-480
820277.139795002,250,230,dummy-480
820279.999956816,250,230,dummy-480
820351.152978054,250,230,dummy-480
820146.708502561,250,230,dummy-72
820304.912765445,250,230,dummy-72
820253.980928053,250,230,dummy-561
820300.331091214,250,230,dummy-561
820347.797243659,250,230,dummy-561
820143.009007378,250,230,dummy-686
820261.72535001,250,230,dummy-686
820262.99097429,250,230,dummy-686
820352.031373921,250,230,dummy-686
820390.176501354,250,230,dummy-686
820232.405955665,250,230,dummy-564
820349.633172002,250,230,dummy-564
820198.062115342,250,230,dummy-361
820207.143515356,250,230,dummy-361
820260.661782336,250,230,dummy-361
820308.100575034,250,230,dummy-361
820267.096194951,250,230,dummy-184
820299.99305166,250,230,dummy-184
820371.559809296,250,230,dummy-184
820166.578814578,250,230,dummy-645
820193.404912869,250,230,dummy-645
820236.42709967,250,230,dummy-645
820304.878805747,250,230,dummy-645
820248.77362573,250,230,dummy-762
820213.946033869,250,230,dummy-165
820248.296792023,250,230,dummy-165
820328.213909163,250,230,dummy-158
820354.966830964,250,230,dummy-158
820395.839834242,250,230,dummy-158
820104.38896721,250,230,dummy-444
820208.513845188,250,230,dummy-444
820217.058003232,250,230,dummy-444
820266.060569323,250,230,dummy-444
820327.234669093,250,230,dummy-444
820352.026536292,250,230,dummy-444
820366.357914672,250,230,dummy-444
820151.167032725,250,230,dummy-764
820268.448133375,250,230,dummy-764
820347.004410054,250,230,dummy-764
820315.689237318,250,230,dummy-271
820372.824643326,250,230,dummy-271
820189.575708523,250,230,dummy-593
820254.385305265,250,230,dummy-593
820114.825198604,250,230,dummy-417
820166.464769374,250,230,dummy-417
820206.934391459,250,230,dummy-417
820117.979447441,250,230,dummy-579
820133.83645955,250,230,dummy-579
820136.700136545,250,230,dummy-579
820161.736387169,250,230,dummy-579
820344.8617646,250,230,dummy-579
820160.770229678,250,230,dummy-663
820214.193417226,250,230,dummy-663
820226.805572204,250,230,dummy-663
820360.30706089,250,230,dummy-663
820386.697744757,250,230,dummy-21
820261.205837976,250,230,dummy-139
820289.093894148,250,230,dummy-139
820304.782001721,250,230,dummy-139
820305.841126075,250,230,dummy-79
820255.034939249,250,230,dummy-124
820325.329025924,250,230,dummy-124
820331.100089782,250,230,dummy-124
820397.628527587,250,230,dummy-124
820100.061780862,250,230,dummy-60
820167.249407694,250,230,dummy-60
820337.666957985,250,230,dummy-60
820124.455280346,250,230,dummy-739
820392.47664731,250,230,dummy-739
820134.765705233,250,230,dummy-763
820145.725747576,250,230,dummy-763
820155.854350077,250,230,dummy-763
820184.766109845,250,230,dummy-763
820264.190895896,250,230,dummy-763
820307.617481006,250,230,dummy-763
820313.954559444,250,230,dummy-763
820146.749560124,250,230,dummy-721
820182.340821733,250,230,dummy-721
820195.02205847,250,230,dummy-721
820210.18960404,250,230,dummy-721
820331.013566423,250,230,dummy-721
820244.185637728,250,230,dummy-99
820310.118995313,250,230,dummy-99
820370.856785599,250,230,dummy-99
820371.675941475,250,230,dummy-99
820174.744089121,250,230,dummy-511
820217.375262634,250,230,dummy-511
820174.24793873,250,230,dummy-293
820191.899102266,250,230,dummy-293
820194.56543329,250,230,dummy-293
820303.229102854,250,230,dummy-293
820100.56985169,250,230,dummy-278
820316.293425382,250,230,dummy-278
820342.640083188,250,230,dummy-278
820349.807287877,250,230,dummy-278
820375.247822525,250,230,dummy-278
820309.921297749,250,230,dummy-611
820324.489376042,250,230,dummy-611
820193.503957548,250,230,dummy-281
820214.544481869,250,230,dummy-281
820359.825989221,250,230,dummy-281
820235.508147647,250,230,dummy-411
820237.714276194,250,230,dummy-411
820260.304013886,250,230,dummy-411
820330.025336791,250,230,dummy-411
820366.842624867,250,230,dummy-411
820112.213367951,250,230,dummy-583
820120.328318175,250,230,dummy-583
820191.865365254,250,230,dummy-583
820332.911008953,250,230,dummy-583
820351.25273726,250,230,dummy-583
820131.873830306,250,230,dummy-81
820159.947774498,250,230,dummy-81
820236.830295049,250,230,dummy-81
820334.577540759,250,230,dummy-81
820192.706917987,250,230,dummy-220
820206.959647384,250,230,dummy-220
820346.063642993,250,230,dummy-220
820131.800001707,250,230,dummy-525
820196.116612185,250,230,dummy-525
820335.892480109,250,230,dummy-525
820360.816911339,250,230,dummy-525
820397.492877836,250,230,dummy-525
820172.573004349,250,230,dummy-48
820193.248324579,250,230,dummy-48
820344.853059709,250,230,dummy-48
820384.684776746,250,230,dummy-48
820169.709420223,250,230,dummy-529
820227.560456133,250,230,dummy-529
820241.45990597,250,230,dummy-529
820277.917207486,250,230,dummy-529
820290.914528904,250,230,dummy-529
820387.287605795,250,230,dummy-529
820208.499967488,250,230,dummy-489
820273.393900349,250,230,dummy-489
820297.930343368,250,230,dummy-489
820330.04248912,250,230,dummy-489
820381.440242942,250,230,dummy-489
820134.148537225,250,230,dummy-577
820286.889620905,250,230,dummy-577
820279.568976573,250,230,dummy-118
820303.00356782,250,230,dummy-118
820303.871745836,250,230,dummy-118
820360.029021832,250,230,dummy-118
820385.711589104,250,230,dummy-118
820253.173486602,250,230,dummy-594
820382.440568098,250,230,dummy-594
820106.825003128,250,230,dummy-743
820142.403571891,250,230,dummy-743
820146.592241293,250,230,dummy-743
820195.869766413,250,230,dummy-743
820235.196250901,250,230,dummy-743
820293.654202543,250,230,dummy-743
820334.588913442,250,230,dummy-743
820201.858796281,250,230,dummy-54
820216.879146096,250,230,dummy-54
820356.628836901,250,230,dummy-54
820382.43016827,250,230,dummy-54
820107.288347313,250,230,dummy-336
820133.885019715,250,230,dummy-336
820323.240014442,250,230,dummy-336
820168.631624725,250,230,dummy-32
820285.875645866,250,230,dummy-32
820305.382568371,250,230,dummy-32
820394.919250734,250,230,dummy-32
820138.720229517,250,230,dummy-651
820209.689051242,250,230,dummy-651
820226.28733118,250,230,dummy-651
820392.771374432,250,230,dummy-651
820108.050492376,250,230,dummy-180
820168.908052408,250,230,dummy-180
820257.973524193,250,230,dummy-180
820338.863469816,250,230,dummy-180
820209.13167352,250,230,dummy-322
820357.932335922,250,230,dummy-322
820392.716971292,250,230,dummy-322
820133.754063941,250,230,dummy-537
820158.146180344,250,230,dummy-537
820323.433818189,250,230,dummy-537
820337.859128194,250,230,dummy-537
820393.905762795,250,230,dummy-537
820105.118215694,250,230,dummy-502
820205.554585094,250,230,dummy-502
820268.895487654,250,230,dummy-502
820313.510242365,250,230,dummy-502
820324.169568932,250,230,dummy-502
820221.008669488,250,230,dummy-238
820234.98210491,250,230,dummy-238
820334.94754103,250,230,dummy-238
820118.155460892,250,230,dummy-731
820177.238114941,250,230,dummy-731
820189.159558746,250,230,dummy-731
820211.146362105,250,230,dummy-731
820220.65649634,250,230,dummy-731
820303.372089707,250,230,dummy-731
820323.301793293,250,230,dummy-731
820348.466927309,250,230,dummy-731
820111.208170738,250,230,dummy-607
820145.450005961,250,230,dummy-607
820210.277833671,250,230,dummy-607
820264.231711701,250,230,dummy-607
820136.215957119,250,230,dummy-380
820192.689758103,250,230,dummy-380
820202.59634386,250,230,dummy-380
820233.537507591,250,230,dummy-380
820294.339822452,250,230,dummy-380
820302.485919477,250,230,dummy-380
820103.284919992,250,230,dummy-96
820156.789709437,250,230,dummy-96
820273.39984779,250,230,dummy-96
820324.558064461,250,230,dummy-96
820119.166276249,250,230,dummy-719
820171.879412561,250,230,dummy-719
820174.353174842,250,230,dummy-719
820247.912690082,250,230,dummy-719
820112.054608509,250,230,dummy-490
820296.155097498,250,230,dummy-490
820308.776540182,250,230,dummy-490
820147.05987451,250,230,dummy-726
820257.334369979,250,230,dummy-726
820296.56110051,250,230,dummy-726
820304.306736672,250,230,dummy-726
820347.830644326,250,230,dummy-726
820107.349742396,250,230,dummy-492
820180.696110731,250,230,dummy-492
820122.654177753,250,230,dummy-615
820149.778111916,250,230,dummy-615
820311.240616686,250,230,dummy-615
820317.825144629,250,230,dummy-615
820375.652890476,250,230,dummy-615
820271.923007122,250,230,dummy-568
820309.132545649,250,230,dummy-568
820381.037424762,250,230,dummy-568
820211.612280796,250,230,dummy-510
820258.66183447,250,230,dummy-510
820295.159878804,250,230,dummy-510
820300.267581929,250,230,dummy-510
820159.348235112,250,230,dummy-86
820174.076218089,250,230,dummy-86
820238.13420423,250,230,dummy-86
820313.56390334,250,230,dummy-86
820363.12021405,250,230,dummy-86
820252.907747314,250,230,dummy-222
820258.530284963,250,230,dummy-222
820173.740619874,250,230,dummy-359
820386.047889883,250,230,dummy-359
820120.937269622,250,230,dummy-676
820121.917800886,250,230,dummy-676
820212.361393684,250,230,dummy-676
820231.179367292,250,230,dummy-676
820271.538953004,250,230,dummy-676
820306.424366943,250,230,dummy-676
820374.95307866,250,230,dummy-676
820120.829969029,250,230,dummy-520
820264.4829384,250,230,dummy-520
820342.0680158,250,230,dummy-520
820370.606689947,250,230,dummy-520
820385.115126016,250,230,dummy-520
820143.201732952,250,230,dummy-350
820098.200414976,250,230,dummy-84
820223.772588914,250,230,dummy-84
820252.876304231,250,230,dummy-84
820329.106798498,250,230,dummy-84
820332.493284502,250,230,dummy-84
820256.533988165,250,230,dummy-61
820262.554596236,250,230,dummy-61
820166.915846272,250,230,dummy-507
820292.726222014,250,230,dummy-507
820336.928985108,250,230,dummy-507
820195.165643528,250,230,dummy-379
820247.719263101,250,230,dummy-379
820395.807916464,250,230,dummy-379
820182.702102114,250,230,dummy-323
820211.842997759,250,230,dummy-323
820288.329212672,250,230,dummy-323
820147.808571162,250,230,dummy-5
820149.536366107,250,230,dummy-5
820235.968467517,250,230,dummy-5
820373.01531096,250,230,dummy-5
820156.40020428,250,230,dummy-207
820162.919157852,250,230,dummy-207
820180.097321696,250,230,dummy-207
820259.274805843,250,230,dummy-207
820270.70071284,250,230,dummy-207
820390.509466853,250,230,dummy-207
