arrival_time,input_tokens,output_tokens,adapter
816710.72601052,250,230,dummy-715
816876.338307932,250,230,dummy-715
816903.015899376,250,230,dummy-715
816930.080930605,250,230,dummy-715
816719.755161394,250,230,dummy-644
816725.973995459,250,230,dummy-109
816766.444863567,250,230,dummy-109
816895.146356748,250,230,dummy-109
816964.562397036,250,230,dummy-109
816870.628093187,250,230,dummy-270
816738.845306545,250,230,dummy-760
816888.071940759,250,230,dummy-760
816936.694523459,250,230,dummy-760
816975.306960311,250,230,dummy-760
816843.620595515,250,230,dummy-408
816868.467856275,250,230,dummy-408
816934.06861858,250,230,dummy-408
816701.803343617,250,230,dummy-376
816868.818916173,250,230,dummy-376
816907.258771354,250,230,dummy-376
816917.986622162,250,230,dummy-376
816928.541449439,250,230,dummy-376
816935.429325459,250,230,dummy-376
816717.68539469,250,230,dummy-754
816774.9543296,250,230,dummy-754
816690.308583619,250,230,dummy-512
816712.957137291,250,230,dummy-512
816735.301634419,250,230,dummy-512
816771.487830662,250,230,dummy-512
816909.124623709,250,230,dummy-512
816917.918692006,250,230,dummy-512
816746.978376469,250,230,dummy-192
816784.1600077,250,230,dummy-643
816916.201478912,250,230,dummy-643
816732.09155952,250,230,dummy-494
816740.397483563,250,230,dummy-494
816818.045619338,250,230,dummy-494
816829.334780101,250,230,dummy-494
816832.924008782,250,230,dummy-494
816848.421984415,250,230,dummy-494
816895.142016333,250,230,dummy-381
816934.535430332,250,230,dummy-381
816712.144505778,250,230,dummy-692
816881.44791665,250,230,dummy-692
816887.434533454,250,230,dummy-692
816936.891797576,250,230,dummy-692
816981.095021175,250,230,dummy-692
816692.902313686,250,230,dummy-740
816858.874711164,250,230,dummy-740
816858.948570231,250,230,dummy-740
816864.739061314,250,230,dummy-740
816925.330908286,250,230,dummy-740
816929.924130743,250,230,dummy-740
816783.302701338,250,230,dummy-476
816785.983577425,250,230,dummy-476
816793.893128919,250,230,dummy-476
816813.69704416,250,230,dummy-476
816827.84580571,250,230,dummy-476
816971.592581502,250,230,dummy-476
816845.560282794,250,230,dummy-504
816856.804607435,250,230,dummy-504
816878.188353221,250,230,dummy-504
816729.050574755,250,230,dummy-190
816960.542679591,250,230,dummy-190
816977.359674702,250,230,dummy-190
816943.455924176,250,230,dummy-585
816707.148154548,250,230,dummy-391
816811.237627812,250,230,dummy-391
816915.870381753,250,230,dummy-391
816941.555656247,250,230,dummy-391
816959.645131952,250,230,dummy-391
816978.384925947,250,230,dummy-391
816728.612359447,250,230,dummy-226
816781.897735036,250,230,dummy-226
816804.291956902,250,230,dummy-226
816824.683665577,250,230,dummy-226
816864.493216058,250,230,dummy-226
816783.114292292,250,230,dummy-725
816967.863495883,250,230,dummy-725
816694.674143838,250,230,dummy-549
816746.894287235,250,230,dummy-549
816854.547709655,250,230,dummy-549
816862.179672551,250,230,dummy-549
816982.295756001,250,230,dummy-549
816727.850077658,250,230,dummy-187
816772.26107295,250,230,dummy-187
816969.854603436,250,230,dummy-187
816794.253674124,250,230,dummy-268
816940.869183935,250,230,dummy-268
816724.277251391,250,230,dummy-600
816733.647948459,250,230,dummy-600
816751.863158757,250,230,dummy-600
816769.734316133,250,230,dummy-600
816793.589606445,250,230,dummy-600
816830.375690431,250,230,dummy-600
816861.928999174,250,230,dummy-600
816787.132029233,250,230,dummy-90
816808.874529589,250,230,dummy-90
816813.724304192,250,230,dummy-90
816699.324189232,250,230,dummy-73
816805.8375759,250,230,dummy-73
816904.561406309,250,230,dummy-73
816912.368785526,250,230,dummy-73
816723.933492559,250,230,dummy-487
816788.275241837,250,230,dummy-487
816805.304459807,250,230,dummy-487
816964.132284883,250,230,dummy-487
816737.042930658,250,230,dummy-573
816863.26633575,250,230,dummy-573
816901.721671417,250,230,dummy-573
816934.495008565,250,230,dummy-573
816958.64341579,250,230,dummy-573
816722.351305852,250,230,dummy-25
816780.901800076,250,230,dummy-25
816748.059340481,250,230,dummy-632
816750.51283696,250,230,dummy-632
816786.911829412,250,230,dummy-632
816860.462886381,250,230,dummy-632
816888.050642978,250,230,dummy-632
816716.097220768,250,230,dummy-252
816740.798206268,250,230,dummy-252
816749.033185658,250,230,dummy-252
816757.561478236,250,230,dummy-252
816832.389065098,250,230,dummy-252
816935.400391381,250,230,dummy-252
816947.025978577,250,230,dummy-252
816968.937830928,250,230,dummy-252
816771.304381976,250,230,dummy-152
816879.177801638,250,230,dummy-152
816912.23069869,250,230,dummy-152
816691.792811023,250,230,dummy-224
816824.385521729,250,230,dummy-224
816912.590368094,250,230,dummy-224
816747.408383103,250,230,dummy-608
816760.166469896,250,230,dummy-608
816859.998972953,250,230,dummy-608
816694.361061761,250,230,dummy-485
816798.486489443,250,230,dummy-485
816807.029889624,250,230,dummy-485
816856.033160496,250,230,dummy-485
816917.206989285,250,230,dummy-485
816941.997794129,250,230,dummy-485
816956.328491304,250,230,dummy-485
816794.883998944,250,230,dummy-285
816873.942002185,250,230,dummy-285
816977.027778422,250,230,dummy-285
816959.392644999,250,230,dummy-768
816920.428774197,250,230,dummy-28
816799.188593922,250,230,dummy-443
816829.510606085,250,230,dummy-443
816851.170404037,250,230,dummy-443
816909.616515154,250,230,dummy-443
816911.398005638,250,230,dummy-443
816924.665187447,250,230,dummy-443
816728.296118901,250,230,dummy-755
816799.739369961,250,230,dummy-755
816895.454754895,250,230,dummy-755
816922.668466454,250,230,dummy-755
816791.627793722,250,230,dummy-553
816842.3259763,250,230,dummy-553
816925.20989695,250,230,dummy-553
816936.203642834,250,230,dummy-553
816978.212524016,250,230,dummy-553
816693.386506769,250,230,dummy-757
816737.714754936,250,230,dummy-757
816827.661555164,250,230,dummy-757
816855.35161686,250,230,dummy-757
816911.626277206,250,230,dummy-757
816695.579470496,250,230,dummy-610
816831.58982464,250,230,dummy-610
816840.198931652,250,230,dummy-610
816902.126286743,250,230,dummy-610
816947.461859786,250,230,dummy-610
816955.124409048,250,230,dummy-610
816985.542608616,250,230,dummy-610
816812.254831426,250,230,dummy-672
816912.480644477,250,230,dummy-672
816947.729607727,250,230,dummy-672
816949.197150729,250,230,dummy-672
816764.915841667,250,230,dummy-478
816889.718718726,250,230,dummy-478
816720.892982964,250,230,dummy-597
816833.38129934,250,230,dummy-597
816895.423349577,250,230,dummy-597
816778.563825803,250,230,dummy-182
816867.668386124,250,230,dummy-182
816920.741462034,250,230,dummy-182
816718.809284582,250,230,dummy-665
816800.423234211,250,230,dummy-665
816875.688713432,250,230,dummy-665
816964.305852077,250,230,dummy-665
816726.644392933,250,230,dummy-761
816747.613344711,250,230,dummy-761
816805.687941058,250,230,dummy-761
816893.406089715,250,230,dummy-761
816912.103929903,250,230,dummy-761
816933.470740373,250,230,dummy-761
816946.415460552,250,230,dummy-761
816986.85939397,250,230,dummy-761
816792.697441509,250,230,dummy-172
816941.572743064,250,230,dummy-172
816974.156665835,250,230,dummy-172
816713.400023893,250,230,dummy-205
816950.757528077,250,230,dummy-205
816750.721296208,250,230,dummy-410
816768.700519186,250,230,dummy-410
816826.504414408,250,230,dummy-410
816924.078002941,250,230,dummy-410
816926.85539892,250,230,dummy-410
816715.595395526,250,230,dummy-142
816760.581421085,250,230,dummy-142
816821.238462699,250,230,dummy-142
816826.477685296,250,230,dummy-142
816934.225495681,250,230,dummy-142
816960.092888289,250,230,dummy-142
816970.457661725,250,230,dummy-488
816693.257839644,250,230,dummy-325
816746.762099772,250,230,dummy-325
816863.37226108,250,230,dummy-325
816914.530142431,250,230,dummy-325
816774.852003582,250,230,dummy-248
816951.517069281,250,230,dummy-248
816966.646924688,250,230,dummy-248
816875.464956085,250,230,dummy-586
816725.260199247,250,230,dummy-689
816751.636543226,250,230,dummy-689
816753.678828594,250,230,dummy-689
816782.070551649,250,230,dummy-689
816815.202325685,250,230,dummy-689
816830.721966778,250,230,dummy-689
816870.628439473,250,230,dummy-689
816948.854554941,250,230,dummy-689
816777.278578965,250,230,dummy-169
816905.965902449,250,230,dummy-169
816926.063246098,250,230,dummy-169
816952.422667421,250,230,dummy-169
816717.002241856,250,230,dummy-386
816782.327814132,250,230,dummy-386
816840.520151764,250,230,dummy-386
816910.889199263,250,230,dummy-386
816822.37890999,250,230,dummy-41
816939.606340792,250,230,dummy-41
816697.32342791,250,230,dummy-375
816770.669742134,250,230,dummy-375
816703.324665261,250,230,dummy-472
816761.598936168,250,230,dummy-472
816799.6191898,250,230,dummy-472
816691.72345499,250,230,dummy-543
816729.632575309,250,230,dummy-543
816766.276388502,250,230,dummy-543
816955.855252417,250,230,dummy-543
816958.11716211,250,230,dummy-543
816759.038756179,250,230,dummy-580
816760.351263636,250,230,dummy-580
816765.123787064,250,230,dummy-580
816882.887464352,250,230,dummy-580
816767.27404162,250,230,dummy-249
816819.74913191,250,230,dummy-249
816957.515004838,250,230,dummy-249
816740.018483626,250,230,dummy-356
816866.976698624,250,230,dummy-356
816690.412851119,250,230,dummy-473
816721.403552393,250,230,dummy-14
816729.855451829,250,230,dummy-14
816865.348713534,250,230,dummy-14
816936.188934176,250,230,dummy-14
816809.627372458,250,230,dummy-159
816817.387889959,250,230,dummy-159
816886.273365913,250,230,dummy-159
816966.414190657,250,230,dummy-159
816741.140333415,250,230,dummy-216
816858.421893753,250,230,dummy-216
816936.978246133,250,230,dummy-216
816847.476834687,250,230,dummy-572
816758.815891496,250,230,dummy-430
816776.313611646,250,230,dummy-430
816865.740471935,250,230,dummy-430
816882.883892424,250,230,dummy-430
816984.384532138,250,230,dummy-430
816713.441405618,250,230,dummy-223
816833.947633516,250,230,dummy-223
816901.923028935,250,230,dummy-223
816911.860536343,250,230,dummy-223
816951.758610531,250,230,dummy-223
816767.258001824,250,230,dummy-647
816784.511744224,250,230,dummy-647
816804.110792784,250,230,dummy-647
816807.748805238,250,230,dummy-647
816813.412578694,250,230,dummy-647
816824.110933523,250,230,dummy-647
816861.782658315,250,230,dummy-647
816897.462893371,250,230,dummy-647
816930.411830547,250,230,dummy-647
816935.246361539,250,230,dummy-647
816978.032463234,250,230,dummy-647
816798.43150757,250,230,dummy-469
816964.686607662,250,230,dummy-469
816768.365604294,250,230,dummy-457
816970.163020161,250,230,dummy-457
816711.360091818,250,230,dummy-688
816818.164106152,250,230,dummy-688
816821.364254767,250,230,dummy-688
816863.555679249,250,230,dummy-688
816974.570315741,250,230,dummy-688
816693.766626448,250,230,dummy-351
816823.688619253,250,230,dummy-351
816863.710710389,250,230,dummy-351
816880.196022256,250,230,dummy-351
816915.43281359,250,230,dummy-351
816951.823102781,250,230,dummy-351
816966.559015861,250,230,dummy-351
816791.830010454,250,230,dummy-616
816806.850494317,250,230,dummy-616
816946.600570147,250,230,dummy-616
816972.401263708,250,230,dummy-616
816783.022591285,250,230,dummy-354
816887.319645883,250,230,dummy-354
816944.069626806,250,230,dummy-354
816742.990188764,250,230,dummy-613
816881.732625385,250,230,dummy-613
816905.954459936,250,230,dummy-613
816933.540965167,250,230,dummy-613
816741.893091362,250,230,dummy-484
816861.136029223,250,230,dummy-484
816696.035688568,250,230,dummy-319
816801.763496124,250,230,dummy-319
816842.816221141,250,230,dummy-319
816911.390058685,250,230,dummy-319
816939.648687596,250,230,dummy-319
816953.763901385,250,230,dummy-319
816690.665221699,250,230,dummy-340
816712.850500278,250,230,dummy-340
816755.281332536,250,230,dummy-340
816764.306820441,250,230,dummy-340
816805.812951482,250,230,dummy-340
816754.624663497,250,230,dummy-407
816708.129300885,250,230,dummy-108
816767.211209633,250,230,dummy-108
816779.132382668,250,230,dummy-108
816801.118870996,250,230,dummy-108
816810.628769116,250,230,dummy-108
816893.344775218,250,230,dummy-108
816913.27473696,250,230,dummy-108
816938.439619001,250,230,dummy-108
816765.116685277,250,230,dummy-347
816873.378454127,250,230,dummy-347
816743.844943366,250,230,dummy-538
816784.771344228,250,230,dummy-538
816802.225715147,250,230,dummy-538
816808.988497118,250,230,dummy-538
816825.465327049,250,230,dummy-538
816839.873997827,250,230,dummy-538
816920.033316105,250,230,dummy-538
816929.938838065,250,230,dummy-538
816972.689226945,250,230,dummy-538
816801.584161784,250,230,dummy-648
816848.633905001,250,230,dummy-648
816885.131881156,250,230,dummy-648
816890.239534344,250,230,dummy-648
816822.933592745,250,230,dummy-596
816850.858641569,250,230,dummy-422
816903.375460349,250,230,dummy-422
816777.146001261,250,230,dummy-753
816825.236914174,250,230,dummy-753
816912.771322722,250,230,dummy-753
816923.169673108,250,230,dummy-753
816726.076738548,250,230,dummy-389
816751.986901798,250,230,dummy-389
816841.571352024,250,230,dummy-389
816843.865053147,250,230,dummy-389
816922.090558055,250,230,dummy-389
816950.757586776,250,230,dummy-389
816769.509057281,250,230,dummy-372
816801.423419933,250,230,dummy-372
816828.237274017,250,230,dummy-372
816891.345653736,250,230,dummy-372
816709.040720949,250,230,dummy-575
816740.169127129,250,230,dummy-575
816962.445103726,250,230,dummy-575
816892.399026204,250,230,dummy-566
816916.417192698,250,230,dummy-566
816948.647141214,250,230,dummy-566
816737.228688185,250,230,dummy-87
816765.8374102,250,230,dummy-87
816695.464161493,250,230,dummy-85
816704.536699431,250,230,dummy-85
816712.94198232,250,230,dummy-85
816766.725454626,250,230,dummy-85
816796.520017274,250,230,dummy-85
816874.554885463,250,230,dummy-85
816896.045169522,250,230,dummy-85
816941.633621382,250,230,dummy-85
816945.575913873,250,230,dummy-85
816737.780211742,250,230,dummy-364
816739.508045194,250,230,dummy-364
816825.939721253,250,230,dummy-364
816962.986976191,250,230,dummy-364
816730.827448853,250,230,dummy-505
816771.590624602,250,230,dummy-505
816789.128835536,250,230,dummy-505
816698.995130723,250,230,dummy-545
816803.019074782,250,230,dummy-545
816861.558705608,250,230,dummy-545
816885.961158169,250,230,dummy-545
816762.722988114,250,230,dummy-298
816907.839601303,250,230,dummy-298
816919.694412309,250,230,dummy-298
816782.287939616,250,230,dummy-414
816912.242685354,250,230,dummy-414
816943.997913414,250,230,dummy-414
816959.644020158,250,230,dummy-414
816875.244363622,250,230,dummy-620
816888.650590018,250,230,dummy-620
816738.188150831,250,230,dummy-269
816770.298354073,250,230,dummy-269
816887.497918759,250,230,dummy-269
816743.580422759,250,230,dummy-524
816747.228477476,250,230,dummy-524
816866.519323486,250,230,dummy-524
816871.584311102,250,230,dummy-524
816885.626983495,250,230,dummy-524
816899.088572559,250,230,dummy-524
816921.571842229,250,230,dummy-524
816934.919746368,250,230,dummy-524
816976.541431736,250,230,dummy-524
816718.9333815,250,230,dummy-30
816777.764957656,250,230,dummy-30
816784.261629305,250,230,dummy-30
816794.086590537,250,230,dummy-30
816806.548951517,250,230,dummy-30
816871.93964527,250,230,dummy-30
816897.251006932,250,230,dummy-30
816695.091750515,250,230,dummy-551
816795.528518997,250,230,dummy-551
816858.869340686,250,230,dummy-551
816903.484545769,250,230,dummy-551
816914.143752101,250,230,dummy-551
816728.797414417,250,230,dummy-23
816824.40662637,250,230,dummy-23
816971.430308496,250,230,dummy-23
816774.068734698,250,230,dummy-210
816778.470264889,250,230,dummy-210
816838.586343889,250,230,dummy-210
816914.364085461,250,230,dummy-210
816953.72333693,250,230,dummy-210
816729.618534348,250,230,dummy-508
816773.620003056,250,230,dummy-508
816812.260465107,250,230,dummy-508
816866.738652312,250,230,dummy-508
816916.44435183,250,230,dummy-508
816950.058662343,250,230,dummy-508
816868.78936081,250,230,dummy-337
816942.187080673,250,230,dummy-337
816730.743919911,250,230,dummy-449
816757.77632658,250,230,dummy-449
816899.89353944,250,230,dummy-228
816914.462714189,250,230,dummy-228
816732.100286138,250,230,dummy-453
816861.287231305,250,230,dummy-453
816882.426791272,250,230,dummy-453
816939.110210713,250,230,dummy-453
816849.450260356,250,230,dummy-533
816725.025622978,250,230,dummy-345
816725.192016187,250,230,dummy-345
816757.283955301,250,230,dummy-345
816955.840825769,250,230,dummy-345
816959.653669253,250,230,dummy-345
816858.034178495,250,230,dummy-178
816746.802960192,250,230,dummy-176
816810.374766074,250,230,dummy-176
816949.352703227,250,230,dummy-176
816978.411678783,250,230,dummy-176
816893.390788957,250,230,dummy-303
816923.374174655,250,230,dummy-303
816951.171072874,250,230,dummy-303
816956.739841388,250,230,dummy-303
816987.875228159,250,230,dummy-415
816772.651739192,250,230,dummy-696
816815.08430054,250,230,dummy-696
816824.758657268,250,230,dummy-696
816837.195861951,250,230,dummy-696
816904.564453411,250,230,dummy-696
816724.230732425,250,230,dummy-503
816986.68138633,250,230,dummy-503
816797.401495974,250,230,dummy-136
816933.745920025,250,230,dummy-136
816962.533707727,250,230,dummy-136
816785.137633916,250,230,dummy-111
816837.69211735,250,230,dummy-111
816985.780049187,250,230,dummy-111
816691.949632032,250,230,dummy-717
816790.714613107,250,230,dummy-717
816887.202514646,250,230,dummy-717
816703.696931321,250,230,dummy-409
816888.840568811,250,230,dummy-409
816936.420169949,250,230,dummy-409
816943.856002013,250,230,dummy-409
816717.847394993,250,230,dummy-471
816722.041651444,250,230,dummy-471
816746.772740292,250,230,dummy-471
816773.852279393,250,230,dummy-471
816944.525428401,250,230,dummy-471
816958.590631319,250,230,dummy-471
816737.031776027,250,230,dummy-513
816847.30529503,250,230,dummy-513
816886.531207899,250,230,dummy-513
816894.277229998,250,230,dummy-513
816937.800523635,250,230,dummy-513
816901.639489278,250,230,dummy-311
816952.162811424,250,230,dummy-311
816973.057377579,250,230,dummy-311
816716.537700749,250,230,dummy-251
816855.393174173,250,230,dummy-251
816907.519846768,250,230,dummy-251
816944.377073369,250,230,dummy-251
816956.566008943,250,230,dummy-251
816729.331152788,250,230,dummy-227
816740.984634889,250,230,dummy-227
816913.56777592,250,230,dummy-227
816816.628476212,250,230,dummy-197
816868.959614124,250,230,dummy-197
816735.363159981,250,230,dummy-440
816859.425441881,250,230,dummy-440
816882.604209835,250,230,dummy-440
816919.047396676,250,230,dummy-440
816951.316654073,250,230,dummy-440
816844.552932445,250,230,dummy-277
816864.180866283,250,230,dummy-277
816924.004026732,250,230,dummy-277
816977.116409712,250,230,dummy-277
816705.769572297,250,230,dummy-110
816737.840325857,250,230,dummy-110
816746.476011561,250,230,dummy-110
816862.874101019,250,230,dummy-110
816884.16164951,250,230,dummy-110
816892.881432476,250,230,dummy-110
816898.582549935,250,230,dummy-110
816961.73043233,250,230,dummy-110
816752.225908047,250,230,dummy-38
816776.272219571,250,230,dummy-38
816857.642147539,250,230,dummy-38
816963.228611103,250,230,dummy-38
816792.954305435,250,230,dummy-275
816798.98457044,250,230,dummy-275
816827.714332181,250,230,dummy-275
816897.714888713,250,230,dummy-275
816985.22470056,250,230,dummy-275
816729.543419089,250,230,dummy-527
816816.95420517,250,230,dummy-527
816876.200087312,250,230,dummy-527
816936.876686579,250,230,dummy-527
816940.070381468,250,230,dummy-527
816707.977962158,250,230,dummy-650
816741.88973345,250,230,dummy-650
816734.138399776,250,230,dummy-680
816778.389916468,250,230,dummy-680
816791.684050043,250,230,dummy-680
816807.385468643,250,230,dummy-680
816884.170646928,250,230,dummy-680
816942.738693844,250,230,dummy-680
816724.606993671,250,230,dummy-310
816808.612164568,250,230,dummy-624
816900.673121327,250,230,dummy-624
816975.814243181,250,230,dummy-624
816699.414922785,250,230,dummy-24
816711.622868045,250,230,dummy-24
816934.606381427,250,230,dummy-24
816981.850315139,250,230,dummy-24
816749.483317041,250,230,dummy-477
816705.511990588,250,230,dummy-56
816718.601683937,250,230,dummy-56
816812.687962884,250,230,dummy-56
816823.49652459,250,230,dummy-56
816934.11388411,250,230,dummy-56
816966.24061746,250,230,dummy-56
816856.501264174,250,230,dummy-496
816882.22938028,250,230,dummy-496
816894.270348644,250,230,dummy-496
816970.461002774,250,230,dummy-496
816923.511849105,250,230,dummy-699
816806.742892767,250,230,dummy-346
816808.877825297,250,230,dummy-346
816877.473915519,250,230,dummy-346
816914.089010652,250,230,dummy-346
816704.14131031,250,230,dummy-53
816807.588242157,250,230,dummy-53
816904.242521301,250,230,dummy-53
816911.887553991,250,230,dummy-53
816976.04832767,250,230,dummy-53
816698.528095665,250,230,dummy-531
816743.931219275,250,230,dummy-531
816803.945435065,250,230,dummy-531
816821.219873482,250,230,dummy-531
816894.913894029,250,230,dummy-531
816727.387519886,250,230,dummy-467
816736.172779418,250,230,dummy-467
816857.881473037,250,230,dummy-467
816866.155675146,250,230,dummy-467
816855.863531973,250,230,dummy-259
816736.794635631,250,230,dummy-482
816818.219316118,250,230,dummy-482
816867.790138946,250,230,dummy-482
816959.747197613,250,230,dummy-482
816702.186075123,250,230,dummy-20
816710.301263044,250,230,dummy-20
816781.837842854,250,230,dummy-20
816922.88434072,250,230,dummy-20
816941.225340263,250,230,dummy-20
816701.891214282,250,230,dummy-261
816712.128921757,250,230,dummy-261
816715.727365377,250,230,dummy-261
816767.325777377,250,230,dummy-261
816795.661068946,250,230,dummy-261
816796.930669349,250,230,dummy-261
816701.180003871,250,230,dummy-420
816735.420930651,250,230,dummy-420
816800.249200899,250,230,dummy-420
816854.203146266,250,230,dummy-420
816751.750094052,250,230,dummy-171
816813.382782977,250,230,dummy-171
816833.983834177,250,230,dummy-171
816854.352420584,250,230,dummy-171
816910.370854049,250,230,dummy-171
816910.776237296,250,230,dummy-171
816927.270619824,250,230,dummy-171
816970.21315696,250,230,dummy-171
816703.313323592,250,230,dummy-723
816788.990719916,250,230,dummy-723
816961.549578431,250,230,dummy-723
816858.854975207,250,230,dummy-114
816882.876100207,250,230,dummy-114
816704.150195692,250,230,dummy-122
816707.296290585,250,230,dummy-122
816842.375647376,250,230,dummy-122
816733.5453323,250,230,dummy-214
816755.983838794,250,230,dummy-214
816852.831361311,250,230,dummy-214
816944.570019953,250,230,dummy-214
816952.386591235,250,230,dummy-214
816726.640779795,250,230,dummy-465
816807.048330317,250,230,dummy-465
816870.826773856,250,230,dummy-465
816872.201143371,250,230,dummy-465
816937.61211837,250,230,dummy-465
816729.498058935,250,230,dummy-456
816937.142601884,250,230,dummy-456
816959.937335525,250,230,dummy-456
816765.043140476,250,230,dummy-522
816829.986610326,250,230,dummy-522
816967.376296503,250,230,dummy-522
816694.322501018,250,230,dummy-296
816704.156082896,250,230,dummy-296
816822.819444684,250,230,dummy-296
816826.863683543,250,230,dummy-296
816863.28018931,250,230,dummy-296
816774.986321843,250,230,dummy-181
816861.967865421,250,230,dummy-181
816920.145148477,250,230,dummy-181
816690.034180748,250,230,dummy-501
816757.221427354,250,230,dummy-501
816927.639659144,250,230,dummy-501
816736.839605991,250,230,dummy-274
816739.752132758,250,230,dummy-274
816767.634512517,250,230,dummy-274
816938.581347509,250,230,dummy-301
816709.22200304,250,230,dummy-363
816714.959429891,250,230,dummy-363
816727.195579853,250,230,dummy-363
816867.463788087,250,230,dummy-363
816953.052338832,250,230,dummy-363
816967.489474994,250,230,dummy-363
816724.753201871,250,230,dummy-321
816794.764929115,250,230,dummy-321
816928.038193524,250,230,dummy-321
816930.124830301,250,230,dummy-321
816929.153827405,250,230,dummy-237
816711.390908883,250,230,dummy-199
816719.614275688,250,230,dummy-199
816838.769588527,250,230,dummy-199
816765.833764091,250,230,dummy-621
816774.717794036,250,230,dummy-621
816831.222396831,250,230,dummy-621
816863.530000282,250,230,dummy-621
816759.48504076,250,230,dummy-542
816810.910221689,250,230,dummy-542
816725.90781598,250,230,dummy-712
816734.555189947,250,230,dummy-712
816749.395721606,250,230,dummy-712
816814.375586789,250,230,dummy-712
816825.482024595,250,230,dummy-712
816856.042673738,250,230,dummy-712
816900.25214532,250,230,dummy-712
816915.906707564,250,230,dummy-712
816690.83539011,250,230,dummy-445
816713.894025206,250,230,dummy-445
816730.294687461,250,230,dummy-445
816768.524918026,250,230,dummy-445
816861.872147542,250,230,dummy-445
816890.245530313,250,230,dummy-445
816895.041619622,250,230,dummy-445
816801.888436654,250,230,dummy-515
816813.320272798,250,230,dummy-515
816841.595377134,250,230,dummy-515
816954.75008856,250,230,dummy-515
816703.791149377,250,230,dummy-31
816768.502536148,250,230,dummy-31
816712.829026274,250,230,dummy-225
816714.523867257,250,230,dummy-225
816816.18769985,250,230,dummy-225
816831.403303442,250,230,dummy-225
816914.12349673,250,230,dummy-225
816941.550143156,250,230,dummy-225
816806.611470755,250,230,dummy-240
816936.154080342,250,230,dummy-240
816978.547131256,250,230,dummy-240
816894.284836767,250,230,dummy-103
816912.060110403,250,230,dummy-103
816967.091174999,250,230,dummy-103
816700.904345564,250,230,dummy-569
816834.117668451,250,230,dummy-569
816984.691283704,250,230,dummy-569
816846.434836254,250,230,dummy-748
816934.833390372,250,230,dummy-748
816787.079232412,250,230,dummy-141
816931.024511784,250,230,dummy-141
816947.151823709,250,230,dummy-574
816718.269624814,250,230,dummy-234
816731.463373529,250,230,dummy-234
816906.793939241,250,230,dummy-234
816775.866217701,250,230,dummy-720
816779.363059701,250,230,dummy-720
816851.908893736,250,230,dummy-720
816855.279513545,250,230,dummy-454
816954.449326835,250,230,dummy-454
816692.921595483,250,230,dummy-286
816702.463682324,250,230,dummy-286
816769.335757097,250,230,dummy-286
816815.030669849,250,230,dummy-286
816879.584588498,250,230,dummy-286
816914.44409268,250,230,dummy-286
816961.93513746,250,230,dummy-286
816986.650907351,250,230,dummy-286
816852.819418462,250,230,dummy-125
816916.329286351,250,230,dummy-125
816938.700350337,250,230,dummy-125
816945.093060766,250,230,dummy-125
816749.200406536,250,230,dummy-282
816779.863606736,250,230,dummy-282
816874.950398291,250,230,dummy-282
816782.679034462,250,230,dummy-317
816796.931097493,250,230,dummy-317
816936.034738519,250,230,dummy-317
816756.82758761,250,230,dummy-284
816833.2467346,250,230,dummy-284
816969.033478539,250,230,dummy-284
816697.772782146,250,230,dummy-39
816961.94871705,250,230,dummy-39
816710.908091555,250,230,dummy-200
816711.888392056,250,230,dummy-200
816802.331853252,250,230,dummy-200
816821.149628539,250,230,dummy-200
816861.509789904,250,230,dummy-200
816896.395996789,250,230,dummy-200
816964.924940202,250,230,dummy-200
816776.02057023,250,230,dummy-121
816776.050438035,250,230,dummy-121
816801.639331675,250,230,dummy-121
816817.640065966,250,230,dummy-121
816860.810111512,250,230,dummy-121
816886.355589998,250,230,dummy-121
816784.133091584,250,230,dummy-399
816911.90558092,250,230,dummy-399
816922.407945843,250,230,dummy-399
816889.79911599,250,230,dummy-13
816945.03392059,250,230,dummy-13
816728.457751796,250,230,dummy-423
816856.690809559,250,230,dummy-423
816912.229330757,250,230,dummy-423
816984.097648469,250,230,dummy-423
816748.449466415,250,230,dummy-262
816810.581201201,250,230,dummy-262
816859.491102818,250,230,dummy-262
816890.849058195,250,230,dummy-262
816819.691344956,250,230,dummy-640
816844.648570593,250,230,dummy-640
816905.085261802,250,230,dummy-640
816966.796218241,250,230,dummy-640
816722.652559496,250,230,dummy-7
816773.808595932,250,230,dummy-7
816845.080863662,250,230,dummy-7
816874.022572989,250,230,dummy-7
816891.036532918,250,230,dummy-7
816953.073724324,250,230,dummy-7
816732.180836823,250,230,dummy-229
816867.790168286,250,230,dummy-229
816862.359594944,250,230,dummy-559
816912.322807643,250,230,dummy-559
816719.600739186,250,230,dummy-292
816760.190885975,250,230,dummy-292
816902.172631998,250,230,dummy-292
816723.727015992,250,230,dummy-291
816748.11912511,250,230,dummy-291
816913.406375744,250,230,dummy-291
816927.832308254,250,230,dummy-291
816983.878272749,250,230,dummy-291
816706.848591632,250,230,dummy-358
816739.604183025,250,230,dummy-358
816748.053960805,250,230,dummy-358
816844.864555221,250,230,dummy-358
816987.08907738,250,230,dummy-433
816907.657799135,250,230,dummy-519
816987.742761375,250,230,dummy-519
816710.55286741,250,230,dummy-283
816813.525103065,250,230,dummy-283
816828.078850101,250,230,dummy-283
816872.585847638,250,230,dummy-283
816980.973021611,250,230,dummy-283
816783.336863398,250,230,dummy-306
816813.045223555,250,230,dummy-306
816927.479435283,250,230,dummy-306
816948.836702219,250,230,dummy-306
816712.27241156,250,230,dummy-636
816732.603459556,250,230,dummy-636
816788.448845493,250,230,dummy-636
816865.056431765,250,230,dummy-636
816883.387892689,250,230,dummy-636
816917.329261646,250,230,dummy-636
816759.720743781,250,230,dummy-385
816771.828547102,250,230,dummy-385
816882.287558292,250,230,dummy-385
816688.924598318,250,230,dummy-37
816716.785427312,250,230,dummy-37
816842.106419816,250,230,dummy-37
816916.170269707,250,230,dummy-37
816948.309611212,250,230,dummy-37
816726.24357665,250,230,dummy-46
816760.694021366,250,230,dummy-46
816798.220303358,250,230,dummy-46
816907.208061331,250,230,dummy-46
816969.487339865,250,230,dummy-46
816732.75137988,250,230,dummy-10
816747.641383812,250,230,dummy-10
816767.506033218,250,230,dummy-10
816838.111377748,250,230,dummy-10
816900.615119465,250,230,dummy-10
816950.643090551,250,230,dummy-10
816781.59074236,250,230,dummy-724
816801.621427076,250,230,dummy-724
816782.303879145,250,230,dummy-690
816899.001728389,250,230,dummy-690
816905.085218787,250,230,dummy-690
816977.164357375,250,230,dummy-690
816913.308875778,250,230,dummy-213
816942.045586207,250,230,dummy-213
816848.975032555,250,230,dummy-736
816911.58785231,250,230,dummy-736
816943.31871456,250,230,dummy-736
816973.992499097,250,230,dummy-736
816697.793371518,250,230,dummy-74
816710.589077257,250,230,dummy-74
816776.118263116,250,230,dummy-74
816825.725459421,250,230,dummy-74
816879.06296419,250,230,dummy-74
816937.505037725,250,230,dummy-74
816970.981408898,250,230,dummy-74
816973.171215717,250,230,dummy-74
816704.343650253,250,230,dummy-646
816723.900588882,250,230,dummy-646
816859.485465734,250,230,dummy-646
816789.687223394,250,230,dummy-339
816913.957951708,250,230,dummy-339
816746.843817748,250,230,dummy-697
816809.552019184,250,230,dummy-697
816871.179102922,250,230,dummy-697
816962.668083555,250,230,dummy-697
816692.637352671,250,230,dummy-483
816810.200626302,250,230,dummy-483
816983.591931304,250,230,dummy-483
816710.375192438,250,230,dummy-16
816914.171959453,250,230,dummy-16
816948.467133494,250,230,dummy-16
816709.138155984,250,230,dummy-539
816761.851990938,250,230,dummy-539
816764.325079237,250,230,dummy-539
816837.885053245,250,230,dummy-539
816693.687857079,250,230,dummy-342
816850.033260647,250,230,dummy-342
816892.154174615,250,230,dummy-168
816747.376473571,250,230,dummy-198
816978.015772549,250,230,dummy-198
816709.679909772,250,230,dummy-419
816725.216324721,250,230,dummy-419
816806.591794307,250,230,dummy-419
816907.91351375,250,230,dummy-419
816914.885772829,250,230,dummy-260
816758.212631407,250,230,dummy-242
816807.319708535,250,230,dummy-242
816904.886106762,250,230,dummy-242
816952.621640211,250,230,dummy-242
816702.140015671,250,230,dummy-578
816792.913449557,250,230,dummy-343
816722.231631639,250,230,dummy-685
816747.214109151,250,230,dummy-17
816816.660485294,250,230,dummy-17
816899.256589224,250,230,dummy-17
816947.537867976,250,230,dummy-17
816690.54236674,250,230,dummy-695
816906.266872633,250,230,dummy-695
816932.613828537,250,230,dummy-695
816939.780678396,250,230,dummy-695
816965.221320941,250,230,dummy-695
816864.390575705,250,230,dummy-66
816866.960673967,250,230,dummy-66
816867.403373807,250,230,dummy-66
816875.541367454,250,230,dummy-66
816981.216000959,250,230,dummy-66
816744.352136781,250,230,dummy-146
816766.047931974,250,230,dummy-146
816820.067829809,250,230,dummy-146
816832.644292154,250,230,dummy-146
816850.836694489,250,230,dummy-146
816850.025620665,250,230,dummy-156
816917.975658438,250,230,dummy-156
816715.360893936,250,230,dummy-396
816717.327696712,250,230,dummy-396
816717.754659459,250,230,dummy-396
816724.712258692,250,230,dummy-396
816798.683987226,250,230,dummy-396
816851.538946102,250,230,dummy-396
816855.846810718,250,230,dummy-396
816895.812367741,250,230,dummy-691
816852.280828661,250,230,dummy-1
816883.918641371,250,230,dummy-1
816926.254121815,250,230,dummy-1
816714.683206108,250,230,dummy-70
816725.577020501,250,230,dummy-70
816765.425802836,250,230,dummy-70
816778.461206065,250,230,dummy-70
816796.0656599,250,230,dummy-70
816861.60791617,250,230,dummy-70
816897.450454615,250,230,dummy-70
816943.073784208,250,230,dummy-70
816918.186731026,250,230,dummy-120
816944.939317892,250,230,dummy-120
816985.812023124,250,230,dummy-120
816877.58691929,250,230,dummy-729
816718.603215944,250,230,dummy-388
816743.196982711,250,230,dummy-388
816700.780612329,250,230,dummy-541
816743.904498529,250,230,dummy-541
816784.888684545,250,230,dummy-541
816799.481914801,250,230,dummy-541
816844.477704151,250,230,dummy-541
816714.626871833,250,230,dummy-514
816739.291514415,250,230,dummy-514
816741.29828817,250,230,dummy-514
816745.717030832,250,230,dummy-514
816783.197828349,250,230,dummy-514
816900.727536423,250,230,dummy-514
816917.071259698,250,230,dummy-514
816720.97258349,250,230,dummy-458
816894.014653778,250,230,dummy-458
816924.617964099,250,230,dummy-458
816957.565822156,250,230,dummy-458
816813.12894307,250,230,dummy-219
816711.902035781,250,230,dummy-667
816783.794835138,250,230,dummy-667
816932.982266265,250,230,dummy-667
816858.739062175,250,230,dummy-530
816795.751858242,250,230,dummy-630
816798.054527153,250,230,dummy-630
816811.249137838,250,230,dummy-630
816886.392507086,250,230,dummy-630
816697.260917022,250,230,dummy-97
816723.857733082,250,230,dummy-97
816913.212849452,250,230,dummy-97
816728.98920521,250,230,dummy-526
816753.487470275,250,230,dummy-526
816765.014178936,250,230,dummy-526
816935.304713306,250,230,dummy-526
816971.03938229,250,230,dummy-526
816732.755798827,250,230,dummy-272
816745.605718588,250,230,dummy-272
816760.409570728,250,230,dummy-272
816787.965806497,250,230,dummy-272
816919.210896783,250,230,dummy-272
816729.782765576,250,230,dummy-196
816940.244460112,250,230,dummy-196
816962.184623983,250,230,dummy-196
816970.204534903,250,230,dummy-196
816971.860694027,250,230,dummy-196
816713.521072122,250,230,dummy-11
816864.41419219,250,230,dummy-11
816931.640325176,250,230,dummy-11
816961.925985047,250,230,dummy-11
816695.457103652,250,230,dummy-438
816710.649247342,250,230,dummy-438
816915.040262196,250,230,dummy-438
816699.416581785,250,230,dummy-741
816860.178088853,250,230,dummy-741
816732.036403288,250,230,dummy-77
816765.800071071,250,230,dummy-77
816971.082355538,250,230,dummy-77
816697.946530704,250,230,dummy-666
816881.327531518,250,230,dummy-666
816936.888412917,250,230,dummy-666
816975.408308975,250,230,dummy-666
816975.791780958,250,230,dummy-666
816759.476005208,250,230,dummy-170
816790.502882293,250,230,dummy-170
816797.540988761,250,230,dummy-170
816830.856592292,250,230,dummy-170
816833.233805896,250,230,dummy-170
816864.065011444,250,230,dummy-170
816971.399943965,250,230,dummy-170
816746.225455132,250,230,dummy-230
816879.211487234,250,230,dummy-230
816955.660948544,250,230,dummy-230
816972.04476077,250,230,dummy-230
816779.198612432,250,230,dummy-8
816894.421796316,250,230,dummy-8
816931.874249573,250,230,dummy-8
816693.43290426,250,230,dummy-668
816712.114407251,250,230,dummy-668
816810.806409317,250,230,dummy-668
816887.119108677,250,230,dummy-668
816979.664585313,250,230,dummy-668
816761.338500252,250,230,dummy-540
816796.273562362,250,230,dummy-540
816893.86436115,250,230,dummy-540
816959.117497787,250,230,dummy-540
816967.362372966,250,230,dummy-540
816974.633976063,250,230,dummy-540
816750.74187318,250,230,dummy-67
816804.164135131,250,230,dummy-67
816816.775475825,250,230,dummy-67
816950.276548781,250,230,dummy-67
816778.956705689,250,230,dummy-614
816693.000073085,250,230,dummy-290
816712.105050474,250,230,dummy-290
816763.780783536,250,230,dummy-290
816851.801985944,250,230,dummy-290
816905.425269685,250,230,dummy-290
816979.339887569,250,230,dummy-290
816720.728388006,250,230,dummy-706
816730.981437474,250,230,dummy-706
816760.496424642,250,230,dummy-706
816848.506685214,250,230,dummy-706
816943.851063356,250,230,dummy-706
816774.299133806,250,230,dummy-528
816783.822311472,250,230,dummy-528
816802.090546702,250,230,dummy-528
816710.694025643,250,230,dummy-652
816764.933999159,250,230,dummy-652
816795.466333569,250,230,dummy-652
816940.365066825,250,230,dummy-652
816956.324603302,250,230,dummy-652
816799.10460906,250,230,dummy-367
816947.90570141,250,230,dummy-367
816982.690106305,250,230,dummy-367
816730.797320129,250,230,dummy-446
816732.370692043,250,230,dummy-446
816864.210710746,250,230,dummy-446
816769.413403673,250,230,dummy-746
816871.93727797,250,230,dummy-746
816949.296882844,250,230,dummy-746
816785.457565641,250,230,dummy-195
816829.951483545,250,230,dummy-195
816918.073698505,250,230,dummy-195
816986.730934141,250,230,dummy-195
816689.925842303,250,230,dummy-567
816734.150879911,250,230,dummy-567
816821.450109863,250,230,dummy-567
816924.005433724,250,230,dummy-567
816932.277876506,250,230,dummy-567
816724.737261675,250,230,dummy-468
816735.6973237,250,230,dummy-468
816745.826687882,250,230,dummy-468
816774.738242801,250,230,dummy-468
816854.162451042,250,230,dummy-468
816897.588715581,250,230,dummy-468
816903.925900626,250,230,dummy-468
816788.033481754,250,230,dummy-314
816797.114346811,250,230,dummy-314
816850.632460554,250,230,dummy-314
816898.07162567,250,230,dummy-314
816752.207295857,250,230,dummy-560
816762.624321499,250,230,dummy-560
816809.98740833,250,230,dummy-560
816813.461540293,250,230,dummy-560
816783.641028083,250,230,dummy-19
816818.585706407,250,230,dummy-19
816701.277588966,250,230,dummy-117
816720.283174838,250,230,dummy-117
816723.791783653,250,230,dummy-117
816782.854156761,250,230,dummy-117
816849.603325404,250,230,dummy-117
816874.026144218,250,230,dummy-117
816960.845943226,250,230,dummy-117
816920.030990405,250,230,dummy-163
816964.788856039,250,230,dummy-163
816715.67140239,250,230,dummy-175
816800.14512078,250,230,dummy-175
816894.807305315,250,230,dummy-175
816942.327163764,250,230,dummy-175
816699.285626865,250,230,dummy-693
816817.164251791,250,230,dummy-693
816840.235268405,250,230,dummy-693
816849.97186127,250,230,dummy-693
816882.430164537,250,230,dummy-693
816896.751894448,250,230,dummy-693
816947.107033056,250,230,dummy-693
816790.197266264,250,230,dummy-641
816804.677272346,250,230,dummy-641
816813.537215643,250,230,dummy-641
816877.897734678,250,230,dummy-641
816952.011546301,250,230,dummy-641
816976.200634481,250,230,dummy-641
816768.539977248,250,230,dummy-335
816772.011567488,250,230,dummy-335
816820.226029965,250,230,dummy-335
816937.539333553,250,230,dummy-335
816942.095251697,250,230,dummy-335
816949.43343826,250,230,dummy-256
816950.536905222,250,230,dummy-256
816961.411048488,250,230,dummy-256
816783.476036025,250,230,dummy-377
816804.51603159,250,230,dummy-377
816949.797529579,250,230,dummy-377
816718.568729876,250,230,dummy-166
816735.022742182,250,230,dummy-166
816802.409396602,250,230,dummy-166
816836.560606875,250,230,dummy-166
816867.226191079,250,230,dummy-166
816895.335060493,250,230,dummy-166
816825.579644805,250,230,dummy-254
816898.004912999,250,230,dummy-254
816953.371100642,250,230,dummy-254
816728.582748843,250,230,dummy-629
816757.020758471,250,230,dummy-629
816901.48011875,250,230,dummy-629
816776.800776752,250,230,dummy-217
816793.199214588,250,230,dummy-217
816909.623292336,250,230,dummy-217
816781.85473163,250,230,dummy-26
816935.072186204,250,230,dummy-26
816878.602047143,250,230,dummy-289
816697.940504697,250,230,dummy-626
816863.378557719,250,230,dummy-626
816878.725978948,250,230,dummy-250
816970.703161114,250,230,dummy-250
816772.420986128,250,230,dummy-307
816973.654687654,250,230,dummy-307
816739.90949495,250,230,dummy-735
816785.634740904,250,230,dummy-735
816787.623661918,250,230,dummy-735
816902.438311954,250,230,dummy-735
816931.693560787,250,230,dummy-735
816937.514623453,250,230,dummy-735
816943.909668629,250,230,dummy-735
816972.591816406,250,230,dummy-735
816696.911782361,250,230,dummy-535
816918.23112454,250,230,dummy-535
816755.106999669,250,230,dummy-355
816985.989862779,250,230,dummy-355
816689.503618047,250,230,dummy-273
816698.14799978,250,230,dummy-273
816728.596638295,250,230,dummy-273
816767.932007121,250,230,dummy-273
816810.750451705,250,230,dummy-273
816815.733675657,250,230,dummy-273
816849.247248531,250,230,dummy-273
816907.39365401,250,230,dummy-273
816942.787469561,250,230,dummy-273
816956.944588582,250,230,dummy-273
816957.084280688,250,230,dummy-273
816962.137241773,250,230,dummy-273
816969.80883738,250,230,dummy-678
816861.896355863,250,230,dummy-235
816899.107118312,250,230,dummy-235
816971.012795009,250,230,dummy-235
816689.020914639,250,230,dummy-365
816737.301072113,250,230,dummy-365
816866.37642256,250,230,dummy-365
816882.354713684,250,230,dummy-365
816889.04450343,250,230,dummy-365
816964.679835387,250,230,dummy-365
816759.680757064,250,230,dummy-589
816817.531416627,250,230,dummy-589
816831.429761455,250,230,dummy-589
816867.886776796,250,230,dummy-589
816880.883139588,250,230,dummy-589
816977.255467998,250,230,dummy-589
816710.801300267,250,230,dummy-609
816854.454234458,250,230,dummy-609
816932.038638836,250,230,dummy-609
816960.576982723,250,230,dummy-609
816975.084939166,250,230,dummy-609
816749.320059037,250,230,dummy-320
816764.047925525,250,230,dummy-320
816828.106589146,250,230,dummy-320
816903.536258359,250,230,dummy-320
816953.093467474,250,230,dummy-320
816704.796946591,250,230,dummy-297
816756.436613097,250,230,dummy-297
816796.906607044,250,230,dummy-297
816710.076107278,250,230,dummy-450
816737.503917272,250,230,dummy-450
816788.798982786,250,230,dummy-450
816823.641138136,250,230,dummy-450
816833.410755383,250,230,dummy-450
816837.165842089,250,230,dummy-450
816941.601949345,250,230,dummy-450
816795.493290727,250,230,dummy-329
816821.55815344,250,230,dummy-329
816843.381055336,250,230,dummy-329
816847.510582732,250,230,dummy-329
816957.040155162,250,230,dummy-329
816743.055591778,250,230,dummy-435
816903.929797246,250,230,dummy-435
816915.458509137,250,230,dummy-435
816755.890623409,250,230,dummy-132
816974.75890256,250,230,dummy-132
816974.981039059,250,230,dummy-132
816703.017715209,250,230,dummy-204
816736.54444184,250,230,dummy-204
816850.115048491,250,230,dummy-204
816865.629819599,250,230,dummy-204
816868.091144282,250,230,dummy-204
816980.315252695,250,230,dummy-204
816748.17809268,250,230,dummy-627
816804.0143318,250,230,dummy-627
816846.651839291,250,230,dummy-627
816872.517091523,250,230,dummy-627
816937.014411032,250,230,dummy-627
816749.415537599,250,230,dummy-498
816780.037963173,250,230,dummy-498
816932.450399155,250,230,dummy-498
816697.94054368,250,230,dummy-658
816752.105794964,250,230,dummy-658
816834.782140903,250,230,dummy-658
816795.68667027,250,230,dummy-702
816827.23190652,250,230,dummy-702
816860.961209206,250,230,dummy-702
816913.056715433,250,230,dummy-702
816769.569082422,250,230,dummy-18
816771.160829951,250,230,dummy-18
816822.112242782,250,230,dummy-15
816914.981896826,250,230,dummy-15
816966.541016324,250,230,dummy-15
816693.136697768,250,230,dummy-33
816734.407381351,250,230,dummy-33
816739.587308294,250,230,dummy-33
816858.314073077,250,230,dummy-406
816872.786716213,250,230,dummy-406
816911.034714574,250,230,dummy-406
816709.15013452,250,230,dummy-622
816813.846580528,250,230,dummy-622
816820.136879281,250,230,dummy-622
816940.945446491,250,230,dummy-622
816966.540957995,250,230,dummy-622
816710.83504142,250,230,dummy-215
816828.837079717,250,230,dummy-215
816920.085083674,250,230,dummy-215
816942.865248705,250,230,dummy-215
816960.177772261,250,230,dummy-215
816823.17384893,250,230,dummy-221
816936.621847325,250,230,dummy-221
816959.945297675,250,230,dummy-221
816853.854873202,250,230,dummy-756
816923.303696423,250,230,dummy-756
816713.314181944,250,230,dummy-491
816794.963646629,250,230,dummy-491
816983.259651259,250,230,dummy-491
816693.180789922,250,230,dummy-656
816802.5740816,250,230,dummy-656
816962.899114043,250,230,dummy-656
816702.026041467,250,230,dummy-145
816886.12737025,250,230,dummy-145
816898.749605607,250,230,dummy-145
816758.954122503,250,230,dummy-679
816907.061796834,250,230,dummy-679
816938.983164572,250,230,dummy-679
816961.83685856,250,230,dummy-679
816696.350294085,250,230,dummy-463
816696.764121977,250,230,dummy-463
816708.860148087,250,230,dummy-463
816758.003093604,250,230,dummy-463
816943.933778848,250,230,dummy-463
816725.448100514,250,230,dummy-452
816850.974260378,250,230,dummy-452
816943.989202515,250,230,dummy-452
816966.322073325,250,230,dummy-452
816713.943089696,250,230,dummy-112
816693.24137598,250,230,dummy-424
816753.120031543,250,230,dummy-424
816757.182546355,250,230,dummy-424
816810.031148513,250,230,dummy-424
816848.488038418,250,230,dummy-424
816866.440727137,250,230,dummy-424
816981.869709437,250,230,dummy-424
816964.037242662,250,230,dummy-581
816966.428650947,250,230,dummy-581
816708.595065404,250,230,dummy-642
816786.614258741,250,230,dummy-642
816923.100208902,250,230,dummy-642
816935.120664142,250,230,dummy-642
816776.987059497,250,230,dummy-338
816819.896383994,250,230,dummy-338
816858.097252376,250,230,dummy-338
816865.155687678,250,230,dummy-338
816869.569231859,250,230,dummy-338
816876.137868519,250,230,dummy-338
816711.434690687,250,230,dummy-536
816769.311414991,250,230,dummy-536
816804.764353106,250,230,dummy-536
816811.743022267,250,230,dummy-536
816872.502294594,250,230,dummy-536
816759.451171279,250,230,dummy-765
816942.143396898,250,230,dummy-765
816916.550036511,250,230,dummy-116
816712.626448598,250,230,dummy-655
816739.749713841,250,230,dummy-655
816901.212262599,250,230,dummy-655
816907.79597979,250,230,dummy-655
816965.624909143,250,230,dummy-655
816905.66109956,250,230,dummy-500
816962.795061039,250,230,dummy-500
816695.244677111,250,230,dummy-431
816738.564085759,250,230,dummy-431
816769.456317342,250,230,dummy-431
816800.031874105,250,230,dummy-431
816815.450394785,250,230,dummy-431
816843.754011643,250,230,dummy-431
816969.16365746,250,230,dummy-431
816764.205190479,250,230,dummy-304
816767.932035917,250,230,dummy-304
816778.844197428,250,230,dummy-304
816829.684822708,250,230,dummy-304
816891.096086765,250,230,dummy-304
816904.903918533,250,230,dummy-304
816917.962685687,250,230,dummy-304
816707.5127484,250,230,dummy-402
816693.595177119,250,230,dummy-131
816713.002563774,250,230,dummy-131
816784.065619802,250,230,dummy-131
816802.565739439,250,230,dummy-131
816851.001830886,250,230,dummy-131
816980.18202454,250,230,dummy-131
816720.469416887,250,230,dummy-744
816779.9539588,250,230,dummy-744
816794.530090469,250,230,dummy-744
816881.208039496,250,230,dummy-744
816911.478149691,250,230,dummy-744
816733.121707877,250,230,dummy-82
816738.540005408,250,230,dummy-34
816770.730546852,250,230,dummy-34
816954.003785831,250,230,dummy-34
816967.544477969,250,230,dummy-34
816769.666489115,250,230,dummy-36
816773.006372851,250,230,dummy-36
816858.572486882,250,230,dummy-36
816936.56943928,250,230,dummy-36
816985.029005378,250,230,dummy-36
816699.232513199,250,230,dummy-703
816826.244014832,250,230,dummy-703
816978.350051488,250,230,dummy-703
816755.46473562,250,230,dummy-434
816783.557644532,250,230,dummy-434
816700.331828313,250,230,dummy-759
816767.450567132,250,230,dummy-759
816926.216079048,250,230,dummy-759
816977.230893093,250,230,dummy-759
816688.874140194,250,230,dummy-623
816703.401571998,250,230,dummy-623
816756.484151092,250,230,dummy-623
816853.985032214,250,230,dummy-623
816693.132034417,250,230,dummy-517
816709.305426436,250,230,dummy-517
816878.377899138,250,230,dummy-517
816928.431587788,250,230,dummy-517
816744.640659884,250,230,dummy-80
816768.51987571,250,230,dummy-80
816850.378609891,250,230,dummy-80
816898.839564104,250,230,dummy-80
816909.904132206,250,230,dummy-80
816955.484417767,250,230,dummy-80
816776.627639217,250,230,dummy-348
816906.11278129,250,230,dummy-348
816919.658773211,250,230,dummy-348
816928.641169488,250,230,dummy-348
816980.223212492,250,230,dummy-348
816803.918273525,250,230,dummy-687
816838.269255732,250,230,dummy-687
816873.47539483,250,230,dummy-687
816962.227286499,250,230,dummy-687
816723.080909603,250,230,dummy-493
816741.213211315,250,230,dummy-493
816840.761551759,250,230,dummy-493
816736.679363624,250,230,dummy-421
816701.950461354,250,230,dummy-179
816717.376879613,250,230,dummy-179
816718.29061333,250,230,dummy-179
816718.344214573,250,230,dummy-179
816744.439657974,250,230,dummy-179
816769.760393302,250,230,dummy-179
816877.602448935,250,230,dummy-179
816942.116214994,250,230,dummy-179
816715.023056531,250,230,dummy-598
816745.493134821,250,230,dummy-598
816840.250479747,250,230,dummy-598
816902.412886613,250,230,dummy-598
816910.353409262,250,230,dummy-598
816936.464267069,250,230,dummy-598
816795.581834032,250,230,dummy-711
816790.992135204,250,230,dummy-556
816857.892758151,250,230,dummy-556
816894.364700617,250,230,dummy-556
816979.875402668,250,230,dummy-556
816899.890113711,250,230,dummy-634
816949.964272482,250,230,dummy-635
816725.403407786,250,230,dummy-426
816757.40028912,250,230,dummy-426
816782.747731781,250,230,dummy-426
816878.065480441,250,230,dummy-426
816947.656124354,250,230,dummy-426
816954.261404604,250,230,dummy-426
816710.060434533,250,230,dummy-105
816771.302720647,250,230,dummy-105
816782.58934585,250,230,dummy-105
816795.033874322,250,230,dummy-105
816905.530269278,250,230,dummy-105
816938.800634665,250,230,dummy-105
816958.102487354,250,230,dummy-105
816984.978376329,250,230,dummy-105
816839.213244846,250,230,dummy-606
816906.708018192,250,230,dummy-606
816925.638338435,250,230,dummy-606
816960.230300769,250,230,dummy-606
816711.177568525,250,230,dummy-51
816742.365256023,250,230,dummy-51
816770.934740548,250,230,dummy-3
816841.90533549,250,230,dummy-3
816875.105143606,250,230,dummy-3
816899.220751442,250,230,dummy-3
816951.853105666,250,230,dummy-3
816696.409010697,250,230,dummy-157
816795.565330546,250,230,dummy-157
816823.373699302,250,230,dummy-157
816823.380369048,250,230,dummy-157
816846.848812307,250,230,dummy-157
816882.889488079,250,230,dummy-157
816944.002512664,250,230,dummy-157
816986.614380411,250,230,dummy-157
816925.812785719,250,230,dummy-154
816962.149092872,250,230,dummy-154
816732.980736351,250,230,dummy-101
816851.697115761,250,230,dummy-101
816852.9614496,250,230,dummy-101
816942.001431406,250,230,dummy-101
816980.146050096,250,230,dummy-101
816756.550202133,250,230,dummy-576
816783.375581885,250,230,dummy-576
816826.398443646,250,230,dummy-576
816894.85116512,250,230,dummy-576
816720.413862878,250,230,dummy-155
816916.024538413,250,230,dummy-155
816727.839330707,250,230,dummy-595
816741.406669148,250,230,dummy-595
816781.77104009,250,230,dummy-595
816826.917487862,250,230,dummy-595
816867.174204198,250,230,dummy-595
816902.735504934,250,230,dummy-595
816921.227190703,250,230,dummy-595
816951.848994423,250,230,dummy-595
816762.532691259,250,230,dummy-464
816765.996214873,250,230,dummy-464
816772.132540044,250,230,dummy-464
816872.195471028,250,230,dummy-464
816913.450907465,250,230,dummy-464
816962.404685129,250,230,dummy-464
816784.172630252,250,230,dummy-357
816699.259171463,250,230,dummy-462
816733.053236284,250,230,dummy-462
816800.144060869,250,230,dummy-462
816818.194329844,250,230,dummy-462
816820.240542949,250,230,dummy-462
816881.843454861,250,230,dummy-462
816930.31139337,250,230,dummy-462
816830.205526266,250,230,dummy-565
816851.195318928,250,230,dummy-565
816932.503672888,250,230,dummy-565
816779.240208435,250,230,dummy-233
816942.570262286,250,230,dummy-233
816949.299585486,250,230,dummy-233
816764.430792087,250,230,dummy-123
816882.679897249,250,230,dummy-123
816734.63314599,250,230,dummy-352
816747.751215086,250,230,dummy-352
816773.401016449,250,230,dummy-352
816865.688982555,250,230,dummy-352
816869.332234468,250,230,dummy-352
816913.822154553,250,230,dummy-352
816934.575131664,250,230,dummy-352
816986.615821487,250,230,dummy-352
816869.612961427,250,230,dummy-245
816980.088532762,250,230,dummy-245
816773.504164162,250,230,dummy-59
816816.716226228,250,230,dummy-59
816872.452720722,250,230,dummy-59
816937.959192135,250,230,dummy-59
816761.81018454,250,230,dummy-151
816706.301453445,250,230,dummy-305
816726.937585114,250,230,dummy-305
816855.795569132,250,230,dummy-305
816865.369443452,250,230,dummy-305
816983.854941151,250,230,dummy-305
816717.271333927,250,230,dummy-509
816814.920428725,250,230,dummy-509
816815.304952992,250,230,dummy-509
816917.44271527,250,230,dummy-509
816923.054923601,250,230,dummy-509
816729.792186351,250,230,dummy-9
816891.101709584,250,230,dummy-9
816933.249037865,250,230,dummy-9
816939.037169893,250,230,dummy-9
816713.664393203,250,230,dummy-185
816767.598640094,250,230,dummy-185
816898.330628239,250,230,dummy-185
816972.050330278,250,230,dummy-185
816982.793788369,250,230,dummy-185
816704.381545122,250,230,dummy-135
816891.149002251,250,230,dummy-135
816897.549073872,250,230,dummy-135
816972.707998225,250,230,dummy-135
816785.314430888,250,230,dummy-299
816816.367871764,250,230,dummy-299
816902.752457189,250,230,dummy-299
816916.788235708,250,230,dummy-299
816985.894210037,250,230,dummy-299
816710.113000365,250,230,dummy-657
816739.125790547,250,230,dummy-657
816777.727700861,250,230,dummy-657
816714.537185162,250,230,dummy-95
816748.999556135,250,230,dummy-95
816782.832146202,250,230,dummy-95
816792.11719718,250,230,dummy-95
816837.346630198,250,230,dummy-95
816961.832386203,250,230,dummy-95
816690.892752767,250,230,dummy-428
816743.73119844,250,230,dummy-428
816809.045625664,250,230,dummy-428
816809.789181195,250,230,dummy-428
816781.656667164,250,230,dummy-460
816785.278138531,250,230,dummy-460
816794.572578694,250,230,dummy-460
816799.440633546,250,230,dummy-460
816872.661134027,250,230,dummy-460
816737.466641854,250,230,dummy-612
816801.142971935,250,230,dummy-612
816832.164032338,250,230,dummy-612
816851.762867474,250,230,dummy-612
816954.849782765,250,230,dummy-612
816696.798217584,250,230,dummy-745
816732.376185058,250,230,dummy-745
816736.564703344,250,230,dummy-745
816785.842632297,250,230,dummy-745
816825.168256353,250,230,dummy-745
816883.625362525,250,230,dummy-745
816924.560539676,250,230,dummy-745
816780.354857866,250,230,dummy-654
816806.797504157,250,230,dummy-654
816908.316188187,250,230,dummy-654
816916.144433936,250,230,dummy-654
816933.403211719,250,230,dummy-654
816953.260347036,250,230,dummy-654
816954.376074707,250,230,dummy-654
816955.119612113,250,230,dummy-654
816982.879788799,250,230,dummy-654
816736.578359596,250,230,dummy-584
816984.749995253,250,230,dummy-584
816752.674270302,250,230,dummy-534
816771.518783323,250,230,dummy-534
816808.871146261,250,230,dummy-534
816819.990456332,250,230,dummy-534
816887.797892623,250,230,dummy-534
816953.246720089,250,230,dummy-534
816956.494642608,250,230,dummy-534
816724.300273967,250,230,dummy-552
816804.021313019,250,230,dummy-552
816863.212067535,250,230,dummy-552
816899.141538168,250,230,dummy-552
816974.970819734,250,230,dummy-552
816699.21612957,250,230,dummy-189
816820.050429601,250,230,dummy-189
816820.178626749,250,230,dummy-189
816951.011724727,250,230,dummy-189
816719.72201704,250,230,dummy-709
816731.877458392,250,230,dummy-709
816816.553510799,250,230,dummy-709
816918.735169151,250,230,dummy-709
816964.833046753,250,230,dummy-709
816733.174909671,250,230,dummy-326
816807.013577196,250,230,dummy-49
816864.467198938,250,230,dummy-49
816939.625457127,250,230,dummy-49
816718.63786046,250,230,dummy-557
816689.46959411,250,230,dummy-71
816837.516685048,250,230,dummy-71
816979.366707797,250,230,dummy-71
816801.058021519,250,230,dummy-730
816852.85408367,250,230,dummy-730
816983.924069426,250,230,dummy-730
816728.711298502,250,230,dummy-150
816726.18848245,250,230,dummy-637
816782.66213772,250,230,dummy-637
816792.569275069,250,230,dummy-637
816823.511236,250,230,dummy-637
816884.311992542,250,230,dummy-637
816892.458530935,250,230,dummy-637
816709.996409922,250,230,dummy-193
816727.575107881,250,230,dummy-193
816807.981534564,250,230,dummy-193
816863.566714685,250,230,dummy-193
816890.723028948,250,230,dummy-193
816977.216404257,250,230,dummy-193
816753.156631712,250,230,dummy-140
816761.750827451,250,230,dummy-140
816946.252888747,250,230,dummy-140
816694.747661945,250,230,dummy-92
816698.796806815,250,230,dummy-92
816895.978675943,250,230,dummy-92
816963.506574882,250,230,dummy-92
816978.881519109,250,230,dummy-92
816889.496941806,250,230,dummy-236
816743.616588166,250,230,dummy-211
816939.22597816,250,230,dummy-211
816875.413914764,250,230,dummy-316
816899.282408502,250,230,dummy-316
816745.765084998,250,230,dummy-328
816838.531582393,250,230,dummy-328
816839.63331236,250,230,dummy-328
816867.558718521,250,230,dummy-328
816869.963093,250,230,dummy-328
816912.56827813,250,230,dummy-328
816914.001183972,250,230,dummy-328
816940.439907252,250,230,dummy-328
816944.343833787,250,230,dummy-328
816751.286004746,250,230,dummy-62
816945.857256282,250,230,dummy-62
816961.061437687,250,230,dummy-62
816762.08755209,250,230,dummy-451
816779.304136024,250,230,dummy-451
816828.042430836,250,230,dummy-451
816848.993980827,250,230,dummy-451
816949.150764476,250,230,dummy-451
816736.737732981,250,230,dummy-495
816911.665965306,250,230,dummy-495
816944.340510865,250,230,dummy-495
816845.007024368,250,230,dummy-708
816915.301172386,250,230,dummy-708
816921.07186093,250,230,dummy-708
816987.600195573,250,230,dummy-708
816716.046798522,250,230,dummy-570
816735.223187428,250,230,dummy-312
816792.632347056,250,230,dummy-312
816798.794580594,250,230,dummy-312
816828.909448192,250,230,dummy-312
816936.659523819,250,230,dummy-312
816701.954164737,250,230,dummy-390
816711.809023833,250,230,dummy-390
816732.578363356,250,230,dummy-390
816811.507855314,250,230,dummy-390
816812.006469917,250,230,dummy-390
816894.701549205,250,230,dummy-390
816951.489906217,250,230,dummy-390
816977.501431271,250,230,dummy-390
816978.612780701,250,230,dummy-390
816742.767546826,250,230,dummy-751
816743.916748091,250,230,dummy-751
816860.866319664,250,230,dummy-751
816899.185341771,250,230,dummy-751
816952.932104202,250,230,dummy-751
816955.475809358,250,230,dummy-751
816698.02218123,250,230,dummy-518
816758.879996502,250,230,dummy-518
816847.946287954,250,230,dummy-518
816928.837038287,250,230,dummy-518
816833.537818463,250,230,dummy-22
816925.694773393,250,230,dummy-22
816815.279209658,250,230,dummy-107
816722.235724188,250,230,dummy-241
816844.611197083,250,230,dummy-241
816847.98996072,250,230,dummy-241
816879.222507085,250,230,dummy-241
816730.039561571,250,230,dummy-239
816923.975585398,250,230,dummy-239
816935.671228481,250,230,dummy-239
816966.124334617,250,230,dummy-239
816972.431929741,250,230,dummy-239
816865.946126751,250,230,dummy-162
816891.940637655,250,230,dummy-162
816920.55839958,250,230,dummy-162
816935.45876176,250,230,dummy-162
816731.607055211,250,230,dummy-371
816889.074181164,250,230,dummy-371
816913.605068703,250,230,dummy-115
816838.746732878,250,230,dummy-43
816868.554584246,250,230,dummy-653
816938.844824302,250,230,dummy-653
816779.935323367,250,230,dummy-153
816787.731738182,250,230,dummy-153
816964.872643935,250,230,dummy-153
816829.082305322,250,230,dummy-639
816871.897810117,250,230,dummy-639
816933.105764961,250,230,dummy-639
816788.747736141,250,230,dummy-677
816885.980093214,250,230,dummy-677
816986.383133221,250,230,dummy-677
816704.871457227,250,230,dummy-436
816842.066509156,250,230,dummy-436
816923.349283946,250,230,dummy-436
816957.341311256,250,230,dummy-436
816765.866253145,250,230,dummy-143
816932.511275425,250,230,dummy-143
816945.325939518,250,230,dummy-143
816975.252206248,250,230,dummy-143
816977.287194374,250,230,dummy-143
816783.34185369,250,230,dummy-563
816841.302795513,250,230,dummy-563
816891.495083686,250,230,dummy-563
816931.011767896,250,230,dummy-563
816940.759227429,250,230,dummy-563
816713.167255201,250,230,dummy-447
816734.685920649,250,230,dummy-447
816865.656978615,250,230,dummy-447
816907.45549443,250,230,dummy-447
816688.069008521,250,230,dummy-683
816958.929382336,250,230,dummy-683
816985.24468118,250,230,dummy-683
816879.570764872,250,230,dummy-160
816808.414452551,250,230,dummy-474
816838.651712367,250,230,dummy-474
816941.531530511,250,230,dummy-474
816746.23576075,250,230,dummy-714
816815.178595258,250,230,dummy-714
816910.996008776,250,230,dummy-714
816935.791665496,250,230,dummy-714
816865.834026683,250,230,dummy-550
816885.218552213,250,230,dummy-550
816933.002012751,250,230,dummy-550
816773.398128942,250,230,dummy-588
816913.901136741,250,230,dummy-588
816772.673936441,250,230,dummy-591
816801.812871275,250,230,dummy-591
816878.29826996,250,230,dummy-591
816694.720449242,250,230,dummy-308
816891.801924237,250,230,dummy-308
816920.818941032,250,230,dummy-308
816700.752901582,250,230,dummy-327
816741.81022527,250,230,dummy-327
816838.269285067,250,230,dummy-327
816723.653287961,250,230,dummy-582
816770.235942324,250,230,dummy-582
816887.73691365,250,230,dummy-582
816838.667141851,250,230,dummy-466
816865.943583503,250,230,dummy-466
816899.079051166,250,230,dummy-466
816912.469990776,250,230,dummy-466
816751.621964727,250,230,dummy-203
816761.699544983,250,230,dummy-203
816797.334870644,250,230,dummy-203
816871.901464551,250,230,dummy-203
816873.896072731,250,230,dummy-203
816970.840459861,250,230,dummy-203
816972.713518659,250,230,dummy-203
816709.912185079,250,230,dummy-392
816783.809405936,250,230,dummy-331
816797.26812404,250,230,dummy-331
816798.341269756,250,230,dummy-331
816693.358151271,250,230,dummy-369
816693.4029225,250,230,dummy-369
816698.656502124,250,230,dummy-369
816734.028695166,250,230,dummy-369
816734.402473178,250,230,dummy-369
816741.578914906,250,230,dummy-369
816879.614512495,250,230,dummy-369
816690.390091464,250,230,dummy-555
816700.39278253,250,230,dummy-555
816778.046829115,250,230,dummy-555
816908.801129865,250,230,dummy-555
816736.319990614,250,230,dummy-42
816934.800694822,250,230,dummy-42
816958.783457175,250,230,dummy-42
816756.280184729,250,230,dummy-441
816767.576979978,250,230,dummy-441
816801.875717011,250,230,dummy-441
816692.423465986,250,230,dummy-6
816727.125964727,250,230,dummy-6
816757.574601241,250,230,dummy-6
816819.340751744,250,230,dummy-6
816853.829158033,250,230,dummy-6
816864.493255781,250,230,dummy-6
816866.375405024,250,230,dummy-6
816786.046378424,250,230,dummy-69
816840.47762178,250,230,dummy-69
816815.93184972,250,230,dummy-191
816892.630599544,250,230,dummy-191
816979.396311636,250,230,dummy-191
816746.478398724,250,230,dummy-362
816839.834567109,250,230,dummy-362
816759.225748735,250,230,dummy-52
816841.583932135,250,230,dummy-52
816850.197409969,250,230,dummy-52
816876.442628075,250,230,dummy-52
816903.409939412,250,230,dummy-52
816933.002043179,250,230,dummy-52
816987.337998255,250,230,dummy-52
816953.144922146,250,230,dummy-618
816709.744895572,250,230,dummy-300
816766.214177203,250,230,dummy-300
816873.414311001,250,230,dummy-300
816911.327263939,250,230,dummy-300
816948.001094373,250,230,dummy-300
816970.013950875,250,230,dummy-300
816826.085058239,250,230,dummy-144
816879.708810422,250,230,dummy-144
816799.050689715,250,230,dummy-384
816957.388653755,250,230,dummy-384
816689.952898938,250,230,dummy-102
816699.062726288,250,230,dummy-102
816726.452789679,250,230,dummy-102
816824.4993358,250,230,dummy-102
816879.509777993,250,230,dummy-102
816889.296646457,250,230,dummy-102
816966.124379797,250,230,dummy-102
816948.668007335,250,230,dummy-333
816931.119014925,250,230,dummy-208
816960.569375601,250,230,dummy-208
816721.610689022,250,230,dummy-161
816764.94277143,250,230,dummy-98
816747.506307518,250,230,dummy-734
816754.508099945,250,230,dummy-734
816865.583938118,250,230,dummy-734
816984.868938786,250,230,dummy-734
816716.194946785,250,230,dummy-258
816717.283488874,250,230,dummy-258
816760.674765462,250,230,dummy-258
816890.263141078,250,230,dummy-258
816788.899315929,250,230,dummy-733
816818.897825031,250,230,dummy-733
816851.960771178,250,230,dummy-733
816895.900460978,250,230,dummy-733
816963.231375299,250,230,dummy-728
816963.890071777,250,230,dummy-728
816834.157986345,250,230,dummy-701
816900.092250679,250,230,dummy-701
816960.830298731,250,230,dummy-701
816961.649155843,250,230,dummy-701
816819.225491053,250,230,dummy-749
816888.150997498,250,230,dummy-749
816895.933369722,250,230,dummy-749
816914.122180019,250,230,dummy-749
816955.076579445,250,230,dummy-749
816699.193544924,250,230,dummy-243
816768.160605107,250,230,dummy-243
816915.088954888,250,230,dummy-243
816944.664934721,250,230,dummy-243
816961.639415039,250,230,dummy-243
816736.723700481,250,230,dummy-587
816772.314574102,250,230,dummy-587
816784.995839002,250,230,dummy-587
816800.164360404,250,230,dummy-587
816920.987669354,250,230,dummy-587
816755.179581378,250,230,dummy-313
816795.595902048,250,230,dummy-313
816816.112228132,250,230,dummy-313
816709.673558429,250,230,dummy-403
816815.859840498,250,230,dummy-403
816853.536244711,250,230,dummy-403
816897.449004795,250,230,dummy-403
816897.926462153,250,230,dummy-403
816968.905087072,250,230,dummy-403
816830.95092555,250,230,dummy-546
816720.370120988,250,230,dummy-707
816816.916925411,250,230,dummy-707
816868.632319552,250,230,dummy-707
816876.289754813,250,230,dummy-707
816931.853576732,250,230,dummy-707
816696.401944081,250,230,dummy-412
816897.971051515,250,230,dummy-412
816691.190636845,250,230,dummy-88
816772.858283192,250,230,dummy-88
816790.599762533,250,230,dummy-88
816697.807365423,250,230,dummy-134
816721.563564135,250,230,dummy-134
816722.940665198,250,230,dummy-134
816769.078109723,250,230,dummy-134
816802.331831193,250,230,dummy-134
816850.830009413,250,230,dummy-134
816697.309363484,250,230,dummy-206
816730.506743088,250,230,dummy-206
816818.76945699,250,230,dummy-206
816821.638020749,250,230,dummy-206
816698.063563063,250,230,dummy-89
816729.658551295,250,230,dummy-89
816827.830965457,250,230,dummy-89
816851.708100042,250,230,dummy-89
816885.522014048,250,230,dummy-89
816912.326219487,250,230,dummy-89
816956.997343687,250,230,dummy-89
816965.418865282,250,230,dummy-89
816791.306394658,250,230,dummy-173
816869.110767407,250,230,dummy-173
816899.157548225,250,230,dummy-173
816920.338013798,250,230,dummy-173
816922.381386638,250,230,dummy-173
816813.46398858,250,230,dummy-137
816934.918020043,250,230,dummy-137
816706.696692111,250,230,dummy-479
816804.55247565,250,230,dummy-479
816836.228395174,250,230,dummy-479
816862.280527451,250,230,dummy-479
816872.797492097,250,230,dummy-479
816946.430172122,250,230,dummy-479
816829.664680444,250,230,dummy-186
816942.114909417,250,230,dummy-186
816956.335202663,250,230,dummy-186
816728.691183366,250,230,dummy-334
816799.659832686,250,230,dummy-334
816816.258049379,250,230,dummy-334
816982.741348973,250,230,dummy-334
816746.372260425,250,230,dummy-387
816752.890741544,250,230,dummy-387
816770.069050646,250,230,dummy-387
816849.247285573,250,230,dummy-387
816860.672130278,250,230,dummy-387
816980.482104318,250,230,dummy-387
816803.663093466,250,230,dummy-40
816878.618279593,250,230,dummy-40
816888.881010916,250,230,dummy-40
816890.037907169,250,230,dummy-40
816843.953312509,250,230,dummy-315
816890.30270473,250,230,dummy-315
816937.768185859,250,230,dummy-315
816837.829691708,250,230,dummy-499
816881.584284694,250,230,dummy-499
816889.098124378,250,230,dummy-499
816790.380370859,250,230,dummy-106
816878.100272989,250,230,dummy-106
816765.672871875,250,230,dummy-378
816810.415613271,250,230,dummy-378
816811.623928167,250,230,dummy-378
816812.371706274,250,230,dummy-378
816882.132908331,250,230,dummy-378
816919.50605264,250,230,dummy-266
816693.846813043,250,230,dummy-404
816768.302124331,250,230,dummy-404
816802.799141782,250,230,dummy-404
816730.207875498,250,230,dummy-349
816767.11089129,250,230,dummy-349
816822.314730406,250,230,dummy-349
816849.441964261,250,230,dummy-349
816891.149046993,250,230,dummy-349
816984.663556164,250,230,dummy-349
816976.670248047,250,230,dummy-263
816943.770477095,250,230,dummy-55
816702.108621752,250,230,dummy-78
816706.793501451,250,230,dummy-78
816736.576912438,250,230,dummy-78
816804.77002908,250,230,dummy-78
816798.472249788,250,230,dummy-149
816863.36624221,250,230,dummy-149
816887.902564499,250,230,dummy-149
816920.014744607,250,230,dummy-149
816971.411727118,250,230,dummy-149
816733.750052087,250,230,dummy-432
816800.58470596,250,230,dummy-432
816819.715304595,250,230,dummy-432
816824.828298428,250,230,dummy-432
816955.53673871,250,230,dummy-432
816711.98077165,250,230,dummy-675
816712.79039764,250,230,dummy-675
816761.598987787,250,230,dummy-675
816847.402658947,250,230,dummy-675
816940.247858026,250,230,dummy-675
816711.318447616,250,230,dummy-247
816767.876792971,250,230,dummy-247
816918.223576566,250,230,dummy-247
816688.895864495,250,230,dummy-459
816893.760493518,250,230,dummy-459
816978.208430785,250,230,dummy-459
816781.002850953,250,230,dummy-461
816917.336929193,250,230,dummy-461
816721.772673535,250,230,dummy-246
816786.089149199,250,230,dummy-246
816925.865412232,250,230,dummy-246
816950.789208448,250,230,dummy-246
816987.464888737,250,230,dummy-246
816735.260516383,250,230,dummy-571
816839.162267792,250,230,dummy-659
816840.716741202,250,230,dummy-659
816707.371699335,250,230,dummy-27
816727.00997268,250,230,dummy-27
816976.115262814,250,230,dummy-27
816704.436265828,250,230,dummy-2
816707.947762745,250,230,dummy-2
816735.44235524,250,230,dummy-2
816775.756992064,250,230,dummy-2
816942.557663205,250,230,dummy-2
816953.191939799,250,230,dummy-2
816757.596342069,250,230,dummy-704
816786.726443484,250,230,dummy-704
816793.43699664,250,230,dummy-704
816818.217999983,250,230,dummy-704
816843.565944433,250,230,dummy-704
816867.328855634,250,230,dummy-704
816909.444799125,250,230,dummy-704
816689.213990488,250,230,dummy-405
816743.705364271,250,230,dummy-405
816772.818863163,250,230,dummy-405
816723.594750098,250,230,dummy-398
816737.895686468,250,230,dummy-398
816697.011230004,250,230,dummy-318
816902.445257015,250,230,dummy-318
816699.73259478,250,230,dummy-416
816753.039396682,250,230,dummy-416
816845.573008667,250,230,dummy-416
816868.420438225,250,230,dummy-416
816969.996098616,250,230,dummy-416
816689.449025853,250,230,dummy-368
816733.98609028,250,230,dummy-368
816743.900866189,250,230,dummy-368
816831.600010553,250,230,dummy-368
816955.637743236,250,230,dummy-368
816697.956308815,250,230,dummy-295
816714.373227987,250,230,dummy-295
816944.753441703,250,230,dummy-295
816716.291548493,250,230,dummy-767
816769.185472484,250,230,dummy-767
816789.982143307,250,230,dummy-767
816815.526996547,250,230,dummy-767
816914.347075399,250,230,dummy-767
816923.476970372,250,230,dummy-767
816713.130668486,250,230,dummy-448
816825.079244912,250,230,dummy-448
816867.110843721,250,230,dummy-448
816869.970398537,250,230,dummy-448
816941.122712688,250,230,dummy-448
816788.161984195,250,230,dummy-212
816788.89027468,250,230,dummy-212
816802.310231902,250,230,dummy-212
816854.740116462,250,230,dummy-212
816810.980655947,250,230,dummy-601
816824.954713885,250,230,dummy-601
816924.920890953,250,230,dummy-601
816696.387564319,250,230,dummy-265
816791.162817954,250,230,dummy-265
816842.987020659,250,230,dummy-265
816903.063259224,250,230,dummy-265
816918.892405132,250,230,dummy-265
816696.103752166,250,230,dummy-558
816738.27766112,250,230,dummy-558
816742.470477155,250,230,dummy-558
816818.784149196,250,230,dummy-558
816834.725012235,250,230,dummy-558
816934.656528239,250,230,dummy-558
816900.158929079,250,230,dummy-47
816822.426835118,250,230,dummy-344
816829.374108512,250,230,dummy-344
816845.66207076,250,230,dummy-344
816871.587687424,250,230,dummy-344
816920.973124361,250,230,dummy-344
816921.600664276,250,230,dummy-344
816968.631282399,250,230,dummy-344
816976.258325187,250,230,dummy-344
816716.671297472,250,230,dummy-532
816746.429927708,250,230,dummy-532
816783.557143225,250,230,dummy-532
816812.997070381,250,230,dummy-532
816980.527169836,250,230,dummy-532
816984.314143216,250,230,dummy-532
816715.694579878,250,230,dummy-523
816869.21516131,250,230,dummy-523
816937.969412212,250,230,dummy-523
816746.666501012,250,230,dummy-638
816845.142408896,250,230,dummy-638
816689.623027836,250,230,dummy-253
816695.891471807,250,230,dummy-253
816867.050149848,250,230,dummy-253
816696.563567093,250,230,dummy-374
816712.148199847,250,230,dummy-374
816770.881196144,250,230,dummy-374
816841.57138651,250,230,dummy-374
816851.238032231,250,230,dummy-374
816921.617349764,250,230,dummy-374
816976.288569449,250,230,dummy-374
816772.729016581,250,230,dummy-366
816706.556662762,250,230,dummy-280
816712.264016974,250,230,dummy-280
816714.75604707,250,230,dummy-280
816774.448091551,250,230,dummy-280
816791.636378081,250,230,dummy-280
816905.623655272,250,230,dummy-280
816927.407573349,250,230,dummy-280
816725.467482929,250,230,dummy-521
816734.627157018,250,230,dummy-521
816692.766017498,250,230,dummy-400
816770.525296576,250,230,dummy-400
816925.877326919,250,230,dummy-400
816933.74538108,250,230,dummy-400
816938.682772713,250,230,dummy-400
816979.485565882,250,230,dummy-400
816770.576741833,250,230,dummy-766
816872.50570758,250,230,dummy-766
816916.576103549,250,230,dummy-766
816919.595766903,250,230,dummy-766
816717.864185002,250,230,dummy-713
816987.24722323,250,230,dummy-713
816689.27206561,250,230,dummy-737
816809.7404372,250,230,dummy-737
816957.821839152,250,230,dummy-737
816726.562849551,250,230,dummy-188
816728.554045973,250,230,dummy-188
816934.145817241,250,230,dummy-188
816764.220777332,250,230,dummy-710
816781.871796077,250,230,dummy-710
816784.538228872,250,230,dummy-710
816893.201451516,250,230,dummy-710
816703.943617028,250,230,dummy-257
816844.238566318,250,230,dummy-257
816845.090275778,250,230,dummy-257
816877.124911261,250,230,dummy-257
816733.993179803,250,230,dummy-164
816769.402417367,250,230,dummy-164
816840.911762872,250,230,dummy-164
816924.943558953,250,230,dummy-164
816928.045002743,250,230,dummy-164
816701.927395384,250,230,dummy-700
816734.503596924,250,230,dummy-700
816760.575438855,250,230,dummy-700
816693.523074668,250,230,dummy-427
816909.048324993,250,230,dummy-427
816763.877010081,250,230,dummy-183
816891.867723401,250,230,dummy-183
816954.172268343,250,230,dummy-183
816692.512511853,250,230,dummy-681
816874.778222644,250,230,dummy-681
816712.403466051,250,230,dummy-209
816958.170945975,250,230,dummy-209
816696.680129373,250,230,dummy-177
816749.539277073,250,230,dummy-177
816816.391419809,250,230,dummy-174
816941.734894081,250,230,dummy-174
816954.71616562,250,230,dummy-174
816955.217131028,250,230,dummy-174
816973.036103052,250,230,dummy-174
816759.263660429,250,230,dummy-12
816806.060951779,250,230,dummy-12
816815.632197466,250,230,dummy-12
816920.954003842,250,230,dummy-12
816712.534841101,250,230,dummy-45
816782.378762016,250,230,dummy-45
816690.645713451,250,230,dummy-674
816730.425800029,250,230,dummy-674
816796.187050006,250,230,dummy-674
816962.085077645,250,230,dummy-674
816689.502225735,250,230,dummy-218
816825.817429837,250,230,dummy-218
816920.174546407,250,230,dummy-218
816922.037118094,250,230,dummy-218
816925.502254479,250,230,dummy-218
816755.507041868,250,230,dummy-664
816809.912653111,250,230,dummy-664
816857.537155525,250,230,dummy-664
816816.371386843,250,230,dummy-604
816859.187069477,250,230,dummy-604
816911.671052436,250,230,dummy-604
816920.54579998,250,230,dummy-604
816688.173126148,250,230,dummy-625
816813.74525143,250,230,dummy-625
816842.850422339,250,230,dummy-625
816919.080474087,250,230,dummy-625
816960.059630591,250,230,dummy-625
816746.367420515,250,230,dummy-232
816752.62908358,250,230,dummy-232
816757.586502896,250,230,dummy-232
816979.604035477,250,230,dummy-232
816982.652686785,250,230,dummy-232
816774.524685657,250,230,dummy-669
816808.572519704,250,230,dummy-669
816877.708924641,250,230,dummy-669
816882.193051496,250,230,dummy-669
816721.515051949,250,230,dummy-63
816835.347828154,250,230,dummy-63
816838.066270106,250,230,dummy-63
816844.778209441,250,230,dummy-63
816806.948500262,250,230,dummy-383
816916.845973056,250,230,dummy-383
816957.328300193,250,230,dummy-383
816869.443896802,250,230,dummy-360
816857.068895541,250,230,dummy-202
816889.966594142,250,230,dummy-202
816961.533607585,250,230,dummy-202
816932.135433222,250,230,dummy-309
816869.540963905,250,230,dummy-201
816892.97534786,250,230,dummy-201
816893.842604631,250,230,dummy-201
816949.999824169,250,230,dummy-201
816975.682702354,250,230,dummy-201
816846.580966525,250,230,dummy-475
816847.02243339,250,230,dummy-475
816835.964448208,250,230,dummy-486
816858.7963158,250,230,dummy-486
816871.048065152,250,230,dummy-486
816909.030618059,250,230,dummy-486
816735.680208856,250,230,dummy-673
816808.648348812,250,230,dummy-673
816833.688556002,250,230,dummy-673
816895.527787358,250,230,dummy-673
816923.081299527,250,230,dummy-673
816843.146628406,250,230,dummy-738
816972.413260092,250,230,dummy-738
816709.096050412,250,230,dummy-670
816739.540053125,250,230,dummy-670
816752.765396379,250,230,dummy-670
816764.119920916,250,230,dummy-670
816835.188057877,250,230,dummy-670
816835.772832792,250,230,dummy-670
816907.15628583,250,230,dummy-670
816916.705942582,250,230,dummy-670
816922.839567403,250,230,dummy-670
816736.297456966,250,230,dummy-288
816830.965574836,250,230,dummy-288
816873.044576548,250,230,dummy-288
816967.938587263,250,230,dummy-288
816724.657538585,250,230,dummy-294
816696.199639604,250,230,dummy-394
816733.611275529,250,230,dummy-394
816846.921284907,250,230,dummy-394
816966.878295109,250,230,dummy-394
816691.607106966,250,230,dummy-91
816733.588359636,250,230,dummy-91
816782.619051261,250,230,dummy-91
816966.548798461,250,230,dummy-91
816747.007734803,250,230,dummy-353
816773.065895768,250,230,dummy-353
816782.074296765,250,230,dummy-353
816798.807506926,250,230,dummy-353
816856.270792937,250,230,dummy-353
816883.273269487,250,230,dummy-353
816705.46345845,250,230,dummy-93
816733.791987141,250,230,dummy-93
816750.238888634,250,230,dummy-93
816924.869818656,250,230,dummy-93
816981.696657661,250,230,dummy-93
816744.992863883,250,230,dummy-631
816805.79159163,250,230,dummy-631
816880.544762404,250,230,dummy-631
816940.324768815,250,230,dummy-631
816974.362207413,250,230,dummy-631
816919.079163061,250,230,dummy-455
816922.465603135,250,230,dummy-455
816715.174557535,250,230,dummy-57
816794.00621914,250,230,dummy-57
816918.493587417,250,230,dummy-57
816791.406885187,250,230,dummy-332
816851.595568923,250,230,dummy-332
816912.756116203,250,230,dummy-332
816930.395806438,250,230,dummy-332
816708.633234414,250,230,dummy-119
816718.091380682,250,230,dummy-119
816874.813462864,250,230,dummy-119
816955.185648405,250,230,dummy-119
816706.795104276,250,230,dummy-255
816808.241458562,250,230,dummy-255
816843.437678421,250,230,dummy-255
816887.142483127,250,230,dummy-255
816987.853679185,250,230,dummy-255
816942.988983409,250,230,dummy-705
816756.584318222,250,230,dummy-401
816765.369439106,250,230,dummy-401
816956.463275739,250,230,dummy-401
816808.147661954,250,230,dummy-279
816835.005655975,250,230,dummy-279
816879.723787412,250,230,dummy-279
816736.390038316,250,230,dummy-590
816760.412018471,250,230,dummy-590
816763.515955446,250,230,dummy-590
816818.005859323,250,230,dummy-590
816842.976016421,250,230,dummy-590
816738.841727894,250,230,dummy-682
816973.548502123,250,230,dummy-682
816717.000760207,250,230,dummy-194
816817.464247685,250,230,dummy-194
816832.340560601,250,230,dummy-194
816842.107963434,250,230,dummy-194
816881.108362932,250,230,dummy-194
816903.853049669,250,230,dummy-194
816949.435817621,250,230,dummy-194
816968.286457661,250,230,dummy-194
816846.505525541,250,230,dummy-128
816852.525039991,250,230,dummy-128
816712.593418886,250,230,dummy-35
816721.689909799,250,230,dummy-35
816798.063673169,250,230,dummy-35
816920.685508104,250,230,dummy-35
816725.305253424,250,230,dummy-76
816961.552943059,250,230,dummy-76
816725.165097051,250,230,dummy-617
816975.275507903,250,230,dummy-617
816980.720681475,250,230,dummy-425
816693.836742908,250,230,dummy-603
816707.704133763,250,230,dummy-603
816721.878019112,250,230,dummy-603
816933.814333288,250,230,dummy-603
816768.816791384,250,230,dummy-58
816832.142805373,250,230,dummy-58
816714.54598731,250,230,dummy-126
816738.030099603,250,230,dummy-126
816750.072775866,250,230,dummy-126
816722.076752874,250,230,dummy-129
816862.966856892,250,230,dummy-129
816875.244412259,250,230,dummy-129
816905.176014329,250,230,dummy-129
816922.868616007,250,230,dummy-129
816977.196572254,250,230,dummy-129
816688.589953042,250,230,dummy-104
816708.10500324,250,230,dummy-104
816760.430504652,250,230,dummy-104
816898.530759445,250,230,dummy-64
816969.941776295,250,230,dummy-64
816825.481995811,250,230,dummy-276
816827.688452688,250,230,dummy-276
816850.276685877,250,230,dummy-276
816919.998698212,250,230,dummy-276
816956.816431594,250,230,dummy-276
816749.545916201,250,230,dummy-341
816826.980241633,250,230,dummy-341
816847.952334824,250,230,dummy-341
816854.456606146,250,230,dummy-341
816763.711900847,250,230,dummy-100
816976.019297492,250,230,dummy-100
816708.234218668,250,230,dummy-758
816884.416281676,250,230,dummy-758
816771.005126289,250,230,dummy-397
816773.795405737,250,230,dummy-397
816813.750404924,250,230,dummy-397
816962.805820806,250,230,dummy-370
816688.329747346,250,230,dummy-547
816710.801325951,250,230,dummy-547
816730.049213404,250,230,dummy-547
816755.92384158,250,230,dummy-547
816928.787684764,250,230,dummy-547
816955.883149848,250,230,dummy-547
816741.870670184,250,230,dummy-382
816913.57125475,250,230,dummy-382
816731.188692466,250,230,dummy-544
816959.229251539,250,230,dummy-544
816720.655027792,250,230,dummy-481
816755.640349286,250,230,dummy-481
816805.091280602,250,230,dummy-481
816817.242370526,250,230,dummy-481
816891.561090377,250,230,dummy-481
816961.783539978,250,230,dummy-481
816778.176756379,250,230,dummy-373
816783.691315246,250,230,dummy-373
816783.989569249,250,230,dummy-373
816807.569520363,250,230,dummy-373
816982.59215904,250,230,dummy-373
816692.347273979,250,230,dummy-602
816939.25997489,250,230,dummy-602
816716.667552152,250,230,dummy-752
816737.865490168,250,230,dummy-752
816765.512258092,250,230,dummy-752
816830.879872773,250,230,dummy-752
816876.548929562,250,230,dummy-752
816906.63243376,250,230,dummy-752
816945.671757087,250,230,dummy-752
816695.845459759,250,230,dummy-4
816747.112517723,250,230,dummy-4
816833.410787794,250,230,dummy-4
816883.285376159,250,230,dummy-4
816914.481411798,250,230,dummy-4
816842.879584323,250,230,dummy-628
816848.501878053,250,230,dummy-628
816725.782136946,250,230,dummy-718
816817.876094905,250,230,dummy-718
816862.400642033,250,230,dummy-718
816872.467463417,250,230,dummy-718
816929.733023814,250,230,dummy-718
816858.948618597,250,230,dummy-138
816879.494311177,250,230,dummy-138
816936.0241178,250,230,dummy-138
816733.247468803,250,230,dummy-44
816721.845600874,250,230,dummy-742
816749.918830266,250,230,dummy-742
816826.801284809,250,230,dummy-742
816924.54875582,250,230,dummy-742
816932.208248145,250,230,dummy-605
816971.652606182,250,230,dummy-605
816743.791194082,250,230,dummy-516
816750.929985488,250,230,dummy-671
816809.275546391,250,230,dummy-633
816703.041049851,250,230,dummy-662
816816.337225379,250,230,dummy-662
816818.580997015,250,230,dummy-662
816870.110757085,250,230,dummy-662
816872.251316914,250,230,dummy-662
816873.627296814,250,230,dummy-662
816924.669731949,250,230,dummy-662
816934.629459482,250,230,dummy-662
816948.178475653,250,230,dummy-662
816764.099952019,250,230,dummy-716
816725.735995654,250,230,dummy-429
816745.738206789,250,230,dummy-429
816788.464055445,250,230,dummy-429
816827.260502133,250,230,dummy-429
816951.208831275,250,230,dummy-287
816954.104729334,250,230,dummy-287
816756.888482175,250,230,dummy-649
816882.698671784,250,230,dummy-649
816926.902318295,250,230,dummy-649
816689.317985945,250,230,dummy-698
816701.29788733,250,230,dummy-698
816706.196209108,250,230,dummy-698
816718.298315254,250,230,dummy-698
816945.627395964,250,230,dummy-698
816960.929207047,250,230,dummy-698
816698.991364277,250,230,dummy-554
816804.256851185,250,230,dummy-554
816877.598032933,250,230,dummy-554
816897.719627137,250,230,dummy-554
816716.494257095,250,230,dummy-83
816740.16383446,250,230,dummy-83
816830.698482089,250,230,dummy-83
816929.277952709,250,230,dummy-83
816698.197431579,250,230,dummy-684
816745.571741562,250,230,dummy-684
816867.137440431,250,230,dummy-684
816729.725531441,250,230,dummy-147
816813.605887789,250,230,dummy-147
816856.329363219,250,230,dummy-147
816912.037250381,250,230,dummy-147
816767.591764066,250,230,dummy-722
816918.741685936,250,230,dummy-722
816956.053161248,250,230,dummy-722
816728.797881796,250,230,dummy-148
816768.283298257,250,230,dummy-148
816773.213247367,250,230,dummy-148
816857.409252436,250,230,dummy-148
816874.293237524,250,230,dummy-148
816701.84801571,250,230,dummy-264
816902.466183442,250,230,dummy-264
816985.584082082,250,230,dummy-264
816696.199723958,250,230,dummy-244
816803.132800495,250,230,dummy-244
816966.412712784,250,230,dummy-244
816733.347649845,250,230,dummy-267
816743.448895994,250,230,dummy-267
816748.836688925,250,230,dummy-267
816831.811282348,250,230,dummy-267
816930.312748344,250,230,dummy-267
816944.842659083,250,230,dummy-267
816710.476186393,250,230,dummy-727
816841.366025019,250,230,dummy-727
816758.656715356,250,230,dummy-548
816849.287769899,250,230,dummy-548
816968.074607055,250,230,dummy-548
816976.176030012,250,230,dummy-548
816750.32058195,250,230,dummy-231
816866.198159964,250,230,dummy-231
816900.958096256,250,230,dummy-231
816762.545420405,250,230,dummy-50
816783.221049911,250,230,dummy-50
816934.827077896,250,230,dummy-50
816974.657974804,250,230,dummy-50
816700.741053483,250,230,dummy-167
816779.793356498,250,230,dummy-167
816820.722347623,250,230,dummy-167
816691.151214932,250,230,dummy-29
816694.418118915,250,230,dummy-29
816775.589074526,250,230,dummy-29
816896.009428338,250,230,dummy-29
816930.847698581,250,230,dummy-29
816715.285492167,250,230,dummy-418
816819.308202732,250,230,dummy-418
816972.551658088,250,230,dummy-418
816704.529412953,250,230,dummy-68
816736.936465822,250,230,dummy-68
816792.726491856,250,230,dummy-68
816910.860784649,250,230,dummy-68
816707.951345458,250,230,dummy-619
816723.807894505,250,230,dummy-619
816726.671900899,250,230,dummy-619
816751.708161296,250,230,dummy-619
816934.8333517,250,230,dummy-619
816777.125660283,250,230,dummy-75
816835.84198462,250,230,dummy-75
816865.696232879,250,230,dummy-75
816888.481684307,250,230,dummy-75
816937.026225291,250,230,dummy-75
816954.874661704,250,230,dummy-75
816696.199679253,250,230,dummy-395
816754.195056125,250,230,dummy-395
816777.752386623,250,230,dummy-395
816906.091830637,250,230,dummy-395
816805.730922823,250,230,dummy-127
816941.474116701,250,230,dummy-127
816946.535422702,250,230,dummy-127
816958.234953461,250,230,dummy-127
816735.00204555,250,230,dummy-94
816805.575843318,250,230,dummy-94
816829.050827607,250,230,dummy-94
816714.133480445,250,230,dummy-133
816719.775927228,250,230,dummy-133
816877.709580585,250,230,dummy-133
816894.68675258,250,230,dummy-133
816937.632360694,250,230,dummy-133
816755.30369137,250,230,dummy-480
816797.348671006,250,230,dummy-480
816851.176934572,250,230,dummy-72
816879.064566905,250,230,dummy-72
816894.753249485,250,230,dummy-72
816756.624273552,250,230,dummy-561
816947.414698662,250,230,dummy-561
816736.04820507,250,230,dummy-686
816779.288615261,250,230,dummy-686
816845.344383789,250,230,dummy-686
816899.492452434,250,230,dummy-686
816950.53955115,250,230,dummy-686
816714.426617126,250,230,dummy-564
816982.447989665,250,230,dummy-564
816756.813310796,250,230,dummy-361
816855.582662323,250,230,dummy-361
816958.037041541,250,230,dummy-361
816736.974733549,250,230,dummy-184
816860.387897793,250,230,dummy-184
816881.000313768,250,230,dummy-184
816729.391622503,250,230,dummy-645
816831.305393855,250,230,dummy-645
816757.564004749,250,230,dummy-762
816817.387594149,250,230,dummy-762
816846.255659557,250,230,dummy-762
816896.003773189,250,230,dummy-762
816700.669139085,250,230,dummy-165
816861.935591456,250,230,dummy-165
816966.203974014,250,230,dummy-165
816974.301935727,250,230,dummy-165
816708.147265938,250,230,dummy-158
816861.864013918,250,230,dummy-158
816762.230668867,250,230,dummy-444
816771.756941055,250,230,dummy-444
816780.076476778,250,230,dummy-444
816898.027183432,250,230,dummy-444
816909.74928645,250,230,dummy-444
816829.212723677,250,230,dummy-764
816864.340760802,250,230,dummy-764
816689.578319314,250,230,dummy-271
816703.18417428,250,230,dummy-271
816733.401981121,250,230,dummy-271
816956.183744491,250,230,dummy-271
816968.927243377,250,230,dummy-271
816713.970863216,250,230,dummy-593
816764.982344355,250,230,dummy-593
816848.890019888,250,230,dummy-593
816909.152081518,250,230,dummy-593
816938.339891105,250,230,dummy-593
816964.049694949,250,230,dummy-593
816972.566247073,250,230,dummy-593
816702.350373545,250,230,dummy-417
816861.648186473,250,230,dummy-417
816870.148913732,250,230,dummy-417
816713.271215025,250,230,dummy-579
816790.784029741,250,230,dummy-579
816938.304658389,250,230,dummy-579
816745.23937561,250,230,dummy-663
816983.754963019,250,230,dummy-663
816734.37958724,250,230,dummy-21
816775.472836922,250,230,dummy-21
816924.807810388,250,230,dummy-21
816745.026049197,250,230,dummy-139
816842.199072064,250,230,dummy-139
816902.869094723,250,230,dummy-139
816699.599596853,250,230,dummy-79
816746.174900786,250,230,dummy-79
816781.365962178,250,230,dummy-79
816857.591533055,250,230,dummy-79
816925.388573254,250,230,dummy-79
816779.458113793,250,230,dummy-470
816824.261770414,250,230,dummy-470
816891.439020362,250,230,dummy-470
816764.71667036,250,230,dummy-124
816807.347739502,250,230,dummy-124
816764.863320231,250,230,dummy-60
816863.910024257,250,230,dummy-60
816880.610605337,250,230,dummy-60
816881.793435168,250,230,dummy-60
816923.468981073,250,230,dummy-60
816930.294517726,250,230,dummy-60
816690.327567327,250,230,dummy-739
816762.921944455,250,230,dummy-739
816782.986621412,250,230,dummy-739
816826.598048862,250,230,dummy-739
816984.750040494,250,230,dummy-592
816986.736556429,250,230,dummy-592
816758.60275385,250,230,dummy-763
816875.847025866,250,230,dummy-763
816895.354261744,250,230,dummy-763
816984.891204804,250,230,dummy-763
816692.736318877,250,230,dummy-721
816728.119133334,250,230,dummy-721
816736.86743434,250,230,dummy-721
816854.486783599,250,230,dummy-721
816921.006466445,250,230,dummy-721
816944.731853499,250,230,dummy-721
816732.048264476,250,230,dummy-99
816795.725342587,250,230,dummy-99
816851.580054744,250,230,dummy-99
816788.426703877,250,230,dummy-511
816813.656709009,250,230,dummy-511
816826.798671055,250,230,dummy-511
816854.798478679,250,230,dummy-511
816877.372438333,250,230,dummy-511
816926.911111223,250,230,dummy-511
816928.932561001,250,230,dummy-511
816955.763324793,250,230,dummy-511
816692.783119084,250,230,dummy-293
816720.022329744,250,230,dummy-293
816796.937843513,250,230,dummy-293
816871.804766758,250,230,dummy-293
816769.153466224,250,230,dummy-278
816774.83885108,250,230,dummy-278
816880.223141706,250,230,dummy-278
816876.222702921,250,230,dummy-611
816960.066252502,250,230,dummy-611
816974.048948642,250,230,dummy-611
816713.968545614,250,230,dummy-281
816725.051654292,250,230,dummy-281
816742.795070162,250,230,dummy-281
816776.293709015,250,230,dummy-281
816784.880376526,250,230,dummy-281
816811.869257811,250,230,dummy-281
816783.588419732,250,230,dummy-411
816811.462247851,250,230,dummy-411
816827.839992582,250,230,dummy-411
816879.143364165,250,230,dummy-411
816965.784880272,250,230,dummy-583
816689.279681599,250,230,dummy-81
816838.033884386,250,230,dummy-81
816924.755433761,250,230,dummy-81
816946.496902476,250,230,dummy-81
816968.844465649,250,230,dummy-81
816775.651359056,250,230,dummy-220
816805.051926038,250,230,dummy-220
816815.099094935,250,230,dummy-220
816917.517774691,250,230,dummy-220
816694.583660217,250,230,dummy-525
816828.263485441,250,230,dummy-525
816733.915831534,250,230,dummy-48
816742.767504476,250,230,dummy-48
816745.794855191,250,230,dummy-48
816773.860902049,250,230,dummy-48
816985.542566933,250,230,dummy-48
816688.268351565,250,230,dummy-529
816778.353310267,250,230,dummy-529
816799.886161942,250,230,dummy-529
816689.586591838,250,230,dummy-489
816718.601941533,250,230,dummy-489
816727.827144089,250,230,dummy-489
816839.062712111,250,230,dummy-489
816741.517711992,250,230,dummy-577
816756.177980242,250,230,dummy-577
816809.997103942,250,230,dummy-577
816820.001328773,250,230,dummy-577
816858.731979144,250,230,dummy-118
816700.473176068,250,230,dummy-594
816755.635454939,250,230,dummy-594
816841.248097095,250,230,dummy-594
816897.652666068,250,230,dummy-594
816911.416931682,250,230,dummy-594
816725.329839634,250,230,dummy-743
816829.65252265,250,230,dummy-743
816845.872017458,250,230,dummy-743
816856.42266763,250,230,dummy-743
816694.92273566,250,230,dummy-54
816722.649044665,250,230,dummy-54
816728.119085565,250,230,dummy-54
816906.695365136,250,230,dummy-54
816932.272358862,250,230,dummy-54
816706.788810387,250,230,dummy-336
816747.022874819,250,230,dummy-336
816873.135261213,250,230,dummy-336
816876.676087646,250,230,dummy-336
816893.618597763,250,230,dummy-336
816708.275477298,250,230,dummy-32
816728.163498664,250,230,dummy-32
816729.625370582,250,230,dummy-32
816747.376510739,250,230,dummy-32
816750.367926133,250,230,dummy-32
816780.472467112,250,230,dummy-32
816818.364708668,250,230,dummy-32
816922.007718839,250,230,dummy-32
816753.578099679,250,230,dummy-651
816784.02599435,250,230,dummy-651
816956.791477121,250,230,dummy-651
816748.165547939,250,230,dummy-180
816795.194088167,250,230,dummy-180
816861.077384275,250,230,dummy-180
816929.551886217,250,230,dummy-180
816960.831658747,250,230,dummy-180
816982.564152241,250,230,dummy-180
816983.548592007,250,230,dummy-180
816724.120373844,250,230,dummy-322
816876.861406685,250,230,dummy-322
816699.849490152,250,230,dummy-537
816747.440099997,250,230,dummy-537
816860.382234919,250,230,dummy-537
816908.189715972,250,230,dummy-537
816897.574250565,250,230,dummy-502
816792.736158779,250,230,dummy-238
816855.54419946,250,230,dummy-238
816877.91615966,250,230,dummy-238
816964.736831157,250,230,dummy-238
816985.243361441,250,230,dummy-238
816810.270541411,250,230,dummy-731
816823.088554204,250,230,dummy-731
816846.40921111,250,230,dummy-731
816766.060120855,250,230,dummy-661
816867.203686616,250,230,dummy-661
816702.770111695,250,230,dummy-607
816739.469150004,250,230,dummy-607
816881.712714141,250,230,dummy-607
816925.445382556,250,230,dummy-607
816937.029576481,250,230,dummy-607
816728.354911688,250,230,dummy-380
816774.105298561,250,230,dummy-380
816790.140523533,250,230,dummy-380
816964.663957324,250,230,dummy-380
816930.670225849,250,230,dummy-96
816948.539289978,250,230,dummy-96
816758.584384639,250,230,dummy-719
816894.645031036,250,230,dummy-719
816736.679417871,250,230,dummy-490
816894.883854124,250,230,dummy-490
816937.990145182,250,230,dummy-726
816826.218401766,250,230,dummy-492
816837.753550541,250,230,dummy-492
816880.597079154,250,230,dummy-492
816931.498722977,250,230,dummy-492
816976.393835428,250,230,dummy-492
816723.247572977,250,230,dummy-615
816758.67175059,250,230,dummy-615
816789.506243258,250,230,dummy-615
816808.113010967,250,230,dummy-615
816835.118308664,250,230,dummy-615
816736.817906725,250,230,dummy-568
816781.787312995,250,230,dummy-568
816871.12002343,250,230,dummy-568
816711.310839458,250,230,dummy-510
816732.175592971,250,230,dummy-510
816735.540633767,250,230,dummy-510
816984.461011839,250,230,dummy-510
816814.226653678,250,230,dummy-86
816863.641693779,250,230,dummy-86
816918.293798721,250,230,dummy-86
816709.687076498,250,230,dummy-222
816933.650471679,250,230,dummy-222
816951.256895071,250,230,dummy-222
816926.530137387,250,230,dummy-359
816974.724070379,250,230,dummy-359
816705.804928605,250,230,dummy-676
816840.315096714,250,230,dummy-676
816920.269127699,250,230,dummy-676
816931.768665155,250,230,dummy-676
816987.342590128,250,230,dummy-676
816944.339123928,250,230,dummy-520
816779.56335777,250,230,dummy-350
816822.720852769,250,230,dummy-350
816849.522890197,250,230,dummy-84
816876.195474326,250,230,dummy-84
816779.549223487,250,230,dummy-61
816844.359534864,250,230,dummy-61
816696.199702236,250,230,dummy-507
816872.102737653,250,230,dummy-507
816880.429218163,250,230,dummy-507
816943.815903464,250,230,dummy-379
816754.841264145,250,230,dummy-323
816815.924166135,250,230,dummy-323
816851.51641337,250,230,dummy-323
816723.110862516,250,230,dummy-5
816767.186335561,250,230,dummy-5
816863.98272581,250,230,dummy-5
816909.777153426,250,230,dummy-5
816958.087882307,250,230,dummy-5
816958.245565189,250,230,dummy-5
816986.095980746,250,230,dummy-5
816732.064641811,250,230,dummy-207
816867.154522706,250,230,dummy-207
816986.081278263,250,230,dummy-207
