arrival_time,input_tokens,output_tokens,adapter
816878.46446256,250,230,dummy-772
816905.559968352,250,230,dummy-772
816667.763475006,250,230,dummy-283
816771.787754107,250,230,dummy-283
816836.147587935,250,230,dummy-283
816872.591223219,250,230,dummy-283
816927.262483649,250,230,dummy-283
816765.177753763,250,230,dummy-448
816839.93033451,250,230,dummy-448
816872.042706282,250,230,dummy-448
816781.591637013,250,230,dummy-683
816928.614679124,250,230,dummy-683
816683.613993627,250,230,dummy-323
816837.134028586,250,230,dummy-323
816845.281318374,250,230,dummy-323
816863.056635709,250,230,dummy-323
816902.955254217,250,230,dummy-323
816903.456344087,250,230,dummy-323
816730.125881125,250,230,dummy-228
816826.921915702,250,230,dummy-228
816767.894517062,250,230,dummy-414
816768.638325937,250,230,dummy-414
816781.456089334,250,230,dummy-414
816848.633555497,250,230,dummy-414
816849.110492533,250,230,dummy-414
816855.446960213,250,230,dummy-414
816917.15750672,250,230,dummy-414
816681.53735418,250,230,dummy-796
816802.043441127,250,230,dummy-796
816827.909742,250,230,dummy-796
816892.406742801,250,230,dummy-796
816721.989395298,250,230,dummy-325
816811.054262842,250,230,dummy-325
816872.229390736,250,230,dummy-325
816872.858100443,250,230,dummy-325
816876.32465403,250,230,dummy-325
816691.955039103,250,230,dummy-749
816717.864243036,250,230,dummy-749
816772.268392198,250,230,dummy-749
816801.372120368,250,230,dummy-749
816827.297545042,250,230,dummy-749
816892.708245367,250,230,dummy-749
816725.723328265,250,230,dummy-321
816938.029942756,250,230,dummy-321
816669.565124526,250,230,dummy-350
816688.570734901,250,230,dummy-350
816739.727208939,250,230,dummy-350
816799.843544308,250,230,dummy-350
816819.470084814,250,230,dummy-350
816954.729809759,250,230,dummy-350
816679.131364182,250,230,dummy-662
816682.729704762,250,230,dummy-662
816693.622626285,250,230,dummy-662
816738.033770222,250,230,dummy-662
816746.621093097,250,230,dummy-662
816855.284068246,250,230,dummy-662
816668.577450943,250,230,dummy-603
816746.231405953,250,230,dummy-603
816764.730917895,250,230,dummy-603
816852.448686018,250,230,dummy-603
816927.588957628,250,230,dummy-603
816666.774515399,250,230,dummy-365
816683.191214535,250,230,dummy-365
816787.213658451,250,230,dummy-365
816789.591523631,250,230,dummy-365
816857.566855328,250,230,dummy-365
816732.544805559,250,230,dummy-618
816765.799218264,250,230,dummy-618
816867.120364385,250,230,dummy-618
816666.931099715,250,230,dummy-243
816727.78929153,250,230,dummy-243
816845.553295406,250,230,dummy-243
816883.006403345,250,230,dummy-243
816948.675519279,250,230,dummy-243
816665.523639666,250,230,dummy-212
816870.957779397,250,230,dummy-212
816800.461822399,250,230,dummy-106
816870.755259361,250,230,dummy-106
816922.152211994,250,230,dummy-106
816762.060622298,250,230,dummy-226
816780.879087331,250,230,dummy-226
816841.679947277,250,230,dummy-226
816960.944117995,250,230,dummy-226
816853.70663847,250,230,dummy-604
816754.220747776,250,230,dummy-587
816840.898544318,250,230,dummy-587
816785.251535506,250,230,dummy-477
816828.067142719,250,230,dummy-477
816668.32182329,250,230,dummy-510
816829.083359241,250,230,dummy-510
816850.573605478,250,230,dummy-510
816913.721214548,250,230,dummy-510
816920.028441382,250,230,dummy-510
816761.704293963,250,230,dummy-384
816961.667113401,250,230,dummy-384
816666.204046098,250,230,dummy-4
816831.641319123,250,230,dummy-4
816851.76292005,250,230,dummy-4
816674.579780353,250,230,dummy-98
816850.761502175,250,230,dummy-98
816861.826214023,250,230,dummy-98
816886.621969008,250,230,dummy-98
816925.234621542,250,230,dummy-98
816943.395988891,250,230,dummy-98
816698.322247282,250,230,dummy-136
816782.996873822,250,230,dummy-136
816920.043149636,250,230,dummy-136
816686.291949543,250,230,dummy-738
816844.226197453,250,230,dummy-738
816849.92758447,250,230,dummy-738
816920.9066224,250,230,dummy-738
816707.476199138,250,230,dummy-439
816711.124280445,250,230,dummy-439
816818.778484269,250,230,dummy-439
816840.065573494,250,230,dummy-439
816878.662048192,250,230,dummy-568
816662.983318963,250,230,dummy-656
816767.107589374,250,230,dummy-656
816793.965461356,250,230,dummy-656
816703.593629677,250,230,dummy-251
816827.00749887,250,230,dummy-251
816829.001734907,250,230,dummy-251
816750.846789051,250,230,dummy-229
816765.32589419,250,230,dummy-229
816864.049075568,250,230,dummy-229
816960.762537802,250,230,dummy-229
816833.834798048,250,230,dummy-28
816947.053727094,250,230,dummy-28
816758.457320948,250,230,dummy-367
816823.352347884,250,230,dummy-367
816851.461526506,250,230,dummy-367
816904.093890424,250,230,dummy-367
816945.438169601,250,230,dummy-262
816671.661416841,250,230,dummy-421
816811.955266034,250,230,dummy-421
816879.75302178,250,230,dummy-421
816957.779375034,250,230,dummy-421
816944.790181642,250,230,dummy-682
816709.982242539,250,230,dummy-222
816716.243442364,250,230,dummy-222
816720.305118792,250,230,dummy-222
816773.154348654,250,230,dummy-222
816801.456886476,250,230,dummy-222
816851.204990325,250,230,dummy-222
816872.387029524,250,230,dummy-222
816938.915851385,250,230,dummy-222
816671.123470288,250,230,dummy-614
816704.649538633,250,230,dummy-614
816708.843727627,250,230,dummy-614
816830.410296697,250,230,dummy-614
816914.253299432,250,230,dummy-614
816801.065668543,250,230,dummy-706
816756.571932916,250,230,dummy-518
816812.428377724,250,230,dummy-518
816848.900664407,250,230,dummy-518
816881.849811274,250,230,dummy-518
816733.565846518,250,230,dummy-553
816736.905317483,250,230,dummy-553
816746.429047113,250,230,dummy-553
816756.253653378,250,230,dummy-553
816787.798772612,250,230,dummy-553
816870.519230822,250,230,dummy-553
816879.502364734,250,230,dummy-553
816690.266086194,250,230,dummy-263
816701.225352562,250,230,dummy-263
816768.610847949,250,230,dummy-263
816942.002134375,250,230,dummy-263
816950.047512046,250,230,dummy-263
816698.574866522,250,230,dummy-187
816732.338695389,250,230,dummy-187
816790.142171145,250,230,dummy-187
816940.715812613,250,230,dummy-187
816668.367519701,250,230,dummy-680
816721.674582141,250,230,dummy-680
816857.736126734,250,230,dummy-680
816867.285805349,250,230,dummy-680
816903.676463415,250,230,dummy-680
816840.816152974,250,230,dummy-437
816916.450518857,250,230,dummy-437
816712.210251079,250,230,dummy-161
816768.046323522,250,230,dummy-161
816916.127118241,250,230,dummy-161
816923.754482899,250,230,dummy-161
816819.284254274,250,230,dummy-640
816870.442555479,250,230,dummy-640
816954.079497851,250,230,dummy-640
816845.609650742,250,230,dummy-466
816888.555551512,250,230,dummy-466
816914.265687473,250,230,dummy-466
816706.168985677,250,230,dummy-825
816783.817256962,250,230,dummy-825
816817.547036573,250,230,dummy-825
816826.047901061,250,230,dummy-825
816676.783819391,250,230,dummy-118
816738.026323823,250,230,dummy-118
816819.397624292,250,230,dummy-118
816952.839637373,250,230,dummy-118
816671.382904992,250,230,dummy-74
816729.656248832,250,230,dummy-74
816836.856519135,250,230,dummy-74
816870.797750457,250,230,dummy-74
816880.703064012,250,230,dummy-74
816920.147567369,250,230,dummy-74
816722.356753321,250,230,dummy-601
816723.668233006,250,230,dummy-601
816784.325380662,250,230,dummy-601
816928.073462684,250,230,dummy-601
816938.291660806,250,230,dummy-601
816663.90505157,250,230,dummy-605
816707.223712228,250,230,dummy-605
816667.328981438,250,230,dummy-635
816698.923679786,250,230,dummy-635
816830.764281153,250,230,dummy-635
816857.441776505,250,230,dummy-635
816883.018867519,250,230,dummy-635
816935.059722348,250,230,dummy-635
816922.133533878,250,230,dummy-363
816942.59577519,250,230,dummy-363
816676.160942999,250,230,dummy-764
816732.6302292,250,230,dummy-764
816753.426389692,250,230,dummy-764
816759.456963271,250,230,dummy-764
816813.411550106,250,230,dummy-764
816959.137227177,250,230,dummy-764
816701.169902033,250,230,dummy-467
816832.14044344,250,230,dummy-467
816901.731499904,250,230,dummy-467
816904.979566779,250,230,dummy-467
816685.093587709,250,230,dummy-774
816686.007433124,250,230,dummy-774
816698.164318183,250,230,dummy-774
816926.205323602,250,230,dummy-774
816676.829353314,250,230,dummy-743
816705.842622737,250,230,dummy-743
816733.724216805,250,230,dummy-743
816851.225334422,250,230,dummy-743
816904.971716973,250,230,dummy-743
816735.532511129,250,230,dummy-227
816764.671497298,250,230,dummy-227
816788.145043091,250,230,dummy-227
816912.182674437,250,230,dummy-227
816941.401817339,250,230,dummy-227
816808.518872352,250,230,dummy-534
816819.18325506,250,230,dummy-534
816843.71942894,250,230,dummy-534
816867.737814608,250,230,dummy-534
816664.933887134,250,230,dummy-210
816866.501744553,250,230,dummy-210
816905.862081885,250,230,dummy-210
816733.583844698,250,230,dummy-408
816757.438257276,250,230,dummy-408
816810.956672772,250,230,dummy-408
816666.704887643,250,230,dummy-445
816850.086131021,250,230,dummy-445
816703.672907727,250,230,dummy-559
816813.946662533,250,230,dummy-559
816866.430602533,250,230,dummy-559
816875.560686967,250,230,dummy-559
816878.662094021,250,230,dummy-559
816941.859159358,250,230,dummy-559
816688.149068777,250,230,dummy-810
816900.084731392,250,230,dummy-810
816727.655009165,250,230,dummy-449
816792.599331738,250,230,dummy-449
816855.103517415,250,230,dummy-449
816866.633225324,250,230,dummy-449
816914.12389781,250,230,dummy-449
816938.601645358,250,230,dummy-449
816704.480052869,250,230,dummy-646
816663.154428868,250,230,dummy-665
816796.834358328,250,230,dummy-665
816830.033731658,250,230,dummy-665
816918.650764576,250,230,dummy-665
816957.49418034,250,230,dummy-665
816674.196836334,250,230,dummy-581
816692.845452046,250,230,dummy-14
816941.950181508,250,230,dummy-14
816718.597711178,250,230,dummy-423
816772.416360116,250,230,dummy-423
816821.830902762,250,230,dummy-423
816663.877189399,250,230,dummy-832
816764.314025154,250,230,dummy-832
816690.653191497,250,230,dummy-660
816708.39671069,250,230,dummy-660
816769.194802049,250,230,dummy-660
816818.104677412,250,230,dummy-660
816846.478236669,250,230,dummy-660
816734.206713797,250,230,dummy-143
816805.176068356,250,230,dummy-143
816723.040742378,250,230,dummy-736
816865.022532864,250,230,dummy-736
816890.187861797,250,230,dummy-736
816924.225907514,250,230,dummy-736
816711.560004762,250,230,dummy-594
816781.00646957,250,230,dummy-594
816790.775753226,250,230,dummy-594
816820.629379555,250,230,dummy-594
816678.924516652,250,230,dummy-380
816769.368551512,250,230,dummy-380
816783.342575906,250,230,dummy-380
816891.089749952,250,230,dummy-380
816685.356259987,250,230,dummy-699
816954.739537347,250,230,dummy-699
816817.861274745,250,230,dummy-606
816722.194844681,250,230,dummy-376
816870.302472491,250,230,dummy-376
816911.281653368,250,230,dummy-376
816791.610045538,250,230,dummy-225
816834.453218268,250,230,dummy-225
816930.826513768,250,230,dummy-225
816688.112045176,250,230,dummy-347
816716.185611168,250,230,dummy-347
816808.719967114,250,230,dummy-347
816878.168050276,250,230,dummy-347
816880.25509924,250,230,dummy-347
816935.829119792,250,230,dummy-347
816944.212310281,250,230,dummy-347
816951.572472041,250,230,dummy-347
816672.922092514,250,230,dummy-745
816807.432050084,250,230,dummy-745
816799.253736114,250,230,dummy-99
816800.106217155,250,230,dummy-99
816860.542909683,250,230,dummy-99
816705.810033505,250,230,dummy-121
816867.272930558,250,230,dummy-121
816873.043418824,250,230,dummy-121
816697.058382609,250,230,dummy-180
816890.994714121,250,230,dummy-180
816918.437499314,250,230,dummy-327
816948.293239814,250,230,dummy-327
816708.526489009,250,230,dummy-526
816805.700296757,250,230,dummy-526
816864.146996201,250,230,dummy-526
816899.395547839,250,230,dummy-526
816942.509974517,250,230,dummy-526
816840.927733377,250,230,dummy-823
816917.755741231,250,230,dummy-823
816711.278648931,250,230,dummy-169
816737.337075815,250,230,dummy-169
816713.521032381,250,230,dummy-817
816691.518779966,250,230,dummy-188
816731.367663775,250,230,dummy-188
816743.520059499,250,230,dummy-370
816776.65253765,250,230,dummy-370
816779.521161996,250,230,dummy-370
816882.077436012,250,230,dummy-370
816955.61381705,250,230,dummy-370
816727.207692866,250,230,dummy-504
816672.754319748,250,230,dummy-165
816724.392988919,250,230,dummy-165
816908.89460806,250,230,dummy-165
816745.915984436,250,230,dummy-156
816746.21436674,250,230,dummy-156
816918.978632288,250,230,dummy-156
816935.070285306,250,230,dummy-156
816958.096958531,250,230,dummy-156
816711.301724159,250,230,dummy-333
816837.41418263,250,230,dummy-333
816850.876468765,250,230,dummy-333
816856.958013799,250,230,dummy-333
816937.786782617,250,230,dummy-506
816947.669124926,250,230,dummy-506
816955.512257914,250,230,dummy-506
816681.770541276,250,230,dummy-244
816698.170457073,250,230,dummy-244
816873.501729493,250,230,dummy-244
816672.305292268,250,230,dummy-319
816704.711835495,250,230,dummy-319
816735.604949814,250,230,dummy-319
816753.544391721,250,230,dummy-116
816778.324949291,250,230,dummy-116
816734.244975558,250,230,dummy-457
816891.530991399,250,230,dummy-573
816940.571746685,250,230,dummy-573
816959.751442991,250,230,dummy-573
816707.072533331,250,230,dummy-10
816715.778132361,250,230,dummy-532
816720.735238487,250,230,dummy-532
816891.154092417,250,230,dummy-532
816707.163390566,250,230,dummy-547
816845.905491372,250,230,dummy-547
816664.482855567,250,230,dummy-490
816701.893502751,250,230,dummy-490
816742.181014709,250,230,dummy-490
816950.505528291,250,230,dummy-490
816689.66404138,250,230,dummy-657
816842.404252344,250,230,dummy-657
816856.211848356,250,230,dummy-657
816877.995919003,250,230,dummy-657
816682.044460622,250,230,dummy-405
816912.424164604,250,230,dummy-405
816941.587241829,250,230,dummy-405
816905.653313149,250,230,dummy-766
816819.532789838,250,230,dummy-717
816930.546788425,250,230,dummy-717
816685.410718145,250,230,dummy-144
816842.132356671,250,230,dummy-144
816928.626306124,250,230,dummy-144
816700.447129558,250,230,dummy-349
816735.856315369,250,230,dummy-349
816876.35876787,250,230,dummy-349
816910.949065358,250,230,dummy-349
816911.607822437,250,230,dummy-349
816913.99965932,250,230,dummy-349
816951.335283822,250,230,dummy-349
816751.968062246,250,230,dummy-373
816803.792281332,250,230,dummy-373
816866.405212519,250,230,dummy-373
816900.700265495,250,230,dummy-373
816774.170469624,250,230,dummy-392
816776.414572496,250,230,dummy-392
816825.98523005,250,230,dummy-392
816904.133936324,250,230,dummy-795
816753.023500445,250,230,dummy-159
816871.157352393,250,230,dummy-159
816882.65689713,250,230,dummy-159
816914.78213757,250,230,dummy-159
816758.317662765,250,230,dummy-216
816867.305154003,250,230,dummy-216
816924.945514584,250,230,dummy-744
816681.677453133,250,230,dummy-362
816735.611445822,250,230,dummy-362
816753.352644739,250,230,dummy-362
816702.3678606,250,230,dummy-454
816797.036458996,250,230,dummy-454
816878.318612845,250,230,dummy-454
816944.066182036,250,230,dummy-454
816810.986203411,250,230,dummy-293
816960.326477379,250,230,dummy-293
816676.544142545,250,230,dummy-284
816694.123288023,250,230,dummy-284
816739.873483628,250,230,dummy-284
816790.712512161,250,230,dummy-284
816793.431493098,250,230,dummy-284
816820.709850664,250,230,dummy-284
816881.301836056,250,230,dummy-284
816888.469280155,250,230,dummy-284
816674.91872126,250,230,dummy-636
816684.376997184,250,230,dummy-636
816708.04706843,250,230,dummy-636
816748.973459151,250,230,dummy-636
816880.216669844,250,230,dummy-636
816910.501496578,250,230,dummy-636
816872.554809426,250,230,dummy-470
816919.585352777,250,230,dummy-470
816956.744445591,250,230,dummy-470
816670.439083251,250,230,dummy-192
816680.295007122,250,230,dummy-192
816681.989171495,250,230,dummy-192
816687.631792561,250,230,dummy-192
816764.006077681,250,230,dummy-192
816795.680987522,250,230,dummy-192
816879.713234091,250,230,dummy-192
816897.582896623,250,230,dummy-192
816696.827146113,250,230,dummy-336
816832.319212289,250,230,dummy-336
816685.124307487,250,230,dummy-826
816742.392390817,250,230,dummy-826
816762.423165564,250,230,dummy-826
816716.443359683,250,230,dummy-486
816725.038604786,250,230,dummy-486
816870.155303896,250,230,dummy-486
816902.42498588,250,230,dummy-486
816954.219235801,250,230,dummy-486
816704.210315059,250,230,dummy-496
816794.156021042,250,230,dummy-496
816861.650744689,250,230,dummy-496
816843.771184704,250,230,dummy-458
816685.587744845,250,230,dummy-668
816702.041667834,250,230,dummy-668
816775.010040269,250,230,dummy-668
816803.877471714,250,230,dummy-668
816862.023501754,250,230,dummy-668
816898.697366796,250,230,dummy-668
816680.750222855,250,230,dummy-443
816792.69822595,250,230,dummy-443
816668.192185516,250,230,dummy-619
816774.705532737,250,230,dummy-619
816826.420438404,250,230,dummy-619
816917.909326647,250,230,dummy-619
816919.56642995,250,230,dummy-619
816690.798916471,250,230,dummy-765
816772.174463913,250,230,dummy-765
816681.283550108,250,230,dummy-287
816762.933147742,250,230,dummy-287
816926.212985778,250,230,dummy-287
816675.883603803,250,230,dummy-790
816899.845947096,250,230,dummy-790
816712.01240043,250,230,dummy-800
816714.465516127,250,230,dummy-800
816724.543049235,250,230,dummy-800
816745.218142912,250,230,dummy-800
816774.927155832,250,230,dummy-800
816797.998420102,250,230,dummy-800
816821.762255298,250,230,dummy-800
816856.522310195,250,230,dummy-800
816913.656472921,250,230,dummy-800
816895.011606519,250,230,dummy-213
816787.235629662,250,230,dummy-374
816832.904153746,250,230,dummy-374
816710.204165952,250,230,dummy-286
816747.330893623,250,230,dummy-286
816761.924126983,250,230,dummy-286
816814.354017464,250,230,dummy-286
816699.281409595,250,230,dummy-275
816714.170680414,250,230,dummy-275
816732.149372159,250,230,dummy-275
816825.496960323,250,230,dummy-275
816832.064631356,250,230,dummy-275
816906.178364496,250,230,dummy-275
816933.054754361,250,230,dummy-275
816955.037779207,250,230,dummy-275
816706.589171922,250,230,dummy-498
816806.137624712,250,230,dummy-498
816739.411956414,250,230,dummy-624
816744.927473424,250,230,dummy-624
816862.4571796,250,230,dummy-624
816674.174999644,250,230,dummy-451
816693.813609496,250,230,dummy-451
816702.561995282,250,230,dummy-451
816901.042255336,250,230,dummy-451
816909.851002822,250,230,dummy-7
816695.954871171,250,230,dummy-372
816713.705848953,250,230,dummy-372
816829.583803351,250,230,dummy-372
816859.515630307,250,230,dummy-372
816953.265169336,250,230,dummy-372
816672.927337682,250,230,dummy-400
816685.029096712,250,230,dummy-400
816782.678474472,250,230,dummy-400
816797.086238852,250,230,dummy-400
816871.150073658,250,230,dummy-400
816873.013196129,250,230,dummy-400
816901.680582661,250,230,dummy-400
816693.250916595,250,230,dummy-831
816833.519127012,250,230,dummy-831
816864.476988039,250,230,dummy-776
816882.116659188,250,230,dummy-776
816899.722996911,250,230,dummy-776
816958.760482118,250,230,dummy-776
816663.049611505,250,230,dummy-487
816744.220520776,250,230,dummy-487
816928.149543195,250,230,dummy-487
816830.844452549,250,230,dummy-446
816860.9275191,250,230,dummy-446
816887.038924854,250,230,dummy-446
816671.332768428,250,230,dummy-378
816701.550564582,250,230,dummy-378
816813.727159993,250,230,dummy-37
816813.79998362,250,230,dummy-37
816819.59021732,250,230,dummy-37
816846.746205654,250,230,dummy-37
816873.960641145,250,230,dummy-37
816688.924260741,250,230,dummy-355
816707.056824614,250,230,dummy-355
816826.300406474,250,230,dummy-355
816900.795658791,250,230,dummy-303
816924.984187638,250,230,dummy-303
816946.094078326,250,230,dummy-303
816949.592945993,250,230,dummy-303
816685.997243409,250,230,dummy-664
816805.154290818,250,230,dummy-664
816942.665389953,250,230,dummy-664
816955.172768977,250,230,dummy-664
816707.266439763,250,230,dummy-808
816712.653895211,250,230,dummy-808
816721.18219722,250,230,dummy-808
816796.009786881,250,230,dummy-808
816700.84848838,250,230,dummy-3
816741.940291017,250,230,dummy-3
816768.383184293,250,230,dummy-3
816806.840510482,250,230,dummy-3
816808.106436481,250,230,dummy-3
816852.018412392,250,230,dummy-3
816933.798766952,250,230,dummy-358
816804.646627838,250,230,dummy-397
816721.207380582,250,230,dummy-679
816781.030719764,250,230,dummy-679
816821.052335051,250,230,dummy-679
816891.892854843,250,230,dummy-679
816904.874225415,250,230,dummy-679
816957.977030897,250,230,dummy-679
816668.117909308,250,230,dummy-360
816701.911824279,250,230,dummy-360
816950.832068347,250,230,dummy-360
816689.608418117,250,230,dummy-476
816753.949650665,250,230,dummy-476
816878.436721984,250,230,dummy-476
816930.018487565,250,230,dummy-476
816804.06430237,250,230,dummy-329
816922.849501664,250,230,dummy-329
816741.040637966,250,230,dummy-578
816748.837327527,250,230,dummy-578
816925.978075315,250,230,dummy-578
816943.800465223,250,230,dummy-578
816953.599722035,250,230,dummy-578
816726.731222992,250,230,dummy-387
816769.362056906,250,230,dummy-387
816670.826355798,250,230,dummy-340
816664.484265427,250,230,dummy-65
816722.479083941,250,230,dummy-65
816905.17075148,250,230,dummy-65
816685.676411332,250,230,dummy-655
816694.900965088,250,230,dummy-655
816765.869607793,250,230,dummy-655
816768.004618624,250,230,dummy-655
816775.765910935,250,230,dummy-655
816820.290787431,250,230,dummy-655
816962.476253939,250,230,dummy-655
816740.024591604,250,230,dummy-381
816903.355314744,250,230,dummy-381
816724.396348467,250,230,dummy-607
816752.259774145,250,230,dummy-456
816767.280573367,250,230,dummy-456
816836.417093466,250,230,dummy-456
816937.917367768,250,230,dummy-456
816685.457929017,250,230,dummy-388
816698.652225134,250,230,dummy-388
816833.741654196,250,230,dummy-388
816868.978194309,250,230,dummy-388
816895.731095139,250,230,dummy-388
816918.078535293,250,230,dummy-388
816679.852199189,250,230,dummy-330
816688.948216328,250,230,dummy-330
816733.02338095,250,230,dummy-330
816804.532590148,250,230,dummy-330
816872.482789259,250,230,dummy-330
816885.830316903,250,230,dummy-330
816893.26637787,250,230,dummy-330
816910.578805488,250,230,dummy-330
816938.671536046,250,230,dummy-330
816953.298576803,250,230,dummy-330
816704.600250538,250,230,dummy-562
816736.710660884,250,230,dummy-562
816776.666721317,250,230,dummy-562
816792.608318189,250,230,dummy-562
816827.813907108,250,230,dummy-562
816954.169664276,250,230,dummy-562
816726.266457423,250,230,dummy-667
816677.46513405,250,230,dummy-620
816795.467297704,250,230,dummy-620
816851.203609008,250,230,dummy-440
816927.032366408,250,230,dummy-440
816946.267078457,250,230,dummy-440
816700.147218898,250,230,dummy-631
816749.178670412,250,230,dummy-631
816766.207303437,250,230,dummy-631
816876.104889299,250,230,dummy-631
816880.698177534,250,230,dummy-631
816663.571270862,250,230,dummy-511
816667.620528562,250,230,dummy-511
816702.99282258,250,230,dummy-511
816861.196871483,250,230,dummy-511
816861.603285281,250,230,dummy-511
816721.647519179,250,230,dummy-432
816907.578024711,250,230,dummy-432
816667.980320295,250,230,dummy-493
816788.813493221,250,230,dummy-493
816819.644351448,250,230,dummy-493
816874.296201247,250,230,dummy-493
816881.122385375,250,230,dummy-493
816764.667849179,250,230,dummy-338
816923.496241521,250,230,dummy-338
816727.18868241,250,230,dummy-540
816757.721662078,250,230,dummy-540
816832.287339406,250,230,dummy-540
816882.340758605,250,230,dummy-540
816887.278168797,250,230,dummy-540
816920.755610392,250,230,dummy-540
816953.474152163,250,230,dummy-540
816729.821463691,250,230,dummy-572
816919.400727713,250,230,dummy-572
816664.001732139,250,230,dummy-38
816679.193372263,250,230,dummy-38
816848.496692641,250,230,dummy-38
816898.852609597,250,230,dummy-38
816924.53533067,250,230,dummy-38
816670.560227049,250,230,dummy-591
816675.245855274,250,230,dummy-591
816706.374249344,250,230,dummy-591
816823.655681729,250,230,dummy-591
816909.24385701,250,230,dummy-591
816940.412354154,250,230,dummy-591
816960.441961519,250,230,dummy-591
816794.206530579,250,230,dummy-317
816822.132221542,250,230,dummy-317
816937.560923429,250,230,dummy-317
816752.105980901,250,230,dummy-789
816812.295397252,250,230,dummy-789
816917.881531516,250,230,dummy-789
816961.293484292,250,230,dummy-789
816692.667208617,250,230,dummy-610
816717.703462146,250,230,dummy-610
816759.749570331,250,230,dummy-610
816811.544674821,250,230,dummy-610
816832.92859429,250,230,dummy-610
816865.981342152,250,230,dummy-610
816892.420146235,250,230,dummy-610
816906.640671345,250,230,dummy-610
816687.125326398,250,230,dummy-135
816799.614078451,250,230,dummy-135
816853.583320851,250,230,dummy-291
816861.523911077,250,230,dummy-291
816878.017915223,250,230,dummy-291
816934.064343739,250,230,dummy-291
816674.713897344,250,230,dummy-58
816694.601933664,250,230,dummy-58
816723.039964579,250,230,dummy-58
816822.872948059,250,230,dummy-58
816749.833283208,250,230,dummy-200
816763.253022342,250,230,dummy-200
816822.443704854,250,230,dummy-200
816872.149857187,250,230,dummy-200
816711.659885188,250,230,dummy-514
816714.65218625,250,230,dummy-514
816897.776820975,250,230,dummy-514
816962.856627145,250,230,dummy-541
816712.024172914,250,230,dummy-24
816877.311672913,250,230,dummy-24
816879.333147349,250,230,dummy-24
816893.862404221,250,230,dummy-24
816922.544843091,250,230,dummy-24
816939.151643713,250,230,dummy-24
816714.999722138,250,230,dummy-420
816797.675984233,250,230,dummy-420
816926.94318623,250,230,dummy-420
816948.537612748,250,230,dummy-420
816958.980420381,250,230,dummy-420
816676.873315365,250,230,dummy-56
816748.411238595,250,230,dummy-56
816821.961658467,250,230,dummy-56
816837.939747004,250,230,dummy-56
816918.080971926,250,230,dummy-56
816919.953978746,250,230,dummy-56
816953.995064845,250,230,dummy-56
816821.561997902,250,230,dummy-820
816840.948190084,250,230,dummy-820
816744.606417982,250,230,dummy-146
816753.890927053,250,230,dummy-146
816790.677192394,250,230,dummy-146
816791.262950767,250,230,dummy-146
816858.632154227,250,230,dummy-146
816942.406812297,250,230,dummy-146
816695.635362995,250,230,dummy-419
816797.548871614,250,230,dummy-419
816762.113679525,250,230,dummy-555
816796.264805144,250,230,dummy-555
816798.558523694,250,230,dummy-555
816876.784322471,250,230,dummy-555
816695.351552451,250,230,dummy-435
816734.836346648,250,230,dummy-435
816834.899183742,250,230,dummy-435
816865.169412022,250,230,dummy-435
816914.122320902,250,230,dummy-435
816682.12872384,250,230,dummy-290
816950.150520493,250,230,dummy-290
816951.736213564,250,230,dummy-290
816707.162146672,250,230,dummy-551
816740.659647698,250,230,dummy-551
816785.462604091,250,230,dummy-551
816801.750421719,250,230,dummy-551
816807.770074113,250,230,dummy-551
816839.408298618,250,230,dummy-551
816710.344125893,250,230,dummy-268
816808.820564863,250,230,dummy-268
816852.246954557,250,230,dummy-268
816902.274973249,250,230,dummy-268
816721.348862966,250,230,dummy-124
816943.366271981,250,230,dummy-124
816943.512221624,250,230,dummy-124
816686.415238916,250,230,dummy-827
816882.025071552,250,230,dummy-827
816894.968316354,250,230,dummy-827
816748.485174977,250,230,dummy-162
816863.299990644,250,230,dummy-162
816935.169043743,250,230,dummy-162
816791.371730319,250,230,dummy-203
816933.221356061,250,230,dummy-203
816758.09600087,250,230,dummy-725
816791.411442844,250,230,dummy-725
816939.499417547,250,230,dummy-725
816682.93339128,250,230,dummy-501
816742.625409215,250,230,dummy-501
816883.670810701,250,230,dummy-501
816897.219094148,250,230,dummy-501
816873.511680757,250,230,dummy-232
816927.840961929,250,230,dummy-232
816809.140593575,250,230,dummy-382
816865.159793494,250,230,dummy-382
816893.897107932,250,230,dummy-382
816736.31984711,250,230,dummy-96
816779.532029477,250,230,dummy-96
816801.355254058,250,230,dummy-96
816824.202967872,250,230,dummy-96
816936.426485903,250,230,dummy-96
816959.460447183,250,230,dummy-96
816672.772621489,250,230,dummy-762
816809.967428375,250,230,dummy-762
816817.59869765,250,230,dummy-762
816853.278642853,250,230,dummy-762
816863.215772671,250,230,dummy-762
816700.954503506,250,230,dummy-101
816727.02626751,250,230,dummy-101
816851.829606355,250,230,dummy-101
816866.398223361,250,230,dummy-101
816678.305313205,250,230,dummy-108
816785.109452069,250,230,dummy-108
816892.859402999,250,230,dummy-108
816696.495634706,250,230,dummy-684
816794.667780032,250,230,dummy-684
816856.595788673,250,230,dummy-684
816884.181680457,250,230,dummy-684
816752.127438908,250,230,dummy-508
816866.115844006,250,230,dummy-508
816907.069926271,250,230,dummy-508
816933.38481231,250,230,dummy-508
816688.295401694,250,230,dummy-248
816829.185269165,250,230,dummy-248
816909.557393534,250,230,dummy-248
816946.185384069,250,230,dummy-248
816671.083152817,250,230,dummy-407
816830.381235265,250,230,dummy-407
816891.058331691,250,230,dummy-407
816916.65312483,250,230,dummy-407
816700.384626625,250,230,dummy-649
816709.235853419,250,230,dummy-649
816737.302806757,250,230,dummy-649
816913.966795768,250,230,dummy-649
816922.06463834,250,230,dummy-649
816922.287802362,250,230,dummy-649
816924.322670501,250,230,dummy-649
816679.1119055,250,230,dummy-566
816679.921487116,250,230,dummy-566
816707.045301232,250,230,dummy-566
816878.745877312,250,230,dummy-566
816910.025531781,250,230,dummy-566
816918.045407522,250,230,dummy-566
816758.569842203,250,230,dummy-208
816767.113377752,250,230,dummy-208
816802.309786573,250,230,dummy-208
816895.15573403,250,230,dummy-208
816960.579022482,250,230,dummy-208
816668.504175201,250,230,dummy-260
816735.622267131,250,230,dummy-260
816744.631564031,250,230,dummy-260
816811.38044765,250,230,dummy-260
816867.087646336,250,230,dummy-260
816918.64602156,250,230,dummy-260
816696.384810451,250,230,dummy-224
816733.028062796,250,230,dummy-224
816835.551744586,250,230,dummy-224
816859.773042947,250,230,dummy-224
816868.566777105,250,230,dummy-224
816708.104442877,250,230,dummy-759
816749.088812456,250,230,dummy-759
816749.817897226,250,230,dummy-759
816784.660423294,250,230,dummy-759
816847.76804951,250,230,dummy-759
816915.294512339,250,230,dummy-759
816668.818167099,250,230,dummy-383
816747.870756353,250,230,dummy-383
816802.303101947,250,230,dummy-383
816841.529182421,250,230,dummy-383
816672.938030659,250,230,dummy-298
816693.573850373,250,230,dummy-298
816773.980629901,250,230,dummy-298
816850.679311595,250,230,dummy-298
816684.668232345,250,230,dummy-205
816714.426884061,250,230,dummy-205
816908.998058674,250,230,dummy-205
816954.594249526,250,230,dummy-205
816810.946848984,250,230,dummy-100
816820.521343444,250,230,dummy-100
816887.745560043,250,230,dummy-100
816683.576064562,250,230,dummy-536
816768.049786071,250,230,dummy-536
816776.870320484,250,230,dummy-577
816809.932674677,250,230,dummy-577
816876.451914911,250,230,dummy-577
816901.376381565,250,230,dummy-577
816903.920455516,250,230,dummy-577
816920.304155891,250,230,dummy-577
816685.815915434,250,230,dummy-474
816767.430088362,250,230,dummy-474
816859.491243801,250,230,dummy-474
816711.799041359,250,230,dummy-670
816731.661853357,250,230,dummy-670
816878.589643671,250,230,dummy-670
816905.420029454,250,230,dummy-670
816910.473076972,250,230,dummy-670
816770.733106135,250,230,dummy-351
816781.541147026,250,230,dummy-351
816869.746451224,250,230,dummy-351
816945.233466262,250,230,dummy-351
816952.750317015,250,230,dummy-351
816668.161345492,250,230,dummy-53
816786.040439217,250,230,dummy-53
816898.490239614,250,230,dummy-53
816899.593227996,250,230,dummy-53
816962.16966511,250,230,dummy-53
816677.751343214,250,230,dummy-183
816678.731804504,250,230,dummy-183
816901.715382929,250,230,dummy-183
816669.903836954,250,230,dummy-356
816680.142455044,250,230,dummy-356
816728.951289729,250,230,dummy-356
816782.97106819,250,230,dummy-356
816855.397179412,250,230,dummy-356
816927.476590905,250,230,dummy-356
816795.531178983,250,230,dummy-249
816870.123803885,250,230,dummy-292
816688.381410958,250,230,dummy-674
816827.262148038,250,230,dummy-757
816835.589162657,250,230,dummy-757
816884.057566926,250,230,dummy-757
816908.040816467,250,230,dummy-757
816833.720868261,250,230,dummy-438
816830.260190201,250,230,dummy-9
816672.241869207,250,230,dummy-644
816859.009412799,250,230,dummy-644
816745.557542198,250,230,dummy-281
816766.597752263,250,230,dummy-281
816671.122076235,250,230,dummy-322
816707.821595014,250,230,dummy-322
816773.136266168,250,230,dummy-322
816875.273459427,250,230,dummy-322
816897.015896607,250,230,dummy-322
816702.820172106,250,230,dummy-182
816752.097552952,250,230,dummy-182
816829.902322336,250,230,dummy-182
816853.771237891,250,230,dummy-182
816936.889486153,250,230,dummy-182
816833.713311606,250,230,dummy-769
816918.750971012,250,230,dummy-385
816945.985595427,250,230,dummy-385
816676.908117937,250,230,dummy-609
816880.704927885,250,230,dummy-609
816682.495289427,250,230,dummy-792
816707.159569687,250,230,dummy-792
816708.308356789,250,230,dummy-792
816733.628761964,250,230,dummy-792
816841.470917857,250,230,dummy-792
816913.037727816,250,230,dummy-792
816945.838820854,250,230,dummy-792
816731.808511828,250,230,dummy-17
816766.30579735,250,230,dummy-17
816815.309924402,250,230,dummy-17
816863.117578248,250,230,dummy-17
816873.620692528,250,230,dummy-17
816705.724781137,250,230,dummy-642
816718.950933535,250,230,dummy-642
816745.777082007,250,230,dummy-642
816773.648987185,250,230,dummy-642
816807.160828801,250,230,dummy-642
816910.247737261,250,230,dummy-642
816938.029569842,250,230,dummy-642
816961.845346796,250,230,dummy-642
816739.697305624,250,230,dummy-379
816757.301667328,250,230,dummy-379
816832.168789889,250,230,dummy-379
816668.749301493,250,230,dummy-242
816830.015149779,250,230,dummy-242
816935.688800765,250,230,dummy-242
816671.991851511,250,230,dummy-52
816790.656195514,250,230,dummy-52
816960.991791305,250,230,dummy-52
816699.718523824,250,230,dummy-25
816739.081119632,250,230,dummy-235
816918.796563709,250,230,dummy-575
816919.320949917,250,230,dummy-819
816665.393448406,250,230,dummy-703
816886.712342024,250,230,dummy-703
816889.905839486,250,230,dummy-703
816915.347036221,250,230,dummy-703
816663.310363486,250,230,dummy-740
816860.39008611,250,230,dummy-740
816862.172017751,250,230,dummy-740
816699.212017404,250,230,dummy-686
816778.141405819,250,230,dummy-686
816816.341506082,250,230,dummy-686
816739.897536633,250,230,dummy-704
816761.883715489,250,230,dummy-704
816768.647078593,250,230,dummy-704
816907.731375281,250,230,dummy-704
816921.714161366,250,230,dummy-704
816850.174733587,250,230,dummy-829
816905.541322628,250,230,dummy-829
816945.029115594,250,230,dummy-829
816711.660685979,250,230,dummy-528
816724.418027167,250,230,dummy-528
816726.890367886,250,230,dummy-528
816825.936589526,250,230,dummy-528
816828.077086695,250,230,dummy-528
816866.325638022,250,230,dummy-528
816893.750970049,250,230,dummy-528
816960.544563597,250,230,dummy-528
816845.20381778,250,230,dummy-220
816888.727166937,250,230,dummy-220
816895.121775626,250,230,dummy-220
816935.994532497,250,230,dummy-220
816665.627295881,250,230,dummy-214
816692.224387595,250,230,dummy-214
816694.21624867,250,230,dummy-214
816822.449759922,250,230,dummy-214
816822.892160332,250,230,dummy-214
816941.819104269,250,230,dummy-214
816850.446226045,250,230,dummy-311
816924.165898218,250,230,dummy-311
816946.51711684,250,230,dummy-311
816669.342942909,250,230,dummy-595
816703.583896335,250,230,dummy-595
816759.374346972,250,230,dummy-595
816880.198548561,250,230,dummy-595
816925.093868234,250,230,dummy-595
816667.902616553,250,230,dummy-813
816736.868409644,250,230,dummy-813
816741.271494622,250,230,dummy-813
816893.683851326,250,230,dummy-813
816766.608528958,250,230,dummy-641
816843.393718907,250,230,dummy-641
816872.013042958,250,230,dummy-641
816886.913208688,250,230,dummy-641
816673.179021457,250,230,dummy-337
816702.963034202,250,230,dummy-337
816759.113120538,250,230,dummy-637
816950.946759239,250,230,dummy-637
816698.915482625,250,230,dummy-66
816834.524477786,250,230,dummy-66
816710.660840314,250,230,dummy-491
816737.740555694,250,230,dummy-491
816741.237994584,250,230,dummy-491
816755.812504148,250,230,dummy-491
816776.328296561,250,230,dummy-491
816778.37317203,250,230,dummy-491
816778.501950975,250,230,dummy-491
816791.077976524,250,230,dummy-491
816895.514677157,250,230,dummy-491
816947.299296942,250,230,dummy-491
816951.827376411,250,230,dummy-491
816798.155350512,250,230,dummy-430
816823.001798678,250,230,dummy-430
816917.968966569,250,230,dummy-294
816947.108766808,250,230,dummy-294
816702.831529618,250,230,dummy-197
816771.024080991,250,230,dummy-197
816799.298855907,250,230,dummy-197
816758.00416292,250,230,dummy-626
816894.349514105,250,230,dummy-626
816669.655744223,250,230,dummy-95
816674.554562962,250,230,dummy-95
816828.271126529,250,230,dummy-95
816923.165732391,250,230,dummy-95
816713.169036736,250,230,dummy-732
816901.511229634,250,230,dummy-691
816687.516495701,250,230,dummy-339
816801.348484966,250,230,dummy-339
816812.593026396,250,230,dummy-339
816819.651379231,250,230,dummy-339
816836.135924933,250,230,dummy-339
816850.458032739,250,230,dummy-339
816921.869220194,250,230,dummy-339
816952.89261357,250,230,dummy-339
816682.958795898,250,230,dummy-171
816695.194711049,250,230,dummy-171
816773.41222521,250,230,dummy-261
816872.231919394,250,230,dummy-261
816943.367897627,250,230,dummy-261
816690.675349035,250,230,dummy-708
816940.785465471,250,230,dummy-708
816948.874178491,250,230,dummy-708
816880.642834793,250,230,dummy-485
816909.181547417,250,230,dummy-485
816697.640258707,250,230,dummy-471
816724.671286377,250,230,dummy-471
816772.034071287,250,230,dummy-471
816786.180608523,250,230,dummy-471
816847.590773422,250,230,dummy-471
816691.07843192,250,230,dummy-741
816927.326620399,250,230,dummy-741
816693.790496424,250,230,dummy-565
816872.367249222,250,230,dummy-565
816896.092828169,250,230,dummy-565
816918.004067258,250,230,dummy-565
816707.08114635,250,230,dummy-442
816783.394834853,250,230,dummy-442
816880.96657302,250,230,dummy-442
816679.417270591,250,230,dummy-120
816699.748987917,250,230,dummy-120
816922.530543163,250,230,dummy-120
816685.05691446,250,230,dummy-301
816685.482966512,250,230,dummy-301
816685.536480981,250,230,dummy-301
816711.631862414,250,230,dummy-301
816942.271312448,250,230,dummy-301
816699.637761671,250,230,dummy-79
816697.212542517,250,230,dummy-462
816723.087661868,250,230,dummy-462
816727.860558824,250,230,dummy-462
816918.954773051,250,230,dummy-462
816690.177351502,250,230,dummy-411
816764.149359734,250,230,dummy-411
816773.009965554,250,230,dummy-411
816788.529813825,250,230,dummy-411
816891.539681941,250,230,dummy-411
816895.482905731,250,230,dummy-411
816910.784443619,250,230,dummy-411
816945.428717448,250,230,dummy-411
816684.893466447,250,230,dummy-11
816785.356341236,250,230,dummy-11
816788.945799937,250,230,dummy-11
816924.731170479,250,230,dummy-11
816759.141978264,250,230,dummy-239
816854.856650257,250,230,dummy-239
816895.409755352,250,230,dummy-537
816720.219814745,250,230,dummy-775
816864.679084802,250,230,dummy-775
816875.077370547,250,230,dummy-775
816671.390461152,250,230,dummy-549
816724.473160328,250,230,dummy-549
816733.998719564,250,230,dummy-549
816835.929589245,250,230,dummy-549
816783.396219964,250,230,dummy-770
816769.234383651,250,230,dummy-688
816851.949939765,250,230,dummy-688
816912.688177868,250,230,dummy-688
816933.19354455,250,230,dummy-688
816751.781252648,250,230,dummy-520
816899.301575087,250,230,dummy-520
816910.175760884,250,230,dummy-520
816949.666130826,250,230,dummy-520
816950.083944699,250,230,dummy-520
816952.743341818,250,230,dummy-520
816960.929254203,250,230,dummy-678
816698.229092886,250,230,dummy-585
816855.696153134,250,230,dummy-585
816929.610087297,250,230,dummy-585
816946.710690941,250,230,dummy-585
816719.974195013,250,230,dummy-461
816796.393047281,250,230,dummy-461
816806.059310033,250,230,dummy-461
816876.439052246,250,230,dummy-461
816912.775341502,250,230,dummy-461
816679.363190194,250,230,dummy-31
816681.855273772,250,230,dummy-31
816732.866582023,250,230,dummy-31
816778.562488414,250,230,dummy-31
816899.370654357,250,230,dummy-31
816944.661797829,250,230,dummy-31
816828.835784197,250,230,dummy-478
816879.878047188,250,230,dummy-478
816953.854079319,250,230,dummy-478
816730.160767555,250,230,dummy-768
816742.082709981,250,230,dummy-768
816779.974875858,250,230,dummy-768
816897.202697356,250,230,dummy-768
816695.873693073,250,230,dummy-57
816739.874930574,250,230,dummy-57
816665.30867708,250,230,dummy-391
816677.404975904,250,230,dummy-391
816696.652543508,250,230,dummy-391
816907.113861719,250,230,dummy-391
816915.358088381,250,230,dummy-391
816687.25358031,250,230,dummy-791
816860.2949757,250,230,dummy-791
816955.105886319,250,230,dummy-791
816756.836808599,250,230,dummy-77
816854.427689706,250,230,dummy-77
816870.25532381,250,230,dummy-77
816873.64178468,250,230,dummy-77
816940.75507266,250,230,dummy-77
816677.166771068,250,230,dummy-720
816842.779159164,250,230,dummy-720
816936.294646013,250,230,dummy-720
816778.899454561,250,230,dummy-170
816784.137788867,250,230,dummy-170
816806.726180503,250,230,dummy-170
816701.224901998,250,230,dummy-70
816771.797598736,250,230,dummy-70
816814.521522434,250,230,dummy-70
816746.285334863,250,230,dummy-722
816878.327397432,250,230,dummy-722
816885.215646294,250,230,dummy-722
816915.6688318,250,230,dummy-722
816922.940137495,250,230,dummy-722
816950.820171598,250,230,dummy-722
816766.812278686,250,230,dummy-21
816772.475475649,250,230,dummy-21
816783.582443484,250,230,dummy-21
816881.329010848,250,230,dummy-21
816767.678958063,250,230,dummy-484
816836.274727116,250,230,dummy-484
816945.075715158,250,230,dummy-484
816711.703808361,250,230,dummy-702
816824.645749979,250,230,dummy-702
816898.043902826,250,230,dummy-702
816844.521897282,250,230,dummy-730
816864.45174453,250,230,dummy-730
816950.175904313,250,230,dummy-730
816864.779284208,250,230,dummy-687
816888.585927746,250,230,dummy-418
816717.970566666,250,230,dummy-818
816803.58329836,250,230,dummy-818
816840.081700512,250,230,dummy-818
816888.703812533,250,230,dummy-818
816929.506364085,250,230,dummy-818
816943.267641426,250,230,dummy-818
816663.855254927,250,230,dummy-650
816691.581661767,250,230,dummy-650
816711.584372439,250,230,dummy-650
816830.874947296,250,230,dummy-650
816847.816842706,250,230,dummy-650
816957.376991265,250,230,dummy-650
816705.019420674,250,230,dummy-273
816847.26364686,250,230,dummy-273
816684.661212752,250,230,dummy-483
816705.859266152,250,230,dummy-483
816751.584581228,250,230,dummy-483
816758.622490335,250,230,dummy-483
816788.737897167,250,230,dummy-483
816804.236128955,250,230,dummy-483
816830.908734675,250,230,dummy-483
816833.013568486,250,230,dummy-822
816698.634892603,250,230,dummy-195
816762.311888993,250,230,dummy-195
816922.635935339,250,230,dummy-195
816951.307323175,250,230,dummy-195
816825.933162746,250,230,dummy-80
816897.085504338,250,230,dummy-80
816730.284714287,250,230,dummy-755
816782.759655252,250,230,dummy-755
816784.966056211,250,230,dummy-755
816876.213935206,250,230,dummy-755
816887.797495949,250,230,dummy-755
816812.811491686,250,230,dummy-132
816827.283816504,250,230,dummy-132
816868.539059357,250,230,dummy-132
816687.810853834,250,230,dummy-375
816752.127410778,250,230,dummy-375
816802.825013936,250,230,dummy-375
816883.715589825,250,230,dummy-375
816939.915232484,250,230,dummy-375
816944.602919189,250,230,dummy-375
816818.93467355,250,230,dummy-279
816857.39017463,250,230,dummy-279
816896.429453512,250,230,dummy-279
816903.034659772,250,230,dummy-279
816770.562262057,250,230,dummy-494
816825.040468562,250,230,dummy-494
816675.722047278,250,230,dummy-238
816681.45804967,250,230,dummy-238
816918.815376801,250,230,dummy-238
816677.08897911,250,230,dummy-163
816881.480925498,250,230,dummy-163
816935.817255371,250,230,dummy-163
816708.895871788,250,230,dummy-685
816723.699886811,250,230,dummy-685
816853.286974565,250,230,dummy-685
816939.546179559,250,230,dummy-685
816948.579068256,250,230,dummy-685
816691.27239011,250,230,dummy-469
816723.269348251,250,230,dummy-469
816679.122396492,250,230,dummy-576
816730.798360742,250,230,dummy-576
816801.40358135,250,230,dummy-576
816811.953652761,250,230,dummy-576
816836.876262125,250,230,dummy-307
816877.811534908,250,230,dummy-307
816899.16852007,250,230,dummy-307
816696.591785108,250,230,dummy-812
816780.471699968,250,230,dummy-812
816712.76177517,250,230,dummy-693
816743.424986204,250,230,dummy-693
816765.819588054,250,230,dummy-693
816895.362451428,250,230,dummy-693
816925.288782184,250,230,dummy-693
816754.4399914,250,230,dummy-544
816887.713434031,250,230,dummy-544
816892.270376238,250,230,dummy-544
816930.415483445,250,230,dummy-544
816938.867954409,250,230,dummy-544
816956.802259629,250,230,dummy-544
816697.634268762,250,230,dummy-256
816785.896750451,250,230,dummy-256
816807.557395275,250,230,dummy-256
816851.497372075,250,230,dummy-256
816899.778824904,250,230,dummy-256
816905.347644729,250,230,dummy-256
816913.768983127,250,230,dummy-256
816686.158684023,250,230,dummy-460
816959.882003937,250,230,dummy-460
816680.785806332,250,230,dummy-166
816702.30362921,250,230,dummy-166
816745.544222848,250,230,dummy-166
816788.567151297,250,230,dummy-166
816806.760924218,250,230,dummy-166
816867.921078456,250,230,dummy-166
816870.940300389,250,230,dummy-166
816893.720537302,250,230,dummy-166
816755.336162037,250,230,dummy-348
816783.14560233,250,230,dummy-348
816935.251490339,250,230,dummy-348
816687.607090546,250,230,dummy-302
816960.641060876,250,230,dummy-302
816805.932200213,250,230,dummy-647
816887.240076811,250,230,dummy-647
816910.034917842,250,230,dummy-647
816797.408487771,250,230,dummy-415
816749.049796932,250,230,dummy-643
816758.131455569,250,230,dummy-643
816771.326303511,250,230,dummy-643
816666.587919132,250,230,dummy-259
816720.75387737,250,230,dummy-259
816746.101508732,250,230,dummy-259
816764.369442055,250,230,dummy-259
816774.417359052,250,230,dummy-259
816876.599648293,250,230,dummy-259
816884.467834616,250,230,dummy-259
816719.332851243,250,230,dummy-652
816728.118151229,250,230,dummy-652
816772.860987605,250,230,dummy-652
816875.279093677,250,230,dummy-652
816828.912069525,250,230,dummy-289
816931.997192642,250,230,dummy-289
816958.130866557,250,230,dummy-289
816758.790070931,250,230,dummy-673
816907.59079506,250,230,dummy-673
816695.451125,250,230,dummy-250
816707.104871011,250,230,dummy-250
816710.133158286,250,230,dummy-250
816716.653071728,250,230,dummy-250
816740.210316443,250,230,dummy-250
816788.948276509,250,230,dummy-250
816850.990797727,250,230,dummy-250
816864.381150373,250,230,dummy-250
816865.81466426,250,230,dummy-250
816886.56688199,250,230,dummy-250
816759.153626554,250,230,dummy-754
816709.119862961,250,230,dummy-54
816751.845227769,250,230,dummy-54
816818.74668174,250,230,dummy-54
816828.814095032,250,230,dummy-54
816866.726304573,250,230,dummy-54
816694.735903247,250,230,dummy-505
816748.022372009,250,230,dummy-505
816887.798940948,250,230,dummy-505
816942.141618599,250,230,dummy-505
816730.48775821,250,230,dummy-522
816889.253543419,250,230,dummy-522
816912.107048117,250,230,dummy-522
816937.161487098,250,230,dummy-522
816947.882818864,250,230,dummy-522
816781.930130164,250,230,dummy-785
816881.897314302,250,230,dummy-785
816901.754355414,250,230,dummy-785
816902.870389271,250,230,dummy-785
816667.883835281,250,230,dummy-733
816695.274285122,250,230,dummy-733
816790.883900527,250,230,dummy-733
816813.716075015,250,230,dummy-733
816858.33118441,250,230,dummy-733
816938.416780695,250,230,dummy-733
816733.936132565,250,230,dummy-133
816889.288007968,250,230,dummy-133
816680.494154703,250,230,dummy-805
816702.838003893,250,230,dummy-805
816951.009934615,250,230,dummy-805
816684.022150038,250,230,dummy-148
816735.620866693,250,230,dummy-148
816821.185707112,250,230,dummy-148
816823.647375079,250,230,dummy-148
816831.785091002,250,230,dummy-148
816896.298354202,250,230,dummy-148
816903.962178697,250,230,dummy-148
816770.474699503,250,230,dummy-633
816870.700602665,250,230,dummy-633
816907.519213643,250,230,dummy-633
816724.46422934,250,230,dummy-750
816741.681066991,250,230,dummy-750
816859.631158048,250,230,dummy-750
816898.493799259,250,230,dummy-332
816917.344328,250,230,dummy-332
816946.157557728,250,230,dummy-332
816681.776662488,250,230,dummy-22
816833.294636002,250,230,dummy-236
816843.080982502,250,230,dummy-236
816905.386357808,250,230,dummy-236
816941.549514396,250,230,dummy-236
816722.816751968,250,230,dummy-107
816774.241584477,250,230,dummy-107
816817.056973383,250,230,dummy-107
816852.899500568,250,230,dummy-107
816903.42204547,250,230,dummy-107
816921.241792658,250,230,dummy-107
816948.393364626,250,230,dummy-107
816691.652986037,250,230,dummy-546
816732.124044753,250,230,dummy-546
816813.9825096,250,230,dummy-546
816837.160826772,250,230,dummy-546
816842.268796532,250,230,dummy-546
816957.998097662,250,230,dummy-546
816797.9155248,250,230,dummy-255
816802.043740069,250,230,dummy-255
816838.084427224,250,230,dummy-255
816956.826794109,250,230,dummy-255
816960.516923585,250,230,dummy-255
816690.004310629,250,230,dummy-797
816769.725043934,250,230,dummy-797
816844.868460356,250,230,dummy-797
816929.316010636,250,230,dummy-797
816938.170737458,250,230,dummy-797
816781.724242898,250,230,dummy-634
816821.534682451,250,230,dummy-634
816838.679007986,250,230,dummy-634
816931.225058015,250,230,dummy-634
816823.956465967,250,230,dummy-692
816915.913497247,250,230,dummy-692
816940.239644968,250,230,dummy-692
816695.709634652,250,230,dummy-75
816903.355286837,250,230,dummy-75
816933.77427061,250,230,dummy-75
816749.279608047,250,230,dummy-49
816774.509839368,250,230,dummy-49
816857.106852525,250,230,dummy-49
816870.653556682,250,230,dummy-49
816733.192630495,250,230,dummy-712
816763.768670071,250,230,dummy-712
816784.161618144,250,230,dummy-712
816854.161963187,250,230,dummy-712
816881.226302442,250,230,dummy-712
816894.042281814,250,230,dummy-712
816916.376325301,250,230,dummy-712
816740.815668965,250,230,dummy-548
816783.972381751,250,230,dummy-548
816737.393853583,250,230,dummy-33
816824.374312922,250,230,dummy-33
816925.949310228,250,230,dummy-33
816711.775032855,250,230,dummy-482
816769.850867926,250,230,dummy-482
816786.229635799,250,230,dummy-482
816874.351783047,250,230,dummy-482
816923.649022569,250,230,dummy-579
816707.029754469,250,230,dummy-82
816803.489337168,250,230,dummy-82
816951.91195184,250,230,dummy-82
816667.404087703,250,230,dummy-556
816697.853066467,250,230,dummy-556
816699.426004492,250,230,dummy-556
816818.143910717,250,230,dummy-556
816867.802555205,250,230,dummy-608
816901.418355304,250,230,dummy-608
816915.85531107,250,230,dummy-608
816718.772058286,250,230,dummy-300
816759.241670381,250,230,dummy-300
816853.903490191,250,230,dummy-300
816867.939741577,250,230,dummy-300
816874.072887293,250,230,dummy-300
816908.065388511,250,230,dummy-300
816924.882069691,250,230,dummy-300
816684.202775879,250,230,dummy-809
816737.096514561,250,230,dummy-809
816816.520664357,250,230,dummy-809
816837.660550467,250,230,dummy-809
816938.063035818,250,230,dummy-809
816668.113201056,250,230,dummy-427
816795.124082772,250,230,dummy-427
816857.286909909,250,230,dummy-427
816883.633783136,250,230,dummy-427
816930.87821053,250,230,dummy-427
816945.943732298,250,230,dummy-427
816708.73272578,250,230,dummy-734
816947.248333792,250,230,dummy-734
816703.693074007,250,230,dummy-345
816829.917387948,250,230,dummy-345
816943.038992564,250,230,dummy-345
816665.645872653,250,230,dummy-125
816698.843291422,250,230,dummy-125
816828.029913326,250,230,dummy-125
816936.417300784,250,230,dummy-125
816953.389291008,250,230,dummy-125
816673.975956891,250,230,dummy-112
816809.054791786,250,230,dummy-112
816734.701566416,250,230,dummy-444
816845.161123127,250,230,dummy-444
816921.35197941,250,230,dummy-444
816937.92515974,250,230,dummy-444
816731.261291105,250,230,dummy-802
816882.411115595,250,230,dummy-802
816671.016875164,250,230,dummy-503
816679.131149512,250,230,dummy-503
816777.823635763,250,230,dummy-503
816931.066215868,250,230,dummy-503
816942.650633884,250,230,dummy-503
816960.090681355,250,230,dummy-503
816688.253196229,250,230,dummy-629
816712.982891654,250,230,dummy-629
816777.962329359,250,230,dummy-629
816783.074443832,250,230,dummy-629
816836.698322174,250,230,dummy-629
816684.131332033,250,230,dummy-512
816685.220131026,250,230,dummy-512
816689.415086122,250,230,dummy-512
816692.278831004,250,230,dummy-512
816713.247894736,250,230,dummy-512
816671.173739008,250,230,dummy-201
816784.47022029,250,230,dummy-201
816828.977140555,250,230,dummy-201
816915.795627208,250,230,dummy-201
816700.716834786,250,230,dummy-727
816744.967577517,250,230,dummy-727
816747.647763141,250,230,dummy-727
816792.141574533,250,230,dummy-727
816878.862834631,250,230,dummy-727
816733.796875299,250,230,dummy-570
816850.996128056,250,230,dummy-570
816873.478782071,250,230,dummy-570
816770.668000975,250,230,dummy-353
816840.430341234,250,230,dummy-353
816888.974446282,250,230,dummy-353
816908.275197722,250,230,dummy-353
816922.782993795,250,230,dummy-353
816734.661994798,250,230,dummy-297
816772.014603799,250,230,dummy-297
816785.156797503,250,230,dummy-297
816673.044951533,250,230,dummy-516
816713.280090308,250,230,dummy-516
816790.713933556,250,230,dummy-516
816862.0967906,250,230,dummy-516
816875.36380589,250,230,dummy-516
816950.322940584,250,230,dummy-516
816928.127354986,250,230,dummy-30
816710.242060754,250,230,dummy-475
816826.639815101,250,230,dummy-475
816840.682436317,250,230,dummy-475
816841.8393252,250,230,dummy-475
816889.30410781,250,230,dummy-475
816713.826151147,250,230,dummy-168
816750.225204914,250,230,dummy-168
816922.782664938,250,230,dummy-168
816947.154527948,250,230,dummy-168
816682.453730884,250,230,dummy-433
816705.938387048,250,230,dummy-433
816832.897412076,250,230,dummy-433
816848.58554056,250,230,dummy-433
816960.469639046,250,230,dummy-433
816718.035394822,250,230,dummy-102
816767.487354654,250,230,dummy-102
816792.528357495,250,230,dummy-102
816799.240664586,250,230,dummy-102
816845.590817154,250,230,dummy-102
816875.139626203,250,230,dummy-517
816885.099211857,250,230,dummy-517
816749.506984683,250,230,dummy-43
816826.114766744,250,230,dummy-43
816904.342222906,250,230,dummy-43
816951.073748987,250,230,dummy-43
816754.529558606,250,230,dummy-34
816833.586499656,250,230,dummy-34
816868.446426026,250,230,dummy-34
816674.3972322,250,230,dummy-88
816733.479466252,250,230,dummy-88
816735.092757313,250,230,dummy-88
816936.328152845,250,230,dummy-88
816950.592050934,250,230,dummy-88
816962.227079939,250,230,dummy-88
816754.180276613,250,230,dummy-328
816766.642393365,250,230,dummy-328
816863.296219823,250,230,dummy-328
816884.663022624,250,230,dummy-328
816926.285358667,250,230,dummy-328
816930.072612974,250,230,dummy-328
816667.717147765,250,230,dummy-500
816864.898504355,250,230,dummy-500
816718.560516317,250,230,dummy-763
816815.408172893,250,230,dummy-763
816836.020838263,250,230,dummy-763
816703.278638208,250,230,dummy-571
816878.206116817,250,230,dummy-571
816669.303397705,250,230,dummy-600
816802.516643417,250,230,dummy-600
816912.045512299,250,230,dummy-600
816708.155348447,250,230,dummy-86
816825.105009741,250,230,dummy-86
816893.859460824,250,230,dummy-86
816962.471600187,250,230,dummy-86
816675.734231678,250,230,dummy-739
816844.808247537,250,230,dummy-739
816699.258675469,250,230,dummy-269
816755.105956066,250,230,dummy-269
816781.17073734,250,230,dummy-269
816818.841941519,250,230,dummy-269
816831.081876544,250,230,dummy-269
816867.697412718,250,230,dummy-269
816899.836401637,250,230,dummy-269
816943.451153393,250,230,dummy-269
816753.159785182,250,230,dummy-306
816815.967229414,250,230,dummy-306
816841.512687531,250,230,dummy-306
816946.643714969,250,230,dummy-306
816731.566338609,250,230,dummy-402
816774.385603168,250,230,dummy-402
816899.727682535,250,230,dummy-402
816936.4032846,250,230,dummy-402
816940.331198854,250,230,dummy-402
816940.990734167,250,230,dummy-402
816728.559201761,250,230,dummy-155
816734.695059939,250,230,dummy-155
816743.014806172,250,230,dummy-155
816896.232196758,250,230,dummy-155
816668.66847901,250,230,dummy-524
816723.829947344,250,230,dummy-524
816761.356397345,250,230,dummy-524
816772.788321724,250,230,dummy-524
816782.463398137,250,230,dummy-524
816869.997657445,250,230,dummy-524
816907.309726449,250,230,dummy-524
816721.96097909,250,230,dummy-219
816739.458770886,250,230,dummy-219
816760.991149273,250,230,dummy-219
816837.476739251,250,230,dummy-219
816960.015262876,250,230,dummy-219
816721.352759014,250,230,dummy-167
816750.483055511,250,230,dummy-167
816769.090868701,250,230,dummy-167
816770.298601285,250,230,dummy-167
816677.331287084,250,230,dummy-359
816820.984643539,250,230,dummy-359
816825.397598022,250,230,dummy-359
816848.832321541,250,230,dummy-359
816894.455082242,250,230,dummy-359
816906.644116542,250,230,dummy-359
816941.239593375,250,230,dummy-359
816955.400829573,250,230,dummy-359
816852.567183123,250,230,dummy-60
816821.486966233,250,230,dummy-582
816844.272378606,250,230,dummy-582
816845.140430489,250,230,dummy-582
816875.744727985,250,230,dummy-582
816886.738534821,250,230,dummy-582
816925.259408245,250,230,dummy-582
816686.962068322,250,230,dummy-786
816697.214164394,250,230,dummy-786
816734.116687292,250,230,dummy-786
816804.807268403,250,230,dummy-786
816874.528200292,250,230,dummy-786
816927.640674743,250,230,dummy-786
816691.028014951,250,230,dummy-91
816717.404775296,250,230,dummy-91
816757.821062317,250,230,dummy-91
816671.368649062,250,230,dummy-756
816757.045808057,250,230,dummy-756
816835.080445567,250,230,dummy-756
816890.640828351,250,230,dummy-756
816753.93752909,250,230,dummy-409
816773.740768886,250,230,dummy-409
816811.416756458,250,230,dummy-409
816837.144657869,250,230,dummy-409
816797.092937326,250,230,dummy-431
816836.091716046,250,230,dummy-431
816842.780933285,250,230,dummy-431
816734.432927217,250,230,dummy-632
816745.719841691,250,230,dummy-632
816716.852235208,250,230,dummy-218
816777.935280437,250,230,dummy-218
816802.892914266,250,230,dummy-218
816809.396988798,250,230,dummy-218
816952.572979446,250,230,dummy-218
816742.255476388,250,230,dummy-598
816818.482244695,250,230,dummy-598
816922.750529345,250,230,dummy-598
816667.493428047,250,230,dummy-206
816714.867855631,250,230,dummy-206
816776.50060771,250,230,dummy-206
816880.142919844,250,230,dummy-206
816909.59317894,250,230,dummy-206
816867.135133345,250,230,dummy-527
816896.710295403,250,230,dummy-527
816672.481358555,250,230,dummy-410
816680.887379187,250,230,dummy-410
816758.401383534,250,230,dummy-410
816924.656288214,250,230,dummy-410
816936.031022944,250,230,dummy-410
816907.116229977,250,230,dummy-154
816962.766335211,250,230,dummy-154
816889.866707222,250,230,dummy-46
816903.982077235,250,230,dummy-46
816906.243851627,250,230,dummy-46
816721.825269148,250,230,dummy-428
816812.45615908,250,230,dummy-428
816673.510167664,250,230,dummy-567
816706.266320046,250,230,dummy-567
816714.50191458,250,230,dummy-567
816716.54464997,250,230,dummy-567
816746.993444063,250,230,dummy-567
816773.980659471,250,230,dummy-567
816958.517060438,250,230,dummy-567
816674.395620419,250,230,dummy-215
816726.720956847,250,230,dummy-215
816844.970229896,250,230,dummy-215
816901.127781219,250,230,dummy-215
816683.257295479,250,230,dummy-672
816728.244131547,250,230,dummy-672
816734.466816361,250,230,dummy-816
816872.103985431,250,230,dummy-816
816719.622795181,250,230,dummy-452
816910.413529241,250,230,dummy-452
816716.498267335,250,230,dummy-413
816728.024474116,250,230,dummy-413
816793.392680624,250,230,dummy-413
816896.272446019,250,230,dummy-413
816697.217705114,250,230,dummy-92
816735.448011107,250,230,dummy-92
816777.880560251,250,230,dummy-92
816812.369340694,250,230,dummy-92
816820.643342914,250,230,dummy-92
816822.525305238,250,230,dummy-92
816825.385266579,250,230,dummy-92
816820.541084108,250,230,dummy-158
816895.699043179,250,230,dummy-158
816941.129165958,250,230,dummy-158
816703.438838525,250,230,dummy-87
816706.351086867,250,230,dummy-87
816878.933474655,250,230,dummy-87
816958.391712597,250,230,dummy-87
816724.301468992,250,230,dummy-123
816810.106365043,250,230,dummy-123
816832.679958098,250,230,dummy-123
816924.657678551,250,230,dummy-123
816709.614648916,250,230,dummy-729
816744.805601771,250,230,dummy-729
816929.556545092,250,230,dummy-729
816936.821618455,250,230,dummy-729
816938.217656717,250,230,dummy-729
816694.582056392,250,230,dummy-245
816900.173807121,250,230,dummy-245
816914.910400876,250,230,dummy-245
816949.885133304,250,230,dummy-245
816737.51370332,250,230,dummy-274
816857.934293628,250,230,dummy-274
816893.328369331,250,230,dummy-274
816744.395405691,250,230,dummy-151
816754.301466745,250,230,dummy-151
816759.169842323,250,230,dummy-151
816774.586696858,250,230,dummy-151
816830.323981231,250,230,dummy-151
816743.345946353,250,230,dummy-788
816746.012636745,250,230,dummy-788
816759.47143133,250,230,dummy-788
816834.73614059,250,230,dummy-788
816857.48018706,250,230,dummy-788
816876.410540011,250,230,dummy-788
816679.32478639,250,230,dummy-252
816738.056357352,250,230,dummy-252
816827.482863068,250,230,dummy-252
816828.85937987,250,230,dummy-252
816925.804539198,250,230,dummy-252
816674.831352002,250,230,dummy-179
816752.851373855,250,230,dummy-179
816783.793378418,250,230,dummy-179
816804.76533489,250,230,dummy-179
816831.010188045,250,230,dummy-179
816880.549965212,250,230,dummy-179
816956.246182834,250,230,dummy-179
816664.559460287,250,230,dummy-185
816840.460939434,250,230,dummy-185
816888.03971681,250,230,dummy-185
816677.120060683,250,230,dummy-473
816731.359624347,250,230,dummy-473
816862.090782135,250,230,dummy-473
816890.34949774,250,230,dummy-473
816894.254042339,250,230,dummy-473
816763.015009535,250,230,dummy-299
816837.96996375,250,230,dummy-299
816868.371969406,250,230,dummy-615
816908.854996812,250,230,dummy-615
816953.985329525,250,230,dummy-615
816744.49117443,250,230,dummy-535
816758.743541876,250,230,dummy-535
816787.472586373,250,230,dummy-535
816829.551037625,250,230,dummy-535
816853.666697541,250,230,dummy-535
816882.921463094,250,230,dummy-535
816907.069589287,250,230,dummy-535
816819.988732773,250,230,dummy-597
816927.323447359,250,230,dummy-597
816939.018121156,250,230,dummy-709
816940.553025909,250,230,dummy-709
816953.756467623,250,230,dummy-709
816701.058142452,250,230,dummy-62
816839.370157322,250,230,dummy-782
816763.407923481,250,230,dummy-270
816767.04527283,250,230,dummy-270
816794.049868955,250,230,dummy-270
816795.604905337,250,230,dummy-270
816687.574324349,250,230,dummy-627
816688.951711117,250,230,dummy-627
816703.252838643,250,230,dummy-627
816738.843429385,250,230,dummy-627
816786.933871082,250,230,dummy-627
816807.925419974,250,230,dummy-627
816871.436101679,250,230,dummy-627
816873.479667989,250,230,dummy-627
816959.85319026,250,230,dummy-627
816737.213260682,250,230,dummy-574
816842.597778783,250,230,dummy-574
816884.745105119,250,230,dummy-574
816956.669070884,250,230,dummy-574
816783.129290593,250,230,dummy-630
816794.665153347,250,230,dummy-630
816874.824978505,250,230,dummy-630
816877.602421402,250,230,dummy-630
816721.783206965,250,230,dummy-189
816839.0273579,250,230,dummy-189
816705.189476205,250,230,dummy-184
816791.62142562,250,230,dummy-184
816835.375722174,250,230,dummy-184
816842.889575225,250,230,dummy-184
816882.406294151,250,230,dummy-184
816911.193279943,250,230,dummy-184
816926.567891653,250,230,dummy-184
816694.702931134,250,230,dummy-223
816734.038060538,250,230,dummy-223
816917.311575032,250,230,dummy-223
816943.457937558,250,230,dummy-223
816685.784386753,250,230,dummy-89
816684.725828658,250,230,dummy-139
816810.047087766,250,230,dummy-139
816690.155646256,250,230,dummy-315
816784.257627934,250,230,dummy-71
816835.561431599,250,230,dummy-71
816877.237327996,250,230,dummy-71
816939.644579283,250,230,dummy-71
816957.287882959,250,230,dummy-71
816691.648069954,250,230,dummy-519
816700.294961977,250,230,dummy-519
816767.130758403,250,230,dummy-519
816797.366583889,250,230,dummy-519
816880.249344045,250,230,dummy-519
816886.071000622,250,230,dummy-519
816950.054730706,250,230,dummy-519
816784.608612946,250,230,dummy-150
816860.038478723,250,230,dummy-150
816889.226265723,250,230,dummy-150
816737.704879686,250,230,dummy-131
816904.505380843,250,230,dummy-131
816681.830349463,250,230,dummy-557
816692.912576093,250,230,dummy-557
816723.362184316,250,230,dummy-557
816811.372409223,250,230,dummy-557
816838.374746026,250,230,dummy-557
816846.121712408,250,230,dummy-557
816915.537221533,250,230,dummy-557
816708.228383098,250,230,dummy-39
816729.924056074,250,230,dummy-39
816858.626489325,250,230,dummy-39
816870.481628028,250,230,dummy-39
816681.620477478,250,230,dummy-742
816832.512613229,250,230,dummy-742
816842.774707185,250,230,dummy-742
816849.174732419,250,230,dummy-742
816862.940102282,250,230,dummy-742
816895.614631025,250,230,dummy-742
816910.81813041,250,230,dummy-742
816691.983062821,250,230,dummy-669
816726.433832462,250,230,dummy-669
816797.501530765,250,230,dummy-669
816873.732229804,250,230,dummy-669
816885.753001996,250,230,dummy-669
816665.874132053,250,230,dummy-377
816930.048975786,250,230,dummy-377
816749.967486611,250,230,dummy-207
816779.966122372,250,230,dummy-207
816807.093445004,250,230,dummy-207
816840.907712461,250,230,dummy-207
816739.202094254,250,230,dummy-507
816869.95744778,250,230,dummy-507
816916.054992479,250,230,dummy-507
816664.194579482,250,230,dummy-44
816673.267442808,250,230,dummy-44
816774.714142276,250,230,dummy-44
816833.961365212,250,230,dummy-44
816893.740470009,250,230,dummy-44
816781.993804738,250,230,dummy-773
816840.451083462,250,230,dummy-773
816674.240066924,250,230,dummy-18
816701.734856976,250,230,dummy-18
816766.562689057,250,230,dummy-18
816864.129018391,250,230,dummy-18
816908.798939874,250,230,dummy-18
816950.091541171,250,230,dummy-18
816757.285060629,250,230,dummy-828
816896.388574282,250,230,dummy-828
816686.372367625,250,230,dummy-463
816782.919060237,250,230,dummy-463
816813.480516142,250,230,dummy-463
816674.213734605,250,230,dummy-42
816688.387912661,250,230,dummy-42
816810.764561556,250,230,dummy-42
816913.218900375,250,230,dummy-42
816761.027834878,250,230,dummy-533
816707.731239965,250,230,dummy-316
816903.340914036,250,230,dummy-316
816931.10054282,250,230,dummy-316
816678.676483719,250,230,dummy-29
816736.552623803,250,230,dummy-29
816775.193121549,250,230,dummy-29
816790.069878341,250,230,dummy-29
816810.438796904,250,230,dummy-29
816909.608574969,250,230,dummy-29
816934.325522623,250,230,dummy-29
816778.642516346,250,230,dummy-497
816909.475820214,250,230,dummy-497
816888.290245646,250,230,dummy-6
816751.00167646,250,230,dummy-779
816838.721872623,250,230,dummy-779
816939.4316392,250,230,dummy-779
816943.752534115,250,230,dummy-779
816946.116953901,250,230,dummy-779
816682.346206412,250,230,dummy-152
816784.009302138,250,230,dummy-152
816811.699816672,250,230,dummy-152
816828.583548405,250,230,dummy-152
816957.644492545,250,230,dummy-152
816723.147488805,250,230,dummy-178
816750.704383368,250,230,dummy-178
816776.249529291,250,230,dummy-178
816779.450438811,250,230,dummy-178
816821.641999618,250,230,dummy-178
816854.776836865,250,230,dummy-178
816904.333387504,250,230,dummy-178
816917.076738232,250,230,dummy-178
816882.638499479,250,230,dummy-697
816951.63306875,250,230,dummy-697
816740.097961427,250,230,dummy-51
816806.1546808,250,230,dummy-51
816810.461741539,250,230,dummy-51
816862.588009396,250,230,dummy-51
816894.319658883,250,230,dummy-51
816691.474942139,250,230,dummy-282
816700.634235994,250,230,dummy-282
816701.008430402,250,230,dummy-282
816715.849181072,250,230,dummy-282
816734.693605259,250,230,dummy-282
816752.231307831,250,230,dummy-282
816767.932670246,250,230,dummy-282
816837.339347102,250,230,dummy-23
816864.143153964,250,230,dummy-23
816669.2079778,250,230,dummy-707
816712.331745163,250,230,dummy-707
816774.463154547,250,230,dummy-707
816826.794565054,250,230,dummy-707
816876.178305465,250,230,dummy-707
816831.481767361,250,230,dummy-711
816754.91619921,250,230,dummy-488
816820.799862585,250,230,dummy-488
816839.131075877,250,230,dummy-488
816888.588360504,250,230,dummy-488
816893.167275836,250,230,dummy-354
816700.241515493,250,230,dummy-495
816813.551886937,250,230,dummy-495
816825.803441534,250,230,dummy-495
816868.407946806,250,230,dummy-495
816825.007670868,250,230,dummy-778
816863.447703322,250,230,dummy-778
816716.119718077,250,230,dummy-199
816733.298874377,250,230,dummy-199
816765.213337574,250,230,dummy-199
816700.007652199,250,230,dummy-129
816722.44590983,250,230,dummy-129
816769.243425722,250,230,dummy-129
816774.226508957,250,230,dummy-129
816860.612068737,250,230,dummy-129
816908.921349069,250,230,dummy-129
816671.893873279,250,230,dummy-371
816675.040294668,250,230,dummy-371
816724.182970538,250,230,dummy-371
816762.203788325,250,230,dummy-371
816810.639761482,250,230,dummy-371
816833.011229199,250,230,dummy-371
816909.460258122,250,230,dummy-371
816716.873839073,250,230,dummy-196
816947.756887843,250,230,dummy-196
816685.889156777,250,230,dummy-55
816726.478770298,250,230,dummy-55
816744.129275613,250,230,dummy-55
816757.659690571,250,230,dummy-204
816758.733432818,250,230,dummy-204
816816.19589047,250,230,dummy-204
816854.514986962,250,230,dummy-204
816691.176153481,250,230,dummy-304
816795.497158591,250,230,dummy-304
816865.867071128,250,230,dummy-304
816748.380117223,250,230,dummy-15
816755.090668941,250,230,dummy-15
816899.990246024,250,230,dummy-15
816926.001820094,250,230,dummy-15
816962.722473884,250,230,dummy-15
816797.360651006,250,230,dummy-12
816858.030809986,250,230,dummy-12
816912.971925598,250,230,dummy-50
816766.287612355,250,230,dummy-324
816823.740803692,250,230,dummy-324
816826.146587434,250,230,dummy-324
816827.52126607,250,230,dummy-324
816893.027974463,250,230,dummy-324
816903.661547752,250,230,dummy-324
816913.562729108,250,230,dummy-638
816950.976575371,250,230,dummy-638
816682.352621329,250,230,dummy-412
816716.814706409,250,230,dummy-412
816672.048238804,250,230,dummy-639
816691.605593599,250,230,dummy-639
816783.697975177,250,230,dummy-639
816823.95643008,250,230,dummy-639
816877.030762445,250,230,dummy-639
816684.077263027,250,230,dummy-723
816962.512578606,250,230,dummy-723
816675.312053285,250,230,dummy-105
816705.755262854,250,230,dummy-105
816747.40267228,250,230,dummy-389
816799.957107613,250,230,dummy-389
816803.335320633,250,230,dummy-389
816821.288658665,250,230,dummy-389
816863.087138417,250,230,dummy-389
816927.247945643,250,230,dummy-389
816738.858492325,250,230,dummy-202
816867.546020375,250,230,dummy-202
816884.804436551,250,230,dummy-202
816920.539618338,250,230,dummy-202
816693.61883564,250,230,dummy-715
816707.186135049,250,230,dummy-715
816868.059999921,250,230,dummy-715
816937.165764919,250,230,dummy-715
816760.438078229,250,230,dummy-479
816801.49035558,250,230,dummy-479
816833.929824051,250,230,dummy-424
816731.869371952,250,230,dummy-334
816933.667191531,250,230,dummy-334
816942.553067018,250,230,dummy-334
816670.446317712,250,230,dummy-5
816854.546767968,250,230,dummy-5
816884.138955314,250,230,dummy-5
816923.969893652,250,230,dummy-5
816945.601157144,250,230,dummy-5
816958.16574036,250,230,dummy-5
816675.453776332,250,230,dummy-721
816728.167088115,250,230,dummy-721
816737.050801869,250,230,dummy-721
816771.097487115,250,230,dummy-721
816791.698554991,250,230,dummy-721
816814.144152198,250,230,dummy-718
816737.069785678,250,230,dummy-752
816793.574310373,250,230,dummy-752
816703.33537232,250,230,dummy-310
816748.305179195,250,230,dummy-310
816884.791352045,250,230,dummy-310
816676.258587413,250,230,dummy-781
816691.981700232,250,230,dummy-264
816748.455664122,250,230,dummy-264
816892.401023604,250,230,dummy-264
816704.773147902,250,230,dummy-266
816854.001108005,250,230,dummy-266
816790.261774587,250,230,dummy-645
816890.193114622,250,230,dummy-645
816906.151392149,250,230,dummy-645
816906.309442215,250,230,dummy-645
816940.95886579,250,230,dummy-645
816671.58251517,250,230,dummy-416
816736.29362244,250,230,dummy-416
816828.582166474,250,230,dummy-416
816832.122340527,250,230,dummy-416
816918.94463507,250,230,dummy-416
816664.253465634,250,230,dummy-90
816800.264500274,250,230,dummy-90
816774.031152995,250,230,dummy-539
816789.246913724,250,230,dummy-539
816851.086560268,250,230,dummy-539
816922.991941517,250,230,dummy-539
816692.252750947,250,230,dummy-198
816772.660974248,250,230,dummy-198
816837.214805302,250,230,dummy-198
816884.998415152,250,230,dummy-198
816896.623415438,250,230,dummy-198
816918.636683946,250,230,dummy-198
816672.787342434,250,230,dummy-113
816685.877886209,250,230,dummy-113
816744.709577846,250,230,dummy-113
816849.005901529,250,230,dummy-113
816924.164361067,250,230,dummy-113
816941.833577144,250,230,dummy-113
816674.3056282,250,230,dummy-140
816708.21722171,250,230,dummy-140
816768.231536544,250,230,dummy-140
816778.236316185,250,230,dummy-140
816846.043733401,250,230,dummy-140
816885.438418268,250,230,dummy-140
816792.860720087,250,230,dummy-677
816793.961291762,250,230,dummy-677
816950.986578308,250,230,dummy-677
816683.214770103,250,230,dummy-111
816685.181144173,250,230,dummy-111
816692.138807645,250,230,dummy-111
816790.185803048,250,230,dummy-111
816856.119265106,250,230,dummy-111
816889.389019642,250,230,dummy-111
816941.277704265,250,230,dummy-111
816700.310805391,250,230,dummy-459
816716.757439178,250,230,dummy-459
816827.833794728,250,230,dummy-459
816871.903661457,250,230,dummy-459
816948.749476891,250,230,dummy-459
816668.222825653,250,230,dummy-545
816680.429465031,250,230,dummy-545
816722.86046524,250,230,dummy-545
816734.967509482,250,230,dummy-545
816747.64915644,250,230,dummy-545
816749.637773238,250,230,dummy-545
816846.870293326,250,230,dummy-545
816874.424063044,250,230,dummy-545
816886.118663673,250,230,dummy-545
816934.578308464,250,230,dummy-545
816947.112151706,250,230,dummy-545
816822.458568656,250,230,dummy-246
816955.440099789,250,230,dummy-246
816958.719521923,250,230,dummy-246
816789.207706425,250,230,dummy-153
816881.365013755,250,230,dummy-153
816708.32847867,250,230,dummy-676
816732.208286588,250,230,dummy-676
816735.679399785,250,230,dummy-676
816819.875205184,250,230,dummy-676
816836.575855389,250,230,dummy-676
816667.747705603,250,230,dummy-661
816773.013353998,250,230,dummy-661
816666.171748116,250,230,dummy-777
816689.928957203,250,230,dummy-777
816699.298816958,250,230,dummy-777
816712.149231288,250,230,dummy-777
816759.178006038,250,230,dummy-777
816777.226734814,250,230,dummy-777
816846.151801752,250,230,dummy-777
816940.779046965,250,230,dummy-777
816869.266743065,250,230,dummy-760
816686.300287667,250,230,dummy-285
816763.215799236,250,230,dummy-285
816805.853865446,250,230,dummy-285
816833.741629932,250,230,dummy-285
816894.487407777,250,230,dummy-398
816908.552223012,250,230,dummy-398
816909.371951486,250,230,dummy-398
816693.915014153,250,230,dummy-318
816695.376740602,250,230,dummy-318
816719.875216244,250,230,dummy-318
816818.644081293,250,230,dummy-318
816829.162520171,250,230,dummy-318
816942.72925611,250,230,dummy-318
816676.936163912,250,230,dummy-177
816779.908806077,250,230,dummy-177
816872.778744788,250,230,dummy-177
816667.618860197,250,230,dummy-368
816713.0219497,250,230,dummy-368
816743.644381661,250,230,dummy-368
816873.599699759,250,230,dummy-368
816891.941091801,250,230,dummy-368
816906.272780034,250,230,dummy-368
816668.413594447,250,230,dummy-295
816716.004785263,250,230,dummy-295
816727.35917417,250,230,dummy-295
816811.267059828,250,230,dummy-295
816855.4766911,250,230,dummy-295
816873.16947804,250,230,dummy-295
816959.403149392,250,230,dummy-295
816926.189604398,250,230,dummy-396
816689.114092397,250,230,dummy-19
816713.506092727,250,230,dummy-19
816790.388400757,250,230,dummy-19
816835.106029729,250,230,dummy-19
816841.091125699,250,230,dummy-19
816723.430834321,250,230,dummy-403
816677.998865189,250,230,dummy-157
816709.186443615,250,230,dummy-157
816801.953011315,250,230,dummy-157
816802.39477642,250,230,dummy-157
816709.361119736,250,230,dummy-147
816738.273225874,250,230,dummy-147
816754.670157869,250,230,dummy-147
816865.166755623,250,230,dummy-147
816879.592014666,250,230,dummy-147
816884.42585515,250,230,dummy-147
816705.779218376,250,230,dummy-651
816714.22912461,250,230,dummy-651
816731.794735786,250,230,dummy-47
816736.725033483,250,230,dummy-47
816807.997105308,250,230,dummy-47
816899.735773749,250,230,dummy-47
816711.030456865,250,230,dummy-344
816774.602368225,250,230,dummy-344
816908.103134631,250,230,dummy-344
816961.000761493,250,230,dummy-344
816697.332766582,250,230,dummy-141
816763.094813374,250,230,dummy-141
816797.446210731,250,230,dummy-141
816866.019935199,250,230,dummy-141
816959.884445305,250,230,dummy-141
816874.871390456,250,230,dummy-552
816962.242797794,250,230,dummy-552
816704.312828366,250,230,dummy-531
816712.948502231,250,230,dummy-531
816727.676707499,250,230,dummy-531
816835.93792801,250,230,dummy-531
816847.979591643,250,230,dummy-531
816882.816999019,250,230,dummy-531
816728.137185024,250,230,dummy-429
816933.419577534,250,230,dummy-429
816703.563580282,250,230,dummy-586
816821.183107834,250,230,dummy-586
816940.469414409,250,230,dummy-586
816678.022983723,250,230,dummy-811
816698.88797977,250,230,dummy-811
816702.254334046,250,230,dummy-811
816712.383135255,250,230,dummy-811
816795.358272034,250,230,dummy-811
816875.312042226,250,230,dummy-811
816932.138044278,250,230,dummy-811
816739.92529252,250,230,dummy-386
816855.149049712,250,230,dummy-386
816862.956813258,250,230,dummy-386
816871.831966621,250,230,dummy-386
816824.431551323,250,230,dummy-308
816890.034300036,250,230,dummy-308
816725.702016493,250,230,dummy-521
816780.191059389,250,230,dummy-521
816787.137891204,250,230,dummy-521
816827.045207623,250,230,dummy-521
816904.404227847,250,230,dummy-521
816704.032237446,250,230,dummy-164
816755.326765812,250,230,dummy-164
816818.66796276,250,230,dummy-164
816868.631424576,250,230,dummy-164
816664.260930502,250,230,dummy-404
816715.527984118,250,230,dummy-404
816739.573374374,250,230,dummy-404
816752.868991599,250,230,dummy-404
816759.031880947,250,230,dummy-404
816804.027437859,250,230,dummy-404
816815.453060527,250,230,dummy-404
816843.040612719,250,230,dummy-404
816872.057373861,250,230,dummy-404
816767.935358466,250,230,dummy-807
816829.562301243,250,230,dummy-807
816842.968406144,250,230,dummy-807
816913.190823047,250,230,dummy-807
816699.588288637,250,230,dummy-357
816870.793302116,250,230,dummy-671
816915.55031416,250,230,dummy-671
816791.352569483,250,230,dummy-625
816915.838097208,250,230,dummy-625
816769.864220914,250,230,dummy-583
816770.363229149,250,230,dummy-583
816853.056990711,250,230,dummy-583
816885.830282933,250,230,dummy-583
816927.841002761,250,230,dummy-583
816664.604386932,250,230,dummy-529
816665.018668292,250,230,dummy-529
816680.603996747,250,230,dummy-529
816751.667712274,250,230,dummy-529
816848.155085547,250,230,dummy-529
816916.6835107,250,230,dummy-529
816747.63285857,250,230,dummy-257
816778.686471884,250,230,dummy-257
816840.290466682,250,230,dummy-257
816848.072952367,250,230,dummy-257
816893.660721075,250,230,dummy-257
816924.334554584,250,230,dummy-257
816729.605808799,250,230,dummy-122
816830.749269485,250,230,dummy-122
816886.312437845,250,230,dummy-122
816909.635226281,250,230,dummy-122
816772.382405898,250,230,dummy-480
816778.672612293,250,230,dummy-480
816895.986360541,250,230,dummy-480
816921.787029369,250,230,dummy-480
816942.222081416,250,230,dummy-480
816704.706711561,250,230,dummy-305
816736.897270617,250,230,dummy-305
816752.93225066,250,230,dummy-305
816901.806331064,250,230,dummy-305
816955.702118906,250,230,dummy-472
816701.543169045,250,230,dummy-277
816758.952197757,250,230,dummy-277
816832.172186855,250,230,dummy-277
816758.283833036,250,230,dummy-209
816880.904301028,250,230,dummy-209
816961.339548848,250,230,dummy-209
816740.697233582,250,230,dummy-390
816805.507216759,250,230,dummy-390
816934.687831835,250,230,dummy-390
816673.973324372,250,230,dummy-343
816778.062557127,250,230,dummy-343
816915.829534123,250,230,dummy-343
816689.526475243,250,230,dummy-59
816825.110701354,250,230,dummy-59
816869.601362399,250,230,dummy-59
816751.608948046,250,230,dummy-254
816854.550328976,250,230,dummy-658
816865.209770222,250,230,dummy-658
816763.142699573,250,230,dummy-716
816780.416411319,250,230,dummy-716
816784.46025583,250,230,dummy-716
816805.411612545,250,230,dummy-716
816898.426784338,250,230,dummy-716
816927.485552941,250,230,dummy-716
816928.468670098,250,230,dummy-716
816665.014996022,250,230,dummy-681
816764.171707836,250,230,dummy-681
816771.150288851,250,230,dummy-681
816781.847979403,250,230,dummy-681
816912.556724947,250,230,dummy-681
816711.82232885,250,230,dummy-611
816737.471712261,250,230,dummy-611
816886.806947733,250,230,dummy-611
816665.371744573,250,230,dummy-455
816700.949518179,250,230,dummy-455
816706.129002411,250,230,dummy-455
816928.404549097,250,230,dummy-455
816938.243746563,250,230,dummy-455
816732.577281908,250,230,dummy-666
816738.26330766,250,230,dummy-666
816867.748531793,250,230,dummy-666
816890.120188501,250,230,dummy-666
816670.22639054,250,230,dummy-563
816685.65315997,250,230,dummy-563
816779.739259758,250,230,dummy-563
816672.289972245,250,230,dummy-63
816675.800683285,250,230,dummy-63
816691.336635389,250,230,dummy-63
816816.863007698,250,230,dummy-63
816851.748298409,250,230,dummy-63
816902.794746546,250,230,dummy-63
816903.538487179,250,230,dummy-63
816804.193407985,250,230,dummy-115
816827.800698478,250,230,dummy-172
816885.065891397,250,230,dummy-172
816907.189686538,250,230,dummy-313
816765.973409804,250,230,dummy-309
816867.491543228,250,230,dummy-309
816672.922058408,250,230,dummy-694
816704.993322911,250,230,dummy-694
816707.000684011,250,230,dummy-694
816747.366151738,250,230,dummy-694
816762.533779119,250,230,dummy-694
816821.073172427,250,230,dummy-694
816939.558999557,250,230,dummy-694
816906.100023172,250,230,dummy-783
816952.791068472,250,230,dummy-783
816720.746257438,250,230,dummy-393
816919.302068691,250,230,dummy-393
816930.04561988,250,230,dummy-393
816932.032681445,250,230,dummy-393
816703.970756461,250,230,dummy-728
816767.646884922,250,230,dummy-728
816772.496149268,250,230,dummy-728
816772.880662955,250,230,dummy-728
816868.699366096,250,230,dummy-728
816879.253926812,250,230,dummy-728
816824.503700118,250,230,dummy-798
816894.794413076,250,230,dummy-798
816902.610235614,250,230,dummy-798
816707.045858777,250,230,dummy-41
816801.199174486,250,230,dummy-731
816855.347733907,250,230,dummy-731
816868.406655051,250,230,dummy-731
816893.197717919,250,230,dummy-731
816907.354485794,250,230,dummy-731
816926.094313861,250,230,dummy-731
816740.847306861,250,230,dummy-426
816781.776987426,250,230,dummy-426
816794.213844203,250,230,dummy-426
816945.46787542,250,230,dummy-426
816665.289471315,250,230,dummy-69
816718.146947555,250,230,dummy-69
816937.01545398,250,230,dummy-69
816721.459955406,250,230,dummy-335
816686.341221722,250,230,dummy-441
816689.850727411,250,230,dummy-441
816952.300640522,250,230,dummy-441
816951.651367493,250,230,dummy-713
816745.986215593,250,230,dummy-654
816895.172918148,250,230,dummy-654
816730.445626258,250,230,dummy-369
816758.779521072,250,230,dummy-369
816917.118646817,250,230,dummy-369
816726.603393513,250,230,dummy-130
816768.109059173,250,230,dummy-130
816815.733636423,250,230,dummy-130
816935.541978992,250,230,dummy-130
816701.622591729,250,230,dummy-331
816737.809978209,250,230,dummy-331
816737.840086815,250,230,dummy-331
816763.428023565,250,230,dummy-331
816776.040136346,250,230,dummy-331
816787.329297636,250,230,dummy-331
816708.974976244,250,230,dummy-621
816746.455719004,250,230,dummy-621
816766.054863813,250,230,dummy-621
816905.805162433,250,230,dummy-621
816683.109375233,250,230,dummy-821
816713.57930977,250,230,dummy-821
816888.210010276,250,230,dummy-821
816733.63752359,250,230,dummy-119
816812.814729738,250,230,dummy-119
816891.37044335,250,230,dummy-119
816909.459913315,250,230,dummy-119
816850.395721675,250,230,dummy-761
816943.139673762,250,230,dummy-761
816743.799406784,250,230,dummy-401
816860.49728452,250,230,dummy-401
816687.383291978,250,230,dummy-237
816695.835503396,250,230,dummy-237
816783.247602851,250,230,dummy-237
816851.700185246,250,230,dummy-237
816774.085978813,250,230,dummy-737
816940.56939715,250,230,dummy-737
816689.518098013,250,230,dummy-543
816878.872852204,250,230,dummy-543
816921.623530491,250,230,dummy-543
816950.243379693,250,230,dummy-543
816894.060509412,250,230,dummy-194
816909.706640846,250,230,dummy-194
816704.920830305,250,230,dummy-558
816743.521588916,250,230,dummy-558
816760.255150098,250,230,dummy-558
816807.304531923,250,230,dummy-558
816860.927484757,250,230,dummy-558
816906.507444226,250,230,dummy-558
816934.35810527,250,230,dummy-558
816711.719432675,250,230,dummy-128
816718.721580475,250,230,dummy-128
816730.019847026,250,230,dummy-128
816759.813192356,250,230,dummy-128
816769.323500122,250,230,dummy-128
816845.635513954,250,230,dummy-128
816902.422345386,250,230,dummy-128
816915.962767595,250,230,dummy-128
816924.064586523,250,230,dummy-128
816948.018196297,250,230,dummy-128
816720.00715897,250,230,dummy-550
816845.816855281,250,230,dummy-550
816893.336234713,250,230,dummy-550
816760.120625982,250,230,dummy-803
816786.934412751,250,230,dummy-803
816818.487749814,250,230,dummy-803
816876.664080124,250,230,dummy-803
816927.679849607,250,230,dummy-803
816924.414686156,250,230,dummy-617
816925.52582412,250,230,dummy-617
816928.574964108,250,230,dummy-617
816961.291068,250,230,dummy-617
816707.962745099,250,230,dummy-784
816938.212483848,250,230,dummy-436
816690.342419261,250,230,dummy-425
816760.354006811,250,230,dummy-425
816776.354152687,250,230,dummy-425
816801.701488868,250,230,dummy-425
816890.100724048,250,230,dummy-425
816912.041083755,250,230,dummy-425
816955.709027327,250,230,dummy-425
816783.407522926,250,230,dummy-530
816811.407123907,250,230,dummy-530
816843.53508093,250,230,dummy-399
816950.788321833,250,230,dummy-399
816692.828800519,250,230,dummy-525
816821.686963369,250,230,dummy-525
816847.681266077,250,230,dummy-525
816865.869492098,250,230,dummy-525
816818.601417158,250,230,dummy-104
816938.718176823,250,230,dummy-104
816960.890420691,250,230,dummy-104
816805.186684709,250,230,dummy-64
816857.702963397,250,230,dummy-64
816889.624314845,250,230,dummy-64
816788.110173588,250,230,dummy-45
816796.719543485,250,230,dummy-45
816909.874991106,250,230,dummy-45
816946.383317259,250,230,dummy-45
816783.593308312,250,230,dummy-341
816820.009928234,250,230,dummy-341
816879.834382374,250,230,dummy-341
816889.580266961,250,230,dummy-341
816688.949562611,250,230,dummy-276
816724.37339344,250,230,dummy-276
816760.008749995,250,230,dummy-276
816791.030121368,250,230,dummy-276
816821.695978888,250,230,dummy-276
816685.707382043,250,230,dummy-186
816710.300312215,250,230,dummy-186
816803.657120396,250,230,dummy-186
816863.919071867,250,230,dummy-186
816895.67466686,250,230,dummy-186
816936.118755885,250,230,dummy-186
816948.387477249,250,230,dummy-186
816960.909035381,250,230,dummy-186
816790.912024849,250,230,dummy-513
816816.963878906,250,230,dummy-513
816841.366251537,250,230,dummy-513
816896.601401421,250,230,dummy-513
816931.384828091,250,230,dummy-513
816961.374228637,250,230,dummy-513
816683.127539219,250,230,dummy-815
816761.96006947,250,230,dummy-815
816810.458446341,250,230,dummy-815
816866.733294919,250,230,dummy-815
816704.764043136,250,230,dummy-746
816939.471704109,250,230,dummy-746
816688.422835016,250,230,dummy-622
816746.972953733,250,230,dummy-622
816764.426377949,250,230,dummy-622
816776.577887679,250,230,dummy-622
816700.428996462,250,230,dummy-145
816710.344156228,250,230,dummy-145
816826.953891144,250,230,dummy-145
816888.161545813,250,230,dummy-145
816671.779229964,250,230,dummy-241
816775.225312051,250,230,dummy-241
816789.123420936,250,230,dummy-241
816792.878636528,250,230,dummy-241
816868.656879967,250,230,dummy-241
816742.238808776,250,230,dummy-72
816878.573609301,250,230,dummy-72
816780.502546372,250,230,dummy-602
816803.822593117,250,230,dummy-602
816903.979741164,250,230,dummy-602
816907.793199567,250,230,dummy-602
816711.217370763,250,230,dummy-592
816962.702036023,250,230,dummy-592
816767.717923005,250,230,dummy-719
816784.195331686,250,230,dummy-719
816808.072241738,250,230,dummy-719
816897.113115009,250,230,dummy-719
816758.622002396,250,230,dummy-628
816811.478062051,250,230,dummy-628
816867.016582934,250,230,dummy-628
816693.58407747,250,230,dummy-422
816804.819408426,250,230,dummy-422
816853.28026022,250,230,dummy-422
816898.61594761,250,230,dummy-422
816700.286888532,250,230,dummy-663
816718.501808302,250,230,dummy-663
816891.36446134,250,230,dummy-663
816958.407629075,250,230,dummy-663
816962.682449275,250,230,dummy-663
816688.951994896,250,230,dummy-623
816735.534908097,250,230,dummy-623
816744.550749865,250,230,dummy-190
816839.867105404,250,230,dummy-190
816905.315914389,250,230,dummy-190
816905.456115141,250,230,dummy-190
816944.086834616,250,230,dummy-190
816951.204332088,250,230,dummy-190
816703.778293384,250,230,dummy-588
816732.38721931,250,230,dummy-588
816795.713564009,250,230,dummy-588
816852.116585243,250,230,dummy-588
816867.772117072,250,230,dummy-588
816900.002343556,250,230,dummy-588
816915.132608701,250,230,dummy-588
816672.941390083,250,230,dummy-78
816678.649286789,250,230,dummy-78
816686.872638438,250,230,dummy-78
816746.357069469,250,230,dummy-78
816955.763995128,250,230,dummy-78
816961.19069695,250,230,dummy-78
816961.197534547,250,230,dummy-78
816962.069727268,250,230,dummy-247
816844.59447798,250,230,dummy-73
816863.2925214,250,230,dummy-73
816918.324572902,250,230,dummy-73
816920.514473846,250,230,dummy-73
816950.887751752,250,230,dummy-73
816814.194403801,250,230,dummy-361
816845.552395971,250,230,dummy-361
816931.062848941,250,230,dummy-361
816943.261209145,250,230,dummy-361
816813.649016732,250,230,dummy-32
816837.670579673,250,230,dummy-32
816850.292026451,250,230,dummy-32
816862.014389099,250,230,dummy-32
816673.003773979,250,230,dummy-13
816770.85958412,250,230,dummy-13
816885.294508649,250,230,dummy-13
816677.006917463,250,230,dummy-724
816742.536022058,250,230,dummy-724
816787.683352676,250,230,dummy-724
816744.135267003,250,230,dummy-569
816756.579710773,250,230,dummy-569
816758.882611599,250,230,dummy-569
816789.204203682,250,230,dummy-569
816839.078834111,250,230,dummy-569
816895.829193906,250,230,dummy-569
816907.528896862,250,230,dummy-569
816938.472114168,250,230,dummy-569
816946.379126702,250,230,dummy-569
816934.372984275,250,230,dummy-735
816959.731646499,250,230,dummy-84
816686.883062586,250,230,dummy-312
816721.868187926,250,230,dummy-312
816752.703081234,250,230,dummy-312
816797.93290566,250,230,dummy-312
816841.637363039,250,230,dummy-312
816846.433566779,250,230,dummy-312
816935.970010754,250,230,dummy-312
816668.339849329,250,230,dummy-103
816714.915526196,250,230,dummy-103
816804.499642394,250,230,dummy-103
816836.958851067,250,230,dummy-103
816879.295801293,250,230,dummy-103
816730.872207216,250,230,dummy-675
816765.171719995,250,230,dummy-675
816900.915423547,250,230,dummy-675
816941.471771196,250,230,dummy-675
816747.710636457,250,230,dummy-85
816755.619554281,250,230,dummy-85
816738.693463799,250,230,dummy-804
816781.602310359,250,230,dummy-804
816836.61365458,250,230,dummy-804
816897.726479378,250,230,dummy-804
816703.779873362,250,230,dummy-700
816832.855672619,250,230,dummy-700
816891.297731566,250,230,dummy-700
816959.307203633,250,230,dummy-700
816876.621443515,250,230,dummy-83
816902.98130922,250,230,dummy-83
816776.040095913,250,230,dummy-35
816801.010450017,250,230,dummy-35
816833.044860371,250,230,dummy-35
816889.575205487,250,230,dummy-35
816957.174526466,250,230,dummy-35
816780.712091821,250,230,dummy-394
816780.718251109,250,230,dummy-394
816804.187482034,250,230,dummy-394
816845.895742708,250,230,dummy-394
816734.456921238,250,230,dummy-515
816842.330014353,250,230,dummy-515
816904.366443063,250,230,dummy-515
816958.879023253,250,230,dummy-515
816776.565314573,250,230,dummy-499
816828.09586508,250,230,dummy-499
816901.727018614,250,230,dummy-499
816669.702330727,250,230,dummy-406
816836.718028683,250,230,dummy-406
816867.914687129,250,230,dummy-406
816664.430245216,250,230,dummy-271
816770.158703817,250,230,dummy-271
816770.905780417,250,230,dummy-271
816711.956354082,250,230,dummy-149
816808.76699484,250,230,dummy-149
816750.632163576,250,230,dummy-267
816874.90308833,250,230,dummy-267
816907.851393142,250,230,dummy-267
816955.860820884,250,230,dummy-267
816724.181426424,250,230,dummy-824
816759.115807212,250,230,dummy-824
816775.715219595,250,230,dummy-824
816818.885002524,250,230,dummy-824
816854.814410068,250,230,dummy-824
816900.397148188,250,230,dummy-824
816937.977219327,250,230,dummy-824
816742.572761178,250,230,dummy-584
816831.906150014,250,230,dummy-584
816836.390228067,250,230,dummy-584
816665.816765465,250,230,dummy-793
816739.164264886,250,230,dummy-793
816867.501932301,250,230,dummy-793
816760.297377132,250,230,dummy-27
816832.04952943,250,230,dummy-109
816849.026949225,250,230,dummy-109
816704.524255635,250,230,dummy-253
816716.568449058,250,230,dummy-253
816744.960802643,250,230,dummy-253
816896.566075973,250,230,dummy-253
816898.033637407,250,230,dummy-253
816666.132047583,250,230,dummy-599
816678.927306809,250,230,dummy-599
816750.819389309,250,230,dummy-599
816925.342142075,250,230,dummy-599
816941.815469552,250,230,dummy-599
816718.825695685,250,230,dummy-806
816816.32617851,250,230,dummy-806
816884.801126468,250,230,dummy-806
816927.586591743,250,230,dummy-806
816941.017434506,250,230,dummy-806
816717.430207742,250,230,dummy-272
816726.455618851,250,230,dummy-272
816730.183018179,250,230,dummy-272
816747.43729475,250,230,dummy-272
816756.732536859,250,230,dummy-272
816922.631278261,250,230,dummy-272
816923.015624012,250,230,dummy-272
816867.379647608,250,230,dummy-395
816893.065755932,250,230,dummy-395
816899.795632848,250,230,dummy-395
816902.691392387,250,230,dummy-395
816699.102235889,250,230,dummy-758
816703.291519509,250,230,dummy-758
816784.716082274,250,230,dummy-758
816688.644833972,250,230,dummy-94
816734.782301434,250,230,dummy-94
816782.996654882,250,230,dummy-94
816877.35401537,250,230,dummy-94
816920.296048352,250,230,dummy-94
816958.579941927,250,230,dummy-94
816811.691950978,250,230,dummy-176
816844.588667384,250,230,dummy-176
816874.572040927,250,230,dummy-176
816882.845028611,250,230,dummy-176
816908.712558268,250,230,dummy-176
816930.445556381,250,230,dummy-176
816951.11802321,250,230,dummy-176
816684.119816387,250,230,dummy-794
816708.820586217,250,230,dummy-794
816803.577366797,250,230,dummy-794
816898.921551127,250,230,dummy-794
816944.497998242,250,230,dummy-794
816763.880602258,250,230,dummy-81
816909.162032187,250,230,dummy-81
816684.655425713,250,230,dummy-561
816823.509734248,250,230,dummy-561
816865.62699412,250,230,dummy-561
816962.348010478,250,230,dummy-561
816669.728635827,250,230,dummy-612
816870.347516055,250,230,dummy-612
816664.906747142,250,230,dummy-613
816759.682275962,250,230,dummy-613
816778.81406103,250,230,dummy-613
816819.174305342,250,230,dummy-613
816724.527187758,250,230,dummy-16
816727.991199716,250,230,dummy-16
816741.026440127,250,230,dummy-16
816836.113637491,250,230,dummy-16
816892.797556623,250,230,dummy-16
816754.544223749,250,230,dummy-265
816942.84125159,250,230,dummy-265
816699.734427441,250,230,dummy-320
816709.835502457,250,230,dummy-320
816842.82157968,250,230,dummy-320
816679.778390203,250,230,dummy-695
816749.622666935,250,230,dummy-695
816788.420242204,250,230,dummy-695
816698.064412848,250,230,dummy-696
816738.827811567,250,230,dummy-696
816797.543200485,250,230,dummy-696
816803.165603413,250,230,dummy-696
816834.39810257,250,230,dummy-696
816885.299278867,250,230,dummy-696
816960.672588796,250,230,dummy-696
816676.806699455,250,230,dummy-801
816704.23468556,250,230,dummy-801
816705.962518945,250,230,dummy-801
816796.497415624,250,230,dummy-801
816805.111722869,250,230,dummy-801
816852.550983683,250,230,dummy-801
816788.510792696,250,230,dummy-1
816798.278092176,250,230,dummy-1
816923.6865708,250,230,dummy-1
816755.984196711,250,230,dummy-509
816757.25397027,250,230,dummy-509
816800.560534122,250,230,dummy-231
816829.502606473,250,230,dummy-231
816712.4480031,250,230,dummy-211
816746.280787322,250,230,dummy-211
816874.053476104,250,230,dummy-211
816685.041052328,250,230,dummy-191
816728.431937761,250,230,dummy-191
816895.077694547,250,230,dummy-191
816731.605091678,250,230,dummy-233
816742.517587619,250,230,dummy-233
816746.138982269,250,230,dummy-233
816769.718073053,250,230,dummy-233
816874.350304017,250,230,dummy-233
816961.719433456,250,230,dummy-233
816725.300608025,250,230,dummy-616
816745.365652565,250,230,dummy-616
816803.32612503,250,230,dummy-616
816672.774174624,250,230,dummy-830
816701.101900387,250,230,dummy-830
816714.220242805,250,230,dummy-830
816767.642744475,250,230,dummy-830
816778.76239259,250,230,dummy-830
816663.248777327,250,230,dummy-193
816715.468573988,250,230,dummy-193
816725.886292332,250,230,dummy-193
816813.907363768,250,230,dummy-193
816834.453190175,250,230,dummy-193
816835.635894493,250,230,dummy-193
816707.736752054,250,230,dummy-346
816736.850176847,250,230,dummy-346
816948.531702738,250,230,dummy-346
816818.127612137,250,230,dummy-234
816855.338095451,250,230,dummy-234
816903.075508449,250,230,dummy-234
816939.753070278,250,230,dummy-234
816948.606444802,250,230,dummy-234
816953.391690551,250,230,dummy-234
816874.873918635,250,230,dummy-580
816679.511625279,250,230,dummy-596
816925.279022664,250,230,dummy-596
816698.707700189,250,230,dummy-110
816707.013226946,250,230,dummy-110
816721.673913122,250,230,dummy-110
816770.780799595,250,230,dummy-110
816938.310939117,250,230,dummy-110
816788.445883535,250,230,dummy-593
816808.044494529,250,230,dummy-593
816939.114190145,250,230,dummy-593
816668.827842159,250,230,dummy-40
816709.885920058,250,230,dummy-40
816778.82956788,250,230,dummy-40
816852.524172337,250,230,dummy-40
816868.867949988,250,230,dummy-40
816937.524737316,250,230,dummy-40
816756.639016065,250,230,dummy-8
816822.181360117,250,230,dummy-8
816827.247211539,250,230,dummy-8
816852.558444495,250,230,dummy-8
816859.143437534,250,230,dummy-8
816866.971549481,250,230,dummy-8
816702.719343517,250,230,dummy-748
816816.289281387,250,230,dummy-748
816868.385146711,250,230,dummy-748
816948.55223604,250,230,dummy-748
816684.977264028,250,230,dummy-160
816750.304105707,250,230,dummy-160
816675.65118848,250,230,dummy-434
816780.347307715,250,230,dummy-434
816739.187575152,250,230,dummy-726
816745.684380912,250,230,dummy-726
816775.124605546,250,230,dummy-726
816844.009832626,250,230,dummy-726
816930.774956629,250,230,dummy-726
816739.84397469,250,230,dummy-174
816828.948199493,250,230,dummy-174
816845.96136454,250,230,dummy-174
816757.269142508,250,230,dummy-714
816826.158102576,250,230,dummy-447
816864.140808479,250,230,dummy-447
816693.550680347,250,230,dummy-175
816702.336200487,250,230,dummy-175
816824.044161282,250,230,dummy-175
816837.041005554,250,230,dummy-175
816845.76129279,250,230,dummy-175
816704.372255778,250,230,dummy-787
816732.019303322,250,230,dummy-787
816722.487609342,250,230,dummy-589
816753.51466781,250,230,dummy-589
816869.939339627,250,230,dummy-589
816675.761961742,250,230,dummy-590
816781.949627493,250,230,dummy-590
816823.98140704,250,230,dummy-590
816961.718020624,250,230,dummy-590
816740.653410236,250,230,dummy-126
816813.198013543,250,230,dummy-126
816891.194978048,250,230,dummy-126
816896.256600557,250,230,dummy-126
816678.296001441,250,230,dummy-364
816734.854424914,250,230,dummy-364
816932.449224552,250,230,dummy-364
816714.891846284,250,230,dummy-771
816732.762918335,250,230,dummy-771
816768.214978449,250,230,dummy-771
816771.68920056,250,230,dummy-771
816786.242411445,250,230,dummy-771
816923.632304242,250,230,dummy-771
816689.408665366,250,230,dummy-814
816748.471393113,250,230,dummy-814
816770.214238145,250,230,dummy-814
816830.973751916,250,230,dummy-814
816685.532947117,250,230,dummy-690
816912.862634686,250,230,dummy-690
816772.332654853,250,230,dummy-659
816773.454201436,250,230,dummy-767
816878.775360126,250,230,dummy-767
816664.299011185,250,230,dummy-489
816835.457616748,250,230,dummy-489
816879.189323763,250,230,dummy-489
816678.771840711,250,230,dummy-710
816699.541452481,250,230,dummy-710
816766.632343936,250,230,dummy-710
816941.65549719,250,230,dummy-710
816947.555528598,250,230,dummy-710
816794.671568204,250,230,dummy-465
816804.408395922,250,230,dummy-465
816828.831292655,250,230,dummy-465
816917.582823619,250,230,dummy-465
816721.217275686,250,230,dummy-127
816782.984052795,250,230,dummy-127
816836.321320835,250,230,dummy-127
816880.524040796,250,230,dummy-127
816711.371556858,250,230,dummy-747
816797.66986998,250,230,dummy-747
816857.74644826,250,230,dummy-747
816920.024977507,250,230,dummy-747
816766.388320741,250,230,dummy-258
816830.166378734,250,230,dummy-258
816849.673851649,250,230,dummy-258
816956.951757705,250,230,dummy-258
816962.449638827,250,230,dummy-258
816730.08839794,250,230,dummy-352
816785.291088102,250,230,dummy-352
816820.41989457,250,230,dummy-352
816822.989748813,250,230,dummy-352
816858.550712547,250,230,dummy-352
816916.377833841,250,230,dummy-352
816940.116381814,250,230,dummy-352
816700.763173407,250,230,dummy-326
816788.061955926,250,230,dummy-326
816824.518920576,250,230,dummy-326
816832.175661767,250,230,dummy-326
816947.643753804,250,230,dummy-326
816707.016768635,250,230,dummy-296
816845.051539697,250,230,dummy-296
816910.304824904,250,230,dummy-296
816940.728536228,250,230,dummy-296
816671.545150974,250,230,dummy-48
816856.688278986,250,230,dummy-48
816876.786006176,250,230,dummy-48
816924.980271757,250,230,dummy-48
816957.183306068,250,230,dummy-48
816961.068612335,250,230,dummy-48
816725.90961329,250,230,dummy-67
816853.900920233,250,230,dummy-67
816872.393346289,250,230,dummy-67
816903.015229494,250,230,dummy-67
816946.177969859,250,230,dummy-67
816785.961226953,250,230,dummy-698
816802.180722695,250,230,dummy-698
816747.655497338,250,230,dummy-366
816786.9818458,250,230,dummy-366
816885.561020394,250,230,dummy-366
816927.953941805,250,230,dummy-366
816723.15958084,250,230,dummy-36
816726.26476758,250,230,dummy-36
816790.322549718,250,230,dummy-36
816737.526595319,250,230,dummy-554
816766.926523464,250,230,dummy-554
816822.511184109,250,230,dummy-554
816821.415847002,250,230,dummy-492
816825.059394405,250,230,dummy-492
816855.105029993,250,230,dummy-492
816862.750187436,250,230,dummy-492
816959.989943284,250,230,dummy-492
816717.7483494,250,230,dummy-564
816745.841209943,250,230,dummy-564
816780.786264885,250,230,dummy-564
816891.402712632,250,230,dummy-564
816923.985543065,250,230,dummy-564
816680.443914549,250,230,dummy-314
816734.227126789,250,230,dummy-314
816737.016938623,250,230,dummy-314
816754.206778241,250,230,dummy-314
816900.821950255,250,230,dummy-314
816921.715728895,250,230,dummy-314
816701.626122929,250,230,dummy-453
816825.688766432,250,230,dummy-453
816936.16380134,250,230,dummy-453
816844.425645751,250,230,dummy-134
816664.451406367,250,230,dummy-542
816706.625664201,250,230,dummy-542
816711.044337468,250,230,dummy-542
816773.752707552,250,230,dummy-542
816809.344774263,250,230,dummy-542
816886.929914292,250,230,dummy-542
816904.778812211,250,230,dummy-542
816696.754315577,250,230,dummy-240
816858.06389126,250,230,dummy-240
816894.921411679,250,230,dummy-240
816911.896204549,250,230,dummy-240
816920.412791692,250,230,dummy-240
816936.581026607,250,230,dummy-240
816940.76578123,250,230,dummy-648
816698.091554635,250,230,dummy-468
816727.607252991,250,230,dummy-468
816897.897300893,250,230,dummy-468
816937.192806575,250,230,dummy-468
816959.185452614,250,230,dummy-468
816670.072614238,250,230,dummy-342
816702.647018613,250,230,dummy-342
816726.66874215,250,230,dummy-342
816800.228727941,250,230,dummy-342
816676.930188276,250,230,dummy-481
816807.81986259,250,230,dummy-481
816945.75210411,250,230,dummy-481
816736.791047782,250,230,dummy-560
816907.464490813,250,230,dummy-560
816671.105351151,250,230,dummy-93
816737.975813714,250,230,dummy-93
816787.583134513,250,230,dummy-93
816819.891063985,250,230,dummy-93
816865.686053463,250,230,dummy-93
816695.39536132,250,230,dummy-523
816926.887895931,250,230,dummy-523
816763.728613132,250,230,dummy-117
816837.068959357,250,230,dummy-117
816895.637710635,250,230,dummy-117
816945.293349654,250,230,dummy-117
816674.266887985,250,230,dummy-288
816690.123431219,250,230,dummy-288
816758.322353457,250,230,dummy-417
816731.531830223,250,230,dummy-705
816881.87864434,250,230,dummy-705
816887.667371742,250,230,dummy-705
816894.061852679,250,230,dummy-705
816936.673874693,250,230,dummy-705
816688.500750423,250,230,dummy-76
816693.970582099,250,230,dummy-76
816765.412921014,250,230,dummy-76
816830.804661476,250,230,dummy-76
816857.771313413,250,230,dummy-76
816868.499909015,250,230,dummy-76
816874.112521754,250,230,dummy-76
816901.908699403,250,230,dummy-76
816690.577009275,250,230,dummy-217
816690.743415861,250,230,dummy-217
816722.835039971,250,230,dummy-217
816780.686522397,250,230,dummy-217
816894.134863349,250,230,dummy-217
816713.822753713,250,230,dummy-799
816743.925707096,250,230,dummy-799
816802.11823619,250,230,dummy-799
816922.075449722,250,230,dummy-799
816734.020103805,250,230,dummy-20
816664.567689028,250,230,dummy-68
816771.501091737,250,230,dummy-68
816892.954892936,250,230,dummy-68
816744.647815204,250,230,dummy-138
816788.259009761,250,230,dummy-138
816886.760198411,250,230,dummy-138
816930.963311944,250,230,dummy-138
816765.36124963,250,230,dummy-114
816774.93209928,250,230,dummy-114
816849.251474742,250,230,dummy-114
816936.762090489,250,230,dummy-114
816938.162811054,250,230,dummy-114
816722.391003237,250,230,dummy-2
816804.749397428,250,230,dummy-2
816820.26423544,250,230,dummy-2
816700.88830802,250,230,dummy-61
816708.065244697,250,230,dummy-61
816795.76396716,250,230,dummy-61
816845.957039909,250,230,dummy-61
