arrival_time,input_tokens,output_tokens,adapter
816665.204378602,250,230,dummy-772
816816.098334675,250,230,dummy-772
816826.360776844,250,230,dummy-772
816832.760530547,250,230,dummy-772
816846.525115633,250,230,dummy-772
816879.200118561,250,230,dummy-772
816894.404122644,250,230,dummy-772
816651.348111166,250,230,dummy-283
816755.371603904,250,230,dummy-283
816819.732207547,250,230,dummy-283
816856.175293576,250,230,dummy-283
816910.846663174,250,230,dummy-283
816660.127726034,250,230,dummy-448
816677.706700702,250,230,dummy-448
816723.457171993,250,230,dummy-448
816774.296349067,250,230,dummy-448
816777.015192809,250,230,dummy-448
816804.292549229,250,230,dummy-448
816864.883087584,250,230,dummy-448
816872.050611959,250,230,dummy-448
816866.222429818,250,230,dummy-683
816935.218229941,250,230,dummy-683
816812.419934415,250,230,dummy-323
816863.462406169,250,230,dummy-323
816937.438608468,250,230,dummy-323
816696.345895733,250,230,dummy-228
816727.010063291,250,230,dummy-228
816749.404665259,250,230,dummy-228
816878.947194842,250,230,dummy-228
816908.87363534,250,230,dummy-228
816704.800864304,250,230,dummy-414
816766.567507142,250,230,dummy-414
816819.905466893,250,230,dummy-414
816864.108377389,250,230,dummy-414
816889.235900115,250,230,dummy-796
816697.104653553,250,230,dummy-325
816655.129424686,250,230,dummy-749
816840.271927905,250,230,dummy-749
816860.36898514,250,230,dummy-749
816908.56320258,250,230,dummy-749
816940.765973187,250,230,dummy-749
816944.651158496,250,230,dummy-749
816877.645296629,250,230,dummy-321
816893.29123107,250,230,dummy-321
816677.168753515,250,230,dummy-350
816788.404170677,250,230,dummy-350
816836.864621745,250,230,dummy-350
816882.201194317,250,230,dummy-350
816666.037821909,250,230,dummy-662
816689.522445854,250,230,dummy-662
816816.480938919,250,230,dummy-662
816832.169076351,250,230,dummy-662
816944.053041607,250,230,dummy-662
816716.129265102,250,230,dummy-603
816749.383656159,250,230,dummy-603
816850.705026816,250,230,dummy-603
816751.301368969,250,230,dummy-365
816767.778559213,250,230,dummy-365
816791.655961376,250,230,dummy-365
816880.696957231,250,230,dummy-365
816692.48058804,250,230,dummy-653
816707.285481221,250,230,dummy-653
816836.87244598,250,230,dummy-653
816923.131775679,250,230,dummy-653
816932.164930936,250,230,dummy-653
816651.467352439,250,230,dummy-618
816678.857100887,250,230,dummy-618
816774.466813949,250,230,dummy-618
816797.298887452,250,230,dummy-618
816841.91418813,250,230,dummy-618
816921.999491866,250,230,dummy-618
816722.277395563,250,230,dummy-243
816765.186447244,250,230,dummy-243
816820.198060448,250,230,dummy-243
816881.311220954,250,230,dummy-243
816734.216424208,250,230,dummy-212
816858.487553469,250,230,dummy-212
816891.435614791,250,230,dummy-212
816939.445772956,250,230,dummy-212
816744.610980587,250,230,dummy-106
816652.791823569,250,230,dummy-226
816695.916051283,250,230,dummy-226
816758.048663441,250,230,dummy-226
816810.381040621,250,230,dummy-226
816859.76481726,250,230,dummy-226
816748.762369546,250,230,dummy-604
816823.516492631,250,230,dummy-604
816855.629243131,250,230,dummy-604
816708.884208062,250,230,dummy-587
816728.949478466,250,230,dummy-587
816786.910143713,250,230,dummy-587
816661.606445928,250,230,dummy-142
816682.47257856,250,230,dummy-142
816685.838597265,250,230,dummy-142
816695.96743995,250,230,dummy-142
816778.942534539,250,230,dummy-142
816858.895903487,250,230,dummy-142
816915.721697744,250,230,dummy-142
816678.935560074,250,230,dummy-477
816718.42062503,250,230,dummy-477
816818.484015209,250,230,dummy-477
816848.753921453,250,230,dummy-477
816897.707153432,250,230,dummy-477
816667.605677926,250,230,dummy-510
816719.204698171,250,230,dummy-510
816804.769299249,250,230,dummy-510
816807.231346957,250,230,dummy-510
816815.36895101,250,230,dummy-510
816879.882730848,250,230,dummy-510
816887.545986755,250,230,dummy-510
816706.732566156,250,230,dummy-384
816734.290275363,250,230,dummy-384
816759.835496933,250,230,dummy-384
816763.036009581,250,230,dummy-384
816805.227827345,250,230,dummy-384
816838.363216109,250,230,dummy-384
816887.919184249,250,230,dummy-384
816900.663624758,250,230,dummy-384
816665.936940494,250,230,dummy-4
816700.399526299,250,230,dummy-4
816701.015177494,250,230,dummy-98
816710.04099088,250,230,dummy-98
816713.767761282,250,230,dummy-98
816731.020864606,250,230,dummy-98
816740.316452335,250,230,dummy-98
816906.21433988,250,230,dummy-98
816906.597356276,250,230,dummy-98
816716.161593323,250,230,dummy-136
816721.847328882,250,230,dummy-136
816851.332572804,250,230,dummy-136
816873.703496654,250,230,dummy-136
816669.925745692,250,230,dummy-738
816673.435677925,250,230,dummy-738
816935.886113797,250,230,dummy-738
816678.979476691,250,230,dummy-568
816910.471559875,250,230,dummy-568
816822.953967899,250,230,dummy-656
816648.490833988,250,230,dummy-251
816743.267668547,250,230,dummy-251
816762.398068305,250,230,dummy-251
816802.757918813,250,230,dummy-251
816765.513770251,250,230,dummy-229
816865.479675661,250,230,dummy-229
816885.337603535,250,230,dummy-229
816886.454307637,250,230,dummy-229
816669.171668145,250,230,dummy-28
816685.627013704,250,230,dummy-28
816758.59507776,250,230,dummy-28
816787.462872237,250,230,dummy-28
816845.609507313,250,230,dummy-28
816882.282978374,250,230,dummy-28
816684.432024132,250,230,dummy-367
816725.52447046,250,230,dummy-367
816751.967373891,250,230,dummy-367
816790.424941509,250,230,dummy-367
816791.689427268,250,230,dummy-367
816835.602511819,250,230,dummy-367
816656.525505528,250,230,dummy-262
816662.233814453,250,230,dummy-262
816670.457655486,250,230,dummy-262
816729.942985602,250,230,dummy-262
816939.349544774,250,230,dummy-262
816944.777047135,250,230,dummy-262
816944.783011201,250,230,dummy-262
816672.69884405,250,230,dummy-421
816697.092512873,250,230,dummy-421
816773.974596956,250,230,dummy-421
816818.692742727,250,230,dummy-421
816824.677726711,250,230,dummy-421
816860.204843404,250,230,dummy-682
816886.564519033,250,230,dummy-682
816660.456948822,250,230,dummy-222
816731.99315453,250,230,dummy-222
816805.542504015,250,230,dummy-222
816821.521106502,250,230,dummy-222
816901.662458932,250,230,dummy-222
816764.295985507,250,230,dummy-614
816764.302598157,250,230,dummy-614
816787.772294163,250,230,dummy-614
816829.479328755,250,230,dummy-614
816669.368539757,250,230,dummy-706
816649.107514667,250,230,dummy-518
816854.543430125,250,230,dummy-518
816681.905632626,250,230,dummy-553
816766.580310791,250,230,dummy-553
816903.626856956,250,230,dummy-553
816723.281992774,250,230,dummy-263
816740.886068726,250,230,dummy-263
816815.753583517,250,230,dummy-263
816686.403738719,250,230,dummy-187
816735.680532533,250,230,dummy-187
816813.485360624,250,230,dummy-187
816837.35461868,250,230,dummy-187
816920.47251089,250,230,dummy-187
816715.189887214,250,230,dummy-680
816726.101489405,250,230,dummy-680
816729.723019204,250,230,dummy-680
816753.302062107,250,230,dummy-680
816857.93396537,250,230,dummy-680
816943.317064259,250,230,dummy-437
816671.732354727,250,230,dummy-161
816883.668614575,250,230,dummy-161
816804.998504393,250,230,dummy-538
816808.641825814,250,230,dummy-538
816838.687761138,250,230,dummy-538
816850.217125749,250,230,dummy-538
816897.707422732,250,230,dummy-538
816922.185114364,250,230,dummy-538
816802.868107536,250,230,dummy-640
816854.026487947,250,230,dummy-640
816937.663382609,250,230,dummy-640
816745.644037244,250,230,dummy-466
816764.46230316,250,230,dummy-466
816825.263465509,250,230,dummy-466
816944.526371993,250,230,dummy-466
816691.059114445,250,230,dummy-825
816694.707221066,250,230,dummy-825
816802.360261668,250,230,dummy-825
816823.646685764,250,230,dummy-825
816686.861873101,250,230,dummy-118
816861.789594765,250,230,dummy-118
816740.853032066,250,230,dummy-74
816796.395339395,250,230,dummy-601
816810.868392929,250,230,dummy-601
816852.12359172,250,230,dummy-601
816691.687784094,250,230,dummy-605
816732.672256331,250,230,dummy-605
816733.400417575,250,230,dummy-605
816768.243305339,250,230,dummy-605
816831.351736818,250,230,dummy-605
816898.87891919,250,230,dummy-605
816857.096605076,250,230,dummy-363
816911.425695958,250,230,dummy-363
816666.840411607,250,230,dummy-764
816711.826606153,250,230,dummy-764
816705.973924803,250,230,dummy-467
816788.331948394,250,230,dummy-467
816803.846386345,250,230,dummy-467
816717.221592703,250,230,dummy-774
816796.398699974,250,230,dummy-774
816874.954376013,250,230,dummy-774
816893.043851431,250,230,dummy-774
816741.681103856,250,230,dummy-743
816774.997409926,250,230,dummy-743
816923.086108272,250,230,dummy-743
816718.04059599,250,230,dummy-227
816825.913992877,250,230,dummy-227
816887.950292687,250,230,dummy-227
816942.463929848,250,230,dummy-227
816674.611950316,250,230,dummy-534
816700.988610879,250,230,dummy-534
816741.404316949,250,230,dummy-534
816706.743445361,250,230,dummy-210
816709.84715902,250,230,dummy-210
816773.905571775,250,230,dummy-210
816668.93989943,250,230,dummy-408
816938.323277619,250,230,dummy-408
816669.258978516,250,230,dummy-445
816678.484046937,250,230,dummy-445
816749.453049119,250,230,dummy-445
816751.5871702,250,230,dummy-445
816759.348094124,250,230,dummy-445
816803.872895823,250,230,dummy-445
816946.058408469,250,230,dummy-445
816803.11670717,250,230,dummy-559
816914.131074827,250,230,dummy-559
816670.837846866,250,230,dummy-810
816843.879456488,250,230,dummy-810
816938.69013741,250,230,dummy-810
816659.745206988,250,230,dummy-449
816716.214493909,250,230,dummy-449
816737.010537744,250,230,dummy-449
816743.040973925,250,230,dummy-449
816796.99520077,250,230,dummy-449
816942.720938556,250,230,dummy-449
816687.361629315,250,230,dummy-646
816715.971276471,250,230,dummy-646
816779.297281814,250,230,dummy-646
816835.700628632,250,230,dummy-646
816851.354811055,250,230,dummy-646
816883.584824277,250,230,dummy-646
816898.715099746,250,230,dummy-646
816851.956409174,250,230,dummy-665
816892.43958502,250,230,dummy-665
816937.568412333,250,230,dummy-665
816654.96828348,250,230,dummy-581
816713.242018756,250,230,dummy-581
816820.44322101,250,230,dummy-581
816854.384636237,250,230,dummy-581
816864.290153053,250,230,dummy-581
816672.536553648,250,230,dummy-14
816719.119587825,250,230,dummy-14
816820.923434819,250,230,dummy-423
816847.727987571,250,230,dummy-423
816700.082163211,250,230,dummy-450
816711.608958395,250,230,dummy-450
816776.976775612,250,230,dummy-450
816879.856349808,250,230,dummy-450
816760.453132399,250,230,dummy-832
816793.514947952,250,230,dummy-832
816860.034653199,250,230,dummy-832
816884.959946437,250,230,dummy-832
816887.505064372,250,230,dummy-832
816903.88914221,250,230,dummy-832
816747.464525734,250,230,dummy-660
816892.74586912,250,230,dummy-660
816651.923379825,250,230,dummy-143
816698.498632777,250,230,dummy-143
816788.083465046,250,230,dummy-143
816820.542689508,250,230,dummy-143
816862.878445773,250,230,dummy-143
816741.868244089,250,230,dummy-736
816864.489671089,250,230,dummy-736
816944.924560394,250,230,dummy-736
816656.505323237,250,230,dummy-594
816791.015208492,250,230,dummy-594
816652.88726543,250,230,dummy-380
816786.101601515,250,230,dummy-380
816895.63131663,250,230,dummy-380
816660.492229447,250,230,dummy-606
816864.288850429,250,230,dummy-606
816903.733080175,250,230,dummy-606
816669.999652403,250,230,dummy-376
816865.609899521,250,230,dummy-376
816878.552921429,250,230,dummy-376
816684.301504773,250,230,dummy-225
816728.552757579,250,230,dummy-225
816731.233840908,250,230,dummy-225
816775.727774779,250,230,dummy-225
816862.449291904,250,230,dummy-225
816735.843764865,250,230,dummy-347
816750.863501886,250,230,dummy-347
816820.000141712,250,230,dummy-347
816921.500013258,250,230,dummy-347
816646.738568114,250,230,dummy-745
816780.41763001,250,230,dummy-745
816813.616785826,250,230,dummy-745
816919.290640868,250,230,dummy-745
816662.50882317,250,230,dummy-99
816752.952959264,250,230,dummy-99
816766.926629279,250,230,dummy-99
816874.673397756,250,230,dummy-99
816759.622365883,250,230,dummy-121
816784.592617905,250,230,dummy-121
816816.626533393,250,230,dummy-121
816873.156166621,250,230,dummy-121
816940.755891888,250,230,dummy-121
816711.239286458,250,230,dummy-180
816776.18364221,250,230,dummy-180
816838.68779916,250,230,dummy-180
816846.333682817,250,230,dummy-180
816943.57267673,250,230,dummy-180
816838.134690841,250,230,dummy-327
816848.793703059,250,230,dummy-327
816714.072026284,250,230,dummy-526
816872.838105701,250,230,dummy-526
816895.692151769,250,230,dummy-526
816920.748204867,250,230,dummy-526
816931.469800553,250,230,dummy-526
816663.436118435,250,230,dummy-823
816672.533285035,250,230,dummy-823
816716.608584229,250,230,dummy-823
816788.117901246,250,230,dummy-823
816856.067933028,250,230,dummy-823
816869.4156535,250,230,dummy-823
816876.852088859,250,230,dummy-823
816894.164376131,250,230,dummy-823
816922.257294152,250,230,dummy-823
816936.884557545,250,230,dummy-823
816687.148182872,250,230,dummy-169
816804.76898794,250,230,dummy-169
816924.054541505,250,230,dummy-169
816734.430576879,250,230,dummy-817
816748.909999202,250,230,dummy-817
816847.632698568,250,230,dummy-817
816944.345804008,250,230,dummy-817
816651.823254139,250,230,dummy-188
816812.585509859,250,230,dummy-188
816704.93699331,250,230,dummy-370
816734.067523911,250,230,dummy-370
816752.674864033,250,230,dummy-370
816753.882822391,250,230,dummy-370
816676.412542356,250,230,dummy-504
816805.270946393,250,230,dummy-504
816831.265412911,250,230,dummy-504
816849.453671458,250,230,dummy-504
816676.429873827,250,230,dummy-165
816925.535469863,250,230,dummy-165
816719.116009896,250,230,dummy-156
816748.255279961,250,230,dummy-156
816771.729335263,250,230,dummy-156
816895.766221626,250,230,dummy-156
816924.985673149,250,230,dummy-156
816704.933026737,250,230,dummy-333
816926.949986915,250,230,dummy-333
816927.096566748,250,230,dummy-333
816673.248492829,250,230,dummy-506
816825.989367049,250,230,dummy-506
816839.796910769,250,230,dummy-506
816861.580927527,250,230,dummy-506
816805.071353043,250,230,dummy-244
816827.856080963,250,230,dummy-244
816828.723406773,250,230,dummy-244
816859.326919596,250,230,dummy-244
816870.32141117,250,230,dummy-244
816908.841025016,250,230,dummy-244
816682.686160033,250,230,dummy-319
816686.875018108,250,230,dummy-319
816768.299404842,250,230,dummy-319
816665.713105142,250,230,dummy-116
816933.73503153,250,230,dummy-116
816935.320008394,250,230,dummy-116
816807.540744744,250,230,dummy-457
816860.613469754,250,230,dummy-457
816654.144106294,250,230,dummy-573
816658.829614966,250,230,dummy-573
816689.957758107,250,230,dummy-573
816807.239076529,250,230,dummy-573
816892.827420489,250,230,dummy-573
816923.995263896,250,230,dummy-573
816944.024736841,250,230,dummy-573
816669.74266034,250,230,dummy-10
816943.466524245,250,230,dummy-10
816944.513242543,250,230,dummy-532
816687.793454946,250,230,dummy-547
816777.740122136,250,230,dummy-547
816845.234591759,250,230,dummy-547
816668.708240608,250,230,dummy-490
816725.977061133,250,230,dummy-490
816746.007797497,250,230,dummy-490
816732.633226967,250,230,dummy-657
816741.71446325,250,230,dummy-657
816754.909937637,250,230,dummy-657
816651.950913895,250,230,dummy-405
816705.257591302,250,230,dummy-405
816754.364708287,250,230,dummy-405
816921.893890263,250,230,dummy-405
816742.20615614,250,230,dummy-766
816795.061691899,250,230,dummy-766
816850.600546516,250,230,dummy-766
816647.883018149,250,230,dummy-717
816819.041733067,250,230,dummy-717
816862.773761239,250,230,dummy-717
816688.062480601,250,230,dummy-144
816685.952503342,250,230,dummy-137
816780.620369272,250,230,dummy-137
816861.902607502,250,230,dummy-137
816927.650106751,250,230,dummy-137
816651.776271255,250,230,dummy-373
816758.288905315,250,230,dummy-373
816810.003102372,250,230,dummy-373
816901.491572674,250,230,dummy-373
816903.14766338,250,230,dummy-373
816658.503241298,250,230,dummy-392
816667.961502087,250,230,dummy-392
816691.631967819,250,230,dummy-392
816732.558810671,250,230,dummy-392
816863.802491642,250,230,dummy-392
816894.088158397,250,230,dummy-392
816695.597310357,250,230,dummy-795
816698.051050866,250,230,dummy-795
816708.129794395,250,230,dummy-795
816728.805800311,250,230,dummy-795
816758.514171982,250,230,dummy-795
816781.585206808,250,230,dummy-795
816805.347776664,250,230,dummy-795
816840.108086806,250,230,dummy-795
816897.241751224,250,230,dummy-795
816903.550357864,250,230,dummy-795
816691.321542993,250,230,dummy-159
816720.435203896,250,230,dummy-159
816932.116265493,250,230,dummy-159
816745.697023961,250,230,dummy-216
816779.848182007,250,230,dummy-216
816782.142863892,250,230,dummy-216
816860.368597104,250,230,dummy-216
816757.038255914,250,230,dummy-362
816862.3594196,250,230,dummy-362
816682.498594183,250,230,dummy-454
816818.107706188,250,230,dummy-454
816812.495755666,250,230,dummy-293
816915.581157274,250,230,dummy-293
816941.714550797,250,230,dummy-293
816703.206277002,250,230,dummy-284
816893.996110546,250,230,dummy-284
816671.395301082,250,230,dummy-636
816735.711176139,250,230,dummy-636
816849.698144111,250,230,dummy-636
816890.652832483,250,230,dummy-636
816647.778454109,250,230,dummy-470
816656.851330863,250,230,dummy-470
816758.297729123,250,230,dummy-470
816817.544566079,250,230,dummy-470
816877.322880948,250,230,dummy-470
816901.552706249,250,230,dummy-192
816930.693007738,250,230,dummy-192
816749.871382692,250,230,dummy-336
816807.324351319,250,230,dummy-336
816809.728365706,250,230,dummy-336
816811.102728995,250,230,dummy-336
816876.610028996,250,230,dummy-336
816887.244722853,250,230,dummy-336
816657.824606081,250,230,dummy-826
816685.319008085,250,230,dummy-826
816750.146765485,250,230,dummy-826
816847.713023645,250,230,dummy-826
816892.384151644,250,230,dummy-826
816933.676642052,250,230,dummy-826
816656.065122359,250,230,dummy-486
816664.470749533,250,230,dummy-486
816741.984175394,250,230,dummy-486
816908.238934055,250,230,dummy-486
816919.613692575,250,230,dummy-486
816862.048335115,250,230,dummy-496
816889.143443594,250,230,dummy-496
816673.761364491,250,230,dummy-458
816747.732576517,250,230,dummy-458
816756.592775154,250,230,dummy-458
816772.113151992,250,230,dummy-458
816875.123390043,250,230,dummy-458
816879.066618823,250,230,dummy-458
816894.368685093,250,230,dummy-458
816929.012856561,250,230,dummy-458
816718.050173635,250,230,dummy-668
816855.68760886,250,230,dummy-668
816654.707808918,250,230,dummy-443
816688.233745675,250,230,dummy-443
816692.426292275,250,230,dummy-443
816813.992396346,250,230,dummy-443
816897.835981576,250,230,dummy-443
816665.628776509,250,230,dummy-619
816896.008536388,250,230,dummy-619
816925.171506975,250,230,dummy-619
816795.27595406,250,230,dummy-765
816828.172942147,250,230,dummy-765
816858.156363183,250,230,dummy-765
816866.429366652,250,230,dummy-765
816892.297174822,250,230,dummy-765
816914.030850875,250,230,dummy-765
816934.703009395,250,230,dummy-765
816726.930534494,250,230,dummy-287
816729.597413802,250,230,dummy-287
816743.056816428,250,230,dummy-287
816818.321969106,250,230,dummy-287
816841.066328622,250,230,dummy-287
816859.997102592,250,230,dummy-287
816656.358574878,250,230,dummy-790
816684.686177386,250,230,dummy-790
816697.804099108,250,230,dummy-790
816751.226666956,250,230,dummy-790
816762.34754642,250,230,dummy-790
816646.832590003,250,230,dummy-800
816699.052567351,250,230,dummy-800
816709.469916399,250,230,dummy-800
816797.491579695,250,230,dummy-800
816818.037105494,250,230,dummy-800
816914.409641511,250,230,dummy-800
816828.787810969,250,230,dummy-213
816872.312671418,250,230,dummy-213
816878.706505496,250,230,dummy-213
816919.579150454,250,230,dummy-213
816693.928422045,250,230,dummy-374
816810.539022214,250,230,dummy-374
816871.747404518,250,230,dummy-374
816651.745492747,250,230,dummy-286
816769.62429766,250,230,dummy-286
816882.07431021,250,230,dummy-286
816883.177394475,250,230,dummy-286
816945.754702879,250,230,dummy-286
816755.966472651,250,230,dummy-275
816762.257841699,250,230,dummy-275
816879.571572407,250,230,dummy-275
816905.372565375,250,230,dummy-275
816925.807800421,250,230,dummy-275
816668.561746299,250,230,dummy-498
816733.887806886,250,230,dummy-498
816781.738691157,250,230,dummy-624
816806.585612687,250,230,dummy-624
816683.824986172,250,230,dummy-451
816797.13558034,250,230,dummy-451
816809.387428662,250,230,dummy-451
816851.992256369,250,230,dummy-451
816757.6698426,250,230,dummy-7
816924.153533752,250,230,dummy-7
816681.647132148,250,230,dummy-372
816722.410529938,250,230,dummy-372
816781.12605353,250,230,dummy-372
816786.74856024,250,230,dummy-372
816817.981084408,250,230,dummy-372
816868.882251501,250,230,dummy-372
816944.254880838,250,230,dummy-372
816700.027449865,250,230,dummy-400
816708.621694545,250,230,dummy-400
816853.737721886,250,230,dummy-400
816886.007419145,250,230,dummy-400
816937.801844144,250,230,dummy-400
816668.99433142,250,230,dummy-831
816825.715782014,250,230,dummy-831
816912.208750308,250,230,dummy-831
816696.753611868,250,230,dummy-776
816713.869657922,250,230,dummy-487
816766.344897126,250,230,dummy-487
816768.552052817,250,230,dummy-487
816859.800320093,250,230,dummy-487
816871.384100538,250,230,dummy-487
816925.726969572,250,230,dummy-487
816710.314307946,250,230,dummy-446
816752.94511897,250,230,dummy-446
816650.912437253,250,230,dummy-378
816682.507065399,250,230,dummy-378
816814.346602683,250,230,dummy-378
816841.024139742,250,230,dummy-378
816866.601030013,250,230,dummy-378
816918.64254365,250,230,dummy-378
816694.885182309,250,230,dummy-37
816820.99763145,250,230,dummy-37
816834.459813633,250,230,dummy-37
816840.541926197,250,230,dummy-37
816736.60777594,250,230,dummy-355
816854.742378606,250,230,dummy-355
816866.242316334,250,230,dummy-355
816898.367558843,250,230,dummy-355
816814.42880141,250,230,dummy-303
816844.513518578,250,230,dummy-303
816890.094978086,250,230,dummy-303
816917.946029632,250,230,dummy-303
816878.595780055,250,230,dummy-664
816662.696215873,250,230,dummy-808
816663.506633842,250,230,dummy-808
816690.631557221,250,230,dummy-808
816803.573456028,250,230,dummy-3
816910.908366545,250,230,dummy-3
816679.29302569,250,230,dummy-358
816886.937451325,250,230,dummy-358
816917.356421501,250,230,dummy-358
816660.915699032,250,230,dummy-397
816804.568713356,250,230,dummy-397
816808.981712577,250,230,dummy-397
816832.416367529,250,230,dummy-397
816878.03905801,250,230,dummy-397
816890.227929451,250,230,dummy-397
816924.823635854,250,230,dummy-397
816938.984962923,250,230,dummy-397
816815.633659076,250,230,dummy-679
816832.610802233,250,230,dummy-679
816648.978686813,250,230,dummy-360
816870.2972887,250,230,dummy-360
816873.491082428,250,230,dummy-360
816898.931221443,250,230,dummy-360
816699.361542469,250,230,dummy-476
816704.318942839,250,230,dummy-476
816874.736553675,250,230,dummy-476
816649.75564335,250,230,dummy-329
816673.512087023,250,230,dummy-329
816682.883363074,250,230,dummy-329
816695.733407612,250,230,dummy-329
816742.761665146,250,230,dummy-329
816760.810259244,250,230,dummy-329
816829.735437064,250,230,dummy-329
816924.364433456,250,230,dummy-329
816668.641631044,250,230,dummy-578
816669.068570402,250,230,dummy-578
816669.122637443,250,230,dummy-578
816695.217836715,250,230,dummy-578
816925.857290614,250,230,dummy-578
816648.068735184,250,230,dummy-387
816706.063513717,250,230,dummy-387
816888.755386431,250,230,dummy-387
816746.726867455,250,230,dummy-340
816764.000368259,250,230,dummy-340
816768.044058533,250,230,dummy-340
816788.995604043,250,230,dummy-340
816882.010385137,250,230,dummy-340
816911.069495785,250,230,dummy-340
816912.053292129,250,230,dummy-340
816660.369397769,250,230,dummy-65
816721.611427303,250,230,dummy-65
816802.981361821,250,230,dummy-65
816936.423140247,250,230,dummy-65
816713.406559553,250,230,dummy-655
816902.986155965,250,230,dummy-655
816738.920580306,250,230,dummy-751
816766.729769148,250,230,dummy-751
816918.835813828,250,230,dummy-751
816748.946495654,250,230,dummy-381
816758.517518371,250,230,dummy-381
816832.836663623,250,230,dummy-381
816920.34647267,250,230,dummy-381
816921.746445949,250,230,dummy-381
816757.753827902,250,230,dummy-607
816759.99926613,250,230,dummy-607
816809.570056256,250,230,dummy-607
816695.359464417,250,230,dummy-456
816753.434474852,250,230,dummy-456
816769.811526428,250,230,dummy-456
816857.933637698,250,230,dummy-456
816945.302893557,250,230,dummy-456
816646.567147285,250,230,dummy-388
816750.691162106,250,230,dummy-388
816777.548673546,250,230,dummy-388
816709.285979097,250,230,dummy-330
816763.77549091,250,230,dummy-330
816770.723091439,250,230,dummy-330
816810.63008626,250,230,dummy-330
816887.989643171,250,230,dummy-330
816774.498136111,250,230,dummy-562
816800.549735477,250,230,dummy-562
816824.952144562,250,230,dummy-562
816880.186772824,250,230,dummy-562
816914.970160362,250,230,dummy-562
816944.95984364,250,230,dummy-562
816648.517741814,250,230,dummy-667
816850.086137706,250,230,dummy-667
816889.446209825,250,230,dummy-667
816794.56998317,250,230,dummy-620
816943.909885352,250,230,dummy-620
816683.591561936,250,230,dummy-440
816706.029643169,250,230,dummy-440
816752.827449773,250,230,dummy-440
816757.810956524,250,230,dummy-440
816844.195630829,250,230,dummy-440
816892.506383547,250,230,dummy-440
816690.746647694,250,230,dummy-631
816829.488876033,250,230,dummy-631
816772.093821742,250,230,dummy-511
816781.861347102,250,230,dummy-511
816907.269973518,250,230,dummy-511
816750.395266348,250,230,dummy-432
816756.058291774,250,230,dummy-432
816767.165460532,250,230,dummy-432
816864.911488825,250,230,dummy-432
816715.378747865,250,230,dummy-493
816720.308417614,250,230,dummy-493
816791.580967022,250,230,dummy-493
816883.319999771,250,230,dummy-493
816705.044018688,250,230,dummy-338
816754.251913691,250,230,dummy-540
816824.013458515,250,230,dummy-540
816872.557995782,250,230,dummy-540
816891.859016046,250,230,dummy-540
816906.366971517,250,230,dummy-540
816677.134593741,250,230,dummy-572
816685.920004275,250,230,dummy-572
816807.628550822,250,230,dummy-572
816820.62563352,250,230,dummy-572
816829.34518039,250,230,dummy-572
816692.703833616,250,230,dummy-38
816735.430681421,250,230,dummy-38
816802.331655298,250,230,dummy-38
816812.398522901,250,230,dummy-38
816850.312519452,250,230,dummy-38
816718.246384529,250,230,dummy-591
816755.599277231,250,230,dummy-591
816768.741313604,250,230,dummy-591
816662.260195267,250,230,dummy-317
816720.136447291,250,230,dummy-317
816758.777010837,250,230,dummy-317
816773.653704766,250,230,dummy-317
816794.023031743,250,230,dummy-317
816893.194454662,250,230,dummy-317
816917.910654797,250,230,dummy-317
816683.319064032,250,230,dummy-789
816693.420245839,250,230,dummy-789
816826.406912868,250,230,dummy-789
816834.029824326,250,230,dummy-610
816907.750156288,250,230,dummy-610
816930.101774051,250,230,dummy-610
816719.9034744,250,230,dummy-135
816763.11495915,250,230,dummy-135
816784.938174507,250,230,dummy-135
816807.785962311,250,230,dummy-135
816920.00960514,250,230,dummy-135
816943.044197443,250,230,dummy-135
816700.436424972,250,230,dummy-291
816761.519195207,250,230,dummy-291
816786.476144185,250,230,dummy-291
816792.979815872,250,230,dummy-291
816936.155843956,250,230,dummy-291
816667.702767977,250,230,dummy-58
816692.402816283,250,230,dummy-58
816787.159887803,250,230,dummy-58
816882.503763844,250,230,dummy-58
816928.079947558,250,230,dummy-58
816673.192376325,250,230,dummy-200
816737.533551344,250,230,dummy-200
816862.020172355,250,230,dummy-200
816913.602123043,250,230,dummy-200
816648.143112437,250,230,dummy-514
816824.044569192,250,230,dummy-514
816871.622732755,250,230,dummy-514
816784.047075885,250,230,dummy-24
816854.34111526,250,230,dummy-24
816905.738304167,250,230,dummy-24
816882.0776941,250,230,dummy-420
816900.928360719,250,230,dummy-420
816929.74165433,250,230,dummy-420
816837.167886854,250,230,dummy-56
816845.109186182,250,230,dummy-56
816861.6035268,250,230,dummy-56
816917.65018546,250,230,dummy-56
816726.156453731,250,230,dummy-820
816815.489388197,250,230,dummy-820
816819.973347959,250,230,dummy-820
816722.66549234,250,230,dummy-146
816815.067564818,250,230,dummy-419
816675.835868487,250,230,dummy-555
816756.243277051,250,230,dummy-555
816820.797224068,250,230,dummy-555
816868.580710922,250,230,dummy-555
816880.206590121,250,230,dummy-555
816902.219602252,250,230,dummy-555
816684.80967408,250,230,dummy-435
816755.382741405,250,230,dummy-435
816798.106954199,250,230,dummy-435
816687.27633606,250,230,dummy-290
816813.499164455,250,230,dummy-290
816926.61986323,250,230,dummy-290
816647.439920731,250,230,dummy-268
816675.166545318,250,230,dummy-268
816695.168863586,250,230,dummy-268
816814.459071116,250,230,dummy-268
816831.401463596,250,230,dummy-268
816940.961283405,250,230,dummy-268
816817.304750974,250,230,dummy-124
816669.955605814,250,230,dummy-827
816766.50296158,250,230,dummy-827
816797.063415189,250,230,dummy-827
816654.953334966,250,230,dummy-162
816740.630797421,250,230,dummy-162
816818.666709646,250,230,dummy-162
816874.227325078,250,230,dummy-162
816817.514206322,250,230,dummy-203
816665.354991497,250,230,dummy-725
816681.754728746,250,230,dummy-725
816857.085791607,250,230,dummy-725
816687.616550426,250,230,dummy-501
816738.910884643,250,230,dummy-501
816802.252141108,250,230,dummy-501
816852.215785936,250,230,dummy-501
816779.114486834,250,230,dummy-232
816762.483811815,250,230,dummy-382
816767.722063836,250,230,dummy-382
816790.312170866,250,230,dummy-382
816652.160248681,250,230,dummy-96
816729.813649193,250,230,dummy-96
816748.313619639,250,230,dummy-96
816836.031480417,250,230,dummy-96
816911.172395223,250,230,dummy-96
816656.35715184,250,230,dummy-762
816793.551307178,250,230,dummy-762
816801.181839164,250,230,dummy-762
816836.861266397,250,230,dummy-762
816846.799086786,250,230,dummy-762
816661.335610746,250,230,dummy-101
816662.316034016,250,230,dummy-101
816885.299852084,250,230,dummy-101
816737.764439549,250,230,dummy-684
816750.226662469,250,230,dummy-684
816846.881292175,250,230,dummy-684
816868.247685245,250,230,dummy-684
816909.868959598,250,230,dummy-684
816913.656078022,250,230,dummy-684
816670.545836648,250,230,dummy-508
816680.798770686,250,230,dummy-508
816717.702017088,250,230,dummy-508
816788.392840944,250,230,dummy-508
816858.114241453,250,230,dummy-508
816911.226334218,250,230,dummy-508
816669.290634782,250,230,dummy-248
816693.884012977,250,230,dummy-248
816787.240703259,250,230,dummy-248
816847.504224006,250,230,dummy-248
816879.260162117,250,230,dummy-248
816919.70418521,250,230,dummy-248
816931.9733257,250,230,dummy-248
816944.494595324,250,230,dummy-248
816668.238917928,250,230,dummy-407
816807.093219684,250,230,dummy-407
816849.208896937,250,230,dummy-407
816945.929997161,250,230,dummy-407
816889.684706626,250,230,dummy-649
816936.375308098,250,230,dummy-649
816706.624038931,250,230,dummy-566
816848.605263645,250,230,dummy-566
816873.771581576,250,230,dummy-566
816907.809455556,250,230,dummy-566
816683.222385973,250,230,dummy-208
816730.986093445,250,230,dummy-260
816783.540446038,250,230,dummy-260
816786.918755488,250,230,dummy-260
816804.871978243,250,230,dummy-260
816846.670543491,250,230,dummy-260
816910.831092796,250,230,dummy-260
816760.149341805,250,230,dummy-224
816811.679428912,250,230,dummy-224
816885.311053684,250,230,dummy-224
816702.182609009,250,230,dummy-759
816756.001023759,250,230,dummy-759
816805.415748876,250,230,dummy-759
816648.874268956,250,230,dummy-383
816701.732688812,250,230,dummy-383
816920.600084226,250,230,dummy-383
816691.812250522,250,230,dummy-298
816713.507173209,250,230,dummy-298
816842.208911373,250,230,dummy-298
816854.064266343,250,230,dummy-298
816691.54599544,250,230,dummy-205
816833.979068663,250,230,dummy-100
816926.722955482,250,230,dummy-100
816647.837449812,250,230,dummy-536
816783.847539029,250,230,dummy-536
816708.111727443,250,230,dummy-577
816711.576284307,250,230,dummy-577
816724.611480938,250,230,dummy-577
816819.69960418,250,230,dummy-577
816876.383434708,250,230,dummy-577
816683.730114498,250,230,dummy-474
816732.762592492,250,230,dummy-474
816749.790911298,250,230,dummy-474
816859.688537375,250,230,dummy-474
816864.281798671,250,230,dummy-474
816751.262493704,250,230,dummy-670
816819.858649588,250,230,dummy-670
816928.659294185,250,230,dummy-670
816664.334155123,250,230,dummy-351
816776.281643013,250,230,dummy-351
816655.826108861,250,230,dummy-53
816842.594265108,250,230,dummy-53
816690.746622404,250,230,dummy-183
816724.244162135,250,230,dummy-183
816769.047018282,250,230,dummy-183
816785.334503714,250,230,dummy-183
816791.353738274,250,230,dummy-183
816822.991799995,250,230,dummy-183
816650.171816413,250,230,dummy-356
816704.336862058,250,230,dummy-356
816729.6850678,250,230,dummy-356
816747.952238412,250,230,dummy-356
816758.000277175,250,230,dummy-356
816860.180987645,250,230,dummy-356
816868.048487279,250,230,dummy-356
816658.297678757,250,230,dummy-249
816678.185874181,250,230,dummy-249
816706.62369835,250,230,dummy-249
816806.456578625,250,230,dummy-249
816754.147366327,250,230,dummy-292
816808.623913919,250,230,dummy-292
816768.836811665,250,230,dummy-674
816811.652093328,250,230,dummy-674
816647.461007248,250,230,dummy-757
816747.897486393,250,230,dummy-757
816647.585463216,250,230,dummy-438
816662.777815071,250,230,dummy-438
816832.08141185,250,230,dummy-438
816882.437840585,250,230,dummy-438
816908.120733333,250,230,dummy-438
816729.142171012,250,230,dummy-9
816750.181979665,250,230,dummy-9
816764.086240336,250,230,dummy-644
816787.406151583,250,230,dummy-644
816887.562921354,250,230,dummy-644
816891.376494404,250,230,dummy-644
816679.220150877,250,230,dummy-281
816781.133995431,250,230,dummy-281
816675.56601807,250,230,dummy-322
816732.040234269,250,230,dummy-322
816875.98575799,250,230,dummy-322
816669.876561199,250,230,dummy-182
816827.811783742,250,230,dummy-182
816833.512603321,250,230,dummy-182
816904.491347403,250,230,dummy-182
816766.713455637,250,230,dummy-769
816778.249045521,250,230,dummy-769
816858.40816491,250,230,dummy-769
816861.186590103,250,230,dummy-769
816682.292254254,250,230,dummy-385
816690.598170577,250,230,dummy-385
816705.257933737,250,230,dummy-385
816841.319657817,250,230,dummy-385
816850.868738095,250,230,dummy-385
816887.259563894,250,230,dummy-385
816757.616079651,250,230,dummy-609
816772.831367114,250,230,dummy-609
816834.671372596,250,230,dummy-609
816906.576918928,250,230,dummy-609
816934.458451613,250,230,dummy-609
816732.864493175,250,230,dummy-792
816758.094104174,250,230,dummy-792
816840.690939807,250,230,dummy-792
816854.237929294,250,230,dummy-792
816745.287292108,250,230,dummy-17
816945.250292735,250,230,dummy-17
816661.889706757,250,230,dummy-642
816768.693862867,250,230,dummy-642
816876.4440115,250,230,dummy-642
816671.695709419,250,230,dummy-379
816699.769082033,250,230,dummy-379
816792.302726853,250,230,dummy-379
816861.751262068,250,230,dummy-379
816863.838218747,250,230,dummy-379
816919.412188272,250,230,dummy-379
816927.795015422,250,230,dummy-379
816935.15473594,250,230,dummy-379
816773.844892543,250,230,dummy-242
816873.77636574,250,230,dummy-242
816889.734524812,250,230,dummy-242
816889.89217393,250,230,dummy-242
816924.541683304,250,230,dummy-242
816694.614242388,250,230,dummy-52
816758.186536896,250,230,dummy-52
816891.687268247,250,230,dummy-52
816944.585119224,250,230,dummy-52
816738.498955176,250,230,dummy-25
816804.382547077,250,230,dummy-25
816822.714282443,250,230,dummy-25
816872.172500771,250,230,dummy-25
816767.176903957,250,230,dummy-235
816803.593756275,250,230,dummy-235
816863.417390857,250,230,dummy-235
816873.163752027,250,230,dummy-235
816660.413942797,250,230,dummy-575
816689.42709691,250,230,dummy-575
816717.309476549,250,230,dummy-575
816834.810682378,250,230,dummy-575
816888.557274129,250,230,dummy-575
816743.703055762,250,230,dummy-819
816770.516759634,250,230,dummy-819
816791.507041738,250,230,dummy-819
816855.018186906,250,230,dummy-819
816857.061211881,250,230,dummy-819
816737.128904889,250,230,dummy-703
816761.910654895,250,230,dummy-703
816834.787636568,250,230,dummy-740
816910.615626315,250,230,dummy-740
816929.850738286,250,230,dummy-740
816739.568135588,250,230,dummy-686
816740.838584234,250,230,dummy-686
816829.193430379,250,230,dummy-704
816872.140066171,250,230,dummy-704
816897.850580518,250,230,dummy-704
816686.919650704,250,230,dummy-829
816731.889643375,250,230,dummy-829
816868.37570781,250,230,dummy-829
816654.914798814,250,230,dummy-528
816685.132698799,250,230,dummy-528
816675.102708155,250,230,dummy-220
816714.952003282,250,230,dummy-220
816827.11976725,250,230,dummy-214
816934.372461928,250,230,dummy-214
816656.511227092,250,230,dummy-311
816668.613683675,250,230,dummy-311
816766.262337301,250,230,dummy-311
816780.670656355,250,230,dummy-311
816854.734552806,250,230,dummy-311
816856.597750353,250,230,dummy-311
816885.264552491,250,230,dummy-311
816917.381881453,250,230,dummy-595
816714.030270385,250,230,dummy-813
816742.364957467,250,230,dummy-813
816900.702748802,250,230,dummy-813
816780.993412166,250,230,dummy-641
816789.518093077,250,230,dummy-337
816870.826430849,250,230,dummy-337
816893.62062629,250,230,dummy-337
816720.796115838,250,230,dummy-637
816826.181811074,250,230,dummy-637
816868.329186225,250,230,dummy-637
816940.25138342,250,230,dummy-637
816797.233323342,250,230,dummy-66
816821.255128039,250,230,dummy-66
816833.877157537,250,230,dummy-66
816845.599600646,250,230,dummy-66
816729.499672778,250,230,dummy-491
816729.798313814,250,230,dummy-491
816902.562664728,250,230,dummy-491
816918.654456074,250,230,dummy-491
816941.680584815,250,230,dummy-491
816710.772571782,250,230,dummy-430
816741.304555492,250,230,dummy-430
816815.871164796,250,230,dummy-430
816865.924995466,250,230,dummy-430
816870.862224929,250,230,dummy-430
816904.338746196,250,230,dummy-430
816937.058173129,250,230,dummy-430
816856.139344712,250,230,dummy-294
816903.169959105,250,230,dummy-294
816940.328185513,250,230,dummy-294
816808.088171681,250,230,dummy-197
816878.378545552,250,230,dummy-197
816886.194165768,250,230,dummy-197
816735.192529514,250,230,dummy-626
816852.850756329,250,230,dummy-95
816688.774282312,250,230,dummy-732
816775.206151755,250,230,dummy-732
816818.960998808,250,230,dummy-732
816826.47547364,250,230,dummy-732
816865.992022082,250,230,dummy-732
816894.77900844,250,230,dummy-732
816910.154117292,250,230,dummy-732
816660.750803709,250,230,dummy-691
816826.363125649,250,230,dummy-691
816919.877812371,250,230,dummy-691
816696.031677222,250,230,dummy-339
816729.864028033,250,230,dummy-339
816857.63700994,250,230,dummy-339
816654.410152297,250,230,dummy-171
816722.442148931,250,230,dummy-261
816851.130021071,250,230,dummy-261
816868.388955289,250,230,dummy-261
816904.123527943,250,230,dummy-261
816858.455600634,250,230,dummy-708
816945.82739688,250,230,dummy-708
816691.739175555,250,230,dummy-485
816808.688265693,250,230,dummy-485
816877.443479261,250,230,dummy-485
816946.055223973,250,230,dummy-485
816749.972308295,250,230,dummy-471
816813.750369848,250,230,dummy-471
816833.257149891,250,230,dummy-471
816940.533491534,250,230,dummy-471
816946.031924221,250,230,dummy-471
816738.113304537,250,230,dummy-741
816817.170595661,250,230,dummy-741
816852.030891265,250,230,dummy-741
816723.6817515,250,230,dummy-565
816789.7370647,250,230,dummy-565
816794.044108832,250,230,dummy-565
816846.170311673,250,230,dummy-565
816877.900317575,250,230,dummy-565
816717.149905993,250,230,dummy-442
816720.488884549,250,230,dummy-442
816730.012177129,250,230,dummy-442
816739.837657424,250,230,dummy-442
816771.383242752,250,230,dummy-442
816854.103442664,250,230,dummy-442
816863.085660424,250,230,dummy-442
816684.473389846,250,230,dummy-120
816691.649772874,250,230,dummy-120
816779.348679691,250,230,dummy-120
816829.541571926,250,230,dummy-120
816755.915411265,250,230,dummy-301
816653.239887946,250,230,dummy-79
816658.13774458,250,230,dummy-79
816811.854834613,250,230,dummy-79
816906.748572012,250,230,dummy-79
816732.070135332,250,230,dummy-462
816846.88458797,250,230,dummy-462
816918.753511968,250,230,dummy-462
816683.87116881,250,230,dummy-411
816702.086729738,250,230,dummy-411
816874.950165444,250,230,dummy-411
816941.994740924,250,230,dummy-411
816946.269776348,250,230,dummy-411
816751.477983022,250,230,dummy-11
816752.223129296,250,230,dummy-11
816765.041038623,250,230,dummy-11
816832.218471849,250,230,dummy-11
816832.695311597,250,230,dummy-11
816839.031939145,250,230,dummy-11
816900.742644369,250,230,dummy-11
816680.797156993,250,230,dummy-239
816706.672643891,250,230,dummy-239
816711.445814919,250,230,dummy-239
816902.539573683,250,230,dummy-239
816873.451089564,250,230,dummy-537
816887.566256437,250,230,dummy-537
816889.827327726,250,230,dummy-537
816672.228219659,250,230,dummy-775
816718.365995256,250,230,dummy-775
816766.580022204,250,230,dummy-775
816860.937673111,250,230,dummy-775
816903.880119503,250,230,dummy-775
816942.164251641,250,230,dummy-775
816676.834629901,250,230,dummy-549
816817.102337512,250,230,dummy-549
816687.895646557,250,230,dummy-770
816696.531529595,250,230,dummy-770
816711.2599206,250,230,dummy-770
816819.521460478,250,230,dummy-770
816831.562876392,250,230,dummy-770
816866.400887702,250,230,dummy-770
816678.286220739,250,230,dummy-688
816717.621356834,250,230,dummy-688
816900.894225984,250,230,dummy-688
816927.04100877,250,230,dummy-688
816666.516283762,250,230,dummy-520
816726.208129245,250,230,dummy-520
816867.252969567,250,230,dummy-520
816880.802699829,250,230,dummy-520
816905.716359135,250,230,dummy-678
816926.178606264,250,230,dummy-678
816654.667391627,250,230,dummy-585
816813.965684265,250,230,dummy-585
816874.641842142,250,230,dummy-585
816900.2368049,250,230,dummy-585
816651.331105923,250,230,dummy-461
816756.596457171,250,230,dummy-461
816725.840729319,250,230,dummy-31
816802.066201502,250,230,dummy-31
816906.33515176,250,230,dummy-31
816756.996353607,250,230,dummy-478
816855.815767928,250,230,dummy-478
816926.951701084,250,230,dummy-478
816733.551453228,250,230,dummy-768
816763.54972756,250,230,dummy-768
816790.676754388,250,230,dummy-768
816824.49075806,250,230,dummy-768
816727.105835312,250,230,dummy-57
816760.237962673,250,230,dummy-57
816763.106561978,250,230,dummy-57
816865.661949578,250,230,dummy-57
816939.198106573,250,230,dummy-57
816649.788103865,250,230,dummy-391
816815.226976062,250,230,dummy-391
816835.348424961,250,230,dummy-391
816674.25962313,250,230,dummy-791
816924.369951289,250,230,dummy-791
816932.458229857,250,230,dummy-791
816922.60289614,250,230,dummy-77
816924.137338044,250,230,dummy-77
816937.341635409,250,230,dummy-77
816675.567436157,250,230,dummy-720
816710.019282243,250,230,dummy-720
816781.08715405,250,230,dummy-720
816857.317007788,250,230,dummy-720
816869.337582592,250,230,dummy-720
816659.317478524,250,230,dummy-170
816828.389643345,250,230,dummy-170
816935.234455278,250,230,dummy-230
816723.508538076,250,230,dummy-70
816838.731892186,250,230,dummy-70
816846.539977639,250,230,dummy-70
816855.414621354,250,230,dummy-70
816648.955938681,250,230,dummy-722
816684.533625948,250,230,dummy-722
816689.713975771,250,230,dummy-722
816911.989395129,250,230,dummy-722
816921.828093211,250,230,dummy-722
816850.720147297,250,230,dummy-21
816880.295393495,250,230,dummy-21
816684.539004724,250,230,dummy-484
816710.611349484,250,230,dummy-484
816835.414490045,250,230,dummy-484
816849.983274668,250,230,dummy-484
816765.578386248,250,230,dummy-702
816824.035896523,250,230,dummy-702
816674.759891243,250,230,dummy-730
816779.080948525,250,230,dummy-730
816849.450067196,250,230,dummy-730
816675.232844628,250,230,dummy-687
816683.879479456,250,230,dummy-687
816750.71485918,250,230,dummy-687
816780.951052377,250,230,dummy-687
816863.833889078,250,230,dummy-687
816869.654785744,250,230,dummy-687
816933.639201165,250,230,dummy-687
816742.154388927,250,230,dummy-418
816750.697752813,250,230,dummy-418
816785.893619026,250,230,dummy-418
816878.739064954,250,230,dummy-418
816944.161781333,250,230,dummy-418
816733.089695634,250,230,dummy-818
816809.697427244,250,230,dummy-818
816887.923433302,250,230,dummy-818
816934.655506996,250,230,dummy-818
816655.244829372,250,230,dummy-650
816795.538349739,250,230,dummy-650
816863.335356582,250,230,dummy-650
816941.360868379,250,230,dummy-650
816690.172050726,250,230,dummy-483
816789.72007518,250,230,dummy-483
816658.896242178,250,230,dummy-822
816689.339005263,250,230,dummy-822
816736.742028945,250,230,dummy-195
816799.549704856,250,230,dummy-195
816825.095061576,250,230,dummy-195
816930.227652806,250,230,dummy-195
816945.654193062,250,230,dummy-80
816784.145027834,250,230,dummy-755
816813.087215232,250,230,dummy-755
816742.736917806,250,230,dummy-132
816680.337951705,250,230,dummy-375
816841.648492499,250,230,dummy-375
816878.505072597,250,230,dummy-375
816895.479001257,250,230,dummy-375
816903.994856442,250,230,dummy-375
816920.163315996,250,230,dummy-375
816671.15844142,250,230,dummy-279
816672.535782718,250,230,dummy-279
816686.836205229,250,230,dummy-279
816722.42699438,250,230,dummy-279
816770.518164932,250,230,dummy-279
816802.071250491,250,230,dummy-279
816860.247518106,250,230,dummy-279
816911.262114339,250,230,dummy-279
816669.116481515,250,230,dummy-494
816896.445064155,250,230,dummy-494
816721.288553647,250,230,dummy-238
816888.088775902,250,230,dummy-238
816728.135940224,250,230,dummy-163
816823.452505398,250,230,dummy-163
816888.901356986,250,230,dummy-163
816889.040684127,250,230,dummy-163
816927.67175163,250,230,dummy-163
816934.787916778,250,230,dummy-163
816658.164688173,250,230,dummy-685
816834.347237433,250,230,dummy-685
816845.412744894,250,230,dummy-685
816870.207865053,250,230,dummy-685
816908.820489219,250,230,dummy-685
816926.982075814,250,230,dummy-685
816650.288628335,250,230,dummy-469
816833.668875683,250,230,dummy-469
816797.728102384,250,230,dummy-576
816737.804507606,250,230,dummy-307
816824.481744293,250,230,dummy-307
816828.009671256,250,230,dummy-278
816674.384533517,250,230,dummy-812
816755.760641363,250,230,dummy-812
816657.979549374,250,230,dummy-693
816710.30352878,250,230,dummy-693
816828.552972697,250,230,dummy-693
816884.710145982,250,230,dummy-693
816695.539824585,250,230,dummy-544
816792.350739045,250,230,dummy-544
816664.369498784,250,230,dummy-256
816685.887411454,250,230,dummy-256
816729.127906726,250,230,dummy-256
816772.15089244,250,230,dummy-256
816790.343213163,250,230,dummy-256
816851.503100203,250,230,dummy-256
816854.522658573,250,230,dummy-256
816877.303327,250,230,dummy-256
816646.894521009,250,230,dummy-460
816843.974805634,250,230,dummy-460
816845.756403631,250,230,dummy-460
816647.154708085,250,230,dummy-166
816651.203879258,250,230,dummy-166
816686.576244324,250,230,dummy-166
816844.780582434,250,230,dummy-166
816845.186093244,250,230,dummy-166
816769.54581964,250,230,dummy-348
816785.765515557,250,230,dummy-348
816858.458740027,250,230,dummy-302
816671.837527741,250,230,dummy-647
816696.568022077,250,230,dummy-647
816761.547589371,250,230,dummy-647
816766.659661682,250,230,dummy-647
816820.284510659,250,230,dummy-647
816742.697743943,250,230,dummy-415
816934.531639278,250,230,dummy-415
816828.106095878,250,230,dummy-643
816848.035932291,250,230,dummy-643
816933.759916534,250,230,dummy-643
816808.015996497,250,230,dummy-259
816873.617245378,250,230,dummy-259
816684.346124899,250,230,dummy-652
816771.645696277,250,230,dummy-652
816808.102167013,250,230,dummy-652
816815.759441225,250,230,dummy-652
816931.22832001,250,230,dummy-652
816728.190381275,250,230,dummy-289
816737.475295294,250,230,dummy-289
816774.260881977,250,230,dummy-289
816774.845653798,250,230,dummy-289
816842.21475808,250,230,dummy-289
816925.988921459,250,230,dummy-289
816713.190227705,250,230,dummy-673
816814.3335781,250,230,dummy-673
816869.89722713,250,230,dummy-673
816893.220178314,250,230,dummy-673
816666.71298243,250,230,dummy-250
816745.545740737,250,230,dummy-250
816794.044080981,250,230,dummy-250
816850.319160471,250,230,dummy-250
816827.355290752,250,230,dummy-754
816688.290885476,250,230,dummy-54
816720.481386192,250,230,dummy-54
816736.516975672,250,230,dummy-54
816885.39079703,250,230,dummy-54
816659.30714046,250,230,dummy-505
816665.04293703,250,230,dummy-505
816902.400600019,250,230,dummy-505
816746.991951189,250,230,dummy-522
816750.62904918,250,230,dummy-522
816777.633616583,250,230,dummy-522
816779.18746512,250,230,dummy-522
816680.175376934,250,230,dummy-785
816764.055681977,250,230,dummy-785
816810.845492587,250,230,dummy-733
816819.172028426,250,230,dummy-733
816867.640040286,250,230,dummy-733
816891.623638534,250,230,dummy-733
816662.715705375,250,230,dummy-133
816666.314656017,250,230,dummy-133
816677.207748047,250,230,dummy-133
816721.618357725,250,230,dummy-133
816730.205915153,250,230,dummy-133
816838.869745276,250,230,dummy-133
816667.161126318,250,230,dummy-805
816751.634141703,250,230,dummy-805
816659.346516949,250,230,dummy-148
816765.533070741,250,230,dummy-148
816807.565353584,250,230,dummy-148
816945.301470378,250,230,dummy-148
816656.505284054,250,230,dummy-633
816688.576309896,250,230,dummy-633
816690.584334943,250,230,dummy-633
816730.948749662,250,230,dummy-633
816746.115913574,250,230,dummy-633
816804.654864176,250,230,dummy-633
816923.140740633,250,230,dummy-633
816853.706741709,250,230,dummy-750
816648.034884643,250,230,dummy-332
816690.208899931,250,230,dummy-332
816694.628163169,250,230,dummy-332
816757.33641186,250,230,dummy-332
816792.929030026,250,230,dummy-332
816870.513338157,250,230,dummy-332
816888.363254155,250,230,dummy-332
816752.81858977,250,230,dummy-22
816835.53453799,250,230,dummy-22
816896.273003474,250,230,dummy-22
816916.778062108,250,230,dummy-22
816648.151956181,250,230,dummy-236
816755.086064451,250,230,dummy-236
816876.539257714,250,230,dummy-236
816655.576012621,250,230,dummy-107
816774.239442616,250,230,dummy-107
816944.575101478,250,230,dummy-107
816659.468438565,250,230,dummy-97
816883.430507963,250,230,dummy-97
816717.828946442,250,230,dummy-546
816672.533306937,250,230,dummy-255
816707.957268974,250,230,dummy-255
816743.593069107,250,230,dummy-255
816774.61395981,250,230,dummy-255
816805.279761775,250,230,dummy-255
816688.505632897,250,230,dummy-797
816727.106452121,250,230,dummy-797
816743.839678757,250,230,dummy-797
816790.889477755,250,230,dummy-797
816844.513546225,250,230,dummy-797
816870.625416462,250,230,dummy-797
816705.544332515,250,230,dummy-634
816723.042138504,250,230,dummy-634
816744.574691823,250,230,dummy-634
816821.060107778,250,230,dummy-634
816943.597954084,250,230,dummy-634
816851.386791432,250,230,dummy-692
816885.001181166,250,230,dummy-692
816899.437646327,250,230,dummy-692
816787.777290803,250,230,dummy-75
816717.603861578,250,230,dummy-712
816683.968854612,250,230,dummy-548
816692.820024288,250,230,dummy-548
816720.886846524,250,230,dummy-548
816897.551113091,250,230,dummy-548
816905.648820239,250,230,dummy-548
816905.871369658,250,230,dummy-548
816907.907422757,250,230,dummy-548
816871.874894024,250,230,dummy-689
816720.977243982,250,230,dummy-33
816807.957651077,250,230,dummy-33
816909.532134089,250,230,dummy-33
816667.715634124,250,230,dummy-482
816668.804145998,250,230,dummy-482
816672.999309689,250,230,dummy-482
816675.862955182,250,230,dummy-482
816696.832348588,250,230,dummy-482
816657.758295242,250,230,dummy-579
816677.396816872,250,230,dummy-579
816686.14506355,250,230,dummy-579
816884.626031149,250,230,dummy-579
816651.486782235,250,230,dummy-82
816720.451953989,250,230,dummy-82
816724.853563842,250,230,dummy-82
816877.265516045,250,230,dummy-82
816690.631540187,250,230,dummy-221
816862.331738017,250,230,dummy-221
816893.611786928,250,230,dummy-221
816901.63198403,250,230,dummy-221
816738.128999367,250,230,dummy-556
816926.425161729,250,230,dummy-556
816774.936968044,250,230,dummy-608
816899.422995296,250,230,dummy-608
816695.144829644,250,230,dummy-300
816764.590595323,250,230,dummy-300
816774.360696597,250,230,dummy-300
816804.214781364,250,230,dummy-300
816766.991171172,250,230,dummy-809
816794.991645421,250,230,dummy-809
816675.538296755,250,230,dummy-427
816701.447635603,250,230,dummy-427
816755.852547662,250,230,dummy-427
816784.956971452,250,230,dummy-427
816810.88223617,250,230,dummy-427
816876.293129502,250,230,dummy-427
816733.416273786,250,230,dummy-734
816746.836018387,250,230,dummy-734
816806.025850478,250,230,dummy-734
816855.731311764,250,230,dummy-734
816651.077306981,250,230,dummy-345
816698.451949968,250,230,dummy-345
816760.083846872,250,230,dummy-345
816863.725909796,250,230,dummy-345
816893.175758491,250,230,dummy-345
816772.791501083,250,230,dummy-125
816864.947695174,250,230,dummy-125
816890.701145363,250,230,dummy-112
816946.351833346,250,230,dummy-112
816878.99375175,250,230,dummy-444
816784.650042337,250,230,dummy-802
816723.428282081,250,230,dummy-503
816812.532458437,250,230,dummy-503
816829.546037588,250,230,dummy-503
816665.930441406,250,230,dummy-629
816767.594213561,250,230,dummy-629
816795.284471925,250,230,dummy-629
816812.168879104,250,230,dummy-629
816941.229654726,250,230,dummy-629
816928.37431311,250,230,dummy-512
816724.624822807,250,230,dummy-201
816732.421535854,250,230,dummy-201
816909.561729015,250,230,dummy-201
816927.384217922,250,230,dummy-201
816937.1837083,250,230,dummy-201
816699.704530179,250,230,dummy-727
816716.882954496,250,230,dummy-727
816748.797111704,250,230,dummy-727
816741.588527305,250,230,dummy-570
816877.933628726,250,230,dummy-570
816723.607631814,250,230,dummy-353
816886.937705791,250,230,dummy-353
816654.690769117,250,230,dummy-297
816721.562461147,250,230,dummy-297
816771.168991423,250,230,dummy-297
816803.476758843,250,230,dummy-297
816849.270596132,250,230,dummy-297
816668.477781873,250,230,dummy-464
816768.939565818,250,230,dummy-464
816772.528629147,250,230,dummy-464
816908.315364787,250,230,dummy-464
816929.022588082,250,230,dummy-30
816688.107971189,250,230,dummy-475
816700.150972592,250,230,dummy-475
816728.542932712,250,230,dummy-475
816880.148452677,250,230,dummy-475
816881.616350179,250,230,dummy-475
816690.664935915,250,230,dummy-168
816766.979099849,250,230,dummy-168
816864.551434336,250,230,dummy-168
816792.723676536,250,230,dummy-433
816848.742939087,250,230,dummy-433
816877.479968228,250,230,dummy-433
816727.382085043,250,230,dummy-102
816844.080258235,250,230,dummy-102
816687.257280509,250,230,dummy-517
816797.530985533,250,230,dummy-517
816850.015271959,250,230,dummy-517
816859.145522878,250,230,dummy-517
816862.247329267,250,230,dummy-517
816925.443831066,250,230,dummy-517
816674.661846662,250,230,dummy-43
816910.909770082,250,230,dummy-43
816657.560488011,250,230,dummy-34
816792.639769536,250,230,dummy-34
816659.841808749,250,230,dummy-88
816683.172195076,250,230,dummy-328
816665.414171344,250,230,dummy-500
816676.496843319,250,230,dummy-500
816706.945342902,250,230,dummy-500
816794.955739815,250,230,dummy-500
816821.960071906,250,230,dummy-500
816829.706884414,250,230,dummy-500
816899.124563871,250,230,dummy-500
816854.377681646,250,230,dummy-763
816899.135005935,250,230,dummy-763
816669.041457146,250,230,dummy-571
816682.234637802,250,230,dummy-571
816817.324722626,250,230,dummy-571
816657.850382118,250,230,dummy-600
816673.707169605,250,230,dummy-600
816731.294295294,250,230,dummy-86
816739.20255415,250,230,dummy-86
816649.230354521,250,230,dummy-739
816682.427944693,250,230,dummy-739
816811.615379675,250,230,dummy-739
816920.002895847,250,230,dummy-739
816936.975011915,250,230,dummy-739
816653.312658855,250,230,dummy-269
816853.930712697,250,230,dummy-269
816728.232588695,250,230,dummy-306
816771.843257472,250,230,dummy-306
816870.345063186,250,230,dummy-306
816914.548770356,250,230,dummy-306
816921.796663044,250,230,dummy-402
816705.367402502,250,230,dummy-155
816822.610868956,250,230,dummy-155
816747.313033169,250,230,dummy-524
816820.654263629,250,230,dummy-524
816879.223626324,250,230,dummy-524
816928.879655673,250,230,dummy-524
816715.149963031,250,230,dummy-219
816757.968274747,250,230,dummy-219
816883.310648182,250,230,dummy-219
816919.986358649,250,230,dummy-219
816923.913708154,250,230,dummy-219
816924.572765744,250,230,dummy-219
816652.926512829,250,230,dummy-167
816687.167104057,250,230,dummy-167
816742.957261197,250,230,dummy-167
816863.780661698,250,230,dummy-167
816908.676302132,250,230,dummy-167
816705.409726459,250,230,dummy-359
816796.040236874,250,230,dummy-359
816654.757394171,250,230,dummy-60
816768.053852837,250,230,dummy-60
816812.561437904,250,230,dummy-60
816899.381469606,250,230,dummy-60
816722.786343465,250,230,dummy-582
816853.540533361,250,230,dummy-582
816899.638026239,250,230,dummy-582
816775.1937379,250,230,dummy-786
816818.036758436,250,230,dummy-786
816819.219222532,250,230,dummy-786
816772.028980415,250,230,dummy-91
816791.628004932,250,230,dummy-91
816922.697457713,250,230,dummy-91
816721.110475975,250,230,dummy-756
816750.511023457,250,230,dummy-756
816806.096132686,250,230,dummy-756
816671.88043952,250,230,dummy-409
816812.770287653,250,230,dummy-409
816893.143866187,250,230,dummy-409
816929.771913503,250,230,dummy-409
816671.191247426,250,230,dummy-431
816944.226159818,250,230,dummy-431
816660.591689671,250,230,dummy-502
816726.121547736,250,230,dummy-502
816771.268382226,250,230,dummy-502
816707.980457546,250,230,dummy-632
816686.303844028,250,230,dummy-598
816799.873896245,250,230,dummy-598
816851.969632406,250,230,dummy-598
816932.136681587,250,230,dummy-598
816780.676669972,250,230,dummy-206
816819.675274084,250,230,dummy-206
816826.36425679,250,230,dummy-206
816703.592276496,250,230,dummy-527
816829.402683712,250,230,dummy-527
816876.921694217,250,230,dummy-527
816653.656902915,250,230,dummy-410
816686.232180083,250,230,dummy-410
816710.253962966,250,230,dummy-410
816783.814058447,250,230,dummy-410
816708.048711298,250,230,dummy-154
816725.265975727,250,230,dummy-154
816843.216781187,250,230,dummy-154
816654.601004075,250,230,dummy-46
816662.715681779,250,230,dummy-46
816761.407615872,250,230,dummy-46
816914.650144621,250,230,dummy-46
816926.234323512,250,230,dummy-46
816943.674203175,250,230,dummy-46
816858.72401994,250,230,dummy-428
816868.683921551,250,230,dummy-428
816907.233230257,250,230,dummy-567
816682.865501788,250,230,dummy-215
816697.755464825,250,230,dummy-215
816715.734696979,250,230,dummy-215
816809.082197869,250,230,dummy-215
816815.649514909,250,230,dummy-215
816889.762598794,250,230,dummy-215
816916.638854183,250,230,dummy-215
816938.622373753,250,230,dummy-215
816673.739507967,250,230,dummy-672
816672.992131436,250,230,dummy-816
816732.055580646,250,230,dummy-816
816753.797770159,250,230,dummy-816
816814.55697508,250,230,dummy-816
816743.880070678,250,230,dummy-452
816703.558103152,250,230,dummy-413
816779.977490187,250,230,dummy-413
816789.644677127,250,230,dummy-413
816860.024421749,250,230,dummy-413
816896.360871887,250,230,dummy-413
816896.556340224,250,230,dummy-92
816718.016905774,250,230,dummy-158
816729.303574537,250,230,dummy-158
816682.159848703,250,230,dummy-87
816715.923822221,250,230,dummy-87
816773.727560407,250,230,dummy-87
816924.301564241,250,230,dummy-87
816648.892093952,250,230,dummy-123
816660.987709679,250,230,dummy-123
816680.235355122,250,230,dummy-123
816890.696752208,250,230,dummy-123
816898.941549603,250,230,dummy-123
816742.725673105,250,230,dummy-729
816838.440526684,250,230,dummy-729
816686.415045243,250,230,dummy-245
816754.607887577,250,230,dummy-245
816782.882849759,250,230,dummy-245
816648.015004363,250,230,dummy-274
816753.743286329,250,230,dummy-274
816754.489843322,250,230,dummy-274
816656.338564689,250,230,dummy-151
816707.977109388,250,230,dummy-151
816892.479360119,250,230,dummy-151
816659.234470955,250,230,dummy-788
816763.93064232,250,230,dummy-788
816653.488097941,250,230,dummy-252
816663.726902932,250,230,dummy-252
816712.536378162,250,230,dummy-252
816766.556403678,250,230,dummy-252
816838.981750995,250,230,dummy-252
816911.060772721,250,230,dummy-252
816824.511750814,250,230,dummy-179
816901.340236444,250,230,dummy-179
816707.014791691,250,230,dummy-185
816706.400345281,250,230,dummy-473
816757.824967054,250,230,dummy-473
816800.640087924,250,230,dummy-473
816836.482915996,250,230,dummy-473
816887.006254353,250,230,dummy-473
816904.825485214,250,230,dummy-473
816931.977169949,250,230,dummy-473
816833.758582457,250,230,dummy-299
816889.125217426,250,230,dummy-299
816928.613286802,250,230,dummy-299
816649.458133767,250,230,dummy-615
816913.633193128,250,230,dummy-615
816715.115694984,250,230,dummy-535
816865.462828484,250,230,dummy-535
816871.25100572,250,230,dummy-535
816877.64554681,250,230,dummy-535
816920.257960735,250,230,dummy-535
816717.381882699,250,230,dummy-597
816834.581317646,250,230,dummy-597
816857.063589342,250,230,dummy-597
816943.43876264,250,230,dummy-597
816804.124135332,250,230,dummy-709
816879.281957483,250,230,dummy-709
816924.71178697,250,230,dummy-709
816661.583366994,250,230,dummy-62
816692.770856538,250,230,dummy-62
816785.537057978,250,230,dummy-62
816785.978292068,250,230,dummy-62
816667.787560411,250,230,dummy-782
816720.681735374,250,230,dummy-782
816800.107844491,250,230,dummy-782
816821.248144865,250,230,dummy-782
816921.651440375,250,230,dummy-782
816678.320314282,250,230,dummy-270
816731.606138651,250,230,dummy-270
816871.382298385,250,230,dummy-270
816702.145399989,250,230,dummy-627
816798.992991602,250,230,dummy-627
816819.604796108,250,230,dummy-627
816672.508450403,250,230,dummy-574
816690.640826813,250,230,dummy-574
816809.883928554,250,230,dummy-574
816716.776532325,250,230,dummy-630
816747.352461743,250,230,dummy-630
816767.745837025,250,230,dummy-630
816837.746124472,250,230,dummy-630
816864.810522289,250,230,dummy-630
816877.625415021,250,230,dummy-630
816899.959494461,250,230,dummy-630
816697.410683505,250,230,dummy-189
816733.809311907,250,230,dummy-189
816906.366769249,250,230,dummy-189
816930.73913538,250,230,dummy-189
816706.071401033,250,230,dummy-223
816737.099497724,250,230,dummy-223
816853.524543359,250,230,dummy-223
816711.721664235,250,230,dummy-89
816917.003586555,250,230,dummy-89
816850.963722661,250,230,dummy-139
816876.649105245,250,230,dummy-139
816883.379184079,250,230,dummy-139
816886.274330237,250,230,dummy-139
816682.842316084,250,230,dummy-315
816738.687674353,250,230,dummy-315
816764.75236433,250,230,dummy-315
816802.423557038,250,230,dummy-315
816814.664403218,250,230,dummy-315
816851.280702535,250,230,dummy-315
816883.419829994,250,230,dummy-315
816927.034214382,250,230,dummy-315
816700.458231894,250,230,dummy-71
816931.341080954,250,230,dummy-71
816679.969317256,250,230,dummy-519
816716.612518576,250,230,dummy-519
816819.136993844,250,230,dummy-519
816843.357973205,250,230,dummy-519
816852.152244967,250,230,dummy-519
816682.220568997,250,230,dummy-150
816745.897014626,250,230,dummy-150
816906.221109422,250,230,dummy-150
816934.891464229,250,230,dummy-150
816689.392995815,250,230,dummy-131
816850.855637421,250,230,dummy-131
816856.626322831,250,230,dummy-131
816848.061262051,250,230,dummy-557
816865.70043307,250,230,dummy-557
816883.307275632,250,230,dummy-557
816942.344923906,250,230,dummy-557
816717.519146984,250,230,dummy-39
816872.870984125,250,230,dummy-39
816682.795798489,250,230,dummy-742
816761.725253898,250,230,dummy-742
816799.926165464,250,230,dummy-742
816728.074782156,250,230,dummy-669
816742.326860991,250,230,dummy-669
816771.056050078,250,230,dummy-669
816813.200255253,250,230,dummy-669
816837.316424843,250,230,dummy-669
816649.400198319,250,230,dummy-377
816722.746638678,250,230,dummy-377
816851.084247196,250,230,dummy-377
816742.373999845,250,230,dummy-207
816891.174632376,250,230,dummy-207
816665.262522569,250,230,dummy-507
816719.196809369,250,230,dummy-507
816736.938208381,250,230,dummy-507
816754.058856828,250,230,dummy-44
816854.284321413,250,230,dummy-44
816891.101940905,250,230,dummy-44
816664.867153553,250,230,dummy-773
816746.517404435,250,230,dummy-773
816909.797515577,250,230,dummy-773
816675.059391466,250,230,dummy-18
816684.217906118,250,230,dummy-18
816684.591875234,250,230,dummy-18
816699.433255204,250,230,dummy-18
816718.278926138,250,230,dummy-18
816735.816915794,250,230,dummy-18
816751.518359275,250,230,dummy-18
816652.401799697,250,230,dummy-828
816731.454545481,250,230,dummy-828
816785.885874752,250,230,dummy-828
816825.112020727,250,230,dummy-828
816725.822191868,250,230,dummy-463
816862.156972595,250,230,dummy-463
816669.581441447,250,230,dummy-42
816788.736935967,250,230,dummy-42
816926.249166297,250,230,dummy-42
816938.757820997,250,230,dummy-42
816694.955057492,250,230,dummy-533
816781.253296124,250,230,dummy-533
816841.329580478,250,230,dummy-533
816903.608626673,250,230,dummy-533
816778.255770632,250,230,dummy-316
816787.992254135,250,230,dummy-316
816812.414380301,250,230,dummy-316
816901.166607301,250,230,dummy-316
816693.198379092,250,230,dummy-29
816728.389555157,250,230,dummy-29
816913.138870997,250,230,dummy-29
816920.403978489,250,230,dummy-29
816921.800173296,250,230,dummy-29
816690.601526647,250,230,dummy-497
816828.637203443,250,230,dummy-497
816893.891499964,250,230,dummy-497
816924.314794137,250,230,dummy-497
816741.907273577,250,230,dummy-6
816828.178074533,250,230,dummy-779
816846.875733891,250,230,dummy-779
816901.907417789,250,230,dummy-779
816904.097089564,250,230,dummy-779
816934.470536491,250,230,dummy-779
816673.92702534,250,230,dummy-152
816743.937788349,250,230,dummy-152
816759.937947539,250,230,dummy-152
816785.285088739,250,230,dummy-152
816873.68523886,250,230,dummy-152
816895.625491107,250,230,dummy-152
816939.294068532,250,230,dummy-152
816806.042301751,250,230,dummy-178
816939.023996294,250,230,dummy-178
816942.303011208,250,230,dummy-178
816678.16552464,250,230,dummy-697
816883.75705749,250,230,dummy-697
816898.494468651,250,230,dummy-697
816933.469276874,250,230,dummy-697
816681.21813114,250,230,dummy-51
816769.481451245,250,230,dummy-51
816791.142026705,250,230,dummy-51
816835.081748771,250,230,dummy-51
816883.362664688,250,230,dummy-51
816888.931377792,250,230,dummy-51
816897.353781829,250,230,dummy-51
816669.473754224,250,230,dummy-282
816710.063180378,250,230,dummy-282
816727.714019319,250,230,dummy-282
816762.226812037,250,230,dummy-23
816893.059989699,250,230,dummy-23
816740.420340888,250,230,dummy-707
816838.011347708,250,230,dummy-707
816853.839415059,250,230,dummy-707
816857.225423016,250,230,dummy-707
816924.339449325,250,230,dummy-707
816676.250346823,250,230,dummy-711
816701.286797868,250,230,dummy-711
816743.332070146,250,230,dummy-711
816795.127839268,250,230,dummy-711
816816.511908732,250,230,dummy-711
816849.565021557,250,230,dummy-711
816876.003409561,250,230,dummy-711
816890.224388009,250,230,dummy-711
816679.538310942,250,230,dummy-488
816697.290388276,250,230,dummy-488
816813.200299216,250,230,dummy-488
816843.132546906,250,230,dummy-488
816936.882782996,250,230,dummy-488
816670.466107738,250,230,dummy-354
816705.451031366,250,230,dummy-354
816736.285599066,250,230,dummy-354
816781.514653656,250,230,dummy-354
816825.218742216,250,230,dummy-354
816830.01421978,250,230,dummy-354
816919.550814652,250,230,dummy-354
816707.76565023,250,230,dummy-495
816742.700464493,250,230,dummy-495
816759.298575055,250,230,dummy-495
816802.468650969,250,230,dummy-495
816838.39853428,250,230,dummy-495
816883.980912444,250,230,dummy-495
816921.561251257,250,230,dummy-495
816816.879004581,250,230,dummy-778
816826.665858914,250,230,dummy-778
816888.970333501,250,230,dummy-778
816925.13316917,250,230,dummy-778
816704.791162106,250,230,dummy-199
816764.613917539,250,230,dummy-199
816804.63554493,250,230,dummy-199
816875.475628716,250,230,dummy-199
816888.456677633,250,230,dummy-199
816941.559669758,250,230,dummy-199
816651.808234451,250,230,dummy-129
816664.014821054,250,230,dummy-129
816706.445881041,250,230,dummy-129
816718.553078887,250,230,dummy-129
816731.233863971,250,230,dummy-129
816733.223247033,250,230,dummy-129
816830.455765861,250,230,dummy-129
816858.009643156,250,230,dummy-129
816869.704241746,250,230,dummy-129
816918.163733553,250,230,dummy-129
816930.698005914,250,230,dummy-129
816884.378378149,250,230,dummy-371
816908.567245994,250,230,dummy-371
816929.675759626,250,230,dummy-371
816933.174417993,250,230,dummy-371
816695.793777157,250,230,dummy-196
816751.630283665,250,230,dummy-196
816899.711264456,250,230,dummy-196
816907.338082905,250,230,dummy-196
816813.844100346,250,230,dummy-55
816723.480048737,250,230,dummy-204
816745.466508073,250,230,dummy-204
816752.229286415,250,230,dummy-204
816891.207282886,250,230,dummy-204
816905.189689883,250,230,dummy-204
816933.808581299,250,230,dummy-204
816668.245411613,250,230,dummy-304
816689.44497332,250,230,dummy-304
816735.169751015,250,230,dummy-304
816742.207675341,250,230,dummy-304
816772.324205442,250,230,dummy-304
816787.821848172,250,230,dummy-304
816814.493958861,250,230,dummy-304
816737.521661467,250,230,dummy-15
816757.326526714,250,230,dummy-15
816795.002626456,250,230,dummy-15
816820.730979426,250,230,dummy-15
816695.245482738,250,230,dummy-12
816708.004282348,250,230,dummy-12
816710.476557356,250,230,dummy-12
816809.522895899,250,230,dummy-12
816811.662972323,250,230,dummy-12
816849.911782059,250,230,dummy-12
816877.336753932,250,230,dummy-12
816944.130377648,250,230,dummy-12
816651.20218149,250,230,dummy-50
816696.605773271,250,230,dummy-50
816727.227630671,250,230,dummy-50
816857.183810909,250,230,dummy-50
816875.525375703,250,230,dummy-50
816889.85608782,250,230,dummy-50
816680.411229333,250,230,dummy-324
816815.902951416,250,230,dummy-324
816650.989366732,250,230,dummy-638
816681.437607562,250,230,dummy-638
816683.010307867,250,230,dummy-638
816801.727043147,250,230,dummy-638
816683.302685156,250,230,dummy-412
816864.226689692,250,230,dummy-639
816892.764710125,250,230,dummy-639
816649.211479376,250,230,dummy-723
816675.808171333,250,230,dummy-723
816677.799399053,250,230,dummy-723
816806.032545282,250,230,dummy-723
816806.475424786,250,230,dummy-723
816925.401555552,250,230,dummy-723
816713.67285281,250,230,dummy-105
816768.875667577,250,230,dummy-105
816804.003612431,250,230,dummy-105
816806.573058523,250,230,dummy-105
816842.134842371,250,230,dummy-105
816899.96227125,250,230,dummy-105
816923.700134736,250,230,dummy-105
816680.916598337,250,230,dummy-389
816746.677528966,250,230,dummy-389
816781.02833561,250,230,dummy-389
816849.601304352,250,230,dummy-389
816943.466472572,250,230,dummy-389
816794.530223494,250,230,dummy-202
816804.104625105,250,230,dummy-202
816871.328914573,250,230,dummy-202
816876.751521953,250,230,dummy-715
816674.160733355,250,230,dummy-479
816674.32655514,250,230,dummy-479
816706.418095735,250,230,dummy-479
816764.269449598,250,230,dummy-479
816877.71706355,250,230,dummy-479
816692.94474825,250,230,dummy-424
816721.85659016,250,230,dummy-424
816738.252922681,250,230,dummy-424
816848.749344396,250,230,dummy-424
816863.174793769,250,230,dummy-424
816868.009218976,250,230,dummy-424
816667.661236665,250,230,dummy-334
816946.096423705,250,230,dummy-334
816695.302647733,250,230,dummy-5
816702.304732162,250,230,dummy-5
816713.602535085,250,230,dummy-5
816743.396399128,250,230,dummy-5
816752.906768161,250,230,dummy-5
816829.21939771,250,230,dummy-5
816886.007392135,250,230,dummy-5
816899.548136201,250,230,dummy-5
816907.64976992,250,230,dummy-5
816931.603923407,250,230,dummy-5
816817.297174623,250,230,dummy-721
816660.673091311,250,230,dummy-718
816865.064375521,250,230,dummy-718
816919.401089284,250,230,dummy-718
816692.1107736,250,230,dummy-752
816789.284017313,250,230,dummy-752
816847.730142229,250,230,dummy-752
816882.978651499,250,230,dummy-752
816926.093544325,250,230,dummy-752
816656.587531317,250,230,dummy-310
816754.444821284,250,230,dummy-310
816868.87983081,250,230,dummy-310
816878.072502931,250,230,dummy-781
816892.137930602,250,230,dummy-781
816892.95687124,250,230,dummy-781
816729.868816318,250,230,dummy-264
816861.910774361,250,230,dummy-264
816868.799102937,250,230,dummy-264
816899.319530021,250,230,dummy-264
816906.591632699,250,230,dummy-264
816872.170118527,250,230,dummy-266
816667.198994103,250,230,dummy-645
816820.7206739,250,230,dummy-645
816828.866840781,250,230,dummy-645
816846.641582099,250,230,dummy-645
816886.539771269,250,230,dummy-645
816887.040909528,250,230,dummy-645
816704.329814769,250,230,dummy-416
816902.886005152,250,230,dummy-416
816913.629834253,250,230,dummy-416
816915.616987906,250,230,dummy-416
816801.711277538,250,230,dummy-90
816838.92118179,250,230,dummy-90
816886.656995681,250,230,dummy-90
816923.33460864,250,230,dummy-90
816932.188048875,250,230,dummy-90
816936.973396644,250,230,dummy-90
816770.819913682,250,230,dummy-539
816816.488737827,250,230,dummy-539
816691.912094338,250,230,dummy-198
816715.791595198,250,230,dummy-198
816719.264129218,250,230,dummy-198
816803.459652212,250,230,dummy-198
816820.160637036,250,230,dummy-198
816690.656454874,250,230,dummy-113
816703.802982531,250,230,dummy-140
816848.262728306,250,230,dummy-140
816858.661095215,250,230,dummy-140
816660.390856439,250,230,dummy-677
816687.81960191,250,230,dummy-677
816689.547021513,250,230,dummy-677
816780.081751808,250,230,dummy-677
816788.696538898,250,230,dummy-677
816836.135739056,250,230,dummy-677
816705.77883596,250,230,dummy-111
816853.886995309,250,230,dummy-111
816894.865845366,250,230,dummy-111
816664.029957532,250,230,dummy-459
816717.814228795,250,230,dummy-459
816720.604273368,250,230,dummy-459
816737.793010975,250,230,dummy-459
816884.408673608,250,230,dummy-459
816905.302580307,250,230,dummy-459
816681.224572677,250,230,dummy-545
816708.25549798,250,230,dummy-545
816755.617610616,250,230,dummy-545
816769.764014334,250,230,dummy-545
816831.17418938,250,230,dummy-545
816885.095779737,250,230,dummy-246
816660.52004045,250,230,dummy-153
816763.49245237,250,230,dummy-153
816856.361548787,250,230,dummy-153
816657.781627921,250,230,dummy-676
816668.25231894,250,230,dummy-661
816698.011508761,250,230,dummy-661
816892.582531625,250,230,dummy-661
816938.17916815,250,230,dummy-661
816731.963441537,250,230,dummy-777
816738.673447743,250,230,dummy-777
816883.572328589,250,230,dummy-777
816909.583614035,250,230,dummy-777
816946.305084858,250,230,dummy-777
816687.02300077,250,230,dummy-760
816689.935342017,250,230,dummy-760
816862.518007837,250,230,dummy-760
816941.976744111,250,230,dummy-760
816820.460478254,250,230,dummy-285
816861.395110151,250,230,dummy-285
816882.751549005,250,230,dummy-285
816740.155526014,250,230,dummy-398
816796.010154276,250,230,dummy-398
816832.482221404,250,230,dummy-398
816865.431268036,250,230,dummy-398
816695.287907319,250,230,dummy-318
816808.22992105,250,230,dummy-318
816881.628012451,250,230,dummy-318
816742.041222442,250,230,dummy-177
816806.935700555,250,230,dummy-177
816835.044990393,250,230,dummy-177
816887.677923701,250,230,dummy-177
816685.127255577,250,230,dummy-368
816742.536485881,250,230,dummy-368
816815.757003118,250,230,dummy-368
816666.693883754,250,230,dummy-295
816697.164324755,250,230,dummy-295
816871.795384286,250,230,dummy-295
816688.18362601,250,230,dummy-396
816720.294124489,250,230,dummy-396
816760.24921309,250,230,dummy-396
816776.190245372,250,230,dummy-396
816811.396199674,250,230,dummy-396
816937.752178139,250,230,dummy-396
816688.357505365,250,230,dummy-19
816837.584551013,250,230,dummy-19
816837.291405514,250,230,dummy-403
816866.545522986,250,230,dummy-403
816890.694138689,250,230,dummy-403
816917.009220136,250,230,dummy-403
816702.410491187,250,230,dummy-157
816799.911220511,250,230,dummy-157
816868.385634497,250,230,dummy-157
816911.171028332,250,230,dummy-157
816924.601887014,250,230,dummy-157
816692.315435007,250,230,dummy-147
816930.830596171,250,230,dummy-147
816652.353142009,250,230,dummy-651
816813.619119724,250,230,dummy-651
816902.235848556,250,230,dummy-651
816941.078626555,250,230,dummy-651
816811.385603961,250,230,dummy-47
816868.650924823,250,230,dummy-47
816705.232875957,250,230,dummy-344
816891.163556649,250,230,dummy-344
816735.711153084,250,230,dummy-141
816786.408953476,250,230,dummy-141
816867.299705461,250,230,dummy-141
816923.498643861,250,230,dummy-141
816928.186105005,250,230,dummy-141
816902.380570542,250,230,dummy-552
816721.097352525,250,230,dummy-531
816841.518086949,250,230,dummy-531
816876.91300431,250,230,dummy-531
816709.307224282,250,230,dummy-429
816921.613986874,250,230,dummy-429
816714.455771833,250,230,dummy-586
816748.754934826,250,230,dummy-586
816884.49730205,250,230,dummy-586
816925.053686753,250,230,dummy-586
816902.33572602,250,230,dummy-811
816929.569742852,250,230,dummy-811
816741.902777725,250,230,dummy-386
816850.889719225,250,230,dummy-386
816649.716175839,250,230,dummy-701
816662.511461399,250,230,dummy-701
816734.404799596,250,230,dummy-701
816908.927858904,250,230,dummy-701
816925.401504345,250,230,dummy-701
816765.17559475,250,230,dummy-308
816912.199961046,250,230,dummy-308
816718.285544034,250,230,dummy-521
816828.744372266,250,230,dummy-521
816904.936226154,250,230,dummy-521
816921.509165569,250,230,dummy-521
816771.693740239,250,230,dummy-164
816780.303121447,250,230,dummy-164
816893.457437972,250,230,dummy-164
816929.966556815,250,230,dummy-164
816653.285809741,250,230,dummy-404
816820.301569604,250,230,dummy-404
816851.49797086,250,230,dummy-404
816655.476654247,250,230,dummy-807
816658.622852234,250,230,dummy-807
816707.765682761,250,230,dummy-807
816745.787485775,250,230,dummy-807
816794.223247432,250,230,dummy-807
816816.595148002,250,230,dummy-807
816893.044214251,250,230,dummy-807
816650.358141915,250,230,dummy-357
816666.775386764,250,230,dummy-357
816770.799615866,250,230,dummy-357
816773.176710533,250,230,dummy-357
816841.152695401,250,230,dummy-357
816709.493572846,250,230,dummy-671
816837.484102123,250,230,dummy-671
816855.975874377,250,230,dummy-671
816886.597647218,250,230,dummy-671
816929.759148552,250,230,dummy-671
816652.413001426,250,230,dummy-625
816693.470756716,250,230,dummy-625
816762.413268648,250,230,dummy-625
816836.107989298,250,230,dummy-625
816852.452007776,250,230,dummy-625
816921.109492732,250,230,dummy-625
816669.884119842,250,230,dummy-583
816746.80073637,250,230,dummy-583
816789.438339561,250,230,dummy-583
816817.326029572,250,230,dummy-583
816852.562762063,250,230,dummy-583
816879.31493467,250,230,dummy-583
816901.66250137,250,230,dummy-583
816903.535338578,250,230,dummy-583
816937.575668922,250,230,dummy-583
816740.869346709,250,230,dummy-529
816879.97338695,250,230,dummy-529
816658.415238469,250,230,dummy-257
816736.434101371,250,230,dummy-257
816767.375969406,250,230,dummy-257
816788.34726846,250,230,dummy-257
816814.592567223,250,230,dummy-257
816864.132351522,250,230,dummy-257
816939.828387272,250,230,dummy-257
816875.115760499,250,230,dummy-122
816924.156983024,250,230,dummy-122
816943.337085187,250,230,dummy-122
816727.718784721,250,230,dummy-480
816740.164018212,250,230,dummy-480
816742.466874817,250,230,dummy-480
816772.790133675,250,230,dummy-480
816822.664583673,250,230,dummy-480
816879.414239714,250,230,dummy-480
816891.113750867,250,230,dummy-480
816922.056894058,250,230,dummy-480
816929.963698174,250,230,dummy-480
816765.307765896,250,230,dummy-305
816805.118122052,250,230,dummy-305
816822.261682874,250,230,dummy-305
816914.80799719,250,230,dummy-305
816687.36316543,250,230,dummy-472
816816.439307779,250,230,dummy-472
816874.880535943,250,230,dummy-472
816942.890231428,250,230,dummy-472
816698.47449041,250,230,dummy-277
816716.34554982,250,230,dummy-277
816751.797286169,250,230,dummy-277
816755.271123912,250,230,dummy-277
816769.82465834,250,230,dummy-277
816907.214370357,250,230,dummy-277
816684.642223091,250,230,dummy-209
816656.372721256,250,230,dummy-390
816669.462559539,250,230,dummy-390
816728.293428402,250,230,dummy-390
816832.591195476,250,230,dummy-390
816907.748781364,250,230,dummy-390
816925.417231962,250,230,dummy-390
816890.775211775,250,230,dummy-343
816657.094153711,250,230,dummy-59
816689.850190456,250,230,dummy-59
816698.084847448,250,230,dummy-59
816700.126585124,250,230,dummy-59
816730.575219514,250,230,dummy-59
816757.562087116,250,230,dummy-59
816834.261269186,250,230,dummy-59
816675.236855137,250,230,dummy-254
816715.708049854,250,230,dummy-254
816797.566833482,250,230,dummy-254
816820.7441199,250,230,dummy-254
816825.85170546,250,230,dummy-254
816941.580936594,250,230,dummy-254
816720.653041748,250,230,dummy-780
816777.157309159,250,230,dummy-780
816693.826155286,250,230,dummy-658
816810.224188165,250,230,dummy-658
816824.266693504,250,230,dummy-658
816825.423314873,250,230,dummy-658
816872.888375064,250,230,dummy-658
816712.142981885,250,230,dummy-716
816718.278947272,250,230,dummy-716
816726.598812925,250,230,dummy-716
816879.816478732,250,230,dummy-716
816662.946712115,250,230,dummy-681
816665.438356839,250,230,dummy-681
816716.450003701,250,230,dummy-681
816762.144863084,250,230,dummy-681
816882.952894293,250,230,dummy-681
816928.244606249,250,230,dummy-681
816691.315065545,250,230,dummy-611
816886.925457864,250,230,dummy-611
816914.685184459,250,230,dummy-611
816735.690687363,250,230,dummy-455
816795.879362295,250,230,dummy-455
816901.465198881,250,230,dummy-455
816944.877190435,250,230,dummy-455
816731.217611782,250,230,dummy-666
816762.271738637,250,230,dummy-666
816823.874949886,250,230,dummy-666
816831.658199165,250,230,dummy-666
816877.245370355,250,230,dummy-666
816907.919664131,250,230,dummy-666
816729.570915596,250,230,dummy-563
816878.758066989,250,230,dummy-563
816665.361369119,250,230,dummy-63
816734.585754513,250,230,dummy-115
816822.305870268,250,230,dummy-115
816923.015544204,250,230,dummy-115
816927.338041927,250,230,dummy-115
816929.702129186,250,230,dummy-115
816753.449135189,250,230,dummy-172
816753.947348217,250,230,dummy-172
816836.642400752,250,230,dummy-172
816869.415627713,250,230,dummy-172
816911.42574884,250,230,dummy-172
816666.799538818,250,230,dummy-313
816668.766166426,250,230,dummy-313
816675.724420087,250,230,dummy-313
816773.771582458,250,230,dummy-313
816839.705297491,250,230,dummy-313
816872.975627378,250,230,dummy-313
816924.863958509,250,230,dummy-313
816651.564953205,250,230,dummy-309
816772.397543465,250,230,dummy-309
816803.228961866,250,230,dummy-309
816857.880977641,250,230,dummy-309
816864.706607584,250,230,dummy-309
816653.149093067,250,230,dummy-694
816672.155222925,250,230,dummy-694
816723.311108341,250,230,dummy-694
816783.427772506,250,230,dummy-694
816803.055587542,250,230,dummy-694
816938.315800577,250,230,dummy-694
816749.557356189,250,230,dummy-783
816851.075416709,250,230,dummy-783
816946.440368995,250,230,dummy-393
816651.301557092,250,230,dummy-728
816848.482752016,250,230,dummy-728
816897.146406258,250,230,dummy-798
816934.560501716,250,230,dummy-798
816694.802436317,250,230,dummy-41
816946.288518432,250,230,dummy-41
816683.894872188,250,230,dummy-731
816700.341457799,250,230,dummy-731
816811.417037383,250,230,dummy-731
816855.486637573,250,230,dummy-731
816932.333177021,250,230,dummy-731
816689.753452485,250,230,dummy-426
816767.40219079,250,230,dummy-426
816801.132007823,250,230,dummy-426
816809.633062927,250,230,dummy-426
816668.309786216,250,230,dummy-69
816793.630811216,250,230,dummy-69
816680.801083629,250,230,dummy-335
816719.031001424,250,230,dummy-335
816761.463461537,250,230,dummy-335
816795.95140796,250,230,dummy-335
816804.225505014,250,230,dummy-335
816806.107236061,250,230,dummy-335
816808.967264073,250,230,dummy-335
816695.404941033,250,230,dummy-441
816721.055547831,250,230,dummy-441
816870.39060493,250,230,dummy-441
816702.917837558,250,230,dummy-713
816711.702460149,250,230,dummy-713
816756.445975004,250,230,dummy-713
816858.864492456,250,230,dummy-713
816694.862816988,250,230,dummy-654
816720.920385219,250,230,dummy-654
816669.400733056,250,230,dummy-369
816751.014338249,250,230,dummy-369
816843.07550958,250,230,dummy-369
816655.88885392,250,230,dummy-130
816688.294933963,250,230,dummy-130
816719.186859997,250,230,dummy-130
816921.371105472,250,230,dummy-331
816931.252873773,250,230,dummy-331
816939.096216759,250,230,dummy-331
816673.110471755,250,230,dummy-621
816808.695677899,250,230,dummy-621
816853.187172499,250,230,dummy-621
816680.642362937,250,230,dummy-821
816874.57885261,250,230,dummy-821
816751.519850882,250,230,dummy-119
816813.200283231,250,230,dummy-119
816826.606156543,250,230,dummy-119
816896.828018335,250,230,dummy-119
816724.237117185,250,230,dummy-280
816796.782047734,250,230,dummy-280
816874.780337054,250,230,dummy-280
816879.842773148,250,230,dummy-280
816674.856794805,250,230,dummy-761
816706.85380884,250,230,dummy-761
816665.12111144,250,230,dummy-401
816785.627453925,250,230,dummy-401
816821.66814723,250,230,dummy-401
816940.410292924,250,230,dummy-401
816944.100113782,250,230,dummy-401
816688.602452761,250,230,dummy-237
816830.847278548,250,230,dummy-237
816646.633395303,250,230,dummy-737
816727.804206457,250,230,dummy-737
816911.734459184,250,230,dummy-737
816909.773426971,250,230,dummy-543
816805.146268043,250,230,dummy-194
816824.531654858,250,230,dummy-194
816824.399387631,250,230,dummy-558
816900.034102676,250,230,dummy-558
816663.362683014,250,230,dummy-128
816733.206736284,250,230,dummy-128
816772.003341729,250,230,dummy-128
816735.551294951,250,230,dummy-550
816787.375634991,250,230,dummy-550
816849.988269548,250,230,dummy-550
816884.283012028,250,230,dummy-550
816654.029574468,250,230,dummy-803
816838.130131227,250,230,dummy-803
816867.722312735,250,230,dummy-803
816907.553353101,250,230,dummy-803
816929.1840375,250,230,dummy-803
816941.748288303,250,230,dummy-803
816679.458208503,250,230,dummy-617
816723.458944289,250,230,dummy-617
816687.956309275,250,230,dummy-784
816715.603529531,250,230,dummy-784
816788.77068375,250,230,dummy-436
816841.28704962,250,230,dummy-436
816873.208543143,250,230,dummy-436
816664.07772616,250,230,dummy-425
816686.420982653,250,230,dummy-425
816934.593098868,250,230,dummy-425
816671.100037431,250,230,dummy-530
816784.931774833,250,230,dummy-530
816796.176510666,250,230,dummy-530
816803.234962323,250,230,dummy-530
816819.720403627,250,230,dummy-530
816834.043728518,250,230,dummy-530
816905.454411717,250,230,dummy-530
816936.477883451,250,230,dummy-530
816684.031890304,250,230,dummy-399
816719.441169848,250,230,dummy-399
816859.943777003,250,230,dummy-399
816894.534358346,250,230,dummy-399
816895.192894112,250,230,dummy-399
816897.583457564,250,230,dummy-399
816934.920730129,250,230,dummy-399
816660.704342437,250,230,dummy-525
816714.943691771,250,230,dummy-525
816845.675259496,250,230,dummy-525
816873.934231379,250,230,dummy-525
816877.837920314,250,230,dummy-525
816648.188678617,250,230,dummy-104
816648.602242304,250,230,dummy-104
816664.18700659,250,230,dummy-104
816735.25059903,250,230,dummy-104
816831.739041399,250,230,dummy-104
816900.267322074,250,230,dummy-104
816701.554776114,250,230,dummy-64
816787.167185618,250,230,dummy-64
816823.66626372,250,230,dummy-64
816872.289025027,250,230,dummy-64
816913.091633942,250,230,dummy-64
816926.852563186,250,230,dummy-64
816648.067413574,250,230,dummy-45
816685.47847705,250,230,dummy-45
816725.766467102,250,230,dummy-45
816934.091635377,250,230,dummy-45
816893.434648107,250,230,dummy-341
816651.701477488,250,230,dummy-276
816685.494737152,250,230,dummy-276
816934.415043185,250,230,dummy-276
816657.890297024,250,230,dummy-513
816691.802194196,250,230,dummy-513
816751.816579118,250,230,dummy-513
816761.821224379,250,230,dummy-513
816829.628059819,250,230,dummy-513
816869.022102476,250,230,dummy-513
816657.981952074,250,230,dummy-815
816717.064837212,250,230,dummy-815
816718.656796294,250,230,dummy-815
816919.890609678,250,230,dummy-815
816934.154508527,250,230,dummy-815
816945.789773333,250,230,dummy-815
816662.909143384,250,230,dummy-181
816721.640937394,250,230,dummy-181
816811.06819306,250,230,dummy-181
816812.44419344,250,230,dummy-181
816909.388962469,250,230,dummy-181
816848.362909049,250,230,dummy-746
816687.554154145,250,230,dummy-622
816751.230160192,250,230,dummy-622
816756.079010073,250,230,dummy-622
816756.46389457,250,230,dummy-622
816852.281163347,250,230,dummy-622
816862.835476429,250,230,dummy-622
816651.998233388,250,230,dummy-145
816699.589648246,250,230,dummy-145
816710.94392548,250,230,dummy-145
816794.852227446,250,230,dummy-145
816839.061250465,250,230,dummy-145
816856.753790071,250,230,dummy-145
816942.987491253,250,230,dummy-145
816650.514921932,250,230,dummy-241
816711.372908669,250,230,dummy-241
816829.137259042,250,230,dummy-241
816866.590165945,250,230,dummy-241
816932.259744233,250,230,dummy-241
816657.79750055,250,230,dummy-72
816671.971732793,250,230,dummy-72
816794.347668425,250,230,dummy-72
816896.802028922,250,230,dummy-72
816694.245027381,250,230,dummy-602
816721.325229384,250,230,dummy-602
816724.822200905,250,230,dummy-602
816739.397048859,250,230,dummy-602
816759.912619677,250,230,dummy-602
816761.957777656,250,230,dummy-602
816762.086141199,250,230,dummy-602
816774.661352405,250,230,dummy-602
816879.097975137,250,230,dummy-602
816930.883338836,250,230,dummy-602
816935.410678203,250,230,dummy-602
816670.710116444,250,230,dummy-592
816783.198452549,250,230,dummy-592
816777.790121966,250,230,dummy-719
816805.715905202,250,230,dummy-719
816921.144162204,250,230,dummy-719
816717.168910655,250,230,dummy-628
816741.023116885,250,230,dummy-628
816794.541390195,250,230,dummy-628
816677.203510155,250,230,dummy-422
816690.770424293,250,230,dummy-422
816851.644597917,250,230,dummy-422
816920.75066264,250,230,dummy-422
816808.591550926,250,230,dummy-663
816847.032732677,250,230,dummy-663
816701.332213195,250,230,dummy-623
816729.425266217,250,230,dummy-623
816764.370875382,250,230,dummy-623
816874.988065713,250,230,dummy-623
816907.571687375,250,230,dummy-623
816655.167014379,250,230,dummy-190
816719.878436064,250,230,dummy-190
816812.166639959,250,230,dummy-190
816815.706234112,250,230,dummy-190
816902.527140258,250,230,dummy-190
816702.356476188,250,230,dummy-588
816742.825795107,250,230,dummy-588
816837.488000896,250,230,dummy-588
816851.523582933,250,230,dummy-588
816857.656385501,250,230,dummy-588
816891.649295735,250,230,dummy-588
816908.465068327,250,230,dummy-588
816651.697386393,250,230,dummy-78
816778.70889502,250,230,dummy-78
816840.870340137,250,230,dummy-78
816867.216807601,250,230,dummy-78
816914.460995734,250,230,dummy-78
816929.526523815,250,230,dummy-78
816670.96728234,250,230,dummy-247
816679.419249018,250,230,dummy-247
816766.830241918,250,230,dummy-247
816835.282075412,250,230,dummy-247
816685.207332119,250,230,dummy-73
816721.392982694,250,230,dummy-73
816721.423255823,250,230,dummy-73
816747.011255168,250,230,dummy-73
816759.622626475,250,230,dummy-73
816770.911826285,250,230,dummy-73
816662.706285856,250,230,dummy-32
816714.381492562,250,230,dummy-32
816784.987002706,250,230,dummy-32
816795.537821949,250,230,dummy-32
816784.783673213,250,230,dummy-13
816838.932574465,250,230,dummy-13
816851.992229243,250,230,dummy-13
816876.782911219,250,230,dummy-13
816890.939052438,250,230,dummy-13
816909.678336834,250,230,dummy-13
816681.675358256,250,230,dummy-724
816711.191027052,250,230,dummy-724
816881.480949502,250,230,dummy-724
816920.776498194,250,230,dummy-724
816942.768760402,250,230,dummy-724
816802.518250439,250,230,dummy-569
816840.973813979,250,230,dummy-569
816880.013741392,250,230,dummy-569
816886.618114799,250,230,dummy-569
816671.966392874,250,230,dummy-735
816715.392312502,250,230,dummy-84
816749.890045048,250,230,dummy-84
816798.893466715,250,230,dummy-84
816846.700819582,250,230,dummy-84
816857.20267266,250,230,dummy-84
816774.956601415,250,230,dummy-312
816916.807542526,250,230,dummy-312
816647.844348082,250,230,dummy-103
816699.111930543,250,230,dummy-103
816723.15819815,250,230,dummy-103
816736.453052174,250,230,dummy-103
816742.616395409,250,230,dummy-103
816787.612786213,250,230,dummy-103
816799.037925183,250,230,dummy-103
816826.625537504,250,230,dummy-103
816855.642038149,250,230,dummy-103
816653.812073555,250,230,dummy-675
816669.238841781,250,230,dummy-675
816763.324337064,250,230,dummy-675
816750.192707939,250,230,dummy-85
816826.977976527,250,230,dummy-85
816855.595668067,250,230,dummy-85
816870.496214729,250,230,dummy-85
816685.20993924,250,230,dummy-804
816809.272848933,250,230,dummy-804
816919.748369681,250,230,dummy-804
816802.186457018,250,230,dummy-700
816922.30277842,250,230,dummy-700
816944.473373436,250,230,dummy-700
816666.542768769,250,230,dummy-83
816678.778077096,250,230,dummy-83
816679.034740813,250,230,dummy-35
816690.687778155,250,230,dummy-35
816693.716997364,250,230,dummy-35
816700.235571438,250,230,dummy-35
816723.793173117,250,230,dummy-35
816772.53100956,250,230,dummy-35
816834.573085943,250,230,dummy-35
816847.963281186,250,230,dummy-35
816849.397047428,250,230,dummy-35
816870.149334697,250,230,dummy-35
816717.790330853,250,230,dummy-394
816788.759876348,250,230,dummy-394
816698.583001102,250,230,dummy-499
816781.259316503,250,230,dummy-499
816910.525543335,250,230,dummy-499
816932.11980955,250,230,dummy-499
816942.563152015,250,230,dummy-499
816710.791728199,250,230,dummy-406
816695.382963144,250,230,dummy-271
816715.246239293,250,230,dummy-271
816862.174592026,250,230,dummy-271
816889.00509958,250,230,dummy-271
816894.057548891,250,230,dummy-271
816710.188518749,250,230,dummy-149
816751.694166418,250,230,dummy-149
816799.318971251,250,230,dummy-149
816919.128562661,250,230,dummy-149
816655.874668732,250,230,dummy-267
816659.38519387,250,230,dummy-267
816674.92084738,250,230,dummy-267
816800.446960743,250,230,dummy-267
816835.332344342,250,230,dummy-267
816886.379127823,250,230,dummy-267
816887.12364608,250,230,dummy-267
816735.365505168,250,230,dummy-824
816882.885328123,250,230,dummy-824
816893.759884129,250,230,dummy-824
816933.24950056,250,230,dummy-824
816933.669121681,250,230,dummy-824
816936.327031149,250,230,dummy-824
816666.079272683,250,230,dummy-584
816690.743825783,250,230,dummy-584
816691.892633938,250,230,dummy-584
816717.21300314,250,230,dummy-584
816825.054753024,250,230,dummy-584
816896.622199678,250,230,dummy-584
816929.42270528,250,230,dummy-584
816647.488725076,250,230,dummy-27
816690.80724059,250,230,dummy-27
816902.904832417,250,230,dummy-109
816780.944349913,250,230,dummy-26
816841.614053903,250,230,dummy-26
816917.957205001,250,230,dummy-253
816705.572713728,250,230,dummy-599
816794.637918185,250,230,dummy-599
816855.811302448,250,230,dummy-599
816856.438882954,250,230,dummy-599
816859.90482551,250,230,dummy-599
816792.10367515,250,230,dummy-806
816802.768562738,250,230,dummy-806
816827.304539691,250,230,dummy-806
816851.322911282,250,230,dummy-806
816655.633529445,250,230,dummy-272
816675.191478041,250,230,dummy-272
816767.284523545,250,230,dummy-272
816807.541057484,250,230,dummy-272
816899.498241437,250,230,dummy-272
816923.823157441,250,230,dummy-272
816714.845579454,250,230,dummy-758
816865.995481449,250,230,dummy-758
816648.598689453,250,230,dummy-94
816747.754761777,250,230,dummy-94
816754.733934368,250,230,dummy-94
816765.431576065,250,230,dummy-94
816896.140627758,250,230,dummy-94
816817.418842995,250,230,dummy-176
816930.637661329,250,230,dummy-176
816677.498135357,250,230,dummy-794
816678.960101494,250,230,dummy-794
816703.458019001,250,230,dummy-794
816802.228390492,250,230,dummy-794
816812.744760346,250,230,dummy-794
816926.311259497,250,230,dummy-794
816668.624840567,250,230,dummy-81
816712.016197826,250,230,dummy-81
816878.661668508,250,230,dummy-81
816705.940617401,250,230,dummy-561
816707.252455941,250,230,dummy-561
816767.909643402,250,230,dummy-561
816911.65689195,250,230,dummy-561
816921.874976545,250,230,dummy-561
816689.30904318,250,230,dummy-612
816702.535266089,250,230,dummy-612
816729.360486943,250,230,dummy-612
816757.233377338,250,230,dummy-612
816790.745271172,250,230,dummy-612
816893.831929548,250,230,dummy-612
816921.613951673,250,230,dummy-612
816945.429976422,250,230,dummy-612
816656.763334259,250,230,dummy-613
816686.546684821,250,230,dummy-613
816681.812598879,250,230,dummy-16
816839.279479647,250,230,dummy-16
816913.193102017,250,230,dummy-16
816930.293612219,250,230,dummy-16
816656.521755524,250,230,dummy-265
816677.159042214,250,230,dummy-265
816757.565465284,250,230,dummy-265
816942.101279429,250,230,dummy-265
816689.363073957,250,230,dummy-320
816697.813238648,250,230,dummy-320
816768.193119395,250,230,dummy-695
816843.623157027,250,230,dummy-695
816872.811012413,250,230,dummy-695
816887.718174106,250,230,dummy-696
816776.444929594,250,230,dummy-801
816777.54607824,250,230,dummy-801
816934.571557543,250,230,dummy-801
816684.013075141,250,230,dummy-1
816693.928381976,250,230,dummy-1
816792.403738225,250,230,dummy-1
816835.830387604,250,230,dummy-1
816885.858447651,250,230,dummy-1
816677.374721871,250,230,dummy-509
816855.950509601,250,230,dummy-509
816879.67634596,250,230,dummy-509
816901.587554792,250,230,dummy-509
816673.588555085,250,230,dummy-231
816753.309655428,250,230,dummy-231
816828.453069792,250,230,dummy-231
816912.902335515,250,230,dummy-231
816921.75727784,250,230,dummy-231
816663.001930366,250,230,dummy-173
816683.333073204,250,230,dummy-173
816906.115567079,250,230,dummy-173
816766.980741113,250,230,dummy-211
816715.453000375,250,230,dummy-191
816917.250665179,250,230,dummy-191
816926.136678979,250,230,dummy-191
816690.613901051,250,230,dummy-233
816787.073352749,250,230,dummy-233
816935.495795204,250,230,dummy-233
816809.42417547,250,230,dummy-616
816880.576867268,250,230,dummy-616
816654.705469998,250,230,dummy-830
816691.405243429,250,230,dummy-830
816756.721292031,250,230,dummy-830
816858.858386875,250,230,dummy-830
816880.599351732,250,230,dummy-830
816695.608615088,250,230,dummy-193
816860.896700681,250,230,dummy-193
816862.917812771,250,230,dummy-193
816877.447104003,250,230,dummy-193
816906.12899871,250,230,dummy-193
816922.735675971,250,230,dummy-193
816690.850300539,250,230,dummy-346
816696.237657079,250,230,dummy-346
816704.765838279,250,230,dummy-346
816779.593320205,250,230,dummy-346
816701.619511796,250,230,dummy-234
816751.070649328,250,230,dummy-234
816776.111084911,250,230,dummy-234
816782.822507326,250,230,dummy-234
816829.172631039,250,230,dummy-234
816673.851526607,250,230,dummy-580
816684.811172959,250,230,dummy-580
816752.197329691,250,230,dummy-580
816925.588724039,250,230,dummy-580
816933.634280449,250,230,dummy-580
816731.238816007,250,230,dummy-596
816770.56436276,250,230,dummy-596
816869.145171954,250,230,dummy-596
816911.537991113,250,230,dummy-596
816693.787990072,250,230,dummy-110
816730.916306683,250,230,dummy-110
816745.509776247,250,230,dummy-110
816797.939362873,250,230,dummy-110
816816.597515893,250,230,dummy-593
816722.771302873,250,230,dummy-40
816729.268997574,250,230,dummy-40
816758.710128936,250,230,dummy-40
816827.595417229,250,230,dummy-40
816914.361224507,250,230,dummy-40
816781.497744665,250,230,dummy-8
816785.626002666,250,230,dummy-8
816811.491538328,250,230,dummy-8
816875.98814808,250,230,dummy-8
816668.677237193,250,230,dummy-748
816669.591756303,250,230,dummy-748
816681.747653189,250,230,dummy-748
816909.788097281,250,230,dummy-748
816660.515272445,250,230,dummy-160
816791.404305063,250,230,dummy-160
816929.335272913,250,230,dummy-160
816724.431366972,250,230,dummy-434
816765.360948112,250,230,dummy-434
816777.79776179,250,230,dummy-434
816929.051246882,250,230,dummy-434
816657.556758142,250,230,dummy-726
816761.646371795,250,230,dummy-726
816899.411892192,250,230,dummy-726
816908.52963822,250,230,dummy-174
816746.598571007,250,230,dummy-714
816821.553521653,250,230,dummy-714
816787.647308117,250,230,dummy-447
816906.433650725,250,230,dummy-447
816688.348203958,250,230,dummy-175
816923.055362083,250,230,dummy-175
816741.243761262,250,230,dummy-787
816742.316845507,250,230,dummy-787
816799.779555493,250,230,dummy-787
816838.098424998,250,230,dummy-787
816661.878910885,250,230,dummy-589
816718.436757278,250,230,dummy-589
816916.030728759,250,230,dummy-589
816663.095009036,250,230,dummy-590
816908.862973366,250,230,dummy-590
816836.150921849,250,230,dummy-126
816744.022984571,250,230,dummy-364
816785.074752992,250,230,dummy-364
816713.710223531,250,230,dummy-771
816810.50786526,250,230,dummy-771
816654.973910219,250,230,dummy-814
816708.056691693,250,230,dummy-814
816717.582253914,250,230,dummy-814
816819.513137148,250,230,dummy-814
816924.349610992,250,230,dummy-690
816782.837372144,250,230,dummy-659
816783.689779205,250,230,dummy-659
816844.125838109,250,230,dummy-659
816902.021240362,250,230,dummy-767
816931.876950054,250,230,dummy-767
816801.444652001,250,230,dummy-489
816684.753228529,250,230,dummy-710
816815.724914543,250,230,dummy-710
816885.315630461,250,230,dummy-710
816888.563589738,250,230,dummy-710
816722.996338463,250,230,dummy-465
816728.510078639,250,230,dummy-465
816846.040473899,250,230,dummy-465
816654.021814678,250,230,dummy-127
816663.877230637,250,230,dummy-127
816665.571363823,250,230,dummy-127
816671.214775664,250,230,dummy-127
816747.588433654,250,230,dummy-127
816779.263391625,250,230,dummy-127
816863.295821079,250,230,dummy-127
816881.165621481,250,230,dummy-127
816693.566513444,250,230,dummy-747
816699.828598123,250,230,dummy-747
816703.890476716,250,230,dummy-747
816756.739982596,250,230,dummy-747
816785.042967225,250,230,dummy-747
816834.790976786,250,230,dummy-747
816855.971499941,250,230,dummy-747
816922.499622811,250,230,dummy-747
816674.236572758,250,230,dummy-258
816691.980606977,250,230,dummy-258
816752.779619089,250,230,dummy-258
816801.689612476,250,230,dummy-258
816830.062923956,250,230,dummy-258
816652.088753049,250,230,dummy-352
816719.206998752,250,230,dummy-352
816728.217295592,250,230,dummy-352
816794.966585704,250,230,dummy-352
816850.673871476,250,230,dummy-352
816902.232139606,250,230,dummy-352
816911.71069448,250,230,dummy-326
816662.356056801,250,230,dummy-296
816683.125423003,250,230,dummy-296
816750.21683156,250,230,dummy-296
816925.239441623,250,230,dummy-296
816931.139665632,250,230,dummy-296
816939.285194673,250,230,dummy-48
816720.375146275,250,230,dummy-67
816891.049044681,250,230,dummy-67
816724.400892361,250,230,dummy-698
816767.558035213,250,230,dummy-698
816738.023579296,250,230,dummy-366
816871.297722602,250,230,dummy-366
816875.854361932,250,230,dummy-366
816913.999623809,250,230,dummy-366
816922.452251452,250,230,dummy-366
816940.387350655,250,230,dummy-366
816661.049178951,250,230,dummy-36
816779.052261366,250,230,dummy-36
816687.17794587,250,230,dummy-554
816810.591640029,250,230,dummy-554
816812.585542486,250,230,dummy-554
816834.075886627,250,230,dummy-554
816897.223561634,250,230,dummy-554
816754.317404001,250,230,dummy-492
816765.125472772,250,230,dummy-492
816853.330510675,250,230,dummy-492
816928.817505163,250,230,dummy-492
816936.333152646,250,230,dummy-492
816673.102158564,250,230,dummy-564
816862.456335519,250,230,dummy-564
816905.206648367,250,230,dummy-564
816907.999249606,250,230,dummy-314
816909.110311277,250,230,dummy-314
816912.158973647,250,230,dummy-314
816944.8756929,250,230,dummy-314
816680.079688692,250,230,dummy-453
816778.251784504,250,230,dummy-453
816840.179689225,250,230,dummy-453
816867.765315247,250,230,dummy-453
816655.363153783,250,230,dummy-134
816758.81091463,250,230,dummy-134
816772.709217976,250,230,dummy-134
816776.464273667,250,230,dummy-134
816852.242543457,250,230,dummy-134
816707.885331023,250,230,dummy-542
816793.689489412,250,230,dummy-542
816816.263169845,250,230,dummy-542
816908.240346578,250,230,dummy-542
816724.281974719,250,230,dummy-240
816789.091808584,250,230,dummy-240
816918.273464461,250,230,dummy-240
816659.037749723,250,230,dummy-648
816711.750572268,250,230,dummy-648
816720.634090498,250,230,dummy-648
816754.681302241,250,230,dummy-648
816775.282266984,250,230,dummy-648
816788.23039197,250,230,dummy-342
816672.006575581,250,230,dummy-481
816730.556747641,250,230,dummy-481
816748.00983477,250,230,dummy-481
816760.161092485,250,230,dummy-481
816809.742383357,250,230,dummy-560
816847.725506748,250,230,dummy-560
816797.778297869,250,230,dummy-93
816829.135823548,250,230,dummy-93
816914.646426592,250,230,dummy-93
816926.844561113,250,230,dummy-93
816656.629469689,250,230,dummy-523
816696.863235818,250,230,dummy-523
816774.296656386,250,230,dummy-523
816845.680049433,250,230,dummy-523
816858.946898706,250,230,dummy-523
816933.90670129,250,230,dummy-523
816862.245819301,250,230,dummy-117
816713.744243982,250,230,dummy-288
816725.665371582,250,230,dummy-288
816763.557378233,250,230,dummy-288
816880.785138974,250,230,dummy-288
816727.978506157,250,230,dummy-417
816737.884540716,250,230,dummy-417
816742.751766849,250,230,dummy-417
816758.168494966,250,230,dummy-417
816813.90506159,250,230,dummy-417
816740.221150223,250,230,dummy-753
816805.763484945,250,230,dummy-753
816810.82919725,250,230,dummy-753
816836.139555194,250,230,dummy-753
816842.72348294,250,230,dummy-753
816850.55210884,250,230,dummy-753
816797.311343367,250,230,dummy-705
816797.38462517,250,230,dummy-705
816803.175015876,250,230,dummy-705
816830.331343403,250,230,dummy-705
816857.545100993,250,230,dummy-705
816672.085036788,250,230,dummy-76
816677.554462722,250,230,dummy-76
816748.997540668,250,230,dummy-76
816814.387908542,250,230,dummy-76
816841.35459213,250,230,dummy-76
816852.082044464,250,230,dummy-76
816857.694879498,250,230,dummy-76
816885.491066166,250,230,dummy-76
816652.253571643,250,230,dummy-217
816707.414986387,250,230,dummy-217
816744.941543666,250,230,dummy-217
816756.37370023,250,230,dummy-217
816766.048765264,250,230,dummy-217
816853.583533902,250,230,dummy-217
816890.895586331,250,230,dummy-217
816767.840337902,250,230,dummy-799
816819.143437149,250,230,dummy-799
816860.819576038,250,230,dummy-799
816923.226537227,250,230,dummy-799
816940.869651639,250,230,dummy-799
816692.559594745,250,230,dummy-20
816730.041015214,250,230,dummy-20
816749.640335829,250,230,dummy-20
816889.390687007,250,230,dummy-20
816748.251856074,250,230,dummy-68
816907.079527703,250,230,dummy-68
816697.406957699,250,230,dummy-138
816727.509845661,250,230,dummy-138
816785.702149598,250,230,dummy-138
816905.66022523,250,230,dummy-138
816695.244111932,250,230,dummy-114
816698.235357659,250,230,dummy-114
816881.360141623,250,230,dummy-114
816709.849649714,250,230,dummy-61
