arrival_time,input_tokens,output_tokens,adapter
818029.595784683,250,230,dummy-715
818049.223400694,250,230,dummy-715
818109.047792148,250,230,dummy-715
818162.160690931,250,230,dummy-715
817904.79973649,250,230,dummy-644
817911.018487345,250,230,dummy-270
817951.490597177,250,230,dummy-270
818080.191936017,250,230,dummy-270
818149.607932737,250,230,dummy-270
817923.888873812,250,230,dummy-760
818073.115776284,250,230,dummy-760
818121.737666738,250,230,dummy-760
818160.350064257,250,230,dummy-760
818007.423530322,250,230,dummy-408
818124.651148608,250,230,dummy-408
817934.590231468,250,230,dummy-376
818012.024528836,250,230,dummy-376
818032.996256561,250,230,dummy-376
818039.500540986,250,230,dummy-376
817922.511227791,250,230,dummy-754
817986.188056157,250,230,dummy-754
818017.209588042,250,230,dummy-754
818036.808090094,250,230,dummy-754
818139.893708414,250,230,dummy-754
817875.434763935,250,230,dummy-512
817885.437431034,250,230,dummy-512
817963.091867379,250,230,dummy-512
818093.846563117,250,230,dummy-512
817944.52071978,250,230,dummy-192
817975.547899536,250,230,dummy-192
817982.585894034,250,230,dummy-192
818015.900975805,250,230,dummy-192
818018.277884745,250,230,dummy-192
818049.108717031,250,230,dummy-192
818156.443503822,250,230,dummy-192
818129.384524518,250,230,dummy-643
817900.219221608,250,230,dummy-494
817979.050936871,250,230,dummy-494
818103.537430278,250,230,dummy-494
817930.282993783,250,230,dummy-381
818168.79830804,250,230,dummy-381
817928.88926123,250,230,dummy-65
817969.815939939,250,230,dummy-65
817987.269194646,250,230,dummy-65
817994.031670973,250,230,dummy-65
818010.509044238,250,230,dummy-65
818024.91691573,250,230,dummy-65
818105.0757703,250,230,dummy-65
818114.981560266,250,230,dummy-65
818157.732028571,250,230,dummy-65
818031.550113523,250,230,dummy-692
818037.56903586,250,230,dummy-692
817970.181716939,250,230,dummy-740
818022.735656249,250,230,dummy-740
818170.823524837,250,230,dummy-740
817957.697178621,250,230,dummy-504
818000.129701864,250,230,dummy-504
818009.804549614,250,230,dummy-504
818022.241941469,250,230,dummy-504
818089.610682305,250,230,dummy-504
817935.764937574,250,230,dummy-190
817953.745182357,250,230,dummy-190
818011.54876777,250,230,dummy-190
818109.12227761,250,230,dummy-190
818111.898992422,250,230,dummy-190
817977.956922665,250,230,dummy-585
817988.962688659,250,230,dummy-391
818023.314135812,250,230,dummy-391
818058.520097144,250,230,dummy-391
818147.271441106,250,230,dummy-391
817944.764202465,250,230,dummy-226
817956.87157564,250,230,dummy-226
818067.330620183,250,230,dummy-226
817920.267629669,250,230,dummy-725
817977.677511675,250,230,dummy-725
817983.83904154,250,230,dummy-725
818013.954860714,250,230,dummy-725
818121.704830525,250,230,dummy-725
818098.353320073,250,230,dummy-549
818127.090085033,250,230,dummy-549
817886.321018005,250,230,dummy-187
817905.327056974,250,230,dummy-187
817908.836482941,250,230,dummy-187
817967.898627263,250,230,dummy-187
818034.64720046,250,230,dummy-187
818059.069261743,250,230,dummy-187
818145.887931147,250,230,dummy-187
818063.646007628,250,230,dummy-268
817907.395601386,250,230,dummy-600
817965.945399283,250,230,dummy-600
817885.713653893,250,230,dummy-90
818046.979453951,250,230,dummy-90
818151.249418163,250,230,dummy-90
818159.346902773,250,230,dummy-90
817931.416964462,250,230,dummy-73
817937.935275343,250,230,dummy-73
817955.113782171,250,230,dummy-73
818034.290873728,250,230,dummy-73
818045.715476411,250,230,dummy-73
818165.524066532,250,230,dummy-73
818116.163568772,250,230,dummy-487
818145.613646377,250,230,dummy-487
818034.567044001,250,230,dummy-573
818061.23943656,250,230,dummy-573
817897.189101194,250,230,dummy-25
818066.492764407,250,230,dummy-25
818072.478324048,250,230,dummy-25
818121.935678305,250,230,dummy-25
818166.138748847,250,230,dummy-25
817922.075385161,250,230,dummy-632
818032.349101226,250,230,dummy-632
818071.574866101,250,230,dummy-632
818079.32047603,250,230,dummy-632
818122.844347286,250,230,dummy-632
817936.329567329,250,230,dummy-252
818130.900908674,250,230,dummy-252
818146.104256079,250,230,dummy-252
817893.022256269,250,230,dummy-152
817926.935398642,250,230,dummy-152
817932.452458612,250,230,dummy-224
817945.210586196,250,230,dummy-224
818045.043108672,250,230,dummy-224
817901.581773417,250,230,dummy-608
818040.435412462,250,230,dummy-608
818092.561844622,250,230,dummy-608
818129.418519667,250,230,dummy-608
818141.607298616,250,230,dummy-608
818011.262742479,250,230,dummy-485
818022.797865059,250,230,dummy-485
818065.642487892,250,230,dummy-485
818116.544293446,250,230,dummy-485
818161.439239982,250,230,dummy-485
817884.894499691,250,230,dummy-285
817932.484927564,250,230,dummy-285
818045.427058119,250,230,dummy-285
818093.234696124,250,230,dummy-285
818104.550410601,250,230,dummy-768
817914.541596368,250,230,dummy-28
818122.186233207,250,230,dummy-28
818144.980739296,250,230,dummy-28
817885.797303426,250,230,dummy-443
817926.85432504,250,230,dummy-443
818023.31417701,250,230,dummy-443
818027.924443749,250,230,dummy-755
818033.546476611,250,230,dummy-755
817892.192576411,250,230,dummy-553
817996.282388978,250,230,dummy-553
818100.914444155,250,230,dummy-553
818126.600181518,250,230,dummy-553
818144.690001717,250,230,dummy-553
818163.429777566,250,230,dummy-553
817920.045705095,250,230,dummy-757
817990.617971873,250,230,dummy-757
818014.092243593,250,230,dummy-757
817967.348489424,250,230,dummy-610
818084.04607619,250,230,dummy-610
818090.127703025,250,230,dummy-610
818162.207065079,250,230,dummy-610
817877.681746024,250,230,dummy-672
817995.245172299,250,230,dummy-672
818168.635638257,250,230,dummy-672
818172.921046448,250,230,dummy-478
817897.670317352,250,230,dummy-597
817924.793789065,250,230,dummy-597
818086.25616961,250,230,dummy-597
818092.839688362,250,230,dummy-597
818150.668562823,250,230,dummy-597
817929.68451592,250,230,dummy-182
817953.563852696,250,230,dummy-182
818035.42217173,250,230,dummy-182
818083.882556647,250,230,dummy-182
818094.946999554,250,230,dummy-182
818140.527056828,250,230,dummy-182
817881.841742597,250,230,dummy-665
817917.419819308,250,230,dummy-665
817921.608446783,250,230,dummy-665
817970.885138,250,230,dummy-665
818010.210872847,250,230,dummy-665
818068.668698641,250,230,dummy-665
818109.603619104,250,230,dummy-665
817922.273281336,250,230,dummy-172
817950.882085893,250,230,dummy-172
817934.460126493,250,230,dummy-205
817965.081849517,250,230,dummy-205
818117.493892613,250,230,dummy-205
817939.669596849,250,230,dummy-410
818114.19735205,250,230,dummy-142
817919.183966062,250,230,dummy-562
817963.436577546,250,230,dummy-562
817976.73075347,250,230,dummy-562
817992.432557301,250,230,dummy-562
818069.218662824,250,230,dummy-562
818127.78723869,250,230,dummy-562
818014.127240753,250,230,dummy-488
818056.942512606,250,230,dummy-488
818118.150849888,250,230,dummy-488
817984.233039308,250,230,dummy-325
818014.555768221,250,230,dummy-325
818036.215735782,250,230,dummy-325
818094.662505467,250,230,dummy-325
818096.444257243,250,230,dummy-325
818109.710944398,250,230,dummy-325
817874.99750687,250,230,dummy-248
817884.106627907,250,230,dummy-248
817911.496868778,250,230,dummy-248
818009.543232097,250,230,dummy-248
818064.553865031,250,230,dummy-248
818074.341537806,250,230,dummy-248
818151.169131238,250,230,dummy-248
817984.09495916,250,230,dummy-586
818142.432842749,250,230,dummy-586
817942.607828332,250,230,dummy-689
818002.430798778,250,230,dummy-689
818031.298101917,250,230,dummy-689
818081.047281783,250,230,dummy-689
817965.398891418,250,230,dummy-169
817991.84130585,250,230,dummy-169
818093.359623689,250,230,dummy-169
818101.188243623,250,230,dummy-169
818118.447214271,250,230,dummy-169
818138.304709629,250,230,dummy-169
818139.419883439,250,230,dummy-169
818140.165145493,250,230,dummy-169
818167.925364299,250,230,dummy-169
817887.15224221,250,230,dummy-386
817891.837100525,250,230,dummy-386
817921.620355179,250,230,dummy-386
817989.812843874,250,230,dummy-386
817966.700954836,250,230,dummy-41
817970.322792416,250,230,dummy-41
817979.618235189,250,230,dummy-41
817984.485496637,250,230,dummy-41
818057.705362886,250,230,dummy-41
817917.136275958,250,230,dummy-375
817925.442031555,250,230,dummy-375
818003.090730984,250,230,dummy-375
818014.379281522,250,230,dummy-375
818017.967992301,250,230,dummy-375
818033.465102818,250,230,dummy-375
817947.576653877,250,230,dummy-472
817951.040698925,250,230,dummy-472
817957.176569993,250,230,dummy-472
818057.239381027,250,230,dummy-472
818098.494487896,250,230,dummy-472
818147.447354812,250,230,dummy-472
817920.408853996,250,230,dummy-543
818044.471290288,250,230,dummy-543
818067.648962586,250,230,dummy-543
818104.092101366,250,230,dummy-543
818136.361445736,250,230,dummy-543
817883.067289439,250,230,dummy-580
817943.925387216,250,230,dummy-580
818032.990160368,250,230,dummy-580
818113.881246265,250,230,dummy-580
817882.837205403,250,230,dummy-249
817895.633056843,250,230,dummy-249
817961.16313642,250,230,dummy-249
818010.769834489,250,230,dummy-249
818064.107380923,250,230,dummy-249
818122.54865078,250,230,dummy-249
818156.025015235,250,230,dummy-249
818158.214406477,250,230,dummy-249
818110.856971812,250,230,dummy-356
818147.193614507,250,230,dummy-356
818014.709507678,250,230,dummy-473
818127.159370727,250,230,dummy-473
818141.379908268,250,230,dummy-473
817944.308347053,250,230,dummy-14
817991.10586124,250,230,dummy-14
818000.677548876,250,230,dummy-14
818105.99867214,250,230,dummy-14
817918.795250889,250,230,dummy-159
817985.62991394,250,230,dummy-159
818004.760874016,250,230,dummy-159
818009.872607666,250,230,dummy-159
818140.581104707,250,230,dummy-159
817973.07877978,250,230,dummy-216
817982.159746698,250,230,dummy-216
818035.678247357,250,230,dummy-216
818083.117560339,250,230,dummy-216
817908.291879925,250,230,dummy-572
817943.716435837,250,230,dummy-572
817974.550980631,250,230,dummy-572
817993.159198275,250,230,dummy-572
818020.164538661,250,230,dummy-572
817873.918131293,250,230,dummy-430
817888.44593711,250,230,dummy-430
817941.528063518,250,230,dummy-430
818039.028876938,250,230,dummy-430
818053.598155087,250,230,dummy-223
818123.889281417,250,230,dummy-223
817993.459991344,250,230,dummy-647
818023.695844236,250,230,dummy-647
818126.575215442,250,230,dummy-647
817964.502604588,250,230,dummy-469
818009.306304008,250,230,dummy-469
818076.482884813,250,230,dummy-469
817875.587304439,250,230,dummy-457
818091.311605066,250,230,dummy-457
818117.658440304,250,230,dummy-457
818124.825771268,250,230,dummy-457
818150.267771478,250,230,dummy-457
817896.404051673,250,230,dummy-688
818003.208006475,250,230,dummy-688
818006.408317992,250,230,dummy-688
818048.600313839,250,230,dummy-688
818159.614817764,250,230,dummy-688
817943.62926742,250,230,dummy-351
818079.689634263,250,230,dummy-351
817895.120388423,250,230,dummy-616
817922.547917675,250,230,dummy-616
817973.842523913,250,230,dummy-616
818008.685731642,250,230,dummy-616
818018.455679466,250,230,dummy-616
818068.329768031,250,230,dummy-616
818099.52601407,250,230,dummy-616
817934.527801958,250,230,dummy-354
817999.27107896,250,230,dummy-613
818048.685888297,250,230,dummy-613
818103.337548293,250,230,dummy-613
817891.893939316,250,230,dummy-413
817924.649239946,250,230,dummy-413
817933.099609591,250,230,dummy-413
818029.910065159,250,230,dummy-413
817893.278935815,250,230,dummy-484
818069.462401373,250,230,dummy-484
817952.318437111,250,230,dummy-319
818004.793795523,250,230,dummy-319
818142.560257036,250,230,dummy-319
817883.242223332,250,230,dummy-340
817930.617272493,250,230,dummy-340
818052.182609104,250,230,dummy-340
818037.324545857,250,230,dummy-407
818068.96298537,250,230,dummy-407
818111.298047429,250,230,dummy-407
817874.316901605,250,230,dummy-108
817994.785828247,250,230,dummy-108
818142.866918326,250,230,dummy-108
817881.432240786,250,230,dummy-347
817976.207644981,250,230,dummy-347
818028.032132986,250,230,dummy-347
818088.109094865,250,230,dummy-347
818103.937095772,250,230,dummy-347
817938.200977052,250,230,dummy-538
817946.795419461,250,230,dummy-538
818131.29761495,250,230,dummy-538
817873.217459687,250,230,dummy-648
817998.788952978,250,230,dummy-648
818027.892724719,250,230,dummy-648
818104.12302497,250,230,dummy-648
818107.508857938,250,230,dummy-648
817899.67117187,250,230,dummy-596
817924.335344226,250,230,dummy-596
817926.343312218,250,230,dummy-596
817930.762653381,250,230,dummy-596
817968.243747683,250,230,dummy-596
818085.77359304,250,230,dummy-596
818102.117440582,250,230,dummy-596
817979.298168984,250,230,dummy-422
818125.913875487,250,230,dummy-422
818074.84236083,250,230,dummy-753
818130.077402006,250,230,dummy-753
817878.891709448,250,230,dummy-389
817953.346965434,250,230,dummy-389
817987.843692914,250,230,dummy-389
818133.712910091,250,230,dummy-372
818028.665031378,250,230,dummy-575
818053.511377538,250,230,dummy-575
818119.112069178,250,230,dummy-575
817894.182274054,250,230,dummy-566
817946.895264942,250,230,dummy-566
817949.368304993,250,230,dummy-566
818022.927731643,250,230,dummy-566
817952.30220714,250,230,dummy-87
817969.556502975,250,230,dummy-87
817989.156558202,250,230,dummy-87
817992.794280887,250,230,dummy-87
817998.457544347,250,230,dummy-87
818009.155250482,250,230,dummy-87
818046.8265919,250,230,dummy-87
818082.506842132,250,230,dummy-87
818115.455824466,250,230,dummy-87
818120.290466832,250,230,dummy-87
818163.075762597,250,230,dummy-87
817884.32988315,250,230,dummy-85
818002.208419394,250,230,dummy-85
818025.279460494,250,230,dummy-85
818035.016149045,250,230,dummy-85
818067.474408863,250,230,dummy-85
818081.79688571,250,230,dummy-85
818132.15264383,250,230,dummy-85
817926.916567361,250,230,dummy-364
818098.616445872,250,230,dummy-364
817899.590567279,250,230,dummy-505
817923.074393622,250,230,dummy-505
817935.118348529,250,230,dummy-505
818165.764575326,250,230,dummy-545
817917.144168751,250,230,dummy-298
818046.330643659,250,230,dummy-298
818067.470711489,250,230,dummy-298
818124.154590677,250,230,dummy-298
817917.092727273,250,230,dummy-414
817980.769193711,250,230,dummy-414
818036.624229063,250,230,dummy-414
817950.717916685,250,230,dummy-620
817995.460504099,250,230,dummy-620
817996.668012582,250,230,dummy-620
817997.414405448,250,230,dummy-620
818067.175891297,250,230,dummy-620
817915.252730706,250,230,dummy-269
817952.156197747,250,230,dummy-269
818007.359102748,250,230,dummy-269
818034.486370924,250,230,dummy-269
818076.193687491,250,230,dummy-269
818169.708912043,250,230,dummy-269
817887.39491952,250,230,dummy-524
818046.692976935,250,230,dummy-524
818055.194101951,250,230,dummy-524
817898.986881465,250,230,dummy-30
817890.813241813,250,230,dummy-551
817922.883705263,250,230,dummy-551
817931.519302112,250,230,dummy-551
818047.916654095,250,230,dummy-551
818069.203060147,250,230,dummy-551
818077.922639653,250,230,dummy-551
818083.623462234,250,230,dummy-551
818146.771042417,250,230,dummy-551
817875.354010255,250,230,dummy-506
817898.002995299,250,230,dummy-506
817951.78633735,250,230,dummy-506
817981.579611983,250,230,dummy-506
818059.61384282,250,230,dummy-506
818081.104468076,250,230,dummy-506
818126.69316142,250,230,dummy-506
818130.635643747,250,230,dummy-506
818004.735296465,250,230,dummy-23
818029.692399624,250,230,dummy-23
818090.129079404,250,230,dummy-23
818151.839885569,250,230,dummy-23
817909.320756728,250,230,dummy-508
817918.690853593,250,230,dummy-508
817936.905638327,250,230,dummy-508
817954.77707691,250,230,dummy-508
817978.632435785,250,230,dummy-508
818015.418087036,250,230,dummy-508
818046.971800124,250,230,dummy-508
817964.001698059,250,230,dummy-337
817914.374540007,250,230,dummy-449
817926.027681419,250,230,dummy-449
818098.610695299,250,230,dummy-449
817968.159307758,250,230,dummy-228
818152.909325398,250,230,dummy-228
817884.237698724,250,230,dummy-453
817953.203729697,250,230,dummy-453
818100.13214976,250,230,dummy-453
818129.707747976,250,230,dummy-453
818146.682510239,250,230,dummy-453
818101.594691715,250,230,dummy-533
817931.846600393,250,230,dummy-345
817995.418338876,250,230,dummy-345
818134.396626911,250,230,dummy-345
818163.455607938,250,230,dummy-345
818043.076867328,250,230,dummy-178
817914.836823895,250,230,dummy-176
818076.146654199,250,230,dummy-176
818118.294258223,250,230,dummy-176
818124.081850328,250,230,dummy-176
817964.592967268,250,230,dummy-303
818029.402875032,250,230,dummy-303
817954.614211922,250,230,dummy-415
817956.206176535,250,230,dummy-415
818084.934544951,250,230,dummy-696
817976.350359879,250,230,dummy-503
818054.155089069,250,230,dummy-503
818084.201208224,250,230,dummy-503
818105.381832459,250,230,dummy-503
818107.425718296,250,230,dummy-503
818034.494809353,250,230,dummy-136
818021.009174021,250,230,dummy-111
818043.840511868,250,230,dummy-111
818056.091988111,250,230,dummy-111
818094.075175734,250,230,dummy-111
817909.275145675,250,230,dummy-717
818171.725045325,250,230,dummy-717
818115.71487717,250,230,dummy-409
818133.583986904,250,230,dummy-409
817882.984456252,250,230,dummy-471
818048.422263967,250,230,dummy-471
817966.899492389,250,230,dummy-513
818120.11714669,250,230,dummy-513
817898.485998443,250,230,dummy-311
818018.99236917,250,230,dummy-311
818086.96823812,250,230,dummy-311
818096.906099353,250,230,dummy-311
818136.804908808,250,230,dummy-311
817936.793970893,250,230,dummy-251
817998.426748928,250,230,dummy-251
818019.027014167,250,230,dummy-251
818039.397001831,250,230,dummy-251
818095.415804711,250,230,dummy-251
818095.821715817,250,230,dummy-251
818112.315647411,250,230,dummy-251
818155.257469692,250,230,dummy-251
817974.73129112,250,230,dummy-227
818099.001992659,250,230,dummy-227
817994.671693112,250,230,dummy-197
818002.432226703,250,230,dummy-197
818071.317693232,250,230,dummy-197
818151.458621378,250,230,dummy-197
817875.937968296,250,230,dummy-440
817928.776026496,250,230,dummy-440
817994.089699713,250,230,dummy-440
817994.834042621,250,230,dummy-440
817874.494284392,250,230,dummy-277
817919.031005054,250,230,dummy-277
817928.945601946,250,230,dummy-277
818016.644528618,250,230,dummy-277
818140.681646598,250,230,dummy-277
817903.647061329,250,230,dummy-110
817928.240508027,250,230,dummy-110
817874.546042466,250,230,dummy-38
818010.862333321,250,230,dummy-38
818105.219926025,250,230,dummy-38
818107.082765143,250,230,dummy-38
818110.549326863,250,230,dummy-38
817931.522767657,250,230,dummy-275
818024.879800964,250,230,dummy-275
817980.626472238,250,230,dummy-527
818028.191230487,250,230,dummy-680
818157.457872096,250,230,dummy-680
817947.275895617,250,230,dummy-310
817956.802255344,250,230,dummy-310
817965.121887057,250,230,dummy-310
818083.072559291,250,230,dummy-310
818094.795350927,250,230,dummy-310
818035.903704872,250,230,dummy-624
818088.419494597,250,230,dummy-624
817906.558538861,250,230,dummy-24
818020.390346283,250,230,dummy-24
818023.109566263,250,230,dummy-24
818029.82173034,250,230,dummy-24
818049.433822606,250,230,dummy-477
818052.004251276,250,230,dummy-477
818052.446650555,250,230,dummy-477
818060.584524807,250,230,dummy-477
818166.258196032,250,230,dummy-477
817967.72384858,250,230,dummy-56
817981.97670139,250,230,dummy-56
818121.080652055,250,230,dummy-56
818082.61793089,250,230,dummy-496
817899.013093492,250,230,dummy-699
817910.096092789,250,230,dummy-699
817927.839223555,250,230,dummy-699
817961.337468813,250,230,dummy-699
817969.924682245,250,230,dummy-699
817996.912405463,250,230,dummy-699
818007.47112569,250,230,dummy-346
818014.417805154,250,230,dummy-346
818030.705510864,250,230,dummy-346
818056.631009595,250,230,dummy-346
818106.01468958,250,230,dummy-346
818106.642824197,250,230,dummy-346
818153.673818612,250,230,dummy-346
818161.302113476,250,230,dummy-346
817882.367521362,250,230,dummy-53
817955.714381149,250,230,dummy-53
817976.036065341,250,230,dummy-531
818042.937193812,250,230,dummy-531
818079.409052508,250,230,dummy-531
818164.919280011,250,230,dummy-531
817919.423835334,250,230,dummy-467
817960.515544196,250,230,dummy-467
818109.850984746,250,230,dummy-467
818010.524951258,250,230,dummy-259
818041.085843562,250,230,dummy-259
818085.294822645,250,230,dummy-259
818100.948873633,250,230,dummy-259
817879.791202745,250,230,dummy-482
817883.840380882,250,230,dummy-482
818081.022125672,250,230,dummy-482
818148.548591614,250,230,dummy-482
818163.92325389,250,230,dummy-482
818078.435116698,250,230,dummy-20
818108.419312169,250,230,dummy-20
818136.217126209,250,230,dummy-20
818141.785644704,250,230,dummy-20
817874.361813787,250,230,dummy-261
817886.342176796,250,230,dummy-261
817891.239939344,250,230,dummy-261
817903.342534303,250,230,dummy-261
818130.670735801,250,230,dummy-261
818145.972402782,250,230,dummy-261
817878.430657746,250,230,dummy-420
817922.757602696,250,230,dummy-420
818012.704875435,250,230,dummy-420
818040.395165985,250,230,dummy-420
818096.670198815,250,230,dummy-420
817906.017246105,250,230,dummy-732
818079.059944578,250,230,dummy-732
818109.663323768,250,230,dummy-732
818142.611232025,250,230,dummy-732
817897.874364077,250,230,dummy-171
817899.569132737,250,230,dummy-171
818001.232249116,250,230,dummy-171
818016.447648062,250,230,dummy-171
818099.167620239,250,230,dummy-171
818126.593685798,250,230,dummy-171
817910.208965052,250,230,dummy-723
818160.319271205,250,230,dummy-723
817964.242624204,250,230,dummy-114
818079.466733253,250,230,dummy-114
818116.919212991,250,230,dummy-114
818043.89709029,250,230,dummy-122
818067.91868694,250,230,dummy-122
817884.276118601,250,230,dummy-214
818011.288487468,250,230,dummy-214
818163.394155683,250,230,dummy-214
817894.194582617,250,230,dummy-465
817998.891111176,250,230,dummy-465
818005.181710564,250,230,dummy-465
818125.989927672,250,230,dummy-465
818151.584081529,250,230,dummy-465
817913.842934526,250,230,dummy-456
817953.328143589,250,230,dummy-456
817958.258226665,250,230,dummy-456
818042.454117676,250,230,dummy-456
818059.338552226,250,230,dummy-456
817920.305203055,250,230,dummy-522
817910.070961689,250,230,dummy-296
817910.237412801,250,230,dummy-296
817942.328652365,250,230,dummy-296
818140.885716026,250,230,dummy-296
818144.698301143,250,230,dummy-296
817902.045015115,250,230,dummy-181
818002.506853926,250,230,dummy-181
818017.382709245,250,230,dummy-181
818027.149548569,250,230,dummy-181
818101.213751396,250,230,dummy-181
818133.352682362,250,230,dummy-181
817901.141679905,250,230,dummy-437
817925.84235892,250,230,dummy-437
817934.07699403,250,230,dummy-437
817942.604472112,250,230,dummy-437
818017.431422194,250,230,dummy-437
818120.441102821,250,230,dummy-437
818132.066840645,250,230,dummy-437
818153.978083613,250,230,dummy-437
818172.13277297,250,230,dummy-501
817915.84287619,250,230,dummy-274
817917.416196083,250,230,dummy-274
818049.256072749,250,230,dummy-274
817901.239911008,250,230,dummy-301
817902.328436532,250,230,dummy-301
817945.71985039,250,230,dummy-301
818075.307171203,250,230,dummy-301
817921.364773014,250,230,dummy-363
818119.845441124,250,230,dummy-363
818143.828968812,250,230,dummy-363
817962.189674757,250,230,dummy-321
818010.280282551,250,230,dummy-321
818097.814497685,250,230,dummy-321
818108.212533054,250,230,dummy-321
817968.347032857,250,230,dummy-237
817971.02767466,250,230,dummy-237
817978.936917026,250,230,dummy-237
817998.740467318,250,230,dummy-237
818012.886605676,250,230,dummy-237
818156.633667616,250,230,dummy-237
817922.019422419,250,230,dummy-199
818045.432499029,250,230,dummy-199
818066.04473828,250,230,dummy-199
817914.828546691,250,230,dummy-621
818125.289406963,250,230,dummy-621
818147.230065004,250,230,dummy-621
818155.250155967,250,230,dummy-621
818156.906326631,250,230,dummy-621
817911.606625978,250,230,dummy-542
817913.598154079,250,230,dummy-542
818119.190555841,250,230,dummy-542
817893.173228516,250,230,dummy-712
817952.254635242,250,230,dummy-712
817964.175706836,250,230,dummy-712
817986.16275277,250,230,dummy-712
817995.67258867,250,230,dummy-712
818078.3880971,250,230,dummy-712
818098.317651055,250,230,dummy-712
818123.482798322,250,230,dummy-712
817913.735382229,250,230,dummy-445
817984.703708745,250,230,dummy-445
818001.301305852,250,230,dummy-445
818167.784872938,250,230,dummy-445
818053.833929236,250,230,dummy-515
818127.231904773,250,230,dummy-515
817878.732223184,250,230,dummy-31
818035.077267527,250,230,dummy-31
817948.92126648,250,230,dummy-225
818076.911949712,250,230,dummy-225
818139.216941972,250,230,dummy-225
817946.382839027,250,230,dummy-240
817981.317551737,250,230,dummy-240
818078.908235953,250,230,dummy-240
818144.16160371,250,230,dummy-240
818152.406345353,250,230,dummy-240
818159.678283658,250,230,dummy-240
818132.195769478,250,230,dummy-103
818084.938066879,250,230,dummy-569
818099.506381457,250,230,dummy-569
817969.204886398,250,230,dummy-748
818101.248288694,250,230,dummy-748
817918.391078832,250,230,dummy-141
817928.492165858,250,230,dummy-141
817933.881696448,250,230,dummy-141
818016.855705043,250,230,dummy-141
818115.357009781,250,230,dummy-141
818129.887531492,250,230,dummy-141
817970.359096972,250,230,dummy-574
818001.412228078,250,230,dummy-574
818087.797080402,250,230,dummy-574
818101.833068638,250,230,dummy-574
818170.939359738,250,230,dummy-574
817957.466272051,250,230,dummy-234
818158.701392728,250,230,dummy-234
817980.796597921,250,230,dummy-720
817983.100587631,250,230,dummy-720
817996.295959186,250,230,dummy-720
818071.439490925,250,230,dummy-720
817977.742102786,250,230,dummy-454
818126.616179968,250,230,dummy-454
818159.199531716,250,230,dummy-454
818169.795153749,250,230,dummy-286
818171.782314424,250,230,dummy-286
817928.034683526,250,230,dummy-125
818066.77689617,250,230,dummy-125
818090.997444295,250,230,dummy-125
818118.583872672,250,230,dummy-125
817873.633525844,250,230,dummy-282
817893.148629066,250,230,dummy-282
817945.472424988,250,230,dummy-282
817928.624222825,250,230,dummy-317
817932.272404689,250,230,dummy-317
818051.562929988,250,230,dummy-317
818056.629422172,250,230,dummy-317
818070.67264838,250,230,dummy-317
818084.134045897,250,230,dummy-317
818106.617790115,250,230,dummy-317
818119.96528283,250,230,dummy-317
818161.587205371,250,230,dummy-317
817907.275863717,250,230,dummy-284
817959.343707629,250,230,dummy-200
817968.867946926,250,230,dummy-200
817987.135279988,250,230,dummy-200
817898.175640888,250,230,dummy-121
818010.124774384,250,230,dummy-121
818052.15730318,250,230,dummy-121
818055.01721394,250,230,dummy-121
818126.169736997,250,230,dummy-121
817963.608515306,250,230,dummy-399
818052.713338944,250,230,dummy-399
818105.786126358,250,230,dummy-399
817932.258067459,250,230,dummy-13
818001.704963818,250,230,dummy-13
818084.301117181,250,230,dummy-13
818132.58298706,250,230,dummy-13
817885.825964079,250,230,dummy-423
817928.949302054,250,230,dummy-423
817969.933706312,250,230,dummy-423
817984.52692951,250,230,dummy-423
818029.523395303,250,230,dummy-423
817938.622270362,250,230,dummy-262
817969.070241861,250,230,dummy-262
818141.835597874,250,230,dummy-262
817878.476418708,250,230,dummy-640
817897.158258928,250,230,dummy-640
817995.850252212,250,230,dummy-640
818072.162794321,250,230,dummy-640
818164.708206234,250,230,dummy-640
817877.946030248,250,230,dummy-7
818043.918717723,250,230,dummy-7
818043.991242954,250,230,dummy-7
818049.781836576,250,230,dummy-7
818110.372792627,250,230,dummy-7
818114.96670361,250,230,dummy-7
818148.27619862,250,230,dummy-229
818148.935188822,250,230,dummy-229
817889.195027885,250,230,dummy-559
817892.341215605,250,230,dummy-559
818027.420505656,250,230,dummy-559
817968.633299823,250,230,dummy-292
817996.505886857,250,230,dummy-292
818012.883255572,250,230,dummy-292
818064.186386594,250,230,dummy-292
817906.890400254,250,230,dummy-291
817934.963616327,250,230,dummy-291
818011.845616311,250,230,dummy-291
818109.592828303,250,230,dummy-291
817943.648776691,250,230,dummy-358
818060.893351809,250,230,dummy-358
818080.400776154,250,230,dummy-358
818169.937540239,250,230,dummy-358
817909.798322912,250,230,dummy-433
817979.808987137,250,230,dummy-433
818113.082669293,250,230,dummy-433
818115.168995045,250,230,dummy-433
818144.435944333,250,230,dummy-519
817910.510719885,250,230,dummy-283
817919.66927688,250,230,dummy-283
817917.225189495,250,230,dummy-694
818052.834585142,250,230,dummy-694
818024.257501308,250,230,dummy-306
818091.752013539,250,230,dummy-306
818110.682205979,250,230,dummy-306
818145.272780433,250,230,dummy-306
817909.782309151,250,230,dummy-636
817920.742320953,250,230,dummy-636
817930.872227799,250,230,dummy-636
817959.783985251,250,230,dummy-636
818039.209849041,250,230,dummy-636
818082.635993825,250,230,dummy-636
818088.974185697,250,230,dummy-636
817902.315241554,250,230,dummy-385
817999.964050816,250,230,dummy-385
818000.34984489,250,230,dummy-385
818102.486832621,250,230,dummy-385
818108.099705534,250,230,dummy-385
817900.067880146,250,230,dummy-37
817930.538211246,250,230,dummy-37
818025.294974216,250,230,dummy-37
818087.456963489,250,230,dummy-37
818095.398024176,250,230,dummy-37
818121.509279673,250,230,dummy-37
818074.541510484,250,230,dummy-442
817957.71823464,250,230,dummy-46
817986.857377079,250,230,dummy-46
818063.342716725,250,230,dummy-46
817944.269122757,250,230,dummy-10
818026.627709497,250,230,dummy-10
818035.241469732,250,230,dummy-10
818061.487060442,250,230,dummy-10
818088.454331443,250,230,dummy-10
818118.046042579,250,230,dummy-10
818172.382316408,250,230,dummy-10
818123.035528384,250,230,dummy-724
818128.500923291,250,230,dummy-690
817901.538289849,250,230,dummy-213
817925.207948949,250,230,dummy-213
818015.743302911,250,230,dummy-213
818114.323219543,250,230,dummy-213
817894.084947418,250,230,dummy-736
817925.213055846,250,230,dummy-736
818147.488962454,250,230,dummy-736
817998.173320688,250,230,dummy-74
817931.710328172,250,230,dummy-646
818030.186007659,250,230,dummy-646
817988.706012532,250,230,dummy-339
818063.660974408,250,230,dummy-339
818073.923407005,250,230,dummy-339
818075.080612525,250,230,dummy-339
817959.113829582,250,230,dummy-697
817963.515608172,250,230,dummy-697
818023.632156697,250,230,dummy-697
818099.410067603,250,230,dummy-697
818138.769185624,250,230,dummy-697
817959.895695996,250,230,dummy-483
818136.559575487,250,230,dummy-483
818162.571282318,250,230,dummy-483
818163.682284344,250,230,dummy-483
817884.303778055,250,230,dummy-16
817918.096266529,250,230,dummy-16
817985.187649275,250,230,dummy-16
818003.23614245,250,230,dummy-16
818005.281279394,250,230,dummy-16
818066.883975043,250,230,dummy-16
818115.352379911,250,230,dummy-16
817964.285254511,250,230,dummy-539
818127.617047635,250,230,dummy-539
818134.346380044,250,230,dummy-539
817908.155114099,250,230,dummy-497
817952.231538347,250,230,dummy-497
818049.028029884,250,230,dummy-497
818094.822413403,250,230,dummy-497
818143.131724977,250,230,dummy-497
818143.289448407,250,230,dummy-497
818171.139845397,250,230,dummy-497
817897.025104377,250,230,dummy-342
817897.834815764,250,230,dummy-342
817946.643544805,250,230,dummy-342
818032.447534368,250,230,dummy-342
818125.292859758,250,230,dummy-342
817973.943788474,250,230,dummy-168
818003.941852904,250,230,dummy-168
818037.003922027,250,230,dummy-168
818080.945056222,250,230,dummy-168
817968.385937573,250,230,dummy-198
818026.347440851,250,230,dummy-198
818076.539862253,250,230,dummy-198
818116.056647666,250,230,dummy-198
818125.802977455,250,230,dummy-198
817913.502286817,250,230,dummy-419
818041.73542368,250,230,dummy-419
818097.274702001,250,230,dummy-419
818046.939737556,250,230,dummy-260
818084.150018437,250,230,dummy-260
818156.055861818,250,230,dummy-260
817940.552083386,250,230,dummy-242
817994.956811346,250,230,dummy-242
818042.581379344,250,230,dummy-242
817944.084413526,250,230,dummy-578
817945.395985895,250,230,dummy-578
817950.168780108,250,230,dummy-578
818067.93264525,250,230,dummy-578
817991.654882694,250,230,dummy-343
818121.19705915,250,230,dummy-343
818163.589611205,250,230,dummy-343
817881.39482846,250,230,dummy-685
817881.808640323,250,230,dummy-685
817893.905030982,250,230,dummy-685
817943.047861062,250,230,dummy-685
818128.978384088,250,230,dummy-685
817886.970938004,250,230,dummy-695
817919.545764731,250,230,dummy-695
817945.617811675,250,230,dummy-695
817899.015450095,250,230,dummy-66
817950.02687181,250,230,dummy-66
818033.935013783,250,230,dummy-66
818094.196630789,250,230,dummy-66
818102.990600508,250,230,dummy-66
817882.850063325,250,230,dummy-146
817906.606137439,250,230,dummy-146
817907.983174926,250,230,dummy-146
817954.120216436,250,230,dummy-146
817987.374936811,250,230,dummy-146
818035.87269902,250,230,dummy-146
817910.304057264,250,230,dummy-156
817936.680749972,250,230,dummy-156
817938.723682236,250,230,dummy-156
817967.115864655,250,230,dummy-156
818000.247949264,250,230,dummy-156
818015.767953968,250,230,dummy-156
818055.674580582,250,230,dummy-156
818133.901165105,250,230,dummy-156
817914.769705029,250,230,dummy-396
817998.650567518,250,230,dummy-396
818041.374453614,250,230,dummy-396
818097.083156199,250,230,dummy-396
818050.878589267,250,230,dummy-1
818070.263081477,250,230,dummy-1
818118.045985752,250,230,dummy-1
817897.637294804,250,230,dummy-70
817906.733443285,250,230,dummy-70
817983.106840139,250,230,dummy-70
818105.727090712,250,230,dummy-70
817880.57324793,250,230,dummy-120
817889.646490678,250,230,dummy-120
817898.051699604,250,230,dummy-120
817969.115235068,250,230,dummy-120
817987.615066713,250,230,dummy-120
818036.050830838,250,230,dummy-120
818165.231586258,250,230,dummy-120
817873.94045042,250,230,dummy-729
818078.804701743,250,230,dummy-729
818163.252920844,250,230,dummy-729
817893.677632659,250,230,dummy-388
817903.136204117,250,230,dummy-388
818059.858263224,250,230,dummy-388
818140.229964335,250,230,dummy-388
818030.051700372,250,230,dummy-541
818100.345811555,250,230,dummy-541
818106.11635889,250,230,dummy-541
818172.64484252,250,230,dummy-541
817983.516680869,250,230,dummy-514
818048.411002971,250,230,dummy-514
818072.947410714,250,230,dummy-514
818105.06042745,250,230,dummy-514
818156.458084263,250,230,dummy-514
818077.19837998,250,230,dummy-458
817891.600540282,250,230,dummy-219
817897.308363154,250,230,dummy-219
817899.800214356,250,230,dummy-219
817959.492179063,250,230,dummy-219
817976.680152439,250,230,dummy-219
818090.667402065,250,230,dummy-219
818112.451837726,250,230,dummy-219
818117.180736338,250,230,dummy-667
817894.956875018,250,230,dummy-530
817896.355215737,250,230,dummy-630
817917.220443914,250,230,dummy-630
817920.585608267,250,230,dummy-630
818169.506026582,250,230,dummy-630
817950.910519748,250,230,dummy-97
818117.555337633,250,230,dummy-97
818130.369588019,250,230,dummy-97
818160.296120931,250,230,dummy-97
818162.331206865,250,230,dummy-97
818149.081473876,250,230,dummy-272
818151.472667659,250,230,dummy-272
817913.627219929,250,230,dummy-196
817942.065100852,250,230,dummy-196
818086.523869145,250,230,dummy-196
817990.775171939,250,230,dummy-11
818126.517634015,250,230,dummy-11
818131.57941838,250,230,dummy-11
818143.278568345,250,230,dummy-11
818023.712552971,250,230,dummy-438
818050.989550437,250,230,dummy-438
818084.124632367,250,230,dummy-438
818097.515300805,250,230,dummy-438
817914.094873734,250,230,dummy-741
818145.586962179,250,230,dummy-741
818162.402951476,250,230,dummy-741
817926.183315956,250,230,dummy-77
818043.464545371,250,230,dummy-77
818122.020531242,250,230,dummy-77
817918.959967512,250,230,dummy-666
817927.811422434,250,230,dummy-666
817928.960351955,250,230,dummy-666
818045.910009038,250,230,dummy-666
818084.228226699,250,230,dummy-666
818137.975154294,250,230,dummy-666
818140.519308219,250,230,dummy-666
817924.953859181,250,230,dummy-170
817970.678782106,250,230,dummy-170
817972.669282941,250,230,dummy-170
818087.484399086,250,230,dummy-170
818116.738734154,250,230,dummy-170
818122.560301121,250,230,dummy-170
818128.955254151,250,230,dummy-170
818157.637565416,250,230,dummy-170
817937.718784457,250,230,dummy-230
817956.56291406,250,230,dummy-230
818094.200134217,250,230,dummy-230
818123.387986425,250,230,dummy-230
818149.097981044,250,230,dummy-230
818157.613934513,250,230,dummy-230
817889.915498555,250,230,dummy-8
818027.110458241,250,230,dummy-8
818108.393213158,250,230,dummy-8
818142.385430003,250,230,dummy-8
817877.826473525,250,230,dummy-668
817905.066562402,250,230,dummy-668
817981.982020077,250,230,dummy-668
818056.849722162,250,230,dummy-668
817980.730834982,250,230,dummy-540
818012.277054847,250,230,dummy-540
818046.00684687,250,230,dummy-540
818098.103203445,250,230,dummy-540
817902.892502814,250,230,dummy-614
817907.087182587,250,230,dummy-614
817931.817078198,250,230,dummy-614
817958.896849137,250,230,dummy-614
818129.569976582,250,230,dummy-614
818143.634699334,250,230,dummy-614
817903.613150126,250,230,dummy-290
817920.0674406,250,230,dummy-290
817987.453262364,250,230,dummy-290
818021.605928546,250,230,dummy-290
818052.272320025,250,230,dummy-290
818080.380543845,250,230,dummy-290
817923.232648192,250,230,dummy-706
817955.343697848,250,230,dummy-706
818072.54372732,250,230,dummy-706
817944.529617477,250,230,dummy-528
817995.954366381,250,230,dummy-528
817941.324486027,250,230,dummy-652
817952.621778475,250,230,dummy-652
817986.92079273,250,230,dummy-652
817914.03390997,250,230,dummy-367
817938.531259039,250,230,dummy-367
817950.057841659,250,230,dummy-367
818120.349115083,250,230,dummy-367
818156.083326829,250,230,dummy-367
818001.435694581,250,230,dummy-446
818126.778097294,250,230,dummy-446
818139.759399549,250,230,dummy-446
818140.261118948,250,230,dummy-446
818158.08025078,250,230,dummy-446
817886.89248156,250,230,dummy-746
818087.511331867,250,230,dummy-746
818170.629124965,250,230,dummy-746
817968.381014453,250,230,dummy-195
817998.089783892,250,230,dummy-195
818112.524765567,250,230,dummy-195
818133.881721173,250,230,dummy-195
818054.657745361,250,230,dummy-567
818165.132837845,250,230,dummy-567
817918.167244625,250,230,dummy-468
818038.899475404,250,230,dummy-314
818108.348820647,250,230,dummy-314
817885.785035491,250,230,dummy-560
817964.837419796,250,230,dummy-560
818005.76632848,250,230,dummy-560
817900.641160309,250,230,dummy-19
817945.62794856,250,230,dummy-19
818006.28501393,250,230,dummy-19
818011.522755158,250,230,dummy-19
818119.269730658,250,230,dummy-19
818145.137047248,250,230,dummy-19
817898.316820727,250,230,dummy-117
817975.830226403,250,230,dummy-117
818123.351143856,250,230,dummy-117
817910.826123185,250,230,dummy-163
818002.918289577,250,230,dummy-163
818047.444280041,250,230,dummy-163
818057.51280752,250,230,dummy-163
818114.778147778,250,230,dummy-163
817881.185156942,250,230,dummy-175
817939.179913451,250,230,dummy-175
817962.737226127,250,230,dummy-175
817921.622677914,250,230,dummy-693
818169.79379412,250,230,dummy-693
817955.978867569,250,230,dummy-113
818026.950292997,250,230,dummy-113
818060.149813502,250,230,dummy-113
818084.265793343,250,230,dummy-113
818136.897971965,250,230,dummy-113
817910.373695675,250,230,dummy-641
818014.695672929,250,230,dummy-641
818030.915516802,250,230,dummy-641
818041.46590478,250,230,dummy-641
817934.244703528,250,230,dummy-335
817964.909103062,250,230,dummy-335
818059.995658753,250,230,dummy-335
817880.890029964,250,230,dummy-256
817932.156932026,250,230,dummy-256
818018.455641867,250,230,dummy-256
818022.211094212,250,230,dummy-256
818126.646873003,250,230,dummy-256
818043.357891747,250,230,dummy-377
818057.831687246,250,230,dummy-377
818096.081154825,250,230,dummy-377
817897.580037556,250,230,dummy-166
817967.42380905,250,230,dummy-166
818055.672981405,250,230,dummy-254
817879.366592917,250,230,dummy-629
817889.200008684,250,230,dummy-629
818007.864205159,250,230,dummy-629
818011.908339005,250,230,dummy-629
818048.324350429,250,230,dummy-629
818061.268113906,250,230,dummy-217
818145.111404035,250,230,dummy-217
818159.094042267,250,230,dummy-217
817953.410749955,250,230,dummy-26
818155.208224799,250,230,dummy-26
818007.156243403,250,230,dummy-289
818100.026165909,250,230,dummy-289
818151.584109878,250,230,dummy-289
817905.459053222,250,230,dummy-626
818101.069785441,250,230,dummy-626
817918.025556507,250,230,dummy-250
818036.741984296,250,230,dummy-250
818038.006739902,250,230,dummy-250
818127.046778961,250,230,dummy-250
818165.191850497,250,230,dummy-250
817996.025055887,250,230,dummy-307
818009.998391084,250,230,dummy-307
818109.964131971,250,230,dummy-307
817874.51414545,250,230,dummy-535
818022.561612865,250,230,dummy-535
818164.410897299,250,230,dummy-535
817879.405249578,250,230,dummy-355
817983.530669087,250,230,dummy-355
817992.073909804,250,230,dummy-355
818041.076690088,250,230,dummy-355
818102.250601131,250,230,dummy-355
818127.040966779,250,230,dummy-355
818141.372462603,250,230,dummy-355
817936.667165625,250,230,dummy-273
817946.744759746,250,230,dummy-273
817982.380847349,250,230,dummy-273
818056.947055053,250,230,dummy-273
818058.941929872,250,230,dummy-273
818155.887919245,250,230,dummy-273
818157.760054465,250,230,dummy-273
817929.3966976,250,230,dummy-678
817951.092950495,250,230,dummy-678
818005.112607312,250,230,dummy-678
818017.688275936,250,230,dummy-678
818035.880520989,250,230,dummy-678
817928.09855952,250,230,dummy-235
818088.974235634,250,230,dummy-235
818100.503678238,250,230,dummy-235
817892.995921373,250,230,dummy-365
817908.852602097,250,230,dummy-365
817911.717005919,250,230,dummy-365
817936.752967079,250,230,dummy-365
818119.877462971,250,230,dummy-365
818040.323598985,250,230,dummy-589
818139.493770453,250,230,dummy-589
817895.738050875,250,230,dummy-609
817949.977219765,250,230,dummy-609
817980.508727076,250,230,dummy-609
818125.4076296,250,230,dummy-609
818141.366710155,250,230,dummy-609
817873.373972107,250,230,dummy-320
817895.845776287,250,230,dummy-320
817915.093819087,250,230,dummy-320
817940.969231054,250,230,dummy-320
818113.831975796,250,230,dummy-320
818140.927739781,250,230,dummy-320
818042.113657576,250,230,dummy-297
818075.010775994,250,230,dummy-297
818146.577799285,250,230,dummy-297
817968.853465022,250,230,dummy-450
817982.3130183,250,230,dummy-450
817983.386183934,250,230,dummy-450
817915.871985114,250,230,dummy-329
817956.635392886,250,230,dummy-329
817974.17380463,250,230,dummy-329
818054.585741799,250,230,dummy-435
818078.019764711,250,230,dummy-435
818078.886850372,250,230,dummy-435
818135.044682855,250,230,dummy-435
818160.727648051,250,230,dummy-435
817914.58758719,250,230,dummy-132
818001.998321145,250,230,dummy-132
818061.244363064,250,230,dummy-132
818121.920405989,250,230,dummy-132
818125.114021488,250,230,dummy-132
818099.930101032,250,230,dummy-204
817921.092702826,250,230,dummy-627
817964.33245359,250,230,dummy-627
818030.388017749,250,230,dummy-627
818084.536551334,250,230,dummy-627
818135.583651667,250,230,dummy-627
818062.63075168,250,230,dummy-498
818040.907271726,250,230,dummy-658
817881.447421864,250,230,dummy-702
818083.015149855,250,230,dummy-702
817896.946035612,250,230,dummy-18
817968.838410759,250,230,dummy-18
818118.025279502,250,230,dummy-18
817887.070862494,250,230,dummy-15
818071.171809833,250,230,dummy-15
818083.793687258,250,230,dummy-15
817882.984494243,250,230,dummy-33
817937.150188415,250,230,dummy-33
818019.826574674,250,230,dummy-33
817994.319702024,250,230,dummy-406
818000.325294143,250,230,dummy-622
817907.280105345,250,230,dummy-215
818029.655730397,250,230,dummy-215
818033.034094044,250,230,dummy-215
818064.267026235,250,230,dummy-215
817884.776624504,250,230,dummy-221
817938.083590016,250,230,dummy-221
818030.617383299,250,230,dummy-221
818053.464761987,250,230,dummy-221
818155.03924643,250,230,dummy-221
817888.06175887,250,230,dummy-756
817921.587918449,250,230,dummy-756
818035.15824974,250,230,dummy-756
818050.673804053,250,230,dummy-756
818053.134997128,250,230,dummy-756
818165.359242177,250,230,dummy-756
818037.863820449,250,230,dummy-491
818101.37396647,250,230,dummy-491
818123.746128473,250,230,dummy-491
818130.138975947,250,230,dummy-491
817893.192259695,250,230,dummy-656
818046.909234394,250,230,dummy-656
817882.05501366,250,230,dummy-145
818087.489297134,250,230,dummy-145
817886.847948564,250,230,dummy-679
818053.863930149,250,230,dummy-679
818092.303822664,250,230,dummy-679
818103.031345301,250,230,dummy-679
818113.585614651,250,230,dummy-679
818120.474354002,250,230,dummy-679
817896.222332392,250,230,dummy-463
817927.410051063,250,230,dummy-463
817975.424887149,250,230,dummy-452
818063.144820718,250,230,dummy-452
818128.031545291,250,230,dummy-112
817885.947778885,250,230,dummy-424
818019.160972119,250,230,dummy-424
818169.734456494,250,230,dummy-424
817914.662643656,250,230,dummy-581
817958.66357571,250,230,dummy-581
817997.303854351,250,230,dummy-581
818051.780753762,250,230,dummy-581
818101.486137013,250,230,dummy-581
818135.101111325,250,230,dummy-581
817897.31651753,250,230,dummy-642
817917.647752593,250,230,dummy-642
817973.493857037,250,230,dummy-642
818050.101848581,250,230,dummy-642
818068.433158157,250,230,dummy-642
818102.374383012,250,230,dummy-642
817895.040760429,250,230,dummy-338
817912.619459809,250,230,dummy-338
817993.02557881,250,230,dummy-338
818048.610694486,250,230,dummy-338
818075.766689236,250,230,dummy-338
818162.261352438,250,230,dummy-338
817878.224675493,250,230,dummy-536
817987.617510569,250,230,dummy-536
818147.943345564,250,230,dummy-536
817895.879301604,250,230,dummy-765
818013.882236529,250,230,dummy-765
818105.130155604,250,230,dummy-765
818127.910467218,250,230,dummy-765
818145.221489254,250,230,dummy-765
817940.151492276,250,230,dummy-116
818171.034430019,250,230,dummy-116
817926.561528632,250,230,dummy-655
817941.221329226,250,230,dummy-655
817995.039782535,250,230,dummy-655
818005.044681679,250,230,dummy-655
817911.689128568,250,230,dummy-500
817932.659749891,250,230,dummy-500
817990.734711083,250,230,dummy-500
818078.453213315,250,230,dummy-500
818097.150809388,250,230,dummy-500
818118.51769498,250,230,dummy-500
818131.461979229,250,230,dummy-500
818171.90585148,250,230,dummy-500
817878.286087145,250,230,dummy-431
817938.163919635,250,230,dummy-431
817942.225964286,250,230,dummy-431
817995.074412267,250,230,dummy-431
818033.531889231,250,230,dummy-431
818051.485188637,250,230,dummy-431
818166.91430769,250,230,dummy-431
817898.212403852,250,230,dummy-304
817919.73063677,250,230,dummy-304
818050.702146565,250,230,dummy-304
818092.500046854,250,230,dummy-304
817931.270724175,250,230,dummy-402
818064.257401082,250,230,dummy-402
818140.707379186,250,230,dummy-402
818157.091317166,250,230,dummy-402
817922.088252637,250,230,dummy-131
818048.311094368,250,230,dummy-131
818086.766836096,250,230,dummy-131
818119.54055604,250,230,dummy-131
818143.688835455,250,230,dummy-131
818147.850458485,250,230,dummy-744
817882.353612302,250,230,dummy-82
817915.550333947,250,230,dummy-82
818003.813372684,250,230,dummy-82
818006.682738499,250,230,dummy-82
817895.845738028,250,230,dummy-34
818039.499181135,250,230,dummy-34
818117.085164384,250,230,dummy-34
818145.623094381,250,230,dummy-34
818160.131710144,250,230,dummy-34
817916.232953377,250,230,dummy-36
818144.274949386,250,230,dummy-36
817874.622761603,250,230,dummy-703
817888.229222065,250,230,dummy-703
817918.446813761,250,230,dummy-703
818141.228422255,250,230,dummy-703
818153.971516847,250,230,dummy-703
817937.270381738,250,230,dummy-434
817961.316878974,250,230,dummy-434
818042.686784179,250,230,dummy-434
818148.272780615,250,230,dummy-434
817968.520608052,250,230,dummy-759
817989.562342987,250,230,dummy-759
818134.845173254,250,230,dummy-759
817884.370417796,250,230,dummy-623
817990.882908529,250,230,dummy-623
818089.60597246,250,230,dummy-623
818097.413751704,250,230,dummy-623
817878.180858661,250,230,dummy-517
817919.451805671,250,230,dummy-517
817924.63160549,250,230,dummy-517
818155.500789827,250,230,dummy-80
817971.090220366,250,230,dummy-348
818025.521594755,250,230,dummy-348
817878.301286047,250,230,dummy-687
817931.806086222,250,230,dummy-687
818048.415853493,250,230,dummy-687
818099.574182492,250,230,dummy-687
817876.650103857,250,230,dummy-493
817918.631749857,250,230,dummy-493
818031.941720871,250,230,dummy-493
818151.898946426,250,230,dummy-493
817973.792746997,250,230,dummy-421
818071.025256474,250,230,dummy-421
818171.428408707,250,230,dummy-421
817944.726375932,250,230,dummy-179
818002.576679965,250,230,dummy-179
818016.475183601,250,230,dummy-179
818052.932575428,250,230,dummy-179
818065.930074264,250,230,dummy-179
818162.302535846,250,230,dummy-179
817878.881367793,250,230,dummy-130
817892.750140667,250,230,dummy-130
817906.92401364,250,230,dummy-130
818118.860373427,250,230,dummy-130
817969.216510006,250,230,dummy-598
817886.994990271,250,230,dummy-711
817902.422212802,250,230,dummy-711
817903.336827805,250,230,dummy-711
817903.391057787,250,230,dummy-711
817929.486024939,250,230,dummy-711
817954.808191597,250,230,dummy-711
818062.649909081,250,230,dummy-711
818127.162836909,250,230,dummy-711
818111.574976902,250,230,dummy-556
818159.769116905,250,230,dummy-556
817900.715494554,250,230,dummy-635
817985.189025193,250,230,dummy-635
818079.852692493,250,230,dummy-635
818127.372040549,250,230,dummy-635
817977.999240826,250,230,dummy-426
817984.029475554,250,230,dummy-426
818012.758442713,250,230,dummy-426
818082.759062387,250,230,dummy-426
818170.269654993,250,230,dummy-426
817873.968802563,250,230,dummy-105
817901.829874912,250,230,dummy-105
818027.150971993,250,230,dummy-105
818066.151212981,250,230,dummy-105
818088.895441469,250,230,dummy-105
818134.477873461,250,230,dummy-105
818135.581040279,250,230,dummy-105
818146.455386595,250,230,dummy-105
817899.177287379,250,230,dummy-660
817904.82001572,250,230,dummy-660
818062.753542462,250,230,dummy-660
818079.730915836,250,230,dummy-660
818122.677459188,250,230,dummy-660
817895.595361488,250,230,dummy-606
817998.56742334,250,230,dummy-606
818013.121160963,250,230,dummy-606
818057.628081495,250,230,dummy-606
818166.015407077,250,230,dummy-606
817886.998612178,250,230,dummy-51
817896.853747891,250,230,dummy-51
817917.622772872,250,230,dummy-51
817996.552288013,250,230,dummy-51
817997.051253269,250,230,dummy-51
818079.852630746,250,230,dummy-51
818136.639678197,250,230,dummy-51
818151.769295867,250,230,dummy-51
817886.223856051,250,230,dummy-3
817920.465380671,250,230,dummy-3
817985.293757356,250,230,dummy-3
818039.247610854,250,230,dummy-3
818060.458341576,250,230,dummy-157
818084.326773872,250,230,dummy-157
817894.141216861,250,230,dummy-154
817924.58413745,250,230,dummy-154
817937.809301026,250,230,dummy-154
817949.163018291,250,230,dummy-154
818020.230925352,250,230,dummy-154
818020.815794882,250,230,dummy-154
818092.198999877,250,230,dummy-154
818101.748093197,250,230,dummy-154
818107.880497416,250,230,dummy-154
818162.208451323,250,230,dummy-154
817874.323698904,250,230,dummy-101
818023.077000757,250,230,dummy-101
818109.798813357,250,230,dummy-101
818131.539741379,250,230,dummy-101
818153.88744307,250,230,dummy-101
817980.537270647,250,230,dummy-576
818006.601359976,250,230,dummy-576
818028.424657443,250,230,dummy-576
818032.553429813,250,230,dummy-576
818142.082946827,250,230,dummy-576
817922.826274167,250,230,dummy-155
817924.554153154,250,230,dummy-155
818010.985399153,250,230,dummy-155
818148.032054199,250,230,dummy-155
817884.459157699,250,230,dummy-595
817896.665783476,250,230,dummy-595
818119.649548239,250,230,dummy-595
818166.893192539,250,230,dummy-595
818103.231276696,250,230,dummy-464
818129.984134854,250,230,dummy-464
818170.856998783,250,230,dummy-464
817931.411337372,250,230,dummy-357
817937.67249315,250,230,dummy-357
817942.630000223,250,230,dummy-357
818164.646307532,250,230,dummy-357
818167.694827898,250,230,dummy-357
817915.788189453,250,230,dummy-462
817942.819421349,250,230,dummy-462
817963.221981021,250,230,dummy-565
817968.735742235,250,230,dummy-565
817969.033990105,250,230,dummy-565
817992.613218676,250,230,dummy-565
818167.635839496,250,230,dummy-565
818064.613713077,250,230,dummy-233
817962.169877327,250,230,dummy-123
818020.885383845,250,230,dummy-123
818050.739260825,250,230,dummy-123
818073.525698209,250,230,dummy-123
818122.070011559,250,230,dummy-123
818139.918733039,250,230,dummy-123
817986.102604396,250,230,dummy-352
818037.898201361,250,230,dummy-352
818168.96753751,250,230,dummy-352
817920.724310142,250,230,dummy-245
817993.692392045,250,230,dummy-245
818018.73284084,250,230,dummy-245
818080.573764796,250,230,dummy-245
818108.127298062,250,230,dummy-245
817921.341701793,250,230,dummy-59
818016.009340128,250,230,dummy-59
818058.088162823,250,230,dummy-59
818152.982216971,250,230,dummy-59
817878.17617002,250,230,dummy-151
817894.349536013,250,230,dummy-151
818063.421708802,250,230,dummy-151
818113.475139291,250,230,dummy-151
817880.501385278,250,230,dummy-305
817895.694768115,250,230,dummy-305
818100.086367709,250,230,dummy-305
817891.840693263,250,230,dummy-509
817993.286611577,250,230,dummy-509
818028.482329811,250,230,dummy-509
818072.186912349,250,230,dummy-509
818172.897447314,250,230,dummy-509
817916.651375369,250,230,dummy-9
818074.118975949,250,230,dummy-9
817903.853585642,250,230,dummy-185
817985.467138927,250,230,dummy-185
818060.732769749,250,230,dummy-185
818149.349622912,250,230,dummy-185
817950.878715468,250,230,dummy-135
817959.763607927,250,230,dummy-135
818016.268145887,250,230,dummy-135
818048.576437106,250,230,dummy-135
817881.454200676,250,230,dummy-299
817980.61084366,250,230,dummy-299
818008.41938314,250,230,dummy-299
818008.425882282,250,230,dummy-299
818031.894447698,250,230,dummy-299
818067.93537503,250,230,dummy-299
818129.048697743,250,230,dummy-299
818171.661749581,250,230,dummy-299
817925.062717754,250,230,dummy-657
818052.021709838,250,230,dummy-657
817914.436713932,250,230,dummy-95
818016.351296578,250,230,dummy-95
818022.874903928,250,230,dummy-428
818066.629353473,250,230,dummy-428
818074.143894438,250,230,dummy-428
817923.584525678,250,230,dummy-460
817955.775103479,250,230,dummy-460
818139.04847654,250,230,dummy-460
818152.588825968,250,230,dummy-460
818031.625127972,250,230,dummy-612
818032.067038908,250,230,dummy-612
817949.988234084,250,230,dummy-745
817906.654946102,250,230,dummy-654
817962.32199738,250,230,dummy-584
818091.009847787,250,230,dummy-584
818111.107165849,250,230,dummy-584
818137.467105156,250,230,dummy-584
817949.475329272,250,230,dummy-552
818067.725485101,250,230,dummy-552
817881.186437601,250,230,dummy-189
818057.088443166,250,230,dummy-189
818065.415067926,250,230,dummy-189
817911.233474603,250,230,dummy-709
817967.706814947,250,230,dummy-709
817977.613706523,250,230,dummy-709
818008.555521031,250,230,dummy-709
818069.356368292,250,230,dummy-709
818077.502614288,250,230,dummy-709
818023.790071835,250,230,dummy-326
818043.992728276,250,230,dummy-49
818064.538698329,250,230,dummy-49
818121.068189414,250,230,dummy-49
817972.123724754,250,230,dummy-557
818116.069005415,250,230,dummy-557
817878.568343748,250,230,dummy-439
818094.094097457,250,230,dummy-439
817977.780680099,250,230,dummy-71
818040.589451499,250,230,dummy-71
818062.962130381,250,230,dummy-71
818149.783162564,250,230,dummy-71
818170.288844029,250,230,dummy-71
817910.492775024,250,230,dummy-730
818036.019406049,250,230,dummy-730
818129.033765191,250,230,dummy-730
818151.367213855,250,230,dummy-730
817888.988130838,250,230,dummy-150
818029.282088314,250,230,dummy-150
818030.133910822,250,230,dummy-150
818062.167788273,250,230,dummy-150
817881.146068358,250,230,dummy-637
817923.320070548,250,230,dummy-637
817927.512534268,250,230,dummy-637
818003.825927315,250,230,dummy-637
818019.767905737,250,230,dummy-637
818119.700067257,250,230,dummy-637
817960.031171709,250,230,dummy-193
818047.011267352,250,230,dummy-193
818105.188820402,250,230,dummy-193
818079.32898833,250,230,dummy-140
818097.103792856,250,230,dummy-140
818152.135340669,250,230,dummy-140
817907.697053753,250,230,dummy-92
817958.852862111,250,230,dummy-92
818030.124927527,250,230,dummy-92
818059.065882598,250,230,dummy-92
818076.079126671,250,230,dummy-92
818138.115165363,250,230,dummy-92
817933.211379044,250,230,dummy-236
817980.239762475,250,230,dummy-236
818046.122595754,250,230,dummy-236
818114.597437401,250,230,dummy-236
818145.877508152,250,230,dummy-236
818167.610084977,250,230,dummy-236
818168.594473296,250,230,dummy-236
817908.699134099,250,230,dummy-211
817955.281443763,250,230,dummy-211
818072.783222374,250,230,dummy-211
817917.109599058,250,230,dummy-328
818052.199695502,250,230,dummy-328
818171.126521439,250,230,dummy-328
817895.156270085,250,230,dummy-62
817924.169212972,250,230,dummy-62
817962.770671723,250,230,dummy-62
818091.108923909,250,230,dummy-62
818108.556633288,250,230,dummy-451
817910.780991266,250,230,dummy-495
817930.784088568,250,230,dummy-495
817973.509177802,250,230,dummy-495
818012.305727894,250,230,dummy-495
817933.103293572,250,230,dummy-708
817935.55710625,250,230,dummy-708
817971.956054201,250,230,dummy-708
818045.5055864,250,230,dummy-708
818073.093484522,250,230,dummy-708
817889.480651761,250,230,dummy-570
817892.991527425,250,230,dummy-570
817920.48598495,250,230,dummy-570
817960.773806763,250,230,dummy-570
818127.57437447,250,230,dummy-570
818138.208833238,250,230,dummy-570
817876.768568205,250,230,dummy-312
817914.677698373,250,230,dummy-312
817951.321609473,250,230,dummy-312
818140.90082274,250,230,dummy-312
818143.162649174,250,230,dummy-312
817968.685736171,250,230,dummy-390
818003.630413273,250,230,dummy-390
818098.649242219,250,230,dummy-751
817909.700976806,250,230,dummy-518
817935.972568588,250,230,dummy-22
817898.708779055,250,230,dummy-107
817952.642407868,250,230,dummy-107
818083.373937193,250,230,dummy-107
818157.093733848,250,230,dummy-107
818167.837633198,250,230,dummy-107
818014.257228665,250,230,dummy-241
818049.384924598,250,230,dummy-241
817972.176866659,250,230,dummy-239
817993.919760502,250,230,dummy-239
818005.039812643,250,230,dummy-239
818072.847415207,250,230,dummy-239
818138.296518098,250,230,dummy-239
818141.54472615,250,230,dummy-239
817921.884961307,250,230,dummy-162
817924.797168731,250,230,dummy-162
817952.678711732,250,230,dummy-162
817876.994337681,250,230,dummy-371
817975.758987603,250,230,dummy-371
818072.246669627,250,230,dummy-371
817884.460699326,250,230,dummy-115
818045.223135606,250,230,dummy-115
817877.966629638,250,230,dummy-43
817887.508782371,250,230,dummy-43
817954.379609523,250,230,dummy-43
818000.075154007,250,230,dummy-43
818064.628433834,250,230,dummy-43
818099.488674166,250,230,dummy-43
818146.979226894,250,230,dummy-43
818171.694591798,250,230,dummy-43
817873.112408286,250,230,dummy-653
818143.972563624,250,230,dummy-653
818170.28881185,250,230,dummy-653
818080.186652035,250,230,dummy-153
818119.580570202,250,230,dummy-153
817887.185417847,250,230,dummy-639
817875.880058232,250,230,dummy-677
817898.937983333,250,230,dummy-677
817915.338035433,250,230,dummy-677
817953.567363738,250,230,dummy-677
818046.914985231,250,230,dummy-677
818075.288706262,250,230,dummy-677
818080.084286832,250,230,dummy-677
818031.477315504,250,230,dummy-436
818119.875984885,250,230,dummy-436
817894.724586774,250,230,dummy-143
817910.260296248,250,230,dummy-143
817991.63619873,250,230,dummy-143
818092.958765901,250,230,dummy-143
817880.623234957,250,230,dummy-563
818016.633862531,250,230,dummy-563
818025.24271895,250,230,dummy-563
818087.170723546,250,230,dummy-563
818132.506646377,250,230,dummy-563
818140.169152457,250,230,dummy-563
818170.587472549,250,230,dummy-563
817894.718069679,250,230,dummy-447
818000.906187731,250,230,dummy-447
818038.582903817,250,230,dummy-447
818082.494808419,250,230,dummy-447
818082.972319159,250,230,dummy-447
818153.95064075,250,230,dummy-447
817921.862083346,250,230,dummy-683
817966.832349771,250,230,dummy-683
818056.16563207,250,230,dummy-683
817903.97757409,250,230,dummy-160
817962.808516356,250,230,dummy-160
817969.30580459,250,230,dummy-160
817979.130570799,250,230,dummy-160
817991.592869743,250,230,dummy-160
818056.982942216,250,230,dummy-160
818082.294318594,250,230,dummy-160
817948.756925784,250,230,dummy-474
818161.06422382,250,230,dummy-474
817907.123024258,250,230,dummy-714
818048.012822882,250,230,dummy-714
818060.252827875,250,230,dummy-714
818090.184492668,250,230,dummy-714
818107.87778563,250,230,dummy-714
817941.629341082,250,230,dummy-550
817950.415761456,250,230,dummy-550
818141.510356908,250,230,dummy-550
817883.572528802,250,230,dummy-588
817928.975914223,250,230,dummy-588
817988.990232062,250,230,dummy-588
818006.264034963,250,230,dummy-588
818079.957247872,250,230,dummy-588
817876.234261959,250,230,dummy-591
817957.901214307,250,230,dummy-591
817975.64285311,250,230,dummy-591
818123.625399129,250,230,dummy-308
817889.574857,250,230,dummy-327
817921.981797719,250,230,dummy-327
817977.771821589,250,230,dummy-327
818095.905828714,250,230,dummy-327
817992.057815731,250,230,dummy-582
818049.510593891,250,230,dummy-582
818124.668253233,250,230,dummy-582
817902.046497184,250,230,dummy-466
817967.372371085,250,230,dummy-466
818025.564421879,250,230,dummy-466
818095.933461553,250,230,dummy-466
817888.085981361,250,230,dummy-203
818001.38223156,250,230,dummy-203
818003.626940797,250,230,dummy-203
818055.156185932,250,230,dummy-203
818057.296533695,250,230,dummy-203
818058.672055984,250,230,dummy-203
818109.714337532,250,230,dummy-203
818119.674196562,250,230,dummy-203
818133.22238692,250,230,dummy-203
817932.023005754,250,230,dummy-392
817905.937370936,250,230,dummy-331
818018.425810864,250,230,dummy-331
818080.467985568,250,230,dummy-331
817887.230384882,250,230,dummy-369
817895.345835363,250,230,dummy-369
817966.882039313,250,230,dummy-369
818107.926879078,250,230,dummy-369
818126.269732664,250,230,dummy-369
817943.860600496,250,230,dummy-555
817961.358734486,250,230,dummy-555
818050.785745437,250,230,dummy-555
818067.929355002,250,230,dummy-555
818169.429521902,250,230,dummy-555
817905.772742293,250,230,dummy-42
817916.025487206,250,230,dummy-42
817945.54057937,250,230,dummy-42
818033.551169883,250,230,dummy-42
818128.895765881,250,230,dummy-42
817877.78126556,250,230,dummy-441
817913.163747663,250,230,dummy-441
818091.74008579,250,230,dummy-441
818117.317999804,250,230,dummy-441
817895.520967009,250,230,dummy-6
818026.410842957,250,230,dummy-6
817901.336747471,250,230,dummy-69
817954.230869932,250,230,dummy-69
817975.027869415,250,230,dummy-69
818000.574531598,250,230,dummy-69
818099.394524946,250,230,dummy-69
818108.524766003,250,230,dummy-69
818018.582750454,250,230,dummy-191
818110.739043204,250,230,dummy-191
817895.104157057,250,230,dummy-362
817956.347870988,250,230,dummy-362
817967.634790617,250,230,dummy-362
818151.5641503,250,230,dummy-362
817881.724154386,250,230,dummy-52
817934.581848152,250,230,dummy-52
817878.640833954,250,230,dummy-618
817898.047512074,250,230,dummy-618
817920.391748663,250,230,dummy-618
817956.577102792,250,230,dummy-618
817993.92944271,250,230,dummy-618
818062.525164897,250,230,dummy-618
818099.140571005,250,230,dummy-618
817892.415554647,250,230,dummy-300
817912.053333531,250,230,dummy-300
818161.159690252,250,230,dummy-300
818092.702973118,250,230,dummy-144
818172.788177277,250,230,dummy-144
817919.677317423,250,230,dummy-599
817932.795098495,250,230,dummy-599
817958.444468653,250,230,dummy-599
818050.732717168,250,230,dummy-599
818054.375627526,250,230,dummy-599
818098.866434231,250,230,dummy-599
818119.619126793,250,230,dummy-599
818171.660691434,250,230,dummy-599
817960.694975507,250,230,dummy-384
817990.094701818,250,230,dummy-384
818000.141947863,250,230,dummy-384
818102.56123083,250,230,dummy-384
817879.765489248,250,230,dummy-102
818076.845640683,250,230,dummy-102
818105.863223732,250,230,dummy-102
817955.621309701,250,230,dummy-333
818057.550257162,250,230,dummy-333
818101.62049275,250,230,dummy-333
818104.639800652,250,230,dummy-333
817937.251394591,250,230,dummy-208
817947.668647845,250,230,dummy-208
817995.031728936,250,230,dummy-208
817998.505300502,250,230,dummy-208
817915.083829364,250,230,dummy-161
818109.021473823,250,230,dummy-161
818120.716097104,250,230,dummy-161
818151.16909169,250,230,dummy-161
818157.477056874,250,230,dummy-161
817930.036771249,250,230,dummy-98
817990.835278168,250,230,dummy-98
818065.587885164,250,230,dummy-98
818125.367036482,250,230,dummy-98
818159.405351877,250,230,dummy-98
817908.771081946,250,230,dummy-302
817933.163597638,250,230,dummy-302
818098.451078262,250,230,dummy-302
818112.87667547,250,230,dummy-302
818168.923062619,250,230,dummy-302
817921.766355331,250,230,dummy-734
817957.357526295,250,230,dummy-734
817970.039342318,250,230,dummy-734
817985.206301936,250,230,dummy-734
818106.02964584,250,230,dummy-734
818028.998152202,250,230,dummy-258
818075.34813404,250,230,dummy-258
818122.813260982,250,230,dummy-258
817908.978414556,250,230,dummy-733
817973.320044946,250,230,dummy-733
817990.349664734,250,230,dummy-733
818149.177990939,250,230,dummy-733
817877.810490999,250,230,dummy-728
817955.56897342,250,230,dummy-728
818110.921090258,250,230,dummy-728
818118.788960739,250,230,dummy-728
818123.726971849,250,230,dummy-728
818164.529936668,250,230,dummy-728
817875.078706514,250,230,dummy-701
817942.2663017,250,230,dummy-701
818112.684331891,250,230,dummy-701
817961.065687373,250,230,dummy-749
817961.095718484,250,230,dummy-749
817986.682916086,250,230,dummy-749
818002.682974776,250,230,dummy-749
818045.852970667,250,230,dummy-749
818071.398585237,250,230,dummy-749
817895.419319855,250,230,dummy-243
818099.21602466,250,230,dummy-243
818133.510778295,250,230,dummy-243
817913.399201937,250,230,dummy-587
817959.149743181,250,230,dummy-587
817975.18519508,250,230,dummy-587
818149.708584835,250,230,dummy-587
817927.811387324,250,230,dummy-313
817930.839347509,250,230,dummy-313
817958.905467278,250,230,dummy-313
818170.587404007,250,230,dummy-313
818036.222402121,250,230,dummy-403
818064.110038441,250,230,dummy-403
818079.852655375,250,230,dummy-403
817901.716126549,250,230,dummy-546
817931.474596752,250,230,dummy-546
817968.602324183,250,230,dummy-546
817998.043017348,250,230,dummy-546
818165.572478148,250,230,dummy-546
818169.359557592,250,230,dummy-546
817882.304950564,250,230,dummy-324
817908.901455666,250,230,dummy-324
818098.256116369,250,230,dummy-324
817976.875263389,250,230,dummy-707
817991.895504738,250,230,dummy-707
818131.645646892,250,230,dummy-707
818157.44674157,250,230,dummy-707
818011.130038749,250,230,dummy-412
818064.753922227,250,230,dummy-412
817881.956131553,250,230,dummy-88
818103.274951551,250,230,dummy-88
817928.662262402,250,230,dummy-134
818124.27141682,250,230,dummy-134
817953.583853621,250,230,dummy-206
817957.055005669,250,230,dummy-206
818005.269940505,250,230,dummy-206
818122.584050345,250,230,dummy-206
818127.140509907,250,230,dummy-206
818128.860388269,250,230,dummy-89
818150.8290567,250,230,dummy-173
817902.729705435,250,230,dummy-137
817959.997769132,250,230,dummy-137
817898.44416891,250,230,dummy-186
818135.80163474,250,230,dummy-186
818004.270018389,250,230,dummy-334
818073.195565571,250,230,dummy-334
818080.977696844,250,230,dummy-334
818099.16631623,250,230,dummy-334
818140.121211501,250,230,dummy-334
817966.047766332,250,230,dummy-387
818102.382122749,250,230,dummy-387
817881.23607207,250,230,dummy-40
817988.170167738,250,230,dummy-40
818151.449834278,250,230,dummy-40
818041.54502638,250,230,dummy-315
818067.272737451,250,230,dummy-315
818079.314578738,250,230,dummy-315
818155.504435199,250,230,dummy-315
817935.363867551,250,230,dummy-499
818051.24195643,250,230,dummy-499
818086.001729971,250,230,dummy-499
818047.402269388,250,230,dummy-106
818097.365713566,250,230,dummy-106
818015.996394185,250,230,dummy-378
818080.858727112,250,230,dummy-266
817879.967119407,250,230,dummy-404
817907.69445867,250,230,dummy-404
817913.16413812,250,230,dummy-404
817921.912756702,250,230,dummy-404
818039.531856195,250,230,dummy-404
818106.051390615,250,230,dummy-404
818129.777624849,250,230,dummy-404
817888.835551833,250,230,dummy-349
817953.547218365,250,230,dummy-349
817891.345763744,250,230,dummy-263
817911.982242431,250,230,dummy-263
818040.840018233,250,230,dummy-263
818050.415057129,250,230,dummy-263
818168.901066007,250,230,dummy-263
817879.627892742,250,230,dummy-55
818013.307508023,250,230,dummy-55
817882.990541642,250,230,dummy-78
818066.371394455,250,230,dummy-78
818121.932250923,250,230,dummy-78
818160.452137666,250,230,dummy-78
818160.835414692,250,230,dummy-78
817891.832908673,250,230,dummy-149
817932.067382606,250,230,dummy-149
818058.179478877,250,230,dummy-149
818061.719007955,250,230,dummy-149
818078.661989225,250,230,dummy-149
817884.644144924,250,230,dummy-432
817931.218997908,250,230,dummy-432
817966.410700258,250,230,dummy-432
818042.637082409,250,230,dummy-432
818110.434405584,250,230,dummy-432
817912.894900391,250,230,dummy-675
817957.305965152,250,230,dummy-675
818154.900015028,250,230,dummy-675
818060.238255116,250,230,dummy-247
818073.644274939,250,230,dummy-247
817883.108537535,250,230,dummy-459
817914.703225345,250,230,dummy-459
818012.875732019,250,230,dummy-459
818036.752636881,250,230,dummy-459
818070.566643704,250,230,dummy-459
818097.370613096,250,230,dummy-459
818142.040951643,250,230,dummy-459
818150.46246477,250,230,dummy-459
817917.800259226,250,230,dummy-461
817930.650504606,250,230,dummy-461
817945.454000487,250,230,dummy-461
817973.010590164,250,230,dummy-461
818104.254652346,250,230,dummy-461
817905.514187271,250,230,dummy-246
817964.998580256,250,230,dummy-246
817979.572628209,250,230,dummy-246
818066.250462053,250,230,dummy-246
818096.521355825,250,230,dummy-246
817918.218095538,250,230,dummy-571
817943.701719063,250,230,dummy-659
818034.332191763,250,230,dummy-659
818153.117388637,250,230,dummy-659
818161.218501227,250,230,dummy-659
818050.991364916,250,230,dummy-27
818076.986005225,250,230,dummy-27
818105.603429055,250,230,dummy-27
818120.504526788,250,230,dummy-27
817884.035608916,250,230,dummy-2
817989.30289216,250,230,dummy-2
818062.643810724,250,230,dummy-2
818082.76486784,250,230,dummy-2
817947.131777007,250,230,dummy-405
817964.348542372,250,230,dummy-405
818013.086106577,250,230,dummy-405
818034.037249852,250,230,dummy-405
818134.193595097,250,230,dummy-405
817940.223785075,250,230,dummy-398
817980.641091505,250,230,dummy-398
818001.157754097,250,230,dummy-398
818077.442726426,250,230,dummy-318
818101.460883094,250,230,dummy-318
818133.691277611,250,230,dummy-318
817913.841377355,250,230,dummy-416
818009.45055717,250,230,dummy-416
818156.474874509,250,230,dummy-416
817993.193075662,250,230,dummy-368
818020.051547242,250,230,dummy-368
818064.769006673,250,230,dummy-368
817968.066536434,250,230,dummy-295
818072.362784677,250,230,dummy-295
818129.113056233,250,230,dummy-295
817931.889781155,250,230,dummy-767
817994.597954356,250,230,dummy-767
818056.22486179,250,230,dummy-767
818147.714213303,250,230,dummy-767
818054.489699017,250,230,dummy-448
817960.910257327,250,230,dummy-212
817964.407690581,250,230,dummy-212
818036.952386005,250,230,dummy-212
817903.315702031,250,230,dummy-601
817916.508470425,250,230,dummy-601
818091.839589232,250,230,dummy-601
817954.199263111,250,230,dummy-265
817959.884882474,250,230,dummy-265
818065.269840111,250,230,dummy-265
818015.249783607,250,230,dummy-558
818036.240598118,250,230,dummy-558
818117.548884045,250,230,dummy-558
817876.837264208,250,230,dummy-47
818009.429226698,250,230,dummy-47
818097.634414995,250,230,dummy-47
817964.978512329,250,230,dummy-344
817972.77465002,250,230,dummy-344
818149.914944204,250,230,dummy-344
817877.556563392,250,230,dummy-532
818059.822953849,250,230,dummy-532
817983.476572299,250,230,dummy-638
818149.731308849,250,230,dummy-638
817966.635492893,250,230,dummy-253
817986.666329272,250,230,dummy-253
817874.548454867,250,230,dummy-750
817883.192782501,250,230,dummy-750
817913.642083039,250,230,dummy-750
817952.977564434,250,230,dummy-750
817995.79496456,250,230,dummy-750
818000.77759877,250,230,dummy-750
818034.289373249,250,230,dummy-750
818092.435500029,250,230,dummy-750
818127.829624644,250,230,dummy-750
818141.985679241,250,230,dummy-750
818142.125139122,250,230,dummy-750
818147.178045932,250,230,dummy-750
817895.95397411,250,230,dummy-374
817896.935172873,250,230,dummy-374
817987.379072352,250,230,dummy-374
818006.196852342,250,230,dummy-374
818046.556560261,250,230,dummy-374
818081.443102002,250,230,dummy-374
818149.972281341,250,230,dummy-374
817905.413882673,250,230,dummy-366
818001.961317862,250,230,dummy-366
818053.676041642,250,230,dummy-366
818061.333907892,250,230,dummy-366
818116.897525549,250,230,dummy-366
817909.344813971,250,230,dummy-280
817989.066121029,250,230,dummy-280
818048.25627564,250,230,dummy-280
818084.18541183,250,230,dummy-280
818160.013836295,250,230,dummy-280
817906.448164483,250,230,dummy-521
817914.900010849,250,230,dummy-521
818050.391451918,250,230,dummy-521
818121.23177203,250,230,dummy-521
818030.60420867,250,230,dummy-400
818041.848758674,250,230,dummy-400
818063.232573469,250,230,dummy-400
817874.667793981,250,230,dummy-766
817880.936532996,250,230,dummy-766
818052.095430727,250,230,dummy-766
817899.581796845,250,230,dummy-713
817934.044208793,250,230,dummy-713
817967.87725531,250,230,dummy-713
817977.162392175,250,230,dummy-713
818022.391963755,250,230,dummy-713
818146.878763553,250,230,dummy-713
817942.640507183,250,230,dummy-737
817971.770760072,250,230,dummy-737
817978.481954422,250,230,dummy-737
818003.262192119,250,230,dummy-737
818052.832964421,250,230,dummy-737
818144.790680749,250,230,dummy-737
817933.494419558,250,230,dummy-188
817995.626063947,250,230,dummy-188
818044.535432112,250,230,dummy-188
818075.89338888,250,230,dummy-188
817958.443408262,250,230,dummy-710
818098.946485621,250,230,dummy-710
817911.28717132,250,230,dummy-257
817945.738113328,250,230,dummy-257
817983.263762079,250,230,dummy-257
818092.251067702,250,230,dummy-257
818154.530362723,250,230,dummy-257
817896.363508791,250,230,dummy-164
817952.92280033,250,230,dummy-164
818103.269980007,250,230,dummy-164
817913.656871331,250,230,dummy-700
817966.942117344,250,230,dummy-700
817989.336367519,250,230,dummy-700
818009.728241171,250,230,dummy-700
818049.538593379,250,230,dummy-700
818051.42005457,250,230,dummy-700
818067.399911367,250,230,dummy-700
818074.088789064,250,230,dummy-700
818149.723516297,250,230,dummy-700
817894.789527031,250,230,dummy-427
817951.258366652,250,230,dummy-427
818058.457899644,250,230,dummy-427
818096.371278926,250,230,dummy-427
818133.044950382,250,230,dummy-427
818155.057990803,250,230,dummy-427
817875.690743626,250,230,dummy-183
817915.47095071,250,230,dummy-183
817981.232270938,250,230,dummy-183
818147.130406438,250,230,dummy-183
817890.556687014,250,230,dummy-681
817903.647019412,250,230,dummy-681
817997.732078862,250,230,dummy-681
818008.540165038,250,230,dummy-681
818119.156930375,250,230,dummy-681
818151.281882651,250,230,dummy-681
817918.590339194,250,230,dummy-209
817967.621326734,250,230,dummy-209
817980.066865294,250,230,dummy-209
818090.563017049,250,230,dummy-209
818123.83291698,250,230,dummy-209
818143.134087704,250,230,dummy-209
818170.010290666,250,230,dummy-209
817959.569314333,250,230,dummy-177
817993.616704311,250,230,dummy-177
818062.753499319,250,230,dummy-177
818067.23764577,250,230,dummy-177
817954.553317278,250,230,dummy-174
817986.466969417,250,230,dummy-174
818013.281428378,250,230,dummy-174
818076.388896516,250,230,dummy-174
817973.471288863,250,230,dummy-12
817998.700903694,250,230,dummy-12
818011.843094269,250,230,dummy-12
818039.842762388,250,230,dummy-12
818062.416835267,250,230,dummy-12
818111.955813215,250,230,dummy-12
818113.977375017,250,230,dummy-12
818140.807286015,250,230,dummy-12
818010.623803137,250,230,dummy-45
818083.049645971,250,230,dummy-45
818138.416747783,250,230,dummy-45
817998.50887139,250,230,dummy-674
818119.962641653,250,230,dummy-674
817905.698718504,250,230,dummy-218
817940.68324466,250,230,dummy-218
817990.135850685,250,230,dummy-218
818002.28781013,250,230,dummy-218
818076.6064617,250,230,dummy-218
818146.828308169,250,230,dummy-218
817893.319824266,250,230,dummy-664
817913.208425495,250,230,dummy-664
817914.669900209,250,230,dummy-664
817932.420745174,250,230,dummy-664
817935.412426936,250,230,dummy-664
817965.515248335,250,230,dummy-664
818003.406773393,250,230,dummy-664
818107.049094346,250,230,dummy-664
817949.144438196,250,230,dummy-604
817890.848843418,250,230,dummy-625
818025.358363898,250,230,dummy-625
818105.31176544,250,230,dummy-625
818116.811471924,250,230,dummy-625
818172.385741583,250,230,dummy-625
817933.222979198,250,230,dummy-232
817989.059115466,250,230,dummy-232
818031.696922112,250,230,dummy-232
818057.56210808,250,230,dummy-232
818122.059120732,250,230,dummy-232
817921.782547539,250,230,dummy-669
818096.710337807,250,230,dummy-669
818129.384576221,250,230,dummy-669
818083.575707473,250,230,dummy-63
818154.986769211,250,230,dummy-63
818019.202388096,250,230,dummy-383
818085.137456072,250,230,dummy-383
818145.875027447,250,230,dummy-383
818146.694068992,250,230,dummy-383
817898.564088571,250,230,dummy-360
818049.457598667,250,230,dummy-360
818116.682210317,250,230,dummy-360
818146.967409372,250,230,dummy-360
817921.724235936,250,230,dummy-202
818079.928625939,250,230,dummy-202
817949.907500342,250,230,dummy-309
818048.954700936,250,230,dummy-309
818065.655285037,250,230,dummy-309
818066.837880915,250,230,dummy-309
818108.514403915,250,230,dummy-309
818115.340470297,250,230,dummy-309
817900.329906071,250,230,dummy-201
818004.352426835,250,230,dummy-201
818157.595115094,250,230,dummy-201
818063.771536455,250,230,dummy-475
818155.748605833,250,230,dummy-475
817878.403164113,250,230,dummy-486
817878.447556099,250,230,dummy-486
817883.70125045,250,230,dummy-486
817919.07374406,250,230,dummy-486
817919.447372928,250,230,dummy-486
817926.623569163,250,230,dummy-486
818064.659983555,250,230,dummy-486
817878.810745915,250,230,dummy-673
818008.732601571,250,230,dummy-673
818048.755291088,250,230,dummy-673
818065.240538117,250,230,dummy-673
818100.476840827,250,230,dummy-673
818136.867314326,250,230,dummy-673
818151.603518874,250,230,dummy-673
817918.29171744,250,230,dummy-738
817913.34064406,250,230,dummy-670
817984.784760855,250,230,dummy-670
818080.501145611,250,230,dummy-670
818107.715417199,250,230,dummy-670
817884.039005633,250,230,dummy-288
817988.062769873,250,230,dummy-288
818046.601985526,250,230,dummy-288
818071.003819914,250,230,dummy-288
817975.241851769,250,230,dummy-294
817989.720940735,250,230,dummy-294
817998.581239081,250,230,dummy-294
818062.941128793,250,230,dummy-294
818137.054766362,250,230,dummy-294
818161.243578377,250,230,dummy-294
817993.656144174,250,230,dummy-394
818085.717464381,250,230,dummy-394
818160.859182357,250,230,dummy-394
817909.165290676,250,230,dummy-91
818061.907110159,250,230,dummy-91
817986.630334603,250,230,dummy-353
818033.679954045,250,230,dummy-353
818070.177890369,250,230,dummy-353
818075.285273657,250,230,dummy-353
817899.727257986,250,230,dummy-93
817910.621152228,250,230,dummy-93
817950.470679937,250,230,dummy-93
817963.505355762,250,230,dummy-93
817981.110054152,250,230,dummy-93
818046.652577705,250,230,dummy-93
818082.495356584,250,230,dummy-93
818128.118403067,250,230,dummy-93
817973.206593645,250,230,dummy-631
817973.935298233,250,230,dummy-631
817987.354761926,250,230,dummy-631
818039.783549333,250,230,dummy-631
817874.970749374,250,230,dummy-455
817919.195193134,250,230,dummy-455
818006.49463886,250,230,dummy-455
818109.050184956,250,230,dummy-455
818117.323101218,250,230,dummy-455
817921.434557851,250,230,dummy-57
817945.455870795,250,230,dummy-57
817948.560192451,250,230,dummy-57
818003.050481879,250,230,dummy-57
818028.02103039,250,230,dummy-57
817976.45059212,250,230,dummy-332
818036.638935682,250,230,dummy-332
818097.799291675,250,230,dummy-332
818115.439207543,250,230,dummy-332
817874.631018223,250,230,dummy-119
817903.647045197,250,230,dummy-119
817912.872265939,250,230,dummy-119
818024.107811466,250,230,dummy-119
817946.856208227,250,230,dummy-255
818117.253740046,250,230,dummy-705
818156.697903828,250,230,dummy-705
817957.772908189,250,230,dummy-401
818035.070993585,250,230,dummy-279
818103.022013117,250,230,dummy-279
817991.993637076,250,230,dummy-590
818101.891203594,250,230,dummy-590
818142.374211939,250,230,dummy-590
817949.264333334,250,230,dummy-682
817966.915148609,250,230,dummy-682
817969.581285829,250,230,dummy-682
818078.244207801,250,230,dummy-682
817949.250736091,250,230,dummy-194
817952.977591347,250,230,dummy-194
817963.889801134,250,230,dummy-194
818014.729525077,250,230,dummy-194
818076.139686727,250,230,dummy-194
818089.948421764,250,230,dummy-194
818103.00725773,250,230,dummy-194
817901.713542919,250,230,dummy-128
817922.911576756,250,230,dummy-128
817950.557404549,250,230,dummy-128
818015.9249058,250,230,dummy-128
818061.593245215,250,230,dummy-128
818091.676534973,250,230,dummy-128
818130.716173861,250,230,dummy-128
817923.885347911,250,230,dummy-35
818158.592799893,250,230,dummy-35
817932.550970137,250,230,dummy-76
817939.552484248,250,230,dummy-76
818050.62868072,250,230,dummy-76
818169.914456049,250,230,dummy-76
817930.809404393,250,230,dummy-617
818023.577513431,250,230,dummy-617
818024.67790712,250,230,dummy-617
818052.603966453,250,230,dummy-617
818055.00818597,250,230,dummy-617
818097.613647826,250,230,dummy-617
818099.04716335,250,230,dummy-617
818125.485636449,250,230,dummy-617
818129.389102242,250,230,dummy-617
817947.768159959,250,230,dummy-425
818092.884669605,250,230,dummy-425
818104.739692801,250,230,dummy-425
817896.479097994,250,230,dummy-603
817954.355278645,250,230,dummy-603
817989.807718691,250,230,dummy-603
817996.786518208,250,230,dummy-603
818057.545854246,250,230,dummy-603
817956.049639785,250,230,dummy-58
817958.840229202,250,230,dummy-58
817998.795444098,250,230,dummy-58
817877.39231166,250,230,dummy-126
818124.304302257,250,230,dummy-126
817956.347904268,250,230,dummy-129
818064.220819176,250,230,dummy-129
818097.27467452,250,230,dummy-129
818169.143291444,250,230,dummy-129
817910.951589353,250,230,dummy-104
817919.598718124,250,230,dummy-104
817934.439299063,250,230,dummy-104
817999.418540172,250,230,dummy-104
818010.524929289,250,230,dummy-104
818012.731448009,250,230,dummy-104
818035.320604428,250,230,dummy-104
818105.04206274,250,230,dummy-104
818141.859700326,250,230,dummy-104
817885.51654874,250,230,dummy-64
817940.678188048,250,230,dummy-64
818026.291195089,250,230,dummy-64
818082.694775721,250,230,dummy-64
818096.459501408,250,230,dummy-64
817941.933042727,250,230,dummy-276
818067.744180597,250,230,dummy-276
818111.948336706,250,230,dummy-276
817874.258652341,250,230,dummy-341
817928.750592653,250,230,dummy-341
817957.864076724,250,230,dummy-341
817875.371358955,250,230,dummy-100
817947.965324132,250,230,dummy-100
817968.029895643,250,230,dummy-100
818011.641398135,250,230,dummy-100
817889.388091434,250,230,dummy-758
817908.945530593,250,230,dummy-758
818044.530610195,250,230,dummy-758
817943.998698508,250,230,dummy-397
818092.106201174,250,230,dummy-397
818124.028106883,250,230,dummy-397
818146.882169701,250,230,dummy-397
818105.472822445,250,230,dummy-370
817911.121676839,250,230,dummy-547
817937.031748928,250,230,dummy-547
818026.616376797,250,230,dummy-547
818036.283231952,250,230,dummy-547
818106.663233859,250,230,dummy-547
818161.336294625,250,230,dummy-547
818034.020057737,250,230,dummy-382
818096.632902883,250,230,dummy-382
818128.363647975,250,230,dummy-382
818159.037723754,250,230,dummy-382
817877.46783882,250,230,dummy-544
817912.170101973,250,230,dummy-544
817942.619211176,250,230,dummy-544
818004.385184559,250,230,dummy-544
818038.873503001,250,230,dummy-544
818049.538550343,250,230,dummy-544
817904.767312415,250,230,dummy-481
817916.923408663,250,230,dummy-481
818001.598471853,250,230,dummy-481
818103.779523783,250,230,dummy-481
818149.877367867,250,230,dummy-481
817986.932711905,250,230,dummy-373
817998.364928661,250,230,dummy-373
818026.640020509,250,230,dummy-373
818139.794435183,250,230,dummy-373
817949.761215247,250,230,dummy-602
817992.391807919,250,230,dummy-602
817967.33270668,250,230,dummy-752
818097.287301354,250,230,dummy-752
818129.042878957,250,230,dummy-752
818144.689945058,250,230,dummy-752
818136.252371497,250,230,dummy-4
818139.147495811,250,230,dummy-4
817900.406178351,250,230,dummy-628
817902.373011048,250,230,dummy-628
817902.799430924,250,230,dummy-628
817909.757204647,250,230,dummy-628
817983.72847737,250,230,dummy-628
818036.584450566,250,230,dummy-628
818040.891566111,250,230,dummy-628
818105.075741328,250,230,dummy-718
818149.833743811,250,230,dummy-718
817883.001420742,250,230,dummy-138
817899.418253433,250,230,dummy-138
818129.799658797,250,230,dummy-138
817875.708899827,250,230,dummy-44
817897.8944866,250,230,dummy-44
817940.324836175,250,230,dummy-44
817949.35022217,250,230,dummy-44
817990.85627545,250,230,dummy-44
818154.854544775,250,230,dummy-742
817882.81719067,250,230,dummy-605
818146.993782703,250,230,dummy-605
818161.714419313,250,230,dummy-393
817910.447594825,250,230,dummy-516
817942.444985293,250,230,dummy-516
817967.792335827,250,230,dummy-516
818063.108829409,250,230,dummy-516
818132.699062197,250,230,dummy-516
818139.304304849,250,230,dummy-516
817928.835435058,250,230,dummy-671
817890.508658839,250,230,dummy-633
817918.837626807,250,230,dummy-633
817935.283629788,250,230,dummy-633
818109.914870503,250,230,dummy-633
818166.740413633,250,230,dummy-633
817904.645719377,250,230,dummy-662
817945.235372762,250,230,dummy-662
818087.217012865,250,230,dummy-662
817881.607910451,250,230,dummy-716
817897.192923932,250,230,dummy-716
817955.925442169,250,230,dummy-716
818026.61633458,250,230,dummy-716
818028.90976533,250,230,dummy-716
818107.135216936,250,230,dummy-716
818135.80168657,250,230,dummy-716
817949.960286522,250,230,dummy-429
818074.763927729,250,230,dummy-429
817979.926673416,250,230,dummy-287
818058.983851407,250,230,dummy-287
818162.069171222,250,230,dummy-287
817995.315449604,250,230,dummy-649
818008.132968154,250,230,dummy-649
818031.453548681,250,230,dummy-649
818008.218765915,250,230,dummy-698
818121.66617406,250,230,dummy-698
818144.989117349,250,230,dummy-698
818134.478323,250,230,dummy-554
818153.330146474,250,230,dummy-554
817898.358982112,250,230,dummy-83
817980.007805615,250,230,dummy-83
818168.304308686,250,230,dummy-83
817909.652075073,250,230,dummy-684
817939.885592486,250,230,dummy-147
818000.968170629,250,230,dummy-147
818036.560017644,250,230,dummy-147
817901.091419142,250,230,dummy-722
817902.909623337,250,230,dummy-148
818172.292539107,250,230,dummy-148
817895.770281287,250,230,dummy-264
818061.38213493,250,230,dummy-264
818088.059184286,250,230,dummy-264
818115.123720322,250,230,dummy-264
817893.639877963,250,230,dummy-244
817971.659252946,250,230,dummy-244
818108.146815059,250,230,dummy-244
818120.167754335,250,230,dummy-244
817976.671655365,250,230,dummy-267
818027.371110202,250,230,dummy-267
818110.254369926,250,230,dummy-267
818121.248460363,250,230,dummy-267
818163.257342752,250,230,dummy-267
818043.776012271,250,230,dummy-727
817894.731610157,250,230,dummy-548
818118.693890801,250,230,dummy-548
818136.300117348,250,230,dummy-548
817919.038556294,250,230,dummy-231
817954.448554531,250,230,dummy-231
818025.958346041,250,230,dummy-231
818109.990049455,250,230,dummy-231
818113.091477454,250,230,dummy-231
818000.975500773,250,230,dummy-50
818077.675635725,250,230,dummy-50
818164.440684903,250,230,dummy-50
817911.685154432,250,230,dummy-167
817992.09230534,250,230,dummy-167
818055.869935871,250,230,dummy-167
818057.244996583,250,230,dummy-167
818122.655693401,250,230,dummy-167
817906.817176997,250,230,dummy-29
817971.133006513,250,230,dummy-29
818110.90898619,250,230,dummy-29
818135.832967304,250,230,dummy-29
818172.50868695,250,230,dummy-29
817954.711656482,250,230,dummy-418
817958.050896364,250,230,dummy-418
818043.615864933,250,230,dummy-418
818121.612144046,250,230,dummy-418
818170.072089578,250,230,dummy-418
817954.45740588,250,230,dummy-68
818056.981452919,250,230,dummy-68
818134.341089851,250,230,dummy-68
817889.425980949,250,230,dummy-619
818076.193643004,250,230,dummy-619
818082.593163967,250,230,dummy-619
818157.7519032,250,230,dummy-619
817888.35836049,250,230,dummy-75
817974.035257078,250,230,dummy-75
818146.592627559,250,230,dummy-75
818128.815613456,250,230,dummy-395
817900.739165703,250,230,dummy-127
818054.259598645,250,230,dummy-127
818123.013848526,250,230,dummy-127
817964.608017088,250,230,dummy-94
818007.764989931,250,230,dummy-94
817958.54772839,250,230,dummy-133
818001.75960561,250,230,dummy-133
818057.496581338,250,230,dummy-133
818123.002924491,250,230,dummy-133
817910.349942625,250,230,dummy-480
818146.597425108,250,230,dummy-480
817944.496115986,250,230,dummy-72
818127.188221304,250,230,dummy-72
818138.189933319,250,230,dummy-561
817892.557178242,250,230,dummy-686
817896.434222476,250,230,dummy-564
817904.656988733,250,230,dummy-564
818023.81426281,250,230,dummy-564
817926.937699665,250,230,dummy-361
818046.180993233,250,230,dummy-361
817941.670336182,250,230,dummy-184
818132.460364304,250,230,dummy-184
818032.521454716,250,230,dummy-645
817886.935102172,250,230,dummy-762
817897.173468988,250,230,dummy-762
817900.771773711,250,230,dummy-762
817952.370552888,250,230,dummy-762
817980.704940439,250,230,dummy-762
817981.975357761,250,230,dummy-762
818135.009088023,250,230,dummy-165
817894.26522143,250,230,dummy-158
817900.001313546,250,230,dummy-158
817912.236534324,250,230,dummy-158
818052.503867029,250,230,dummy-158
818138.091983089,250,230,dummy-158
818152.529285926,250,230,dummy-158
817891.741810137,250,230,dummy-444
817989.597559036,250,230,dummy-444
818021.272047249,250,230,dummy-444
818047.324145085,250,230,dummy-444
818057.840601169,250,230,dummy-444
818131.471787732,250,230,dummy-444
817880.289862219,250,230,dummy-764
817923.609159834,250,230,dummy-764
817954.501073207,250,230,dummy-764
817985.076981192,250,230,dummy-764
818000.494656403,250,230,dummy-764
818028.798158079,250,230,dummy-764
818154.206351043,250,230,dummy-764
817881.080686678,250,230,dummy-271
817986.8084754,250,230,dummy-271
818027.860386324,250,230,dummy-271
818096.434249183,250,230,dummy-271
818124.692945069,250,230,dummy-271
818138.808123233,250,230,dummy-271
817952.635873336,250,230,dummy-593
818103.785872191,250,230,dummy-593
818141.097330334,250,230,dummy-593
817921.838163054,250,230,dummy-417
818003.261974496,250,230,dummy-417
818028.609953351,250,230,dummy-417
818052.372974297,250,230,dummy-417
818094.488553785,250,230,dummy-417
817935.786647476,250,230,dummy-579
817989.208367113,250,230,dummy-579
818001.820913915,250,230,dummy-579
818135.322914803,250,230,dummy-579
817932.419936626,250,230,dummy-663
818163.060487108,250,230,dummy-663
817984.148687655,250,230,dummy-21
818132.949109796,250,230,dummy-21
818167.73224957,250,230,dummy-21
817921.723758132,250,230,dummy-139
817908.639496876,250,230,dummy-79
817922.939792737,250,230,dummy-79
817943.255754736,250,230,dummy-470
817992.362282549,250,230,dummy-470
818089.92860645,250,230,dummy-470
818137.665785172,250,230,dummy-470
817876.195637914,250,230,dummy-124
817879.461272776,250,230,dummy-124
817960.632444029,250,230,dummy-124
818081.05350245,250,230,dummy-124
818115.891524527,250,230,dummy-124
817899.471374067,250,230,dummy-60
818167.493531604,250,230,dummy-60
817941.873072516,250,230,dummy-739
818018.29217992,250,230,dummy-739
818154.078416819,250,230,dummy-739
817880.136115371,250,230,dummy-592
817980.573247866,250,230,dummy-592
818043.914036162,250,230,dummy-592
818088.528644595,250,230,dummy-592
818099.187904113,250,230,dummy-592
817961.672260055,250,230,dummy-763
818091.157258111,250,230,dummy-763
818104.70350155,250,230,dummy-763
818113.686856201,250,230,dummy-763
818165.268209329,250,230,dummy-763
817888.368355508,250,230,dummy-721
817946.64286953,250,230,dummy-721
817984.663565822,250,230,dummy-721
817962.030741658,250,230,dummy-99
818004.939754097,250,230,dummy-99
818043.140333481,250,230,dummy-99
818050.197938471,250,230,dummy-99
818054.610910215,250,230,dummy-99
818061.178474134,250,230,dummy-99
818001.41635311,250,230,dummy-511
818044.231501358,250,230,dummy-511
818096.71630686,250,230,dummy-511
818105.590283055,250,230,dummy-511
818001.673198068,250,230,dummy-747
818054.004705785,250,230,dummy-747
817982.445927056,250,230,dummy-293
818118.7905756,250,230,dummy-293
818147.577614347,250,230,dummy-293
817950.086783339,250,230,dummy-278
818015.030623047,250,230,dummy-278
818152.420828124,250,230,dummy-278
817913.755527812,250,230,dummy-611
817897.446418354,250,230,dummy-411
818143.214137976,250,230,dummy-411
817878.042533649,250,230,dummy-583
817897.147707655,250,230,dummy-583
817948.824045031,250,230,dummy-583
818036.845201124,250,230,dummy-583
818090.467924043,250,230,dummy-583
818164.382216272,250,230,dummy-583
817885.376964097,250,230,dummy-220
817952.495599418,250,230,dummy-220
818111.261010572,250,230,dummy-220
818162.276081196,250,230,dummy-220
817950.16102186,250,230,dummy-525
818058.423163285,250,230,dummy-525
817941.857480845,250,230,dummy-48
818040.626869534,250,230,dummy-48
818143.081935414,250,230,dummy-48
817917.795181284,250,230,dummy-529
817932.684967049,250,230,dummy-529
817952.547787268,250,230,dummy-529
818023.15355693,250,230,dummy-529
818085.657828703,250,230,dummy-529
818135.687240663,250,230,dummy-529
817932.052558653,250,230,dummy-489
817958.11096226,250,230,dummy-489
817967.119372342,250,230,dummy-489
817983.852367144,250,230,dummy-489
818041.31500648,250,230,dummy-489
818068.317877686,250,230,dummy-489
817941.594055568,250,230,dummy-577
817968.419648431,250,230,dummy-577
818011.441812394,250,230,dummy-577
818079.894458045,250,230,dummy-577
817951.103673178,250,230,dummy-118
818052.247707599,250,230,dummy-118
817889.841425308,250,230,dummy-594
817941.481113321,250,230,dummy-594
817981.950658633,250,230,dummy-594
818086.68390675,250,230,dummy-743
818137.2071615,250,230,dummy-743
818158.100985822,250,230,dummy-743
817875.456480344,250,230,dummy-54
817940.934984417,250,230,dummy-336
818159.802523745,250,230,dummy-336
818160.025065,250,230,dummy-336
817934.365219662,250,230,dummy-32
817949.093882115,250,230,dummy-32
818013.151808287,250,230,dummy-32
818088.581381403,250,230,dummy-32
818138.137268534,250,230,dummy-32
818104.124385173,250,230,dummy-651
818145.102875936,250,230,dummy-651
817991.787331226,250,230,dummy-180
817993.922315087,250,230,dummy-180
817998.772236363,250,230,dummy-180
817889.185746617,250,230,dummy-322
817992.632287998,250,230,dummy-322
818089.286499689,250,230,dummy-322
818096.932460171,250,230,dummy-322
818161.092962769,250,230,dummy-322
817931.280253368,250,230,dummy-537
818000.222937003,250,230,dummy-537
818096.041539765,250,230,dummy-537
818120.837589151,250,230,dummy-537
817879.718773278,250,230,dummy-502
817931.938847993,250,230,dummy-502
818039.592020292,250,230,dummy-502
818047.223354408,250,230,dummy-502
818167.340521214,250,230,dummy-502
818043.784076371,250,230,dummy-238
817912.431978172,250,230,dummy-731
817921.21734516,250,230,dummy-731
818042.925427895,250,230,dummy-731
818051.200425304,250,230,dummy-731
817908.125946185,250,230,dummy-661
817926.258348686,250,230,dummy-661
818025.806156637,250,230,dummy-661
817947.590516665,250,230,dummy-607
817968.265647257,250,230,dummy-607
818119.871076062,250,230,dummy-607
818159.70221456,250,230,dummy-607
817873.312829235,250,230,dummy-380
817963.398599391,250,230,dummy-380
817984.931192017,250,230,dummy-380
817961.845710741,250,230,dummy-96
817978.242090865,250,230,dummy-96
818094.666648325,250,230,dummy-96
817917.081220299,250,230,dummy-719
817950.845002333,250,230,dummy-719
818156.126823437,250,230,dummy-719
817930.070602257,250,230,dummy-490
818027.243616156,250,230,dummy-490
818087.913607519,250,230,dummy-490
817940.348190692,250,230,dummy-726
817982.393257477,250,230,dummy-726
817887.81372823,250,230,dummy-492
817924.513589475,250,230,dummy-492
818066.757260469,250,230,dummy-492
818110.489395156,250,230,dummy-492
818122.073320432,250,230,dummy-492
817970.502076137,250,230,dummy-615
818014.995409826,250,230,dummy-615
818103.117312972,250,230,dummy-615
818171.774139181,250,230,dummy-615
818085.203455443,250,230,dummy-568
817912.882715962,250,230,dummy-510
817926.449775094,250,230,dummy-510
817966.814247429,250,230,dummy-510
818011.96150198,250,230,dummy-510
818052.218255498,250,230,dummy-510
818087.779817126,250,230,dummy-510
818106.272455689,250,230,dummy-510
818136.895151646,250,230,dummy-510
817884.25978277,250,230,dummy-86
818005.093614932,250,230,dummy-86
818005.221711119,250,230,dummy-86
818136.055090635,250,230,dummy-86
818060.509198236,250,230,dummy-222
817940.509140676,250,230,dummy-359
817968.602362671,250,230,dummy-359
817881.16847204,250,230,dummy-676
817918.579089941,250,230,dummy-676
817941.017626351,250,230,dummy-676
818037.865394743,250,230,dummy-676
818129.60463932,250,230,dummy-676
818137.420906098,250,230,dummy-676
817903.682199982,250,230,dummy-520
818090.707526284,250,230,dummy-350
818147.841780905,250,230,dummy-350
817874.065190548,250,230,dummy-84
817922.343834368,250,230,dummy-84
818051.419421462,250,230,dummy-84
817969.176637975,250,230,dummy-61
818096.949061589,250,230,dummy-61
818107.451389018,250,230,dummy-61
817888.739805493,250,230,dummy-507
818073.882066019,250,230,dummy-507
818121.46031441,250,230,dummy-507
818128.896317448,250,230,dummy-507
817953.861370828,250,230,dummy-379
818017.187607759,250,230,dummy-379
818024.206970296,250,230,dummy-323
818025.761224696,250,230,dummy-323
818007.978251705,250,230,dummy-5
817997.299064103,250,230,dummy-207
818097.52509834,250,230,dummy-207
818132.774418605,250,230,dummy-207
818134.242273047,250,230,dummy-207
