arrival_time,input_tokens,output_tokens,adapter
817996.421301472,250,230,dummy-715
818162.033724146,250,230,dummy-715
818188.710922946,250,230,dummy-715
818215.775510454,250,230,dummy-715
817978.877557892,250,230,dummy-644
818088.27024779,250,230,dummy-644
818248.594956369,250,230,dummy-644
818005.450831324,250,230,dummy-109
817978.694263256,250,230,dummy-270
817997.80095432,250,230,dummy-270
818049.47616604,250,230,dummy-270
818137.497806725,250,230,dummy-270
818191.121032313,250,230,dummy-270
818265.035269696,250,230,dummy-270
818256.15342697,250,230,dummy-760
818124.363830108,250,230,dummy-408
818151.641254057,250,230,dummy-408
818184.776748035,250,230,dummy-408
818198.167461982,250,230,dummy-408
817974.026169138,250,230,dummy-376
817996.498463242,250,230,dummy-376
818015.746542762,250,230,dummy-376
818041.621639674,250,230,dummy-376
818214.4843808,250,230,dummy-376
818241.579847591,250,230,dummy-376
817984.981011002,250,230,dummy-754
818102.859804556,250,230,dummy-754
818125.930808003,250,230,dummy-754
818135.667666609,250,230,dummy-754
818168.126048073,250,230,dummy-754
818182.447923139,250,230,dummy-754
818232.8041064,250,230,dummy-754
818251.480088042,250,230,dummy-512
818249.73412722,250,230,dummy-192
818252.125370911,250,230,dummy-192
818144.435731762,250,230,dummy-643
818142.764474988,250,230,dummy-494
818175.661319124,250,230,dummy-494
818247.228675267,250,230,dummy-494
817979.128983658,250,230,dummy-381
817997.811033237,250,230,dummy-381
818096.502798493,250,230,dummy-381
818172.815445789,250,230,dummy-381
818265.360605635,250,230,dummy-381
818003.380827305,250,230,dummy-65
818060.649149869,250,230,dummy-65
817989.009297012,250,230,dummy-692
818074.686017475,250,230,dummy-692
818247.243286991,250,230,dummy-692
817999.664000227,250,230,dummy-476
818010.746984582,250,230,dummy-476
818028.491178402,250,230,dummy-476
818061.988449234,250,230,dummy-476
818070.575078524,250,230,dummy-476
818097.563533717,250,230,dummy-476
817981.152630331,250,230,dummy-504
817996.344747347,250,230,dummy-504
818200.736288163,250,230,dummy-504
817990.225824646,250,230,dummy-190
818022.632667319,250,230,dummy-190
818078.422892097,250,230,dummy-190
818196.557255917,250,230,dummy-190
818081.188586924,250,230,dummy-585
818107.253122902,250,230,dummy-585
818129.076129203,250,230,dummy-585
818133.204698234,250,230,dummy-585
818242.734173785,250,230,dummy-585
818021.744059754,250,230,dummy-391
818064.984114518,250,230,dummy-391
818131.039598865,250,230,dummy-391
818185.188395051,250,230,dummy-391
818236.235710282,250,230,dummy-391
818130.703031401,250,230,dummy-226
818200.997090997,250,230,dummy-226
818206.767631279,250,230,dummy-226
818273.296373573,250,230,dummy-226
818069.032205508,250,230,dummy-725
818098.740880175,250,230,dummy-725
818213.175142934,250,230,dummy-725
818234.531995221,250,230,dummy-725
818161.918088956,250,230,dummy-549
818245.761335194,250,230,dummy-549
818259.743710491,250,230,dummy-549
818115.360073006,250,230,dummy-187
818227.811331032,250,230,dummy-187
818242.031895314,250,230,dummy-187
818002.696192321,250,230,dummy-268
818103.158349622,250,230,dummy-268
818118.034061008,250,230,dummy-268
818127.801411054,250,230,dummy-268
818201.865274457,250,230,dummy-268
818234.004905488,250,230,dummy-268
818051.529404333,250,230,dummy-600
818060.413414941,250,230,dummy-600
818116.917937506,250,230,dummy-600
818149.225640175,250,230,dummy-600
818156.323383466,250,230,dummy-90
818232.847397945,250,230,dummy-73
818015.904138462,250,230,dummy-487
818052.80745318,250,230,dummy-487
818108.010287181,250,230,dummy-487
818135.137586601,250,230,dummy-487
818176.845393193,250,230,dummy-487
818183.244625374,250,230,dummy-487
818258.403189876,250,230,dummy-487
817987.804250157,250,230,dummy-573
817992.489890798,250,230,dummy-573
818022.27321449,250,230,dummy-573
818090.465543751,250,230,dummy-573
818002.2340011,250,230,dummy-25
818141.088440614,250,230,dummy-25
818193.214166964,250,230,dummy-25
818230.071846059,250,230,dummy-25
818242.261070922,250,230,dummy-25
818062.973674705,250,230,dummy-632
818191.660960586,250,230,dummy-632
818211.758605156,250,230,dummy-632
818238.118127597,250,230,dummy-632
818011.431723528,250,230,dummy-252
818031.43469108,250,230,dummy-252
818074.160604952,250,230,dummy-252
818112.957401145,250,230,dummy-252
817976.086387,250,230,dummy-152
817986.089387104,250,230,dummy-152
818063.743276445,250,230,dummy-152
818194.497912213,250,230,dummy-152
817998.288509138,250,230,dummy-608
818007.386512623,250,230,dummy-608
818083.76010578,250,230,dummy-608
818206.380265611,250,230,dummy-608
818183.26990996,250,230,dummy-485
818087.58351039,250,230,dummy-285
818099.01596263,250,230,dummy-285
818127.290426733,250,230,dummy-285
818240.445063679,250,230,dummy-285
818036.416283128,250,230,dummy-768
818054.395507647,250,230,dummy-768
818112.200089195,250,230,dummy-768
818209.772689009,250,230,dummy-768
818212.549714087,250,230,dummy-768
818193.352733495,250,230,dummy-28
818273.437873777,250,230,dummy-28
818024.540632843,250,230,dummy-443
818173.767193543,250,230,dummy-443
818222.389683554,250,230,dummy-443
818261.00257824,250,230,dummy-443
818059.199740622,250,230,dummy-755
818102.411670637,250,230,dummy-755
818158.148609663,250,230,dummy-755
818223.654141622,250,230,dummy-755
818036.981860341,250,230,dummy-553
818231.552969364,250,230,dummy-553
818246.756813686,250,230,dummy-553
818017.876606725,250,230,dummy-757
818153.485550618,250,230,dummy-757
818027.566453466,250,230,dummy-610
818199.266340192,250,230,dummy-610
818007.306350675,250,230,dummy-672
817998.231014817,250,230,dummy-478
818068.075900269,250,230,dummy-478
818050.559725951,250,230,dummy-597
818149.606559736,250,230,dummy-597
818166.307944041,250,230,dummy-597
818167.490767083,250,230,dummy-597
818209.166135633,250,230,dummy-597
818215.991913976,250,230,dummy-597
817987.722283773,250,230,dummy-182
818171.82351248,250,230,dummy-182
818184.445126779,250,230,dummy-182
818012.336900459,250,230,dummy-665
818092.745722094,250,230,dummy-665
818156.52448698,250,230,dummy-665
818157.898716981,250,230,dummy-665
818223.311166128,250,230,dummy-665
817978.937715514,250,230,dummy-761
818038.815605043,250,230,dummy-761
818042.87778223,250,230,dummy-761
818095.726972133,250,230,dummy-761
818134.184591019,250,230,dummy-761
818152.137106317,250,230,dummy-761
818267.56606325,250,230,dummy-761
818044.959712611,250,230,dummy-172
818091.757739178,250,230,dummy-172
818101.32898232,250,230,dummy-172
818206.6502885,250,230,dummy-172
818223.686375679,250,230,dummy-205
818044.28084023,250,230,dummy-410
818180.341757817,250,230,dummy-410
818034.896026425,250,230,dummy-142
818065.55887145,250,230,dummy-142
818160.645664576,250,230,dummy-142
818181.508903635,250,230,dummy-562
818050.412605378,250,230,dummy-325
818093.043062947,250,230,dummy-325
817992.545520849,250,230,dummy-248
818025.30134853,250,230,dummy-248
818033.751855294,250,230,dummy-248
818130.562753375,250,230,dummy-248
818238.841577458,250,230,dummy-586
818175.192145919,250,230,dummy-689
818135.146450022,250,230,dummy-169
818029.275761255,250,230,dummy-386
818032.925090375,250,230,dummy-386
818152.215146938,250,230,dummy-386
818157.280464234,250,230,dummy-386
818171.323587992,250,230,dummy-386
818184.785071852,250,230,dummy-386
818207.267648889,250,230,dummy-386
818220.615975341,250,230,dummy-386
818262.23784057,250,230,dummy-386
817977.488294809,250,230,dummy-41
818110.080894644,250,230,dummy-41
818198.285623315,250,230,dummy-41
817980.017576519,250,230,dummy-375
817989.851522648,250,230,dummy-375
818108.515611038,250,230,dummy-375
818112.559077565,250,230,dummy-375
818148.97543629,250,230,dummy-375
818038.852318427,250,230,dummy-472
818047.447252167,250,230,dummy-472
818231.94943422,250,230,dummy-472
818108.629234171,250,230,dummy-543
818144.42771602,250,230,dummy-580
818049.408135455,250,230,dummy-249
818261.71492011,250,230,dummy-249
818135.218586025,250,230,dummy-356
818161.891930771,250,230,dummy-356
818230.035553361,250,230,dummy-473
817982.375809089,250,230,dummy-14
818035.234025532,250,230,dummy-14
818006.669129981,250,230,dummy-159
818179.710585213,250,230,dummy-159
818210.314222921,250,230,dummy-159
818243.262332495,250,230,dummy-159
818003.560432373,250,230,dummy-216
818272.943464693,250,230,dummy-216
817998.098268656,250,230,dummy-572
818243.865964929,250,230,dummy-572
817995.382820996,250,230,dummy-430
818219.345730072,250,230,dummy-430
818236.951970291,250,230,dummy-430
817987.499573773,250,230,dummy-223
818154.515074079,250,230,dummy-223
818192.955309026,250,230,dummy-223
818203.68358816,250,230,dummy-223
818214.238265031,250,230,dummy-223
818221.126611854,250,230,dummy-223
817974.909423431,250,230,dummy-647
818029.401437824,250,230,dummy-647
818058.515151187,250,230,dummy-647
817998.322827159,250,230,dummy-469
818025.446310665,250,230,dummy-469
818186.90850302,250,230,dummy-469
818193.4921021,250,230,dummy-469
818251.319192053,250,230,dummy-469
818045.181214431,250,230,dummy-457
818096.606657245,250,230,dummy-457
818035.242432863,250,230,dummy-688
818112.67637674,250,230,dummy-688
818133.648092944,250,230,dummy-688
818140.152037068,250,230,dummy-688
818001.792947936,250,230,dummy-351
818026.493839853,250,230,dummy-351
818034.729221769,250,230,dummy-351
818043.256898964,250,230,dummy-351
818118.084086875,250,230,dummy-351
818221.093947954,250,230,dummy-351
818232.718830767,250,230,dummy-351
818254.630341436,250,230,dummy-351
817987.645687593,250,230,dummy-616
818003.072315061,250,230,dummy-616
818003.986309517,250,230,dummy-616
818004.039651957,250,230,dummy-616
818030.135178882,250,230,dummy-616
818055.455996265,250,230,dummy-616
818163.298355264,250,230,dummy-616
818227.811355207,250,230,dummy-616
818017.303338107,250,230,dummy-354
818174.772104816,250,230,dummy-354
818014.746891115,250,230,dummy-613
818246.238967381,250,230,dummy-613
818263.054975226,250,230,dummy-613
818001.892056123,250,230,dummy-413
818002.981063189,250,230,dummy-413
818046.373433448,250,230,dummy-413
818175.961275401,250,230,dummy-413
818016.440062819,250,230,dummy-484
818043.471324665,250,230,dummy-484
817983.89370274,250,230,dummy-319
818031.267945362,250,230,dummy-319
818152.834089125,250,230,dummy-319
818018.944413017,250,230,dummy-340
818041.00058567,250,230,dummy-407
818083.045987855,250,230,dummy-407
817997.677113026,250,230,dummy-108
817998.486661583,250,230,dummy-108
818047.294922535,250,230,dummy-108
818133.098971764,250,230,dummy-108
818225.944461114,250,230,dummy-108
817996.496935066,250,230,dummy-347
818140.149668101,250,230,dummy-347
818217.734208305,250,230,dummy-347
818246.272560223,250,230,dummy-347
818260.780988141,250,230,dummy-347
818055.108910058,250,230,dummy-538
818157.633259011,250,230,dummy-538
818234.993495439,250,230,dummy-538
818007.931677017,250,230,dummy-648
818130.307673487,250,230,dummy-648
818133.686556767,250,230,dummy-648
818164.91900026,250,230,dummy-648
818045.172520308,250,230,dummy-596
818076.200124906,250,230,dummy-596
818083.238095026,250,230,dummy-596
818116.552898104,250,230,dummy-596
818118.930069254,250,230,dummy-596
818149.761358902,250,230,dummy-596
818257.095973019,250,230,dummy-596
818041.203677387,250,230,dummy-422
818095.608622408,250,230,dummy-422
818143.232635766,250,230,dummy-422
817978.953280234,250,230,dummy-753
818032.457572848,250,230,dummy-753
818149.067546314,250,230,dummy-753
818200.225628279,250,230,dummy-753
818092.307339129,250,230,dummy-389
818221.84985317,250,230,dummy-389
818264.242275504,250,230,dummy-389
818033.072128817,250,230,dummy-372
818263.71171402,250,230,dummy-372
818071.010618372,250,230,dummy-575
818102.063919286,250,230,dummy-575
818188.448590883,250,230,dummy-575
818202.484440414,250,230,dummy-575
818271.590348758,250,230,dummy-575
818006.165016055,250,230,dummy-566
818065.64984488,250,230,dummy-566
818080.224452169,250,230,dummy-566
818166.935732934,250,230,dummy-566
818197.206720103,250,230,dummy-566
818124.909520147,250,230,dummy-87
818192.404922322,250,230,dummy-87
818211.335568472,250,230,dummy-87
818245.926613897,250,230,dummy-87
817978.332496566,250,230,dummy-85
818095.896150523,250,230,dummy-85
818269.28650384,250,230,dummy-85
818071.741766161,250,230,dummy-364
818126.173787949,250,230,dummy-364
818051.368133978,250,230,dummy-505
818096.110801618,250,230,dummy-505
818097.318950947,250,230,dummy-505
818098.065543645,250,230,dummy-505
818167.827079958,250,230,dummy-505
818006.589173124,250,230,dummy-545
818119.077611637,250,230,dummy-545
818181.121465267,250,230,dummy-545
818022.375866697,250,230,dummy-298
818089.614789952,250,230,dummy-414
818123.966144382,250,230,dummy-414
818159.172386608,250,230,dummy-414
818247.923855016,250,230,dummy-414
817981.541638809,250,230,dummy-620
818032.808595056,250,230,dummy-620
818119.107259968,250,230,dummy-620
818122.862181509,250,230,dummy-620
818227.29821771,250,230,dummy-620
818175.493972823,250,230,dummy-269
818230.729468293,250,230,dummy-269
818065.24473306,250,230,dummy-524
818130.054965825,250,230,dummy-524
818009.972633155,250,230,dummy-30
818019.343067306,250,230,dummy-30
818037.558200597,250,230,dummy-30
818055.429275613,250,230,dummy-30
818079.283208623,250,230,dummy-30
818116.068936604,250,230,dummy-30
818147.623323633,250,230,dummy-30
817993.673921373,250,230,dummy-551
818027.585516327,250,230,dummy-551
817982.083613818,250,230,dummy-506
818076.859549797,250,230,dummy-506
818128.683340813,250,230,dummy-506
818188.759965043,250,230,dummy-506
818204.587852877,250,230,dummy-506
818144.550447395,250,230,dummy-23
818168.572337141,250,230,dummy-23
817976.588726832,250,230,dummy-210
818029.427471379,250,230,dummy-210
818094.741676869,250,230,dummy-210
818095.485451695,250,230,dummy-210
817976.023265451,250,230,dummy-508
818048.617176716,250,230,dummy-508
818068.682395238,250,230,dummy-508
818112.293374098,250,230,dummy-508
817980.370997771,250,230,dummy-337
818032.590947347,250,230,dummy-337
818140.244976382,250,230,dummy-337
818147.875872389,250,230,dummy-337
818267.992666963,250,230,dummy-337
818001.057977491,250,230,dummy-449
818003.023922205,250,230,dummy-449
818003.450396194,250,230,dummy-449
818010.408459146,250,230,dummy-449
818084.380125913,250,230,dummy-449
818137.235523789,250,230,dummy-449
818141.542903701,250,230,dummy-449
818001.742654954,250,230,dummy-228
818005.296807492,250,230,dummy-453
818045.887771229,250,230,dummy-453
818187.869859084,250,230,dummy-453
818009.926337216,250,230,dummy-533
818272.376464502,250,230,dummy-533
818083.096990291,250,230,dummy-345
818219.442384523,250,230,dummy-345
818248.22922035,250,230,dummy-345
818205.726764539,250,230,dummy-178
818250.48449324,250,230,dummy-178
818017.78726329,250,230,dummy-176
818026.093422614,250,230,dummy-176
818103.740976512,250,230,dummy-176
818115.029489252,250,230,dummy-176
818118.617986977,250,230,dummy-176
818134.115901258,250,230,dummy-176
818035.016234193,250,230,dummy-303
818049.743981905,250,230,dummy-303
818113.803433407,250,230,dummy-303
818189.232939691,250,230,dummy-303
818238.789014968,250,230,dummy-303
818199.300859536,250,230,dummy-415
818211.509127942,250,230,dummy-696
818247.845641609,250,230,dummy-696
818154.486056597,250,230,dummy-503
818227.884703517,250,230,dummy-503
818039.274709407,250,230,dummy-136
818069.722891272,250,230,dummy-136
818242.487092928,250,230,dummy-136
818084.88495521,250,230,dummy-111
818115.206399992,250,230,dummy-111
818136.866587153,250,230,dummy-111
818195.312874408,250,230,dummy-111
818197.094216836,250,230,dummy-111
818210.360657927,250,230,dummy-111
818004.630287324,250,230,dummy-717
818063.461605396,250,230,dummy-717
818069.958602571,250,230,dummy-717
818079.783879227,250,230,dummy-717
818092.245607528,250,230,dummy-717
818157.635618149,250,230,dummy-717
818182.947108262,250,230,dummy-717
817994.834208489,250,230,dummy-409
818047.548941173,250,230,dummy-409
818050.021090459,250,230,dummy-409
818123.580665585,250,230,dummy-409
818012.257538904,250,230,dummy-471
818014.248771054,250,230,dummy-471
818219.84121779,250,230,dummy-471
817981.836214061,250,230,dummy-513
818039.830997661,250,230,dummy-513
818063.38845517,250,230,dummy-513
818130.247050565,250,230,dummy-311
818149.873618551,250,230,dummy-311
818209.69628697,250,230,dummy-311
818262.809103708,250,230,dummy-311
817973.764559572,250,230,dummy-251
818244.624578156,250,230,dummy-251
818270.939443439,250,230,dummy-251
818008.047349687,250,230,dummy-227
818066.597065319,250,230,dummy-227
818002.363114197,250,230,dummy-197
818023.561318807,250,230,dummy-197
818051.208038942,250,230,dummy-197
818116.575181029,250,230,dummy-197
818162.244245148,250,230,dummy-197
818192.328666272,250,230,dummy-197
818231.368134119,250,230,dummy-197
818028.462981299,250,230,dummy-440
818031.490470219,250,230,dummy-440
818059.557373692,250,230,dummy-440
818271.238990352,250,230,dummy-440
818020.69713507,250,230,dummy-277
818091.270913234,250,230,dummy-277
818114.744405642,250,230,dummy-277
817998.967478005,250,230,dummy-110
818076.480476929,250,230,dummy-110
818224.000455529,250,230,dummy-110
817987.881723695,250,230,dummy-38
817995.996150293,250,230,dummy-38
818067.532798274,250,230,dummy-38
818208.577749488,250,230,dummy-38
818226.919388226,250,230,dummy-38
818015.087604072,250,230,dummy-650
818117.001030268,250,230,dummy-650
818073.857780183,250,230,dummy-680
818074.587145208,250,230,dummy-680
818088.006910169,250,230,dummy-680
818140.435600525,250,230,dummy-680
818075.893167612,250,230,dummy-310
818090.372187462,250,230,dummy-310
818099.233891675,250,230,dummy-310
818163.594439394,250,230,dummy-310
818237.708091338,250,230,dummy-310
818261.896997705,250,230,dummy-310
818140.974659258,250,230,dummy-624
818240.145149557,250,230,dummy-624
818000.981168834,250,230,dummy-24
818105.003982986,250,230,dummy-24
818258.247235159,250,230,dummy-24
818052.953298005,250,230,dummy-477
818070.206371212,250,230,dummy-477
818089.805817604,250,230,dummy-477
818093.444877889,250,230,dummy-477
818099.108907042,250,230,dummy-477
818109.807509959,250,230,dummy-477
818147.479252136,250,230,dummy-477
818183.159409101,250,230,dummy-477
818216.108268219,250,230,dummy-477
818220.942387571,250,230,dummy-477
818263.727805103,250,230,dummy-477
818044.650202119,250,230,dummy-56
818192.757892939,250,230,dummy-56
818224.680131951,250,230,dummy-56
818247.533544235,250,230,dummy-56
818054.061086258,250,230,dummy-496
818255.858752615,250,230,dummy-496
818025.714665983,250,230,dummy-699
818152.672918194,250,230,dummy-699
818028.750906085,250,230,dummy-346
818189.625015269,250,230,dummy-346
818201.154005343,250,230,dummy-346
817985.545671636,250,230,dummy-53
818033.136869401,250,230,dummy-53
818146.078598004,250,230,dummy-53
818193.885898277,250,230,dummy-53
818069.50645296,250,230,dummy-531
818082.965655997,250,230,dummy-531
818084.038832328,250,230,dummy-531
818209.207889988,250,230,dummy-467
817991.46482871,250,230,dummy-259
818023.536296442,250,230,dummy-259
818032.171515023,250,230,dummy-259
818148.56902495,250,230,dummy-259
818169.855907708,250,230,dummy-259
818178.575554961,250,230,dummy-259
818184.276342904,250,230,dummy-259
818247.424059428,250,230,dummy-259
818092.709321451,250,230,dummy-482
818150.162640991,250,230,dummy-482
818225.319835215,250,230,dummy-482
817990.039584449,250,230,dummy-20
818009.59641329,250,230,dummy-20
818145.181600038,250,230,dummy-20
818023.476285184,250,230,dummy-420
818025.205375857,250,230,dummy-420
818111.637158742,250,230,dummy-420
818248.683855276,250,230,dummy-420
817997.839392417,250,230,dummy-732
818167.143154039,250,230,dummy-732
818173.128922582,250,230,dummy-732
818222.58648972,250,230,dummy-732
818266.790160581,250,230,dummy-732
818010.860669407,250,230,dummy-171
818260.970674605,250,230,dummy-171
818049.572537515,250,230,dummy-723
818177.563645078,250,230,dummy-723
818239.868324215,250,230,dummy-723
818067.552355786,250,230,dummy-114
818220.769823482,250,230,dummy-114
818000.87023969,250,230,dummy-122
818079.702462662,250,230,dummy-122
818204.190320917,250,230,dummy-122
818020.956644913,250,230,dummy-214
818084.746142007,250,230,dummy-465
818243.084717206,250,230,dummy-465
817976.342506233,250,230,dummy-456
818016.123239293,250,230,dummy-456
818081.884126993,250,230,dummy-456
818247.7825477,250,230,dummy-456
817995.369246124,250,230,dummy-522
818101.555710079,250,230,dummy-522
818139.232006398,250,230,dummy-522
818183.144772276,250,230,dummy-522
818183.622198289,250,230,dummy-522
818254.601040617,250,230,dummy-522
818049.900384033,250,230,dummy-296
818053.627229888,250,230,dummy-296
818064.538755927,250,230,dummy-296
818115.378205025,250,230,dummy-296
818176.787949299,250,230,dummy-296
818190.596517401,250,230,dummy-296
818203.655751871,250,230,dummy-296
818111.914087603,250,230,dummy-181
818123.44908205,250,230,dummy-181
818166.293006863,250,230,dummy-181
818217.194753447,250,230,dummy-181
818262.090788447,250,230,dummy-181
817978.043295525,250,230,dummy-437
818224.95536929,250,230,dummy-437
818041.586584543,250,230,dummy-501
818260.454393506,250,230,dummy-501
818260.676856194,250,230,dummy-501
818058.348683557,250,230,dummy-274
818100.780747774,250,230,dummy-274
818110.454838011,250,230,dummy-274
818122.89161677,250,230,dummy-274
818190.260335501,250,230,dummy-274
818199.004848894,250,230,dummy-301
818227.741712663,250,230,dummy-301
818010.722367346,250,230,dummy-363
818010.888699869,250,230,dummy-363
818042.98069764,250,230,dummy-363
818241.53640046,250,230,dummy-363
818245.349436159,250,230,dummy-363
818060.683296194,250,230,dummy-321
818147.663963651,250,230,dummy-321
818205.839983158,250,230,dummy-321
818000.322585624,250,230,dummy-237
818024.987513151,250,230,dummy-237
818026.994980592,250,230,dummy-237
818031.414946097,250,230,dummy-237
818068.895984534,250,230,dummy-237
818186.425816596,250,230,dummy-237
818202.769843964,250,230,dummy-237
818121.660437749,250,230,dummy-199
818144.49341252,250,230,dummy-199
818156.746387095,250,230,dummy-199
818194.729312939,250,230,dummy-199
818078.432444634,250,230,dummy-621
818141.240654455,250,230,dummy-621
818163.612549225,250,230,dummy-621
818250.433359371,250,230,dummy-621
818270.939055465,250,230,dummy-621
818161.110104544,250,230,dummy-542
818184.978884711,250,230,dummy-542
818062.820925212,250,230,dummy-712
818121.53666965,250,230,dummy-712
818151.390413506,250,230,dummy-712
818174.175449298,250,230,dummy-712
818222.719419815,250,230,dummy-712
818240.567677334,250,230,dummy-712
818011.774165397,250,230,dummy-445
818037.684199258,250,230,dummy-445
818127.268388861,250,230,dummy-445
818136.934467341,250,230,dummy-445
818207.314056559,250,230,dummy-445
818261.985487385,250,230,dummy-445
818004.299036635,250,230,dummy-515
818028.893031038,250,230,dummy-515
817996.172676791,250,230,dummy-31
818127.062505529,250,230,dummy-31
817975.197708695,250,230,dummy-225
818111.512493013,250,230,dummy-225
818205.869889312,250,230,dummy-225
818207.732571285,250,230,dummy-225
818211.198112416,250,230,dummy-225
818033.874347431,250,230,dummy-240
818089.710370942,250,230,dummy-240
818132.347686875,250,230,dummy-240
818158.213063663,250,230,dummy-240
818222.709603181,250,230,dummy-240
818019.043329023,250,230,dummy-103
818029.144712226,250,230,dummy-103
818034.533435281,250,230,dummy-103
818117.507747938,250,230,dummy-103
818216.008503724,250,230,dummy-103
818230.538615612,250,230,dummy-103
818060.220708483,250,230,dummy-569
818094.267240098,250,230,dummy-569
818163.403803399,250,230,dummy-569
818167.887242109,250,230,dummy-569
817974.620369181,250,230,dummy-748
818002.480998038,250,230,dummy-748
818127.802779636,250,230,dummy-748
818166.802196569,250,230,dummy-748
818189.546556494,250,230,dummy-748
818235.128799713,250,230,dummy-748
818236.232101774,250,230,dummy-748
818247.106396624,250,230,dummy-748
818179.08715816,250,230,dummy-141
818209.070965703,250,230,dummy-141
818236.867153631,250,230,dummy-141
818242.435338887,250,230,dummy-141
817999.010073434,250,230,dummy-574
818080.659088272,250,230,dummy-574
818268.955397378,250,230,dummy-574
817994.916882353,250,230,dummy-234
818000.65319278,250,230,dummy-234
818012.888456419,250,230,dummy-234
818153.15657449,250,230,dummy-234
818238.745290519,250,230,dummy-234
818253.182534842,250,230,dummy-234
818022.670996114,250,230,dummy-720
818146.084405359,250,230,dummy-720
818166.696176941,250,230,dummy-720
818067.984104613,250,230,dummy-454
818197.939264484,250,230,dummy-454
818229.69537635,250,230,dummy-454
818245.341510261,250,230,dummy-454
817983.468762585,250,230,dummy-286
818247.643985641,250,230,dummy-286
818014.493972911,250,230,dummy-125
818053.979040074,250,230,dummy-125
818058.909533003,250,230,dummy-125
818143.105507693,250,230,dummy-125
818159.989169832,250,230,dummy-125
818002.189575664,250,230,dummy-282
818025.860077131,250,230,dummy-282
818116.394603661,250,230,dummy-282
818214.975781658,250,230,dummy-282
818094.307857003,250,230,dummy-317
818186.368780683,250,230,dummy-317
818261.510232071,250,230,dummy-317
818015.420834002,250,230,dummy-284
818099.300852656,250,230,dummy-284
818142.0244028,250,230,dummy-284
818197.73283376,250,230,dummy-284
818077.102093367,250,230,dummy-39
818137.29119669,250,230,dummy-39
818198.451572032,250,230,dummy-39
818216.091398289,250,230,dummy-39
817992.484772597,250,230,dummy-200
818032.718789846,250,230,dummy-200
818158.831275036,250,230,dummy-200
818162.370475485,250,230,dummy-200
818179.312626899,250,230,dummy-200
818248.501073025,250,230,dummy-121
818069.868405295,250,230,dummy-399
818032.497795192,250,230,dummy-13
818096.07050067,250,230,dummy-13
818235.049628165,250,230,dummy-13
818264.108513514,250,230,dummy-13
817992.392629183,250,230,dummy-423
818090.248098954,250,230,dummy-423
818121.922610093,250,230,dummy-423
818147.975415635,250,230,dummy-423
818158.492381421,250,230,dummy-423
818232.123289874,250,230,dummy-423
818074.595486967,250,230,dummy-262
818104.594816889,250,230,dummy-262
818137.657185912,250,230,dummy-262
818181.596563561,250,230,dummy-262
818037.445374588,250,230,dummy-640
818099.077663951,250,230,dummy-640
818119.678611773,250,230,dummy-640
818140.047860669,250,230,dummy-640
818196.066314213,250,230,dummy-640
818196.471926203,250,230,dummy-640
818212.965625372,250,230,dummy-640
818255.907591933,250,230,dummy-640
818048.419250191,250,230,dummy-7
818193.535118681,250,230,dummy-7
818205.390111513,250,230,dummy-7
818063.872761434,250,230,dummy-229
818069.387307476,250,230,dummy-229
818069.685646138,250,230,dummy-229
818093.264538524,250,230,dummy-229
818268.287294212,250,230,dummy-229
817999.138454392,250,230,dummy-559
818119.644710749,250,230,dummy-559
818187.620728559,250,230,dummy-559
818197.558537588,250,230,dummy-559
818237.45682149,250,230,dummy-559
817996.246947425,250,230,dummy-292
818099.218810726,250,230,dummy-292
818113.772072604,250,230,dummy-292
818158.278903308,250,230,dummy-292
818266.665668839,250,230,dummy-292
818055.204635578,250,230,dummy-291
818087.118286656,250,230,dummy-291
818113.932850283,250,230,dummy-291
818177.040732344,250,230,dummy-291
818042.509008516,250,230,dummy-358
818141.278036545,250,230,dummy-358
818243.733763935,250,230,dummy-358
818051.755764769,250,230,dummy-433
818152.899806966,250,230,dummy-433
818056.999025847,250,230,dummy-519
818164.873336331,250,230,dummy-519
818197.925909789,250,230,dummy-519
818155.309006466,250,230,dummy-283
818265.783721688,250,230,dummy-283
818163.281787389,250,230,dummy-694
818011.884465847,250,230,dummy-306
818068.358481109,250,230,dummy-306
818078.264508926,250,230,dummy-306
818109.207094346,250,230,dummy-306
818170.008213146,250,230,dummy-306
818178.154137447,250,230,dummy-306
818044.511583072,250,230,dummy-636
818062.009912134,250,230,dummy-636
818151.438137405,250,230,dummy-636
818168.581415073,250,230,dummy-636
818270.082020448,250,230,dummy-636
818084.168772591,250,230,dummy-385
818149.063121047,250,230,dummy-385
818173.59909159,250,230,dummy-385
818205.711198842,250,230,dummy-385
818257.108539197,250,230,dummy-385
818075.382786913,250,230,dummy-37
818199.654162728,250,230,dummy-37
818255.50478557,250,230,dummy-442
818102.324416743,250,230,dummy-46
818154.656809157,250,230,dummy-46
817986.599568633,250,230,dummy-10
818119.812236306,250,230,dummy-10
818270.38610229,250,230,dummy-10
818030.934297717,250,230,dummy-724
818269.449699579,250,230,dummy-724
818058.370264331,250,230,dummy-690
818087.50872439,250,230,dummy-690
818163.995309585,250,230,dummy-690
818022.490242075,250,230,dummy-213
818103.914736475,250,230,dummy-213
818129.262589208,250,230,dummy-213
818153.02577426,250,230,dummy-213
818195.141683352,250,230,dummy-213
817982.046133676,250,230,dummy-736
817982.46014547,250,230,dummy-736
817994.556148669,250,230,dummy-736
818043.699138987,250,230,dummy-736
818229.629511772,250,230,dummy-736
818147.590702582,250,230,dummy-74
818184.800474296,250,230,dummy-74
818256.70556773,250,230,dummy-74
818142.196898355,250,230,dummy-646
818167.92532311,250,230,dummy-646
818179.966712252,250,230,dummy-646
818256.156989583,250,230,dummy-646
817980.786922656,250,230,dummy-339
818081.223669141,250,230,dummy-339
818144.564837929,250,230,dummy-339
818189.179087664,250,230,dummy-339
818199.838506766,250,230,dummy-339
818055.265767628,250,230,dummy-697
818056.857884278,250,230,dummy-697
817985.428704869,250,230,dummy-483
818038.736821006,250,230,dummy-483
818131.271086443,250,230,dummy-483
818154.119085846,250,230,dummy-483
818255.69360761,250,230,dummy-483
818114.908903271,250,230,dummy-16
818150.03657797,250,230,dummy-16
817991.50105964,250,230,dummy-539
818126.010747926,250,230,dummy-539
818205.964187003,250,230,dummy-539
818217.463876734,250,230,dummy-539
818273.038081135,250,230,dummy-539
818032.539828219,250,230,dummy-497
818095.248210773,250,230,dummy-497
818156.875404928,250,230,dummy-497
818248.364870304,250,230,dummy-497
817978.432103327,250,230,dummy-342
818013.814066506,250,230,dummy-342
818192.389807863,250,230,dummy-342
818217.966867797,250,230,dummy-342
818059.763720666,250,230,dummy-168
818064.16578934,250,230,dummy-168
818124.282184795,250,230,dummy-168
818200.059739824,250,230,dummy-168
818239.419154753,250,230,dummy-168
818053.287738314,250,230,dummy-198
818204.437768865,250,230,dummy-198
818241.749979339,250,230,dummy-198
818054.235156331,250,230,dummy-419
818057.707367583,250,230,dummy-419
818105.921820963,250,230,dummy-419
818223.235249618,250,230,dummy-419
818227.792125711,250,230,dummy-419
818185.586033914,250,230,dummy-260
818042.320308848,250,230,dummy-242
818233.110863203,250,230,dummy-242
818022.535471849,250,230,dummy-578
818025.447643811,250,230,dummy-578
818053.329251709,250,230,dummy-578
818055.363017124,250,230,dummy-343
818058.702542081,250,230,dummy-343
818144.267428873,250,230,dummy-343
818222.26370145,250,230,dummy-343
818270.723674598,250,230,dummy-343
818016.494065546,250,230,dummy-685
818018.067258873,250,230,dummy-685
818149.907514737,250,230,dummy-685
817999.639002124,250,230,dummy-17
818054.512703301,250,230,dummy-695
818117.839411562,250,230,dummy-695
818035.112227952,250,230,dummy-66
818065.734540443,250,230,dummy-66
818218.146465608,250,230,dummy-66
818129.64901929,250,230,dummy-146
818175.998390078,250,230,dummy-146
818223.463713461,250,230,dummy-146
818022.085665111,250,230,dummy-156
818046.10700753,250,230,dummy-156
818049.211096586,250,230,dummy-156
818103.70027486,250,230,dummy-156
818128.670783851,250,230,dummy-156
818270.446611548,250,230,dummy-396
818272.433343662,250,230,dummy-396
818001.366356495,250,230,dummy-691
818085.839598351,250,230,dummy-691
818180.501567554,250,230,dummy-691
818228.020826688,250,230,dummy-691
817987.836154381,250,230,dummy-1
817995.441120464,250,230,dummy-70
818051.910227132,250,230,dummy-70
818159.109815938,250,230,dummy-70
818197.022038619,250,230,dummy-70
818233.695336947,250,230,dummy-70
818255.708091338,250,230,dummy-70
818015.02790875,250,230,dummy-120
818026.681091207,250,230,dummy-120
818199.263730638,250,230,dummy-120
818224.277565462,250,230,dummy-729
818011.001249498,250,230,dummy-388
818247.248749743,250,230,dummy-388
817993.824191951,250,230,dummy-541
818052.906051944,250,230,dummy-541
818064.827430104,250,230,dummy-541
818086.814794755,250,230,dummy-541
818096.324459065,250,230,dummy-541
818179.040414602,250,230,dummy-541
818198.969545686,250,230,dummy-541
818224.135264379,250,230,dummy-541
817980.279093423,250,230,dummy-514
818113.959563149,250,230,dummy-514
818006.065198411,250,230,dummy-458
818102.611794265,250,230,dummy-458
818154.327642007,250,230,dummy-458
818161.985138842,250,230,dummy-458
818217.548744034,250,230,dummy-458
817990.493358364,250,230,dummy-219
818042.13215163,250,230,dummy-219
818082.601725617,250,230,dummy-219
818014.686267135,250,230,dummy-667
818039.183323598,250,230,dummy-667
818050.709855939,250,230,dummy-667
818220.999951781,250,230,dummy-667
818256.734159691,250,230,dummy-667
818015.479333663,250,230,dummy-530
818225.940835979,250,230,dummy-530
818247.881249087,250,230,dummy-530
818255.901788731,250,230,dummy-530
818257.557990541,250,230,dummy-530
817983.50287383,250,230,dummy-630
818007.258849212,250,230,dummy-630
818008.636262189,250,230,dummy-630
818054.773515223,250,230,dummy-630
818088.027131159,250,230,dummy-630
818136.525270713,250,230,dummy-630
818044.734742816,250,230,dummy-97
818046.047164715,250,230,dummy-97
818050.820074532,250,230,dummy-97
818168.583771938,250,230,dummy-97
817992.844632698,250,230,dummy-526
818096.935378098,250,230,dummy-526
818201.567338481,250,230,dummy-526
818227.252487164,250,230,dummy-526
818245.341952638,250,230,dummy-526
818264.082012174,250,230,dummy-526
818084.800016047,250,230,dummy-272
818233.6006419,250,230,dummy-272
818268.384481347,250,230,dummy-272
818099.922898852,250,230,dummy-196
818149.337764304,250,230,dummy-196
818203.989990629,250,230,dummy-196
817994.845498881,250,230,dummy-11
818099.541401976,250,230,dummy-11
818105.831610851,250,230,dummy-11
818226.639975311,250,230,dummy-11
818252.233838194,250,230,dummy-11
818027.21294188,250,230,dummy-438
818041.873193608,250,230,dummy-438
818095.691656867,250,230,dummy-438
818105.69574693,250,230,dummy-438
818044.353125975,250,230,dummy-741
818134.983924074,250,230,dummy-741
818253.76891424,250,230,dummy-741
818261.869960159,250,230,dummy-741
818022.419328864,250,230,dummy-77
818058.01009726,250,230,dummy-77
818070.69100494,250,230,dummy-77
818085.858062435,250,230,dummy-77
818206.68193654,250,230,dummy-77
817988.046068617,250,230,dummy-666
818147.343916908,250,230,dummy-666
818155.844817994,250,230,dummy-666
818144.644564709,250,230,dummy-170
818165.191156816,250,230,dummy-170
818221.721341452,250,230,dummy-170
818111.275393941,250,230,dummy-230
818183.700887962,250,230,dummy-230
818239.068025668,250,230,dummy-230
818200.58113662,250,230,dummy-8
817982.956992715,250,230,dummy-668
818009.553652039,250,230,dummy-668
818198.90843935,250,230,dummy-668
818086.753251934,250,230,dummy-67
818138.548787643,250,230,dummy-67
818269.619070946,250,230,dummy-67
818024.538088793,250,230,dummy-614
818259.245714286,250,230,dummy-614
817984.687383091,250,230,dummy-290
818089.952665366,250,230,dummy-290
818163.29338709,250,230,dummy-290
818183.414989434,250,230,dummy-290
817995.376283365,250,230,dummy-528
818010.912605249,250,230,dummy-528
818092.287959138,250,230,dummy-528
818193.609302818,250,230,dummy-528
818032.361403224,250,230,dummy-652
818130.837565571,250,230,dummy-652
818058.117593931,250,230,dummy-367
818259.351663912,250,230,dummy-367
817983.719757677,250,230,dummy-446
818044.578269877,250,230,dummy-446
818133.643030847,250,230,dummy-446
818214.533540034,250,230,dummy-446
818177.850513499,250,230,dummy-746
818009.422659676,250,230,dummy-195
818033.814957729,250,230,dummy-195
818199.102311629,250,230,dummy-195
818213.527828644,250,230,dummy-195
818269.574982856,250,230,dummy-195
818132.129333656,250,230,dummy-567
818220.528591274,250,230,dummy-567
817978.208565361,250,230,dummy-468
818160.474132548,250,230,dummy-468
818101.627071217,250,230,dummy-314
818178.325929024,250,230,dummy-314
818265.091191176,250,230,dummy-314
818151.530417006,250,230,dummy-560
818170.91527635,250,230,dummy-560
818218.698897493,250,230,dummy-560
818032.910135149,250,230,dummy-19
818102.357024124,250,230,dummy-19
818184.953052104,250,230,dummy-19
818233.234959612,250,230,dummy-19
818048.241644592,250,230,dummy-117
818068.917130403,250,230,dummy-117
818220.521788465,250,230,dummy-117
818260.352139123,250,230,dummy-117
818011.476941874,250,230,dummy-163
818103.569988667,250,230,dummy-163
818148.095197604,250,230,dummy-163
818158.163595785,250,230,dummy-163
818215.42870013,250,230,dummy-163
818108.074307281,250,230,dummy-175
818225.301127942,250,230,dummy-175
817999.096504734,250,230,dummy-693
818236.454249611,250,230,dummy-693
818007.468196256,250,230,dummy-113
818071.784636005,250,230,dummy-113
818211.561057401,250,230,dummy-113
818236.485683829,250,230,dummy-113
818273.160642217,250,230,dummy-113
818007.09899688,250,230,dummy-641
818015.550935408,250,230,dummy-641
818151.042408913,250,230,dummy-641
818221.883222919,250,230,dummy-641
817979.081590564,250,230,dummy-335
818023.408814974,250,230,dummy-335
818113.355371748,250,230,dummy-335
818141.045635779,250,230,dummy-335
818197.32028498,250,230,dummy-335
818030.689354944,250,230,dummy-256
818091.487813046,250,230,dummy-256
818166.24116017,250,230,dummy-256
818226.019752827,250,230,dummy-256
818260.058727376,250,230,dummy-256
817982.098632412,250,230,dummy-377
818183.666668984,250,230,dummy-377
818040.803210802,250,230,dummy-166
818271.685823356,250,230,dummy-166
817994.329161922,250,230,dummy-254
818003.787444992,250,230,dummy-254
818160.509098738,250,230,dummy-254
818240.88130391,250,230,dummy-254
818052.970110467,250,230,dummy-629
818105.445810644,250,230,dummy-629
818243.21167297,250,230,dummy-629
818033.104833802,250,230,dummy-217
818045.863361478,250,230,dummy-217
818145.696501197,250,230,dummy-217
818064.894733485,250,230,dummy-26
818180.118168034,250,230,dummy-26
818217.570580849,250,230,dummy-26
817976.885745512,250,230,dummy-289
818058.552483499,250,230,dummy-289
818076.293635653,250,230,dummy-289
817999.828622623,250,230,dummy-626
818005.470914418,250,230,dummy-626
818163.405163816,250,230,dummy-626
818180.382758203,250,230,dummy-626
818223.329205353,250,230,dummy-626
817996.603930468,250,230,dummy-250
817997.585515112,250,230,dummy-250
818088.029559759,250,230,dummy-250
818106.848809465,250,230,dummy-250
818147.208257659,250,230,dummy-250
818182.09440253,250,230,dummy-250
818250.623299821,250,230,dummy-250
817975.620918673,250,230,dummy-307
818019.845695405,250,230,dummy-307
818107.144887045,250,230,dummy-307
818209.699808725,250,230,dummy-307
818217.973290406,250,230,dummy-307
818042.281139845,250,230,dummy-735
818051.066062853,250,230,dummy-735
818242.161766942,250,230,dummy-735
818229.151704962,250,230,dummy-535
818089.357141987,250,230,dummy-355
818164.312821961,250,230,dummy-355
818174.575674232,250,230,dummy-355
818175.732302414,250,230,dummy-355
818135.722086935,250,230,dummy-273
818203.672712774,250,230,dummy-273
818032.674896007,250,230,dummy-678
818087.280341339,250,230,dummy-235
818134.329835831,250,230,dummy-235
818170.82841529,250,230,dummy-235
818175.936624746,250,230,dummy-235
818029.313588931,250,230,dummy-365
818224.92356014,250,230,dummy-365
818178.093447573,250,230,dummy-589
818202.111374737,250,230,dummy-589
818234.342108654,250,230,dummy-589
818034.144873149,250,230,dummy-609
818096.276399705,250,230,dummy-609
818145.185957215,250,230,dummy-609
818176.544322605,250,230,dummy-609
817974.570216445,250,230,dummy-320
817989.097834339,250,230,dummy-320
818042.180707679,250,230,dummy-320
818139.681963926,250,230,dummy-320
817985.295628215,250,230,dummy-297
818031.872246502,250,230,dummy-297
818067.063587574,250,230,dummy-297
818143.289632181,250,230,dummy-297
818211.086814421,250,230,dummy-297
818006.425015379,250,230,dummy-450
818016.677544655,250,230,dummy-450
818046.192454242,250,230,dummy-450
818134.20300311,250,230,dummy-450
818229.547358591,250,230,dummy-450
818236.904022106,250,230,dummy-329
818239.800610035,250,230,dummy-329
818108.122790926,250,230,dummy-435
818115.069260212,250,230,dummy-435
818131.356986148,250,230,dummy-435
818157.282901269,250,230,dummy-435
818206.66684466,250,230,dummy-435
818207.294483807,250,230,dummy-435
818254.326247925,250,230,dummy-435
818261.953482591,250,230,dummy-435
818037.31862587,250,230,dummy-132
818047.396173082,250,230,dummy-132
818083.031106986,250,230,dummy-132
818157.59699936,250,230,dummy-132
818159.591887927,250,230,dummy-132
818256.536264438,250,230,dummy-132
818258.408641165,250,230,dummy-132
817997.130464363,250,230,dummy-204
818055.006636129,250,230,dummy-204
818090.459057798,250,230,dummy-204
818097.437790567,250,230,dummy-204
818158.197353526,250,230,dummy-204
818102.086649239,250,230,dummy-627
818227.429177344,250,230,dummy-627
818240.409901489,250,230,dummy-627
818240.911107066,250,230,dummy-627
818258.73063894,250,230,dummy-627
818179.98035093,250,230,dummy-498
818197.755299693,250,230,dummy-498
818252.787265502,250,230,dummy-498
817991.997242518,250,230,dummy-658
818012.63312426,250,230,dummy-658
818141.491340889,250,230,dummy-658
818151.065284279,250,230,dummy-658
818269.551024429,250,230,dummy-658
818022.92390532,250,230,dummy-702
818051.532843908,250,230,dummy-702
817986.449082287,250,230,dummy-18
818027.506316439,250,230,dummy-18
818123.966169296,250,230,dummy-18
817977.64555848,250,230,dummy-15
818076.410328555,250,230,dummy-15
818172.898461965,250,230,dummy-15
817991.160786336,250,230,dummy-33
818019.488390684,250,230,dummy-33
818035.934904042,250,230,dummy-33
818210.565479585,250,230,dummy-33
818267.391553114,250,230,dummy-33
818021.375749904,250,230,dummy-406
818094.343916265,250,230,dummy-406
818119.384456721,250,230,dummy-406
818181.224494543,250,230,dummy-406
818208.777864391,250,230,dummy-406
817988.713643991,250,230,dummy-622
818022.24033615,250,230,dummy-622
818135.810207405,250,230,dummy-622
818151.325173118,250,230,dummy-622
818153.786597023,250,230,dummy-622
818266.010272165,250,230,dummy-622
818016.523073922,250,230,dummy-215
818057.285910239,250,230,dummy-215
818074.824545481,250,230,dummy-215
818011.161628298,250,230,dummy-221
818020.319969962,250,230,dummy-221
817996.38937108,250,230,dummy-756
818050.629398679,250,230,dummy-756
818081.161579505,250,230,dummy-756
818226.060768655,250,230,dummy-756
818242.019324403,250,230,dummy-756
818228.6836668,250,230,dummy-491
817987.6223148,250,230,dummy-656
818020.196795439,250,230,dummy-656
818046.268632125,250,230,dummy-656
817992.491226382,250,230,dummy-145
818093.937499045,250,230,dummy-145
818129.13370742,250,230,dummy-145
818172.838318211,250,230,dummy-145
818273.547947215,250,230,dummy-145
818044.300233515,250,230,dummy-679
818161.543930368,250,230,dummy-679
818181.050774077,250,230,dummy-679
818270.586978001,250,230,dummy-679
818045.415532351,250,230,dummy-463
818057.522595839,250,230,dummy-463
818167.981757055,250,230,dummy-463
818014.30817905,250,230,dummy-452
818067.594047427,250,230,dummy-452
818089.989107861,250,230,dummy-452
818110.380933481,250,230,dummy-452
818150.190956514,250,230,dummy-452
818152.072122904,250,230,dummy-452
818168.050443867,250,230,dummy-452
818174.739970586,250,230,dummy-452
818250.375632653,250,230,dummy-452
817985.110950151,250,230,dummy-112
817997.318001055,250,230,dummy-112
818220.301305322,250,230,dummy-112
818267.544737952,250,230,dummy-112
818047.033840346,250,230,dummy-424
818081.968602548,250,230,dummy-424
818179.558624623,250,230,dummy-424
818244.811277636,250,230,dummy-424
818253.055692598,250,230,dummy-424
818260.327880858,250,230,dummy-424
817987.587216741,250,230,dummy-581
817997.825827016,250,230,dummy-581
818001.424362287,250,230,dummy-581
818053.022831842,250,230,dummy-581
818081.358427079,250,230,dummy-581
818082.628174939,250,230,dummy-581
818221.731724765,250,230,dummy-581
818022.43343318,250,230,dummy-642
818197.362301398,250,230,dummy-642
818230.03697999,250,230,dummy-642
817984.911288495,250,230,dummy-338
818105.744795103,250,230,dummy-338
818105.873284014,250,230,dummy-338
818236.706885414,250,230,dummy-338
817978.597477166,250,230,dummy-536
818144.570414841,250,230,dummy-536
818144.642976975,250,230,dummy-536
818150.433217233,250,230,dummy-536
818211.024207762,250,230,dummy-536
818215.617880755,250,230,dummy-536
817996.071526369,250,230,dummy-116
818199.868156881,250,230,dummy-116
818234.163661403,250,230,dummy-116
818047.926968821,250,230,dummy-655
818057.453190676,250,230,dummy-655
818065.772641558,250,230,dummy-655
818183.723211591,250,230,dummy-655
818195.445443496,250,230,dummy-655
818235.660340423,250,230,dummy-500
817978.121036904,250,230,dummy-431
818012.822926917,250,230,dummy-431
818043.271714036,250,230,dummy-431
818105.037808816,250,230,dummy-431
818139.525434656,250,230,dummy-431
818150.190922867,250,230,dummy-431
817980.417373583,250,230,dummy-402
818177.497915824,250,230,dummy-402
818206.514690887,250,230,dummy-402
817992.251544023,250,230,dummy-131
817997.95975971,250,230,dummy-131
818000.45199923,250,230,dummy-131
818060.144366253,250,230,dummy-131
818077.332259837,250,230,dummy-131
818191.319270581,250,230,dummy-131
818213.104365554,250,230,dummy-131
818077.525991044,250,230,dummy-744
818092.546346695,250,230,dummy-744
818232.296365118,250,230,dummy-744
818258.097373999,250,230,dummy-744
817978.831799059,250,230,dummy-82
818020.102834671,250,230,dummy-82
818025.28313571,250,230,dummy-82
817984.690744068,250,230,dummy-34
818088.715800325,250,230,dummy-34
818147.255352,250,230,dummy-34
818171.657801517,250,230,dummy-34
818018.818425857,250,230,dummy-36
818115.900965408,250,230,dummy-703
818136.890969433,250,230,dummy-703
818218.19938697,250,230,dummy-703
818099.159961538,250,230,dummy-434
818220.612997786,250,230,dummy-434
817983.489092975,250,230,dummy-759
817996.284481648,250,230,dummy-759
818061.813544938,250,230,dummy-759
818111.420406241,250,230,dummy-759
818164.758586928,250,230,dummy-759
818223.200029716,250,230,dummy-759
818256.676656458,250,230,dummy-759
818258.865806438,250,230,dummy-759
818049.916502275,250,230,dummy-623
818067.566754025,250,230,dummy-623
818070.233337162,250,230,dummy-623
818178.896548995,250,230,dummy-623
818002.697642007,250,230,dummy-517
818068.023461213,250,230,dummy-517
818126.215905026,250,230,dummy-517
818196.58581259,250,230,dummy-517
818017.743740051,250,230,dummy-80
818081.421171706,250,230,dummy-80
818137.277060145,250,230,dummy-80
818030.04819574,250,230,dummy-348
818051.743808599,250,230,dummy-348
818105.763644489,250,230,dummy-348
818118.338752291,250,230,dummy-348
818136.531050769,250,230,dummy-348
818266.41621378,250,230,dummy-687
818015.193198349,250,230,dummy-493
818222.838845235,250,230,dummy-493
818245.632980374,250,230,dummy-493
817981.73138263,250,230,dummy-421
818087.459032865,250,230,dummy-421
818128.511188412,250,230,dummy-421
818197.084660564,250,230,dummy-421
818225.34386786,250,230,dummy-421
818239.458979064,250,230,dummy-421
818007.773505678,250,230,dummy-179
818148.663692015,250,230,dummy-179
818160.904713401,250,230,dummy-179
818190.836264812,250,230,dummy-179
818208.528984372,250,230,dummy-179
818045.376051702,250,230,dummy-130
818103.227000937,250,230,dummy-130
818117.125629091,250,230,dummy-130
818153.582489186,250,230,dummy-130
818166.579219664,250,230,dummy-130
818262.952387551,250,230,dummy-130
817999.215696042,250,230,dummy-598
818150.108825603,250,230,dummy-598
818217.333566664,250,230,dummy-598
818247.619019745,250,230,dummy-598
818180.837352095,250,230,dummy-711
818220.231545847,250,230,dummy-711
818005.417805064,250,230,dummy-556
818017.573199091,250,230,dummy-556
818102.24963946,250,230,dummy-556
818204.430828569,250,230,dummy-556
818250.528295037,250,230,dummy-556
818133.172956895,250,230,dummy-634
818119.853459055,250,230,dummy-635
818185.786828434,250,230,dummy-635
818246.524782606,250,230,dummy-635
818247.344149091,250,230,dummy-635
818013.082522319,250,230,dummy-426
818021.867143111,250,230,dummy-426
818143.57584473,250,230,dummy-426
818151.849537974,250,230,dummy-426
818068.717907049,250,230,dummy-105
818173.01411486,250,230,dummy-105
818229.764072798,250,230,dummy-105
818134.671274466,250,230,dummy-660
818197.283936284,250,230,dummy-660
818229.014953205,250,230,dummy-660
818259.688859789,250,230,dummy-660
818204.775612483,250,230,dummy-606
818245.754796426,250,230,dummy-606
818066.050756153,250,230,dummy-51
818092.493438853,250,230,dummy-51
818194.011699584,250,230,dummy-51
818201.840230265,250,230,dummy-51
818219.099329859,250,230,dummy-51
818238.956683536,250,230,dummy-51
818240.071583661,250,230,dummy-51
818240.815853055,250,230,dummy-51
818268.576819924,250,230,dummy-51
818119.234787842,250,230,dummy-3
818211.390947406,250,230,dummy-3
818076.688232638,250,230,dummy-157
818143.58882624,250,230,dummy-157
818180.060601202,250,230,dummy-157
818265.57195701,250,230,dummy-157
818216.814342556,250,230,dummy-154
818246.264851313,250,230,dummy-154
818020.328891231,250,230,dummy-101
818033.447384712,250,230,dummy-101
818059.097069846,250,230,dummy-101
818151.384864815,250,230,dummy-101
818155.029054187,250,230,dummy-101
818199.519618727,250,230,dummy-101
818220.272262554,250,230,dummy-101
818272.313093979,250,230,dummy-101
818095.967960459,250,230,dummy-576
818108.786271082,250,230,dummy-576
818132.106676723,250,230,dummy-576
817978.827768852,250,230,dummy-155
817995.001309527,250,230,dummy-155
818164.073389074,250,230,dummy-155
818214.127299976,250,230,dummy-155
818050.812884642,250,230,dummy-595
818159.074533742,250,230,dummy-595
818105.387065014,250,230,dummy-464
818130.344224568,250,230,dummy-464
818190.78070274,250,230,dummy-464
818252.491708274,250,230,dummy-464
818002.967013474,250,230,dummy-357
818100.616865285,250,230,dummy-357
818101.001215271,250,230,dummy-357
818203.137548949,250,230,dummy-357
818208.750580283,250,230,dummy-357
817975.729553126,250,230,dummy-462
818042.916683656,250,230,dummy-462
818213.334480168,250,230,dummy-462
818068.375347931,250,230,dummy-565
818082.62811671,250,230,dummy-565
818020.075707932,250,230,dummy-233
818061.167553566,250,230,dummy-233
818210.502745357,250,230,dummy-233
818037.903126173,250,230,dummy-123
818048.32069739,250,230,dummy-123
818095.683728455,250,230,dummy-123
818099.157461476,250,230,dummy-123
818216.366187912,250,230,dummy-352
818234.235295853,250,230,dummy-352
818229.466296087,250,230,dummy-245
817994.737313201,250,230,dummy-59
818025.865885738,250,230,dummy-59
818248.141204847,250,230,dummy-59
817997.01511611,250,230,dummy-151
818053.572968392,250,230,dummy-151
818203.920076339,250,230,dummy-151
818014.40716969,250,230,dummy-305
818017.795761321,250,230,dummy-509
818146.982996308,250,230,dummy-509
818168.122581091,250,230,dummy-509
818224.806394611,250,230,dummy-509
817976.36107636,250,230,dummy-9
817998.546335239,250,230,dummy-9
818040.977344822,250,230,dummy-9
818050.002901949,250,230,dummy-9
818091.508994365,250,230,dummy-9
817986.027112767,250,230,dummy-185
818053.145439874,250,230,dummy-185
818211.911446716,250,230,dummy-185
818262.927077302,250,230,dummy-185
818006.109929686,250,230,dummy-135
818201.72056726,250,230,dummy-135
818032.063671321,250,230,dummy-299
818038.325149584,250,230,dummy-299
818043.282388822,250,230,dummy-299
818265.299355273,250,230,dummy-299
818268.349214163,250,230,dummy-299
818061.347088579,250,230,dummy-657
818090.746711574,250,230,dummy-657
818100.795557959,250,230,dummy-657
818203.213668036,250,230,dummy-657
818031.932313434,250,230,dummy-95
818100.875180292,250,230,dummy-95
818196.693165102,250,230,dummy-95
818221.488938509,250,230,dummy-95
817986.876471199,250,230,dummy-428
818021.117870387,250,230,dummy-428
818085.946082361,250,230,dummy-428
818139.900151199,250,230,dummy-428
818078.60819092,250,230,dummy-460
817998.826774136,250,230,dummy-612
818110.774657774,250,230,dummy-612
818152.807262423,250,230,dummy-612
818155.666740829,250,230,dummy-612
818226.819464062,250,230,dummy-612
818023.884212504,250,230,dummy-745
818055.995795982,250,230,dummy-745
818173.195169758,250,230,dummy-745
818044.922629008,250,230,dummy-654
818127.281100693,250,230,dummy-654
818135.895331864,250,230,dummy-654
818162.141006572,250,230,dummy-654
818189.1082997,250,230,dummy-654
818218.700253059,250,230,dummy-654
818273.036676103,250,230,dummy-654
817990.566732313,250,230,dummy-584
818127.760901856,250,230,dummy-584
818209.043670559,250,230,dummy-584
818243.03645982,250,230,dummy-584
817999.66737726,250,230,dummy-534
818050.678832941,250,230,dummy-534
818134.58807369,250,230,dummy-534
818194.849917714,250,230,dummy-534
818224.038196043,250,230,dummy-534
818249.747888922,250,230,dummy-534
818258.264274507,250,230,dummy-534
818097.949998646,250,230,dummy-552
818198.175356798,250,230,dummy-552
818233.424004079,250,230,dummy-552
818234.892099986,250,230,dummy-552
817986.365038664,250,230,dummy-189
818147.631198433,250,230,dummy-189
818251.899506576,250,230,dummy-189
818259.998405276,250,230,dummy-189
817987.650063957,250,230,dummy-709
817997.50585408,250,230,dummy-709
818018.275166478,250,230,dummy-709
818097.204350662,250,230,dummy-709
818097.70429751,250,230,dummy-709
818180.397692606,250,230,dummy-709
818237.184628176,250,230,dummy-709
818263.195997618,250,230,dummy-709
818264.306890671,250,230,dummy-709
818007.211439722,250,230,dummy-326
818121.043298065,250,230,dummy-326
818123.763223751,250,230,dummy-326
818130.475486101,250,230,dummy-326
817980.941538126,250,230,dummy-49
818024.259808269,250,230,dummy-49
818055.152243925,250,230,dummy-49
818085.727879201,250,230,dummy-49
818101.145164688,250,230,dummy-49
818129.447787648,250,230,dummy-49
818254.855827766,250,230,dummy-49
818051.561597395,250,230,dummy-557
818218.207314253,250,230,dummy-557
818231.022078511,250,230,dummy-557
818260.94836969,250,230,dummy-557
818262.984479568,250,230,dummy-557
817975.166126153,250,230,dummy-439
818123.213492162,250,230,dummy-439
818265.063388141,250,230,dummy-439
818022.514668376,250,230,dummy-71
818067.484054835,250,230,dummy-71
818156.817201485,250,230,dummy-71
817997.055538717,250,230,dummy-150
818103.859789269,250,230,dummy-150
818107.06079693,250,230,dummy-150
818149.252874872,250,230,dummy-150
818260.266760764,250,230,dummy-150
818184.2277277,250,230,dummy-637
818255.63841192,250,230,dummy-637
818009.629698273,250,230,dummy-193
818073.971215095,250,230,dummy-193
818090.99980477,250,230,dummy-193
818249.827691476,250,230,dummy-193
818234.363891248,250,230,dummy-140
818067.35245019,250,230,dummy-92
818070.974362017,250,230,dummy-92
818080.269413075,250,230,dummy-92
818085.136663635,250,230,dummy-92
818158.357095847,250,230,dummy-92
818004.334428558,250,230,dummy-236
818066.69935199,250,230,dummy-211
818203.033859865,250,230,dummy-211
818030.336782953,250,230,dummy-316
818054.215854665,250,230,dummy-316
818136.075433979,250,230,dummy-316
818184.536053059,250,230,dummy-316
818195.60079683,250,230,dummy-316
818241.181379556,250,230,dummy-316
817974.2856212,250,230,dummy-328
817993.80194949,250,230,dummy-328
818046.126442306,250,230,dummy-328
817995.607927238,250,230,dummy-451
818033.75540841,250,230,dummy-495
818036.208840321,250,230,dummy-495
818072.608071083,250,230,dummy-495
818146.158098548,250,230,dummy-495
818173.747566665,250,230,dummy-495
818050.611237885,250,230,dummy-708
818175.413559251,250,230,dummy-708
818032.068035027,250,230,dummy-570
818038.586514909,250,230,dummy-570
818055.764861952,250,230,dummy-570
818134.941838785,250,230,dummy-570
818146.366515567,250,230,dummy-570
818266.175260656,250,230,dummy-570
818138.516118053,250,230,dummy-312
818202.025766585,250,230,dummy-312
818224.396499269,250,230,dummy-312
818230.789241081,250,230,dummy-312
817981.798116078,250,230,dummy-390
818023.971923544,250,230,dummy-390
818028.16501396,250,230,dummy-390
818104.478303048,250,230,dummy-390
818120.419414793,250,230,dummy-390
818220.350974044,250,230,dummy-390
818031.92232862,250,230,dummy-751
818164.909059373,250,230,dummy-751
818241.358636636,250,230,dummy-751
818257.742978805,250,230,dummy-751
818010.955387164,250,230,dummy-518
818037.331871018,250,230,dummy-518
818039.373999941,250,230,dummy-518
818067.766008443,250,230,dummy-518
818100.898202677,250,230,dummy-518
818116.418206903,250,230,dummy-518
818156.324864003,250,230,dummy-518
818234.550732416,250,230,dummy-518
818102.067271444,250,230,dummy-22
818144.883406486,250,230,dummy-22
818197.367294111,250,230,dummy-22
818206.241759233,250,230,dummy-22
817983.760913075,250,230,dummy-107
818015.355147684,250,230,dummy-107
818113.527092801,250,230,dummy-107
818137.403733162,250,230,dummy-107
818171.217718224,250,230,dummy-107
818198.021847505,250,230,dummy-107
818242.692321682,250,230,dummy-107
818251.113250094,250,230,dummy-107
818041.975617175,250,230,dummy-241
818053.273117256,250,230,dummy-241
818087.572629201,250,230,dummy-241
818015.487481911,250,230,dummy-239
818176.79704932,250,230,dummy-239
818218.944016046,250,230,dummy-239
818224.732200298,250,230,dummy-239
818022.274639386,250,230,dummy-162
818270.446568599,250,230,dummy-162
817989.392756692,250,230,dummy-371
818174.535497875,250,230,dummy-371
818222.113715459,250,230,dummy-371
818229.549795415,250,230,dummy-371
818011.604371716,250,230,dummy-115
818020.251762645,250,230,dummy-115
818035.092303194,250,230,dummy-115
818100.071611167,250,230,dummy-115
818111.177901216,250,230,dummy-115
818141.73864965,250,230,dummy-115
818185.94795638,250,230,dummy-115
818201.601936946,250,230,dummy-115
818036.624981921,250,230,dummy-43
817989.019719909,250,230,dummy-653
818047.293287945,250,230,dummy-653
818085.314336075,250,230,dummy-653
817989.846662438,250,230,dummy-153
817992.993272142,250,230,dummy-153
818128.07202401,250,230,dummy-153
818077.001727668,250,230,dummy-639
818154.806819712,250,230,dummy-639
818184.85299223,250,230,dummy-639
818206.033120107,250,230,dummy-639
818208.076728673,250,230,dummy-639
817981.820360329,250,230,dummy-677
818019.231571651,250,230,dummy-677
818041.669989761,250,230,dummy-677
818138.517522069,250,230,dummy-677
818230.256349249,250,230,dummy-677
818238.072259936,250,230,dummy-677
817975.319750693,250,230,dummy-436
817981.587855574,250,230,dummy-436
818152.747876049,250,230,dummy-436
818062.841175891,250,230,dummy-143
818110.932613753,250,230,dummy-143
818198.466410673,250,230,dummy-143
818208.864937808,250,230,dummy-143
818070.83417172,250,230,dummy-563
818123.388020309,250,230,dummy-563
818271.476339403,250,230,dummy-563
818248.926725572,250,230,dummy-447
818249.584608648,250,230,dummy-447
818013.535220499,250,230,dummy-683
818027.101550086,250,230,dummy-683
818067.465854912,250,230,dummy-683
818112.612773529,250,230,dummy-683
818152.869539198,250,230,dummy-683
818188.431946892,250,230,dummy-683
818206.92443989,250,230,dummy-683
818237.547104842,250,230,dummy-683
818064.260143175,250,230,dummy-160
818153.364397749,250,230,dummy-160
818206.436951927,250,230,dummy-160
818032.17429111,250,230,dummy-474
818125.530870827,250,230,dummy-474
817982.259770679,250,230,dummy-714
817997.845062951,250,230,dummy-714
818056.576743563,250,230,dummy-714
818127.266910589,250,230,dummy-714
818129.560490373,250,230,dummy-714
818207.785670783,250,230,dummy-714
818236.452449703,250,230,dummy-714
818076.076121408,250,230,dummy-550
818163.796002615,250,230,dummy-550
818104.921133077,250,230,dummy-588
818173.846715684,250,230,dummy-588
818181.629033582,250,230,dummy-588
818199.818014575,250,230,dummy-588
818240.773027594,250,230,dummy-588
818084.127209873,250,230,dummy-591
818250.38254583,250,230,dummy-591
818095.323737938,250,230,dummy-308
818103.08459045,250,230,dummy-308
818171.970019765,250,230,dummy-308
818252.110918978,250,230,dummy-308
817979.054150569,250,230,dummy-327
817979.098119401,250,230,dummy-327
817984.352011885,250,230,dummy-327
818019.724387035,250,230,dummy-327
818020.098036787,250,230,dummy-327
818027.274773283,250,230,dummy-327
818165.309549543,250,230,dummy-327
818143.728662299,250,230,dummy-330
818164.421555584,250,230,dummy-582
818256.399457663,250,230,dummy-582
817978.61797226,250,230,dummy-466
817988.159367379,250,230,dummy-466
818055.029844207,250,230,dummy-466
818100.724721368,250,230,dummy-466
818165.277803196,250,230,dummy-466
818200.137873641,250,230,dummy-466
818247.628842361,250,230,dummy-466
818272.344564194,250,230,dummy-466
818045.1481286,250,230,dummy-203
818227.839987777,250,230,dummy-203
818081.27705753,250,230,dummy-392
818007.543434325,250,230,dummy-331
818035.617236153,250,230,dummy-331
818112.499311647,250,230,dummy-331
818210.246045893,250,230,dummy-331
818031.461391543,250,230,dummy-369
818124.22752381,250,230,dummy-369
818125.32800727,250,230,dummy-369
818153.25331787,250,230,dummy-369
818155.657501181,250,230,dummy-369
818198.26232652,250,230,dummy-369
818199.695344391,250,230,dummy-369
818226.134892357,250,230,dummy-369
818230.039148618,250,230,dummy-369
818217.832562633,250,230,dummy-555
817989.639863068,250,230,dummy-42
818129.933384324,250,230,dummy-42
818130.78564292,250,230,dummy-42
818162.819671418,250,230,dummy-42
817998.864660752,250,230,dummy-441
818020.38327046,250,230,dummy-441
818151.354465787,250,230,dummy-441
818193.152847742,250,230,dummy-441
818137.976584965,250,230,dummy-69
818169.615243556,250,230,dummy-69
818211.950648955,250,230,dummy-69
818009.290080277,250,230,dummy-191
818023.59214138,250,230,dummy-191
818022.739084881,250,230,dummy-362
818148.9626024,250,230,dummy-362
818187.418552134,250,230,dummy-362
818220.192151918,250,230,dummy-362
818244.340701239,250,230,dummy-362
817998.525180052,250,230,dummy-52
818000.219333599,250,230,dummy-52
818101.882536169,250,230,dummy-52
818117.098347519,250,230,dummy-52
818199.818053698,250,230,dummy-52
818227.244907779,250,230,dummy-52
818062.49746246,250,230,dummy-618
818078.894466093,250,230,dummy-618
818195.319335989,250,230,dummy-618
818060.547584087,250,230,dummy-144
818237.211584667,250,230,dummy-144
818252.341558253,250,230,dummy-144
818148.053764986,250,230,dummy-599
818198.016978531,250,230,dummy-599
818033.202526152,250,230,dummy-384
818040.204908363,250,230,dummy-384
818151.280859021,250,230,dummy-384
818270.566470331,250,230,dummy-384
818022.375949303,250,230,dummy-102
818180.579486817,250,230,dummy-102
818004.504923223,250,230,dummy-333
818086.118762989,250,230,dummy-333
818161.384198533,250,230,dummy-333
818250.001553085,250,230,dummy-333
818136.873580482,250,230,dummy-208
818164.761598826,250,230,dummy-208
818180.450274922,250,230,dummy-208
818025.60587547,250,230,dummy-161
818071.331417853,250,230,dummy-161
818073.32040641,250,230,dummy-161
818188.135417001,250,230,dummy-161
818217.389519237,250,230,dummy-161
818223.210973503,250,230,dummy-161
818229.605571633,250,230,dummy-161
818258.287862091,250,230,dummy-161
818048.228436022,250,230,dummy-98
818051.692634771,250,230,dummy-98
818057.828410861,250,230,dummy-98
818157.891799065,250,230,dummy-98
818199.147497432,250,230,dummy-98
818248.101225668,250,230,dummy-98
817975.013428489,250,230,dummy-302
817986.99351336,250,230,dummy-302
817991.891676694,250,230,dummy-302
818003.994052481,250,230,dummy-302
818231.323577576,250,230,dummy-302
818246.624969487,250,230,dummy-302
818151.642728456,250,230,dummy-734
818177.637569455,250,230,dummy-734
818206.255316506,250,230,dummy-734
818221.15666671,250,230,dummy-734
818010.433616941,250,230,dummy-258
818021.393629456,250,230,dummy-258
818031.523406767,250,230,dummy-258
818060.435371189,250,230,dummy-258
818139.859973748,250,230,dummy-258
818183.286268854,250,230,dummy-258
818189.622643664,250,230,dummy-258
818018.451572649,250,230,dummy-733
818031.301482602,250,230,dummy-733
818046.104666846,250,230,dummy-733
818073.661890617,250,230,dummy-733
818204.905429787,250,230,dummy-733
818010.44958052,250,230,dummy-728
818080.460396825,250,230,dummy-728
818213.733621083,250,230,dummy-728
818215.820506635,250,230,dummy-728
817981.160014354,250,230,dummy-701
817990.233334101,250,230,dummy-701
817998.639345017,250,230,dummy-701
818052.422865639,250,230,dummy-701
818082.216874852,250,230,dummy-701
818160.251491341,250,230,dummy-701
818181.742081439,250,230,dummy-701
818227.330736185,250,230,dummy-701
818231.273666518,250,230,dummy-701
818262.36535514,250,230,dummy-749
818043.259322272,250,230,dummy-243
818103.082232884,250,230,dummy-243
818131.949949595,250,230,dummy-243
818181.698052528,250,230,dummy-243
818249.224578449,250,230,dummy-243
818264.598687669,250,230,dummy-243
817978.461399782,250,230,dummy-587
818056.220611688,250,230,dummy-587
818211.572911564,250,230,dummy-587
818219.442350677,250,230,dummy-587
818224.379821391,250,230,dummy-587
818265.183745983,250,230,dummy-587
817993.930651212,250,230,dummy-313
818170.113011443,250,230,dummy-313
818235.130177591,250,230,dummy-403
818253.980632863,250,230,dummy-403
817984.223822954,250,230,dummy-546
818029.626943572,250,230,dummy-546
818089.640919098,250,230,dummy-546
818106.914674955,250,230,dummy-546
818180.607816539,250,230,dummy-546
818272.784711101,250,230,dummy-324
818131.254887456,250,230,dummy-707
818142.499594982,250,230,dummy-707
818163.884218933,250,230,dummy-707
817996.873215814,250,230,dummy-412
818028.060184704,250,230,dummy-412
818006.350037959,250,230,dummy-88
818041.335276536,250,230,dummy-88
818090.786695742,250,230,dummy-88
818102.937601622,250,230,dummy-88
818177.25669601,250,230,dummy-88
818247.478573225,250,230,dummy-88
818161.161003151,250,230,dummy-134
818091.426702849,250,230,dummy-206
818227.169248346,250,230,dummy-206
818232.230826208,250,230,dummy-206
818243.93127144,250,230,dummy-206
818009.817520421,250,230,dummy-89
818162.559408381,250,230,dummy-89
817983.005380044,250,230,dummy-173
818016.202607,250,230,dummy-173
818104.465553195,250,230,dummy-173
818107.334920267,250,230,dummy-173
817976.531207682,250,230,dummy-137
817999.588560687,250,230,dummy-137
818015.988523711,250,230,dummy-137
818054.21817807,250,230,dummy-137
818147.565326292,250,230,dummy-137
818175.939196509,250,230,dummy-137
818180.735350187,250,230,dummy-137
818094.971830753,250,230,dummy-479
818078.650586037,250,230,dummy-186
818084.681132534,250,230,dummy-186
818113.410825753,250,230,dummy-186
818183.411663095,250,230,dummy-186
818270.922172795,250,230,dummy-186
817973.964032509,250,230,dummy-334
818064.048729066,250,230,dummy-334
818085.580849522,250,230,dummy-334
818185.855397476,250,230,dummy-387
818108.869422233,250,230,dummy-40
818222.316999059,250,230,dummy-40
818245.639988894,250,230,dummy-40
817980.057437233,250,230,dummy-315
818084.182898821,250,230,dummy-315
818092.726895952,250,230,dummy-315
818141.730145925,250,230,dummy-315
818202.904202991,250,230,dummy-315
818227.694888261,250,230,dummy-315
818242.02618486,250,230,dummy-315
818217.905575076,250,230,dummy-499
818257.349597373,250,230,dummy-499
817983.652747576,250,230,dummy-106
818000.069886596,250,230,dummy-106
818230.44997039,250,230,dummy-106
818191.358273481,250,230,dummy-378
818248.492261251,250,230,dummy-378
818014.387128969,250,230,dummy-266
818085.355594236,250,230,dummy-266
818101.954470712,250,230,dummy-266
818268.43807069,250,230,dummy-266
818000.241408093,250,230,dummy-404
818023.725393807,250,230,dummy-404
818035.768152666,250,230,dummy-404
818080.579127703,250,230,dummy-349
818159.636130085,250,230,dummy-349
818262.72088641,250,230,dummy-349
818114.778074766,250,230,dummy-263
818157.593591834,250,230,dummy-263
818218.800986169,250,230,dummy-263
818028.685454081,250,230,dummy-55
818167.428132056,250,230,dummy-55
818191.648617767,250,230,dummy-55
818219.234512522,250,230,dummy-55
817981.838497269,250,230,dummy-78
818157.740539755,250,230,dummy-78
818166.067612665,250,230,dummy-78
817995.755432793,250,230,dummy-149
818056.998095802,250,230,dummy-149
818068.284576053,250,230,dummy-149
818252.213806794,250,230,dummy-149
818014.278803795,250,230,dummy-432
818042.716611562,250,230,dummy-432
818187.176239068,250,230,dummy-432
817975.282296621,250,230,dummy-675
818004.29840128,250,230,dummy-675
818098.383867169,250,230,dummy-675
818109.192102749,250,230,dummy-675
818219.809237935,250,230,dummy-675
818251.935127573,250,230,dummy-675
818229.511234989,250,230,dummy-247
818059.994862642,250,230,dummy-459
818069.518108095,250,230,dummy-459
818087.786113923,250,230,dummy-459
818058.424405591,250,230,dummy-461
818081.382508362,250,230,dummy-246
818112.92774634,250,230,dummy-246
818146.657406435,250,230,dummy-246
818198.753192314,250,230,dummy-246
818047.783155761,250,230,dummy-571
818064.99964261,250,230,dummy-571
818113.737954293,250,230,dummy-571
818134.690035095,250,230,dummy-571
818234.847202284,250,230,dummy-571
818036.43826039,250,230,dummy-659
818089.860823826,250,230,dummy-659
818102.472908268,250,230,dummy-659
818235.973940535,250,230,dummy-659
817974.968112151,250,230,dummy-27
818095.436888527,250,230,dummy-27
818243.517653909,250,230,dummy-27
817990.132557874,250,230,dummy-2
817993.64256,250,230,dummy-2
818021.138607353,250,230,dummy-2
818061.425013532,250,230,dummy-2
818228.225294656,250,230,dummy-2
818238.858615037,250,230,dummy-2
818132.276763245,250,230,dummy-704
818132.718749009,250,230,dummy-704
818064.653190162,250,230,dummy-405
818000.378886109,250,230,dummy-398
818011.272525659,250,230,dummy-398
818051.121427409,250,230,dummy-398
818064.156338802,250,230,dummy-398
818081.760660019,250,230,dummy-398
818147.303109141,250,230,dummy-398
818183.146343465,250,230,dummy-398
818228.769100913,250,230,dummy-398
818065.154716905,250,230,dummy-318
818109.958382536,250,230,dummy-318
818177.135382785,250,230,dummy-318
818069.337383912,250,230,dummy-416
818104.282132556,250,230,dummy-416
818165.265666046,250,230,dummy-368
818093.843255498,250,230,dummy-295
818120.700893219,250,230,dummy-295
818165.419120379,250,230,dummy-295
818021.993148642,250,230,dummy-767
818116.661727048,250,230,dummy-767
818158.740219921,250,230,dummy-767
818253.634466379,250,230,dummy-767
818002.366994569,250,230,dummy-448
818032.125329528,250,230,dummy-448
818069.252243209,250,230,dummy-448
818098.691535841,250,230,dummy-448
818266.222726022,250,230,dummy-448
818270.00988996,250,230,dummy-448
818049.79576674,250,230,dummy-212
817980.490243208,250,230,dummy-601
817984.539819308,250,230,dummy-601
818181.721712424,250,230,dummy-601
818216.559857427,250,230,dummy-601
817983.636310245,250,230,dummy-265
818149.073415662,250,230,dummy-265
818033.862431753,250,230,dummy-558
818080.891937462,250,230,dummy-558
818146.775598181,250,230,dummy-558
818215.251768082,250,230,dummy-558
818246.53171378,250,230,dummy-558
818268.264742929,250,230,dummy-558
818269.248048569,250,230,dummy-558
818010.353120259,250,230,dummy-47
818273.571922645,250,230,dummy-344
818081.448040561,250,230,dummy-532
818083.750892456,250,230,dummy-532
818096.94579503,250,230,dummy-532
818172.089727862,250,230,dummy-532
818072.774745328,250,230,dummy-523
818216.720167798,250,230,dummy-523
817979.219586117,250,230,dummy-638
818194.744970553,250,230,dummy-638
818026.835112394,250,230,dummy-253
818144.117166824,250,230,dummy-253
818222.674637284,250,230,dummy-253
818011.939368466,250,230,dummy-750
818046.390484074,250,230,dummy-750
818083.916567346,250,230,dummy-750
818192.903956017,250,230,dummy-750
818255.182999219,250,230,dummy-750
818019.446073993,250,230,dummy-374
818086.281180124,250,230,dummy-374
818105.41177421,250,230,dummy-374
818110.523312307,250,230,dummy-374
818241.232144076,250,230,dummy-374
818069.827869822,250,230,dummy-366
818197.600597335,250,230,dummy-366
818208.103776404,250,230,dummy-366
818047.506184658,250,230,dummy-280
818067.99983529,250,230,dummy-521
818184.698016368,250,230,dummy-521
818190.780673367,250,230,dummy-521
818262.859832316,250,230,dummy-521
818019.612503664,250,230,dummy-400
818028.463684367,250,230,dummy-400
818029.612692825,250,230,dummy-400
818146.561880706,250,230,dummy-400
818184.880582279,250,230,dummy-400
818238.627134005,250,230,dummy-400
818241.170938641,250,230,dummy-400
818037.922851914,250,230,dummy-766
818061.96887648,250,230,dummy-766
818143.339151409,250,230,dummy-766
818248.925195755,250,230,dummy-766
818100.975840334,250,230,dummy-713
818068.810662136,250,230,dummy-737
818253.560483486,250,230,dummy-737
818092.438616233,250,230,dummy-188
818094.572989895,250,230,dummy-188
818163.16891992,250,230,dummy-188
818199.784762999,250,230,dummy-188
817990.077867602,250,230,dummy-710
818176.845421961,250,230,dummy-710
818270.360935902,250,230,dummy-710
818205.202173134,250,230,dummy-257
817984.889593723,250,230,dummy-164
818053.856105162,250,230,dummy-164
818200.784716391,250,230,dummy-164
818230.359879058,250,230,dummy-164
818247.33437164,250,230,dummy-164
818096.676653896,250,230,dummy-700
818110.650164302,250,230,dummy-700
818210.61694926,250,230,dummy-700
818019.690221842,250,230,dummy-427
818055.099413529,250,230,dummy-427
818126.609492792,250,230,dummy-427
818210.641557558,250,230,dummy-427
818213.743057432,250,230,dummy-427
818011.025498323,250,230,dummy-183
818115.346578882,250,230,dummy-183
818131.566332638,250,230,dummy-183
818142.116935295,250,230,dummy-183
817985.111420298,250,230,dummy-681
818145.872409289,250,230,dummy-681
818015.238568809,250,230,dummy-209
818102.649748774,250,230,dummy-209
818161.895473035,250,230,dummy-209
818222.571606106,250,230,dummy-209
818225.76619648,250,230,dummy-209
817984.929344792,250,230,dummy-177
818111.940168817,250,230,dummy-177
818264.046698095,250,230,dummy-177
817981.274713597,250,230,dummy-174
818117.284776557,250,230,dummy-174
818125.89468386,250,230,dummy-174
818187.822452949,250,230,dummy-174
818233.157514757,250,230,dummy-174
818240.820787704,250,230,dummy-174
818271.239038864,250,230,dummy-174
818040.32053807,250,230,dummy-12
818056.70159822,250,230,dummy-45
818059.491327961,250,230,dummy-45
818099.446161011,250,230,dummy-45
817993.647433943,250,230,dummy-674
818009.504229695,250,230,dummy-674
818012.367904211,250,230,dummy-674
818037.404317347,250,230,dummy-674
818220.528850372,250,230,dummy-674
818020.91871122,250,230,dummy-218
818078.327276176,250,230,dummy-218
818084.489232411,250,230,dummy-218
818114.604696203,250,230,dummy-218
818222.35471076,250,230,dummy-218
818050.126848715,250,230,dummy-664
818168.376488828,250,230,dummy-664
818124.441962319,250,230,dummy-604
817988.737107322,250,230,dummy-625
818102.03356909,250,230,dummy-625
818104.27712218,250,230,dummy-625
818155.806956189,250,230,dummy-625
818157.946879337,250,230,dummy-625
818159.323919399,250,230,dummy-625
818210.366525104,250,230,dummy-625
818220.326097812,250,230,dummy-625
818233.87573494,250,230,dummy-625
818013.546469403,250,230,dummy-232
818057.95800249,250,230,dummy-232
818255.551293364,250,230,dummy-232
818098.824852025,250,230,dummy-669
817975.64927067,250,230,dummy-63
817984.759055212,250,230,dummy-63
818012.148975014,250,230,dummy-63
818110.195689788,250,230,dummy-63
818165.20605148,250,230,dummy-63
818174.992570869,250,230,dummy-63
818251.820274286,250,230,dummy-63
818008.806859165,250,230,dummy-383
818052.882272691,250,230,dummy-383
818149.679831531,250,230,dummy-383
818195.474142227,250,230,dummy-383
818243.783306643,250,230,dummy-383
818243.940985266,250,230,dummy-383
818271.79222527,250,230,dummy-383
818041.160284049,250,230,dummy-360
818069.253842908,250,230,dummy-360
818123.5258199,250,230,dummy-202
818167.280659693,250,230,dummy-202
818174.794676374,250,230,dummy-202
818003.965338655,250,230,dummy-309
818017.159011379,250,230,dummy-309
818192.48968224,250,230,dummy-309
817986.437418102,250,230,dummy-201
818065.490948724,250,230,dummy-201
818106.420314805,250,230,dummy-201
818001.98853447,250,230,dummy-475
818054.882580611,250,230,dummy-475
818075.678667889,250,230,dummy-475
818101.223785517,250,230,dummy-475
818200.043355711,250,230,dummy-475
818209.17401675,250,230,dummy-475
818038.369531393,250,230,dummy-486
818057.214194118,250,230,dummy-486
818094.566845366,250,230,dummy-486
818105.688068064,250,230,dummy-486
818173.495326421,250,230,dummy-486
818238.944033959,250,230,dummy-486
818242.19192651,250,230,dummy-486
818111.176601329,250,230,dummy-673
818113.382981033,250,230,dummy-673
818135.973176679,250,230,dummy-673
818205.694376705,250,230,dummy-673
818242.512770686,250,230,dummy-673
818077.323347598,250,230,dummy-738
818128.021138107,250,230,dummy-738
818210.903980638,250,230,dummy-738
818221.897576566,250,230,dummy-738
818263.90706402,250,230,dummy-738
818074.44363044,250,230,dummy-670
818171.676367267,250,230,dummy-670
818272.078935803,250,230,dummy-670
817979.53199823,250,230,dummy-288
817993.39919519,250,230,dummy-288
818007.572818992,250,230,dummy-288
818219.509099345,250,230,dummy-288
818018.447627679,250,230,dummy-294
818033.337451605,250,230,dummy-294
818053.202010515,250,230,dummy-294
818123.807368481,250,230,dummy-294
818186.311136515,250,230,dummy-294
818236.339020888,250,230,dummy-294
817977.301765007,250,230,dummy-394
818019.282927831,250,230,dummy-394
818132.593428032,250,230,dummy-394
818252.552391247,250,230,dummy-394
818245.088561347,250,230,dummy-91
818017.761083208,250,230,dummy-353
818152.85140993,250,230,dummy-353
818271.777540909,250,230,dummy-353
817993.843200047,250,230,dummy-93
818147.560480602,250,230,dummy-93
818155.236823619,250,230,dummy-631
818178.67103934,250,230,dummy-631
818179.538486573,250,230,dummy-631
818235.696330557,250,230,dummy-631
818261.378483396,250,230,dummy-631
817985.021795213,250,230,dummy-455
818091.534867733,250,230,dummy-455
818190.257978654,250,230,dummy-455
818198.066065634,250,230,dummy-455
818010.303684764,250,230,dummy-57
818056.27298531,250,230,dummy-332
818158.201951324,250,230,dummy-332
818202.271402843,250,230,dummy-332
818205.290775345,250,230,dummy-332
818008.944064842,250,230,dummy-119
818044.367866914,250,230,dummy-119
818075.201456087,250,230,dummy-119
818093.80884699,250,230,dummy-119
818120.814240695,250,230,dummy-119
818202.245356289,250,230,dummy-705
817986.169665135,250,230,dummy-401
818041.331603261,250,230,dummy-401
818126.94472763,250,230,dummy-401
818183.347901679,250,230,dummy-401
818197.113503022,250,230,dummy-401
818154.249832101,250,230,dummy-279
818224.540424145,250,230,dummy-279
818017.732440722,250,230,dummy-590
818051.495776233,250,230,dummy-590
818256.778246144,250,230,dummy-590
817982.105406167,250,230,dummy-194
818081.261564017,250,230,dummy-194
818109.069939442,250,230,dummy-194
818109.075959284,250,230,dummy-194
818132.545251562,250,230,dummy-194
818168.58601725,250,230,dummy-194
818229.698720905,250,230,dummy-194
818272.311483515,250,230,dummy-194
818036.015951893,250,230,dummy-128
818151.894022589,250,230,dummy-128
818186.653894401,250,230,dummy-128
818129.316204301,250,230,dummy-35
818154.162762691,250,230,dummy-35
818219.764066053,250,230,dummy-35
817980.618623351,250,230,dummy-76
818008.345129602,250,230,dummy-76
818013.814101788,250,230,dummy-76
818022.562223174,250,230,dummy-76
818140.181012478,250,230,dummy-76
818206.700345915,250,230,dummy-76
818230.426302288,250,230,dummy-76
817978.479414153,250,230,dummy-617
818005.718445846,250,230,dummy-617
818082.634307531,250,230,dummy-617
818157.502697311,250,230,dummy-617
818029.486150537,250,230,dummy-425
817997.006565063,250,230,dummy-603
818017.871952695,250,230,dummy-603
818021.236801921,250,230,dummy-603
818270.15801331,250,230,dummy-603
817996.531160795,250,230,dummy-58
818114.53430129,250,230,dummy-58
818205.782384745,250,230,dummy-58
818228.562697518,250,230,dummy-58
818245.874241686,250,230,dummy-58
818094.111871025,250,230,dummy-126
818124.348215678,250,230,dummy-126
818227.228886216,250,230,dummy-126
818069.037081138,250,230,dummy-129
818126.997357396,250,230,dummy-129
818177.190682515,250,230,dummy-129
818216.706806614,250,230,dummy-129
818226.452899208,250,230,dummy-129
818069.171469405,250,230,dummy-104
818090.211641725,250,230,dummy-104
818235.493649153,250,230,dummy-104
818062.682633155,250,230,dummy-64
818105.591759558,250,230,dummy-64
818143.793388115,250,230,dummy-64
818150.85173028,250,230,dummy-64
818155.264989075,250,230,dummy-64
818161.832602432,250,230,dummy-64
818042.584309191,250,230,dummy-276
818168.395403119,250,230,dummy-276
818212.598052612,250,230,dummy-276
818030.72173009,250,230,dummy-341
818127.894735041,250,230,dummy-341
818188.564566263,250,230,dummy-341
818000.122784239,250,230,dummy-100
818268.144583526,250,230,dummy-100
818065.259804693,250,230,dummy-758
818108.416814838,250,230,dummy-758
818050.639145856,250,230,dummy-397
818019.834430775,250,230,dummy-370
818064.085569878,250,230,dummy-370
818077.379409842,250,230,dummy-370
818093.080686417,250,230,dummy-370
818169.865858856,250,230,dummy-370
818228.433976159,250,230,dummy-370
817991.20818961,250,230,dummy-547
818004.298428643,250,230,dummy-547
818013.523419446,250,230,dummy-547
818124.758826593,250,230,dummy-547
817976.00397339,250,230,dummy-544
817998.653773391,250,230,dummy-544
818020.99850604,250,230,dummy-544
818057.185236304,250,230,dummy-544
818194.822691966,250,230,dummy-544
818203.616754109,250,230,dummy-544
818128.842743583,250,230,dummy-481
818258.109292123,250,230,dummy-481
818003.543610923,250,230,dummy-373
818007.738184351,250,230,dummy-373
818032.467892857,250,230,dummy-373
818059.548340514,250,230,dummy-373
818230.222194887,250,230,dummy-373
818244.287574102,250,230,dummy-373
818004.265548679,250,230,dummy-602
818020.720000001,250,230,dummy-602
818088.105439583,250,230,dummy-602
818122.256959434,250,230,dummy-602
818152.922618255,250,230,dummy-602
818181.030354786,250,230,dummy-602
818023.164060227,250,230,dummy-752
818086.840310719,250,230,dummy-752
818117.861575825,250,230,dummy-752
818137.460681124,250,230,dummy-752
818240.546249543,250,230,dummy-752
818042.523521381,250,230,dummy-4
818118.942544397,250,230,dummy-4
818254.728479891,250,230,dummy-4
817997.086094457,250,230,dummy-628
818005.309301292,250,230,dummy-628
818124.465377396,250,230,dummy-628
818014.153873914,250,230,dummy-138
818142.387287284,250,230,dummy-138
818197.925430561,250,230,dummy-138
818269.794375861,250,230,dummy-138
818035.179121135,250,230,dummy-44
818018.677330824,250,230,dummy-742
818137.393448775,250,230,dummy-742
818138.658239701,250,230,dummy-742
818227.698647819,250,230,dummy-742
818265.843138174,250,230,dummy-742
818124.858607417,250,230,dummy-605
818126.41234582,250,230,dummy-605
818050.738815311,250,230,dummy-393
818115.682949983,250,230,dummy-393
818253.072624159,250,230,dummy-393
818079.951293597,250,230,dummy-516
818226.566861301,250,230,dummy-516
817976.23859605,250,230,dummy-671
818191.96219876,250,230,dummy-671
818218.30878784,250,230,dummy-671
818225.4759229,250,230,dummy-671
818250.916787534,250,230,dummy-671
818064.935800596,250,230,dummy-633
818228.266302528,250,230,dummy-633
818234.995737258,250,230,dummy-633
818054.849593908,250,230,dummy-662
818060.535703145,250,230,dummy-662
818165.920487758,250,230,dummy-662
817974.592272633,250,230,dummy-716
818179.456661255,250,230,dummy-716
818263.905660522,250,230,dummy-716
818059.094678777,250,230,dummy-429
818199.597795803,250,230,dummy-429
818022.728105258,250,230,dummy-287
818133.001880743,250,230,dummy-287
818172.227784544,250,230,dummy-287
818179.973571211,250,230,dummy-287
818223.498554469,250,230,dummy-287
817986.476984492,250,230,dummy-649
818029.600319815,250,230,dummy-649
818070.583863841,250,230,dummy-649
818085.17814987,250,230,dummy-649
818130.173374007,250,230,dummy-649
818206.124300963,250,230,dummy-698
817997.968209151,250,230,dummy-554
818018.299327652,250,230,dummy-554
818074.144874035,250,230,dummy-554
818150.752763841,250,230,dummy-554
818169.08459165,250,230,dummy-554
818203.025869943,250,230,dummy-554
818001.390166307,250,230,dummy-83
818154.910158703,250,230,dummy-83
818223.665089114,250,230,dummy-83
817999.359227171,250,230,dummy-684
818053.293536158,250,230,dummy-684
818184.025200585,250,230,dummy-684
818257.745399057,250,230,dummy-684
818268.489710024,250,230,dummy-684
817983.63635536,250,230,dummy-147
818037.803218836,250,230,dummy-147
818120.479871902,250,230,dummy-147
818013.992191444,250,230,dummy-722
818085.435105774,250,230,dummy-722
818181.151502176,250,230,dummy-722
818208.36693015,250,230,dummy-722
817989.837416903,250,230,dummy-148
818093.284087474,250,230,dummy-148
818189.938590602,250,230,dummy-148
818197.58383822,250,230,dummy-148
818261.744627508,250,230,dummy-148
817993.067574524,250,230,dummy-264
818012.705624812,250,230,dummy-264
818261.81075863,250,230,dummy-264
818065.629721766,250,230,dummy-244
818073.426615729,250,230,dummy-244
818250.566869133,250,230,dummy-244
817988.46574276,250,230,dummy-267
818025.164904972,250,230,dummy-267
818167.408352475,250,230,dummy-267
818211.140160277,250,230,dummy-267
818222.723775065,250,230,dummy-267
818071.153711602,250,230,dummy-727
818115.64720206,250,230,dummy-727
818203.769195467,250,230,dummy-727
818272.425673542,250,230,dummy-727
818043.907922348,250,230,dummy-548
818093.014971197,250,230,dummy-548
818190.581912167,250,230,dummy-548
818238.319019471,250,230,dummy-548
817997.597100608,250,230,dummy-231
818069.489725544,250,230,dummy-231
818218.676476375,250,230,dummy-231
817983.019235604,250,230,dummy-50
818056.366201622,250,230,dummy-50
817984.95547355,250,230,dummy-167
818018.749699377,250,230,dummy-167
818085.839569756,250,230,dummy-167
818103.888381099,250,230,dummy-167
818105.933167671,250,230,dummy-167
818167.535998521,250,230,dummy-167
818216.003760568,250,230,dummy-167
818074.123185364,250,230,dummy-29
818099.352447964,250,230,dummy-29
818112.495802804,250,230,dummy-29
818140.495763414,250,230,dummy-29
818163.070130171,250,230,dummy-29
818212.608659999,250,230,dummy-29
818214.630219117,250,230,dummy-29
818241.461555892,250,230,dummy-29
818014.492412613,250,230,dummy-418
818110.102214687,250,230,dummy-418
818257.12554123,250,230,dummy-418
817979.543251917,250,230,dummy-68
818053.997787859,250,230,dummy-68
818088.494725511,250,230,dummy-68
818160.889880416,250,230,dummy-619
818174.295962947,250,230,dummy-619
818019.242026217,250,230,dummy-75
818068.274239503,250,230,dummy-75
818080.71877932,250,230,dummy-75
818191.215335973,250,230,dummy-75
818224.484871619,250,230,dummy-75
818243.785745209,250,230,dummy-75
818270.661874503,250,230,dummy-75
818022.017461977,250,230,dummy-395
818220.498385535,250,230,dummy-395
818244.481872972,250,230,dummy-395
818141.558663864,250,230,dummy-127
818015.734192729,250,230,dummy-94
818209.67061433,250,230,dummy-94
818221.365276448,250,230,dummy-94
818251.81769376,250,230,dummy-94
818258.125031415,250,230,dummy-94
817973.868938363,250,230,dummy-133
818099.440908955,250,230,dummy-133
818128.544803463,250,230,dummy-133
818204.775579335,250,230,dummy-133
818208.16185252,250,230,dummy-133
818012.340628406,250,230,dummy-480
818033.309989782,250,230,dummy-480
818091.385055267,250,230,dummy-480
818179.103617446,250,230,dummy-480
818197.80208742,250,230,dummy-480
818219.168978656,250,230,dummy-480
818232.113255054,250,230,dummy-480
818272.556533791,250,230,dummy-480
818024.235777665,250,230,dummy-72
818056.426404557,250,230,dummy-72
818239.699764409,250,230,dummy-72
818253.240294311,250,230,dummy-72
818043.291937152,250,230,dummy-561
818072.422816657,250,230,dummy-561
818079.134497184,250,230,dummy-561
818103.914758886,250,230,dummy-561
818153.485240348,250,230,dummy-561
818245.442901811,250,230,dummy-561
817975.275402675,250,230,dummy-686
817988.880543313,250,230,dummy-686
818019.098076563,250,230,dummy-686
818241.879548946,250,230,dummy-686
818254.623250407,250,230,dummy-686
818001.292525044,250,230,dummy-564
818046.27844304,250,230,dummy-564
818106.93564732,250,230,dummy-564
818112.173797943,250,230,dummy-564
818219.920831137,250,230,dummy-564
818245.788311343,250,230,dummy-564
818073.729226162,250,230,dummy-361
818082.810240166,250,230,dummy-361
818136.328865976,250,230,dummy-361
818183.767656034,250,230,dummy-361
818078.392956375,250,230,dummy-184
818227.266785758,250,230,dummy-184
818259.850038744,250,230,dummy-184
817994.291571222,250,230,dummy-645
818072.310146898,250,230,dummy-645
818208.79784154,250,230,dummy-645
818220.818270308,250,230,dummy-645
818107.80730972,250,230,dummy-762
818200.677004654,250,230,dummy-762
818252.235184338,250,230,dummy-762
818116.647089967,250,230,dummy-165
817982.706884176,250,230,dummy-158
818188.141678806,250,230,dummy-158
818069.856629465,250,230,dummy-444
818201.898344585,250,230,dummy-444
818144.009469796,250,230,dummy-764
818158.482727662,250,230,dummy-764
818196.730882624,250,230,dummy-764
818011.144560519,250,230,dummy-271
818136.671251994,250,230,dummy-271
818229.685929487,250,230,dummy-271
818252.019434115,250,230,dummy-271
818150.084632916,250,230,dummy-593
818152.654344089,250,230,dummy-593
818153.096580617,250,230,dummy-593
818161.234000133,250,230,dummy-593
818266.908224829,250,230,dummy-593
817993.970963495,250,230,dummy-417
818013.858845707,250,230,dummy-417
818015.320442477,250,230,dummy-417
818033.072160703,250,230,dummy-417
818036.063539837,250,230,dummy-417
818066.167107841,250,230,dummy-417
818104.059311188,250,230,dummy-417
818207.700989917,250,230,dummy-417
818011.670183533,250,230,dummy-579
818052.142269774,250,230,dummy-579
818180.844300192,250,230,dummy-579
818250.259849783,250,230,dummy-579
818132.201910506,250,230,dummy-663
818138.221674116,250,230,dummy-663
818212.22668865,250,230,dummy-21
818260.421608773,250,230,dummy-21
818092.644609055,250,230,dummy-139
818202.541816963,250,230,dummy-139
818243.024030797,250,230,dummy-139
818068.998041139,250,230,dummy-79
818071.678534122,250,230,dummy-79
818079.58759511,250,230,dummy-79
818099.391150043,250,230,dummy-79
818113.537870415,250,230,dummy-79
818257.286237989,250,230,dummy-79
818040.875088603,250,230,dummy-470
818081.291452381,250,230,dummy-470
818101.807097386,250,230,dummy-470
818155.139778428,250,230,dummy-124
817995.771686376,250,230,dummy-60
818023.199588373,250,230,dummy-60
818074.494573632,250,230,dummy-60
818109.337492263,250,230,dummy-60
818119.107287464,250,230,dummy-60
818168.981727647,250,230,dummy-60
818200.177822111,250,230,dummy-60
817975.145088396,250,230,dummy-592
818019.681504208,250,230,dummy-592
818029.59680742,250,230,dummy-592
818117.296015313,250,230,dummy-592
818241.333636777,250,230,dummy-592
817995.692437372,250,230,dummy-763
818013.271866204,250,230,dummy-763
818093.678063371,250,230,dummy-763
818149.262971326,250,230,dummy-763
818176.419161736,250,230,dummy-763
818262.912522485,250,230,dummy-763
818015.31435105,250,230,dummy-721
818059.315767779,250,230,dummy-721
818097.955598284,250,230,dummy-721
818152.432330587,250,230,dummy-721
818202.13835705,250,230,dummy-721
818235.754088338,250,230,dummy-721
818136.5543679,250,230,dummy-99
818189.070639956,250,230,dummy-99
818067.286798805,250,230,dummy-511
818087.317597849,250,230,dummy-511
818187.335804506,250,230,dummy-293
818237.859263618,250,230,dummy-293
818258.752987894,250,230,dummy-293
818009.349549513,250,230,dummy-278
818055.932325468,250,230,dummy-278
818173.433566435,250,230,dummy-278
818072.827568175,250,230,dummy-611
818094.570308238,250,230,dummy-611
818099.420025472,250,230,dummy-611
818062.323503612,250,230,dummy-281
818191.808414031,250,230,dummy-281
818205.355057077,250,230,dummy-281
818214.337458691,250,230,dummy-281
818265.919154706,250,230,dummy-281
818007.927169346,250,230,dummy-411
817974.716896274,250,230,dummy-583
818022.996394802,250,230,dummy-583
818152.072086409,250,230,dummy-583
818011.099211836,250,230,dummy-81
818043.096504952,250,230,dummy-81
818068.444732777,250,230,dummy-81
818163.761225139,250,230,dummy-81
818233.352828601,250,230,dummy-81
818239.957499893,250,230,dummy-81
818000.232532127,250,230,dummy-220
818034.695140252,250,230,dummy-220
818068.528150909,250,230,dummy-220
818077.814212716,250,230,dummy-220
818123.043679596,250,230,dummy-220
818247.529414516,250,230,dummy-220
818008.348904842,250,230,dummy-525
818059.505345434,250,230,dummy-525
818130.777436012,250,230,dummy-525
818159.718527502,250,230,dummy-525
818176.731889231,250,230,dummy-525
818238.768274886,250,230,dummy-525
818008.777428447,250,230,dummy-48
818026.909768442,250,230,dummy-48
818126.457982299,250,230,dummy-48
817976.10757255,250,230,dummy-529
818185.589661782,250,230,dummy-489
818200.158358949,250,230,dummy-489
818040.536695964,250,230,dummy-577
818101.618762215,250,230,dummy-577
818137.210542121,250,230,dummy-577
817974.975155064,250,230,dummy-118
818123.728397615,250,230,dummy-118
818210.44968847,250,230,dummy-118
818232.191057454,250,230,dummy-118
818254.538128443,250,230,dummy-118
817982.606933374,250,230,dummy-594
818203.926188322,250,230,dummy-594
817987.543166088,250,230,dummy-743
818188.162085367,250,230,dummy-743
818271.280125219,250,230,dummy-743
817979.29201967,250,230,dummy-54
817998.698765877,250,230,dummy-54
818069.762015467,250,230,dummy-54
818088.261607584,250,230,dummy-54
818136.697735552,250,230,dummy-54
818265.878016927,250,230,dummy-54
817983.642204816,250,230,dummy-336
818167.022730081,250,230,dummy-336
818222.583840235,250,230,dummy-336
818261.103269141,250,230,dummy-336
818261.486358395,250,230,dummy-336
818061.561702223,250,230,dummy-32
818065.058670468,250,230,dummy-32
818137.602610622,250,230,dummy-32
818029.539978437,250,230,dummy-651
818070.466904964,250,230,dummy-651
818087.91998047,250,230,dummy-651
818094.682594522,250,230,dummy-651
818111.159613907,250,230,dummy-651
818125.567259305,250,230,dummy-651
818205.726786282,250,230,dummy-651
818215.632707952,250,230,dummy-651
818258.382736316,250,230,dummy-651
817976.847258003,250,230,dummy-180
817980.113562816,250,230,dummy-180
818061.28469139,250,230,dummy-180
818181.705196991,250,230,dummy-180
817979.384330797,250,230,dummy-322
818135.730032271,250,230,dummy-322
818014.050999865,250,230,dummy-537
818059.801386628,250,230,dummy-537
818075.836667792,250,230,dummy-537
818250.360548522,250,230,dummy-537
817979.462736319,250,230,dummy-502
818109.384013198,250,230,dummy-502
818149.405917099,250,230,dummy-502
818165.890702146,250,230,dummy-502
818201.127331642,250,230,dummy-502
818237.519296767,250,230,dummy-502
818252.255016897,250,230,dummy-502
818042.245889335,250,230,dummy-238
818069.071593997,250,230,dummy-238
818112.094181795,250,230,dummy-238
818180.546552546,250,230,dummy-238
817977.419634394,250,230,dummy-731
818015.329056164,250,230,dummy-731
818051.972245299,250,230,dummy-731
818241.552283681,250,230,dummy-731
818243.813835322,250,230,dummy-731
818018.869670968,250,230,dummy-661
817982.492724112,250,230,dummy-607
818018.070919669,250,230,dummy-607
818022.259585742,250,230,dummy-607
818071.536616985,250,230,dummy-607
818110.863563194,250,230,dummy-607
818169.320879743,250,230,dummy-607
818210.255247274,250,230,dummy-607
818164.29761491,250,230,dummy-380
818009.996517886,250,230,dummy-96
818089.717803552,250,230,dummy-96
818148.908136442,250,230,dummy-96
818184.837360648,250,230,dummy-96
818260.665915653,250,230,dummy-96
817989.487775847,250,230,dummy-719
818054.199468838,250,230,dummy-719
818203.882536193,250,230,dummy-490
818230.63486854,250,230,dummy-490
818271.507526329,250,230,dummy-490
818000.718911299,250,230,dummy-726
818031.189502909,250,230,dummy-726
818125.946760262,250,230,dummy-726
818188.108296385,250,230,dummy-726
818196.049978103,250,230,dummy-726
818222.161138717,250,230,dummy-726
817993.209051726,250,230,dummy-492
818032.703928685,250,230,dummy-615
818058.761920266,250,230,dummy-615
818067.771049813,250,230,dummy-615
818084.504235915,250,230,dummy-615
818141.967025448,250,230,dummy-615
818168.970284318,250,230,dummy-615
818056.630814745,250,230,dummy-568
818127.600409386,250,230,dummy-568
818160.800417604,250,230,dummy-568
818184.916745478,250,230,dummy-568
818237.54946254,250,230,dummy-568
818069.285451937,250,230,dummy-510
818097.15801707,250,230,dummy-510
818113.535723532,250,230,dummy-510
818164.839749536,250,230,dummy-510
817981.88802162,250,230,dummy-86
818088.821653428,250,230,dummy-86
818252.101586442,250,230,dummy-86
818016.883900762,250,230,dummy-222
818244.924331187,250,230,dummy-222
818139.55155953,250,230,dummy-359
818208.999204783,250,230,dummy-359
818061.716434975,250,230,dummy-676
818061.74679958,250,230,dummy-676
818087.33413939,250,230,dummy-676
818103.334156448,250,230,dummy-676
818146.504064117,250,230,dummy-676
818172.050971062,250,230,dummy-676
817975.199219448,250,230,dummy-520
817983.843293794,250,230,dummy-520
818014.291540933,250,230,dummy-520
818053.626898911,250,230,dummy-520
818096.444922734,250,230,dummy-520
818101.428196777,250,230,dummy-520
818134.941801202,250,230,dummy-520
818193.087662699,250,230,dummy-520
818228.482782831,250,230,dummy-520
818242.638399975,250,230,dummy-520
818242.778202507,250,230,dummy-520
818247.831238467,250,230,dummy-520
817995.808675589,250,230,dummy-350
818024.821274325,250,230,dummy-350
818063.422145334,250,230,dummy-350
818191.759945895,250,230,dummy-350
818214.849499009,250,230,dummy-84
818111.780980305,250,230,dummy-61
818165.40582615,250,230,dummy-61
817986.973185656,250,230,dummy-507
818005.978890235,250,230,dummy-507
818009.488219825,250,230,dummy-507
818068.550665189,250,230,dummy-507
818135.2998373,250,230,dummy-507
818159.721972592,250,230,dummy-507
818246.540993517,250,230,dummy-507
817994.792164599,250,230,dummy-379
818025.235205305,250,230,dummy-379
818038.460168648,250,230,dummy-379
818049.814634143,250,230,dummy-379
818120.882691226,250,230,dummy-379
818121.467592869,250,230,dummy-379
818192.851167007,250,230,dummy-379
818202.400825666,250,230,dummy-379
818208.533676249,250,230,dummy-379
818262.861259061,250,230,dummy-379
818021.05908875,250,230,dummy-323
818145.121317582,250,230,dummy-323
818168.298913233,250,230,dummy-323
818204.743207688,250,230,dummy-323
818237.012176071,250,230,dummy-323
818027.58926843,250,230,dummy-5
818146.832243244,250,230,dummy-5
818128.575550282,250,230,dummy-207
818134.197278302,250,230,dummy-207
